{
  "name": "synthetic_N20_T96",
  "n_thermal": 20,
  "n_periods": 96,
  "thermal_capacity_mw": [
    131.19890406724053,
    60.2361513049481,
    490.14286128198324,
    273.235229154987,
    374.9080237694725,
    31.440914600706172,
    88.27098485602951,
    50.386039813862936,
    131.2037280884873,
    51.29695700716764,
    220.22300234864176,
    219.73169683940733,
    111.6167224336399,
    97.8936896513396,
    446.39878836228104,
    44.863737747479334,
    66.73295021425665,
    42.72774770449704,
    42.83831568974037,
    79.56508044572318
  ],
  "thermal_min_gen_mw": [
    32.79972601681013,
    15.059037826237025,
    122.53571532049581,
    68.30880728874675,
    93.72700594236812,
    7.860228650176543,
    22.06774621400738,
    12.596509953465734,
    32.80093202212183,
    12.82423925179191,
    55.05575058716044,
    54.93292420985183,
    27.904180608409973,
    24.4734224128349,
    111.59969709057026,
    11.215934436869833,
    16.68323755356416,
    10.68193692612426,
    10.709578922435092,
    19.891270111430796
  ],
  "thermal_cost_eur_per_mw": [
    46.391772840598705,
    46.94602946285741,
    20.0,
    28.435850911011954,
    24.362076021674845,
    45.485861768860765,
    46.42986437414005,
    48.0160061372675,
    45.30140913895698,
    43.59393190944803,
    35.431494999465265,
    33.373320963393695,
    45.721929022114466,
    43.259814456606634,
    20.0,
    47.93104441856436,
    41.228632945934166,
    50.80762567012042,
    46.875551762471694,
    44.08159074459943
  ],
  "demand_profile_mw": [
    978.9201888481795,
    969.6952021627494,
    957.8015401186021,
    943.085638280015,
    925.6490871851913,
    905.9219674938415,
    884.7012828958516,
    863.136037471842,
    842.6484757502045,
    824.793996503022,
    811.0775245215389,
    802.7575587623442,
    800.6764098140255,
    805.1532916929191,
    815.965433159657,
    832.4236065347995,
    853.5271048689712,
    878.1647622558103,
    905.3178150671272,
    934.2198088884016,
    964.4382695342389,
    995.8600546574484,
    1028.5833345880967,
    1062.7397426067387,
    1098.286455256657,
    1134.816676837398,
    1171.4361587479868,
    1206.7423575119105,
    1238.9228519136338,
    1265.964082919966,
    1285.9356911032337,
    1297.2960239903982,
    1299.1563747944863,
    1291.4481859186205,
    1274.957848079299,
    1251.2228448725361,
    1222.3131380953369,
    1190.5448747871717,
    1158.1839985919175,
    1127.1934303922826,
    1099.061669604458,
    1074.7285403191945,
    1054.601911298118,
    1038.6429374850634,
    1026.4895229604924,
    1017.5882417033399,
    1011.3116249354648,
    1007.0472847433631,
    1004.2547406171232,
    1002.4929865931992,
    1001.4259650899209,
    1000.8144292433514,
    1000.5020164087597,
    1000.4017062370918,
    1000.4869903779328,
    1000.7904717259504,
    1001.4112986549402,
    1002.5315939847366,
    1004.4404851099604,
    1007.5621425508122,
    1012.4812892081965,
    1019.9562855290263,
    1030.9070209878207,
    1046.3638691488693,
    1067.366544233154,
    1094.8091363268113,
    1129.240088546562,
    1170.6417877942158,
    1218.230081872185,
    1270.324191797024,
    1324.3368427040218,
    1376.9196071792542,
    1424.26992628761,
    1462.5693372406934,
    1488.4864335896473,
    1499.6538594808017,
    1495.0249168745913,
    1475.0353687823922,
    1441.5357841011507,
    1397.5089766889735,
    1346.6323153141184,
    1292.773813169059,
    1239.5170774545475,
    1189.7937086396025,
    1145.6693606412632,
    1108.2918291884148,
    1077.9765899221663,
    1054.3843398745637,
    1036.73876538651,
    1024.0389961305796,
    1015.2352354750101,
    1009.3524003209311,
    1005.560810285766,
    1003.202536904826,
    1001.7864517091261,
    1000.9652270681138
  ],
  "feasibility_guaranteed": true,
  "stats": {
    "total_capacity_mw": 3054.911525381891,
    "peak_demand_mw": 1499.6538594808017,
    "valley_demand_mw": 800.6764098140255,
    "capacity_margin_pct": 103.70777603570056,
    "smallest_unit_mw": 31.440914600706172,
    "largest_unit_mw": 490.14286128198324
  }
}