{
  "id": "7dcc4591-b437-4adc-83b9-bd683868a4b6",
  "horizon_hours": 24,
  "dt_minutes": 15,
  "graph": {
    "regions": 3,
    "zones_per_region": [
      3,
      7,
      3
    ],
    "sites_per_zone": [
      3,
      2,
      7,
      8,
      8,
      8,
      8,
      7,
      3,
      2,
      7,
      6,
      3
    ],
    "intertie_density": 0.3282869351830316,
    "neighbor_nations": 2
  },
  "assets": {
    "thermal_per_site": [
      3,
      1,
      0,
      3,
      2,
      2,
      1,
      3,
      0,
      3,
      1,
      0,
      1
    ],
    "solar_per_site": [
      1,
      2,
      1,
      3,
      2,
      3,
      1,
      1,
      3,
      3,
      3,
      2,
      1
    ],
    "wind_per_site": [
      3,
      2,
      3,
      1,
      1,
      1,
      2,
      3,
      1,
      1,
      2,
      3,
      1
    ],
    "battery_per_site": [
      0,
      0,
      1,
      1,
      1,
      0,
      0,
      1,
      1,
      2,
      1,
      0,
      0
    ],
    "dr_per_site": [
      1,
      0,
      2,
      0,
      2,
      2,
      2,
      2,
      0,
      1,
      0,
      2,
      0
    ],
    "nuclear_per_region": [
      0,
      0,
      2
    ],
    "hydro_reservoir_per_region": [
      3,
      0,
      0
    ],
    "hydro_ror_per_zone": [
      1,
      1,
      0,
      0,
      2,
      2,
      1,
      1,
      1,
      0,
      0,
      2,
      1
    ],
    "hydro_pumped_per_region": [
      1,
      0,
      2
    ]
  },
  "econ_policy": {
    "co2_price": 240.98229537680302,
    "price_cap": 1631.864460927327,
    "cross_border_policy": "cap",
    "import_export_caps_factor": 0.9917220269093331
  },
  "tech": {
    "thermal_marg_cost": 9.024844044918641,
    "thermal_ramp_pct": 0.1984375802794519,
    "battery_roundtrip_eff": 0.931938996354461,
    "battery_e_to_p_hours": 5.245766540028903,
    "dr_max_shed_share": 0.24591352428884605,
    "dr_duration_hours": 4.4413478883982735,
    "hydro_reservoir_head_eff": 0.75874575032442,
    "battery_initial_soc_fraction": 0.41059700553883105,
    "battery_final_soc_tolerance": 0.14702224712321366,
    "battery_self_discharge_per_hour": 0.008017136727062783,
    "pumped_initial_level_fraction": 0.4072860755585348,
    "pumped_final_level_tolerance": 0.1113539732205926,
    "pumped_self_discharge_per_hour": 0.0006851794401517882
  },
  "operation_costs": {
    "thermal_fuel_eur_per_mwh": 49.61522777004272,
    "nuclear_fuel_eur_per_mwh": 9.253088964673779,
    "demand_response_cost_eur_per_mwh": 710.9609557409187,
    "value_of_lost_load_eur_per_mwh": 11299.889059977904,
    "renewable_spill_cost_eur_per_mwh": 1931.402290370825,
    "hydro_spill_cost_eur_per_mwh": 535.9603461500044,
    "overgen_spill_cost_eur_per_mwh": 6535.291788065911,
    "battery_cycle_cost_eur_per_mwh": 94.88864696964222,
    "pumped_cycle_cost_eur_per_mwh": 60.89986228882425
  },
  "exogenous": {
    "weather_profile": "overcast_summer",
    "weather_spread_intensity": 1.0240820978291956,
    "demand_profile": "heatwave",
    "demand_scale_factor": 0.7035818469141689,
    "inflow_factor": 0.982267418668253,
    "zone_profile_variants": {
      "evening_peak": 0.28,
      "double_peak": 0.16,
      "office_peak": 0.2,
      "industrial": 0.14,
      "night_shift": 0.1,
      "residential_morning": 0.12
    },
    "zone_profile_mix_weight": [
      0.4,
      0.8
    ],
    "zone_profile_phase_shift_hours": [
      -2.5,
      2.5
    ],
    "zone_profile_noise_std": [
      0.02,
      0.06
    ],
    "zone_profile_curvature_exp": [
      0.9,
      1.18
    ],
    "region_weather": {
      "R1": {
        "weather_profile": "mixed",
        "weather_spread_intensity": 0.6725023988346388
      },
      "R2": {
        "weather_profile": "overcast_summer",
        "weather_spread_intensity": 1.481702314636581
      },
      "R3": {
        "weather_profile": "overcast_summer",
        "weather_spread_intensity": 0.9180415800163673
      }
    }
  },
  "mip_gap_target_pct": 0.9644565949422618,
  "estimates": {
    "vars_total": 63360,
    "cons_total": 82368,
    "est_cpu_hours": 1.2039573333333335
  },
  "meta": {
    "regions": 3,
    "zones": 13,
    "sites": 13,
    "intertie_density": 0.3282869351830316,
    "neighbor_nations": 2,
    "assets": {
      "thermal": 20,
      "solar": 26,
      "wind": 24,
      "battery": 8,
      "dr": 14,
      "nuclear": 2,
      "hydro_reservoir": 3,
      "hydro_ror": 12,
      "hydro_pumped": 3
    },
    "demand_scale_factor": 0.7035818469141689,
    "zone_profile_variants": {
      "evening_peak": 0.28,
      "double_peak": 0.16,
      "office_peak": 0.2,
      "industrial": 0.14,
      "night_shift": 0.1,
      "residential_morning": 0.12
    },
    "zone_profile_mix_weight": [
      0.4,
      0.8
    ],
    "weather_profile": "overcast_summer",
    "cross_border_policy": "cap",
    "price_cap": 1631.864460927327,
    "co2_price": 240.98229537680302,
    "import_export_caps_factor": 0.9917220269093331,
    "operation_costs": {
      "thermal_fuel_eur_per_mwh": 49.61522777004272,
      "nuclear_fuel_eur_per_mwh": 9.253088964673779,
      "demand_response_cost_eur_per_mwh": 710.9609557409187,
      "value_of_lost_load_eur_per_mwh": 11299.889059977904,
      "renewable_spill_cost_eur_per_mwh": 1931.402290370825,
      "hydro_spill_cost_eur_per_mwh": 535.9603461500044,
      "overgen_spill_cost_eur_per_mwh": 6535.291788065911,
      "battery_cycle_cost_eur_per_mwh": 94.88864696964222,
      "pumped_cycle_cost_eur_per_mwh": 60.89986228882425
    },
    "tech_scalers": {
      "thermal_marg_cost": 9.024844044918641,
      "thermal_ramp_pct": 0.1984375802794519,
      "battery_roundtrip_eff": 0.931938996354461,
      "battery_e_to_p_hours": 5.245766540028903,
      "dr_max_shed_share": 0.24591352428884605,
      "dr_duration_hours": 4.4413478883982735,
      "hydro_reservoir_head_eff": 0.75874575032442,
      "battery_initial_soc_fraction": 0.41059700553883105,
      "battery_final_soc_tolerance": 0.14702224712321366,
      "battery_self_discharge_per_hour": 0.008017136727062783,
      "pumped_initial_level_fraction": 0.4072860755585348,
      "pumped_final_level_tolerance": 0.1113539732205926,
      "pumped_self_discharge_per_hour": 0.0006851794401517882
    }
  },
  "flexibility_metrics": {
    "total_storage_power_mw": 1000.0,
    "total_storage_capacity_mwh": 6898.3,
    "battery_power_mw": 400.0,
    "battery_capacity_mwh": 2098.3,
    "pumped_power_mw": 600.0,
    "pumped_capacity_mwh": 4800.0,
    "total_dr_capacity_mw": 1124.6,
    "total_ramp_up_mw_per_step": 322.7,
    "total_ramp_down_mw_per_step": 322.7,
    "thermal_flex_ratio": 0.266,
    "dr_duration_hours": 4.44,
    "battery_roundtrip_efficiency": 0.932
  },
  "difficulty_indicators": {
    "vre_penetration_pct": 34.25,
    "net_demand_volatility": 0.242,
    "peak_to_valley_ratio": 1.27,
    "estimated_milp_solve_time_seconds": 4334.2,
    "complexity_score": "medium",
    "n_binary_variables": 1920,
    "n_timesteps": 96,
    "n_zones": 13,
    "weather_profile": "overcast_summer",
    "demand_profile": "heatwave"
  }
}