{
  "id": "34e2293e-a008-433c-ac70-ee48ef1dcb2d",
  "horizon_hours": 24,
  "dt_minutes": 15,
  "graph": {
    "regions": 4,
    "zones_per_region": [
      3,
      7,
      3,
      3
    ],
    "sites_per_zone": [
      7,
      8,
      4,
      4,
      8,
      2,
      4,
      5,
      3,
      6,
      2,
      7,
      4,
      7,
      3,
      7
    ],
    "intertie_density": 0.3516978528846278,
    "neighbor_nations": 1
  },
  "assets": {
    "thermal_per_site": [
      0,
      3,
      3,
      0,
      0,
      2,
      3,
      0,
      1,
      3,
      0,
      0,
      1,
      3,
      0,
      2
    ],
    "solar_per_site": [
      2,
      2,
      3,
      3,
      2,
      2,
      2,
      2,
      1,
      3,
      2,
      3,
      1,
      2,
      3,
      2
    ],
    "wind_per_site": [
      1,
      2,
      2,
      1,
      2,
      1,
      1,
      2,
      3,
      2,
      3,
      3,
      2,
      2,
      2,
      3
    ],
    "battery_per_site": [
      1,
      2,
      1,
      1,
      0,
      0,
      0,
      0,
      0,
      0,
      2,
      1,
      2,
      0,
      0,
      1
    ],
    "dr_per_site": [
      0,
      0,
      2,
      1,
      2,
      1,
      1,
      2,
      0,
      2,
      0,
      2,
      2,
      1,
      2,
      0
    ],
    "nuclear_per_region": [
      1,
      2,
      0,
      2
    ],
    "hydro_reservoir_per_region": [
      2,
      0,
      2,
      3
    ],
    "hydro_ror_per_zone": [
      0,
      2,
      0,
      1,
      0,
      2,
      2,
      2,
      0,
      1,
      2,
      1,
      0,
      2,
      0,
      0
    ],
    "hydro_pumped_per_region": [
      0,
      1,
      2,
      1
    ]
  },
  "econ_policy": {
    "co2_price": 219.06849530854646,
    "price_cap": 3435.6253837208706,
    "cross_border_policy": "allow",
    "import_export_caps_factor": 0.6886577004947769
  },
  "tech": {
    "thermal_marg_cost": 12.243697366977873,
    "thermal_ramp_pct": 0.30134586170875305,
    "battery_roundtrip_eff": 0.8699156669044615,
    "battery_e_to_p_hours": 1.944097186312269,
    "dr_max_shed_share": 0.2736515372124491,
    "dr_duration_hours": 3.3693060060200093,
    "hydro_reservoir_head_eff": 0.8890194252891678,
    "battery_initial_soc_fraction": 0.35467871954521685,
    "battery_final_soc_tolerance": 0.10459641570190839,
    "battery_self_discharge_per_hour": 0.008294238279634176,
    "pumped_initial_level_fraction": 0.6783857663804571,
    "pumped_final_level_tolerance": 0.09299354547730583,
    "pumped_self_discharge_per_hour": 0.0028126825468048878
  },
  "operation_costs": {
    "thermal_fuel_eur_per_mwh": 58.41536041387108,
    "nuclear_fuel_eur_per_mwh": 13.67859292770109,
    "demand_response_cost_eur_per_mwh": 609.1487909824094,
    "value_of_lost_load_eur_per_mwh": 7087.454241242309,
    "renewable_spill_cost_eur_per_mwh": 1931.9830725572942,
    "hydro_spill_cost_eur_per_mwh": 492.32888945065156,
    "overgen_spill_cost_eur_per_mwh": 5678.340215184387,
    "battery_cycle_cost_eur_per_mwh": 83.23187757778769,
    "pumped_cycle_cost_eur_per_mwh": 65.16271983478671
  },
  "exogenous": {
    "weather_profile": "sunny_summer",
    "weather_spread_intensity": 1.2016175141700016,
    "demand_profile": "wkend_flat",
    "demand_scale_factor": 0.9822554628547763,
    "inflow_factor": 0.6191228885251034,
    "zone_profile_variants": {
      "evening_peak": 0.28,
      "double_peak": 0.16,
      "office_peak": 0.2,
      "industrial": 0.14,
      "night_shift": 0.1,
      "residential_morning": 0.12
    },
    "zone_profile_mix_weight": [
      0.4,
      0.8
    ],
    "zone_profile_phase_shift_hours": [
      -2.5,
      2.5
    ],
    "zone_profile_noise_std": [
      0.02,
      0.06
    ],
    "zone_profile_curvature_exp": [
      0.9,
      1.18
    ],
    "region_weather": {
      "R1": {
        "weather_profile": "sunny_summer",
        "weather_spread_intensity": 0.6381881746300075
      },
      "R2": {
        "weather_profile": "calm_winter",
        "weather_spread_intensity": 1.4809715952119138
      },
      "R3": {
        "weather_profile": "overcast_summer",
        "weather_spread_intensity": 1.3425694383331603
      },
      "R4": {
        "weather_profile": "sunny_summer",
        "weather_spread_intensity": 1.3447408485049248
      }
    }
  },
  "mip_gap_target_pct": 0.40852765190565593,
  "estimates": {
    "vars_total": 80256,
    "cons_total": 104332,
    "est_cpu_hours": 1.5054502222222224
  },
  "meta": {
    "regions": 4,
    "zones": 16,
    "sites": 16,
    "intertie_density": 0.3516978528846278,
    "neighbor_nations": 1,
    "assets": {
      "thermal": 21,
      "solar": 35,
      "wind": 32,
      "battery": 11,
      "dr": 18,
      "nuclear": 5,
      "hydro_reservoir": 7,
      "hydro_ror": 15,
      "hydro_pumped": 4
    },
    "demand_scale_factor": 0.9822554628547763,
    "zone_profile_variants": {
      "evening_peak": 0.28,
      "double_peak": 0.16,
      "office_peak": 0.2,
      "industrial": 0.14,
      "night_shift": 0.1,
      "residential_morning": 0.12
    },
    "zone_profile_mix_weight": [
      0.4,
      0.8
    ],
    "weather_profile": "sunny_summer",
    "cross_border_policy": "allow",
    "price_cap": 3435.6253837208706,
    "co2_price": 219.06849530854646,
    "import_export_caps_factor": 0.6886577004947769,
    "operation_costs": {
      "thermal_fuel_eur_per_mwh": 58.41536041387108,
      "nuclear_fuel_eur_per_mwh": 13.67859292770109,
      "demand_response_cost_eur_per_mwh": 609.1487909824094,
      "value_of_lost_load_eur_per_mwh": 7087.454241242309,
      "renewable_spill_cost_eur_per_mwh": 1931.9830725572942,
      "hydro_spill_cost_eur_per_mwh": 492.32888945065156,
      "overgen_spill_cost_eur_per_mwh": 5678.340215184387,
      "battery_cycle_cost_eur_per_mwh": 83.23187757778769,
      "pumped_cycle_cost_eur_per_mwh": 65.16271983478671
    },
    "tech_scalers": {
      "thermal_marg_cost": 12.243697366977873,
      "thermal_ramp_pct": 0.30134586170875305,
      "battery_roundtrip_eff": 0.8699156669044615,
      "battery_e_to_p_hours": 1.944097186312269,
      "dr_max_shed_share": 0.2736515372124491,
      "dr_duration_hours": 3.3693060060200093,
      "hydro_reservoir_head_eff": 0.8890194252891678,
      "battery_initial_soc_fraction": 0.35467871954521685,
      "battery_final_soc_tolerance": 0.10459641570190839,
      "battery_self_discharge_per_hour": 0.008294238279634176,
      "pumped_initial_level_fraction": 0.6783857663804571,
      "pumped_final_level_tolerance": 0.09299354547730583,
      "pumped_self_discharge_per_hour": 0.0028126825468048878
    }
  }
}