{
  "id": "8e073094-dfc8-4fa9-b16d-973c3591528f",
  "horizon_hours": 24,
  "dt_minutes": 15,
  "graph": {
    "regions": 2,
    "zones_per_region": [
      4,
      7
    ],
    "sites_per_zone": [
      7,
      2,
      8,
      2,
      8,
      3,
      2,
      7,
      2,
      8,
      8
    ],
    "intertie_density": 0.39932836055656973,
    "neighbor_nations": 2
  },
  "assets": {
    "thermal_per_site": [
      3,
      0,
      0,
      0,
      2,
      1,
      0,
      3,
      2,
      1,
      3
    ],
    "solar_per_site": [
      3,
      2,
      2,
      2,
      1,
      1,
      1,
      3,
      2,
      1,
      3
    ],
    "wind_per_site": [
      1,
      2,
      1,
      1,
      1,
      1,
      3,
      3,
      1,
      1,
      3
    ],
    "battery_per_site": [
      1,
      1,
      2,
      1,
      0,
      1,
      1,
      0,
      2,
      0,
      1
    ],
    "dr_per_site": [
      0,
      0,
      0,
      0,
      2,
      0,
      0,
      2,
      2,
      0,
      1
    ],
    "nuclear_per_region": [
      0,
      2
    ],
    "hydro_reservoir_per_region": [
      2,
      2
    ],
    "hydro_ror_per_zone": [
      1,
      2,
      2,
      1,
      0,
      2,
      2,
      0,
      2,
      0,
      0
    ],
    "hydro_pumped_per_region": [
      1,
      2
    ]
  },
  "econ_policy": {
    "co2_price": 64.66337349149522,
    "price_cap": 2710.536047377045,
    "cross_border_policy": "block",
    "import_export_caps_factor": 1.1556268322519228
  },
  "tech": {
    "thermal_marg_cost": 1.693280187863822,
    "thermal_ramp_pct": 0.1862576397511998,
    "battery_roundtrip_eff": 0.8313578330953462,
    "battery_e_to_p_hours": 5.778405158223833,
    "dr_max_shed_share": 0.23337374654672632,
    "dr_duration_hours": 2.194931168191333,
    "hydro_reservoir_head_eff": 0.9715552635497523,
    "battery_initial_soc_fraction": 0.6210624914767913,
    "battery_final_soc_tolerance": 0.13259192897666522,
    "battery_self_discharge_per_hour": 0.0017141653518141782,
    "pumped_initial_level_fraction": 0.6482361771606248,
    "pumped_final_level_tolerance": 0.12566492773115012,
    "pumped_self_discharge_per_hour": 0.0006081563572357632
  },
  "operation_costs": {
    "thermal_fuel_eur_per_mwh": 74.1320632844185,
    "nuclear_fuel_eur_per_mwh": 14.592369445016734,
    "demand_response_cost_eur_per_mwh": 608.4969472936444,
    "value_of_lost_load_eur_per_mwh": 6128.512875434153,
    "renewable_spill_cost_eur_per_mwh": 1570.4027621068142,
    "hydro_spill_cost_eur_per_mwh": 442.9085581977114,
    "overgen_spill_cost_eur_per_mwh": 2706.176339732722,
    "battery_cycle_cost_eur_per_mwh": 117.90527159087785,
    "pumped_cycle_cost_eur_per_mwh": 63.26787789445427
  },
  "exogenous": {
    "weather_profile": "sunny_summer",
    "weather_spread_intensity": 0.9464265565591694,
    "demand_profile": "heatwave",
    "demand_scale_factor": 0.7938748421093624,
    "inflow_factor": 1.417509854781458,
    "zone_profile_variants": {
      "evening_peak": 0.28,
      "double_peak": 0.16,
      "office_peak": 0.2,
      "industrial": 0.14,
      "night_shift": 0.1,
      "residential_morning": 0.12
    },
    "zone_profile_mix_weight": [
      0.4,
      0.8
    ],
    "zone_profile_phase_shift_hours": [
      -2.5,
      2.5
    ],
    "zone_profile_noise_std": [
      0.02,
      0.06
    ],
    "zone_profile_curvature_exp": [
      0.9,
      1.18
    ],
    "region_weather": {
      "R1": {
        "weather_profile": "sunny_summer",
        "weather_spread_intensity": 1.023682062661786
      },
      "R2": {
        "weather_profile": "stormy_winter",
        "weather_spread_intensity": 0.8691710504565529
      }
    }
  },
  "mip_gap_target_pct": 0.761384356276762,
  "estimates": {
    "vars_total": 52800,
    "cons_total": 68640,
    "est_cpu_hours": 1.01552
  },
  "meta": {
    "regions": 2,
    "zones": 11,
    "sites": 11,
    "intertie_density": 0.39932836055656973,
    "neighbor_nations": 2,
    "assets": {
      "thermal": 15,
      "solar": 21,
      "wind": 18,
      "battery": 10,
      "dr": 7,
      "nuclear": 2,
      "hydro_reservoir": 4,
      "hydro_ror": 12,
      "hydro_pumped": 3
    },
    "demand_scale_factor": 0.7938748421093624,
    "zone_profile_variants": {
      "evening_peak": 0.28,
      "double_peak": 0.16,
      "office_peak": 0.2,
      "industrial": 0.14,
      "night_shift": 0.1,
      "residential_morning": 0.12
    },
    "zone_profile_mix_weight": [
      0.4,
      0.8
    ],
    "weather_profile": "sunny_summer",
    "cross_border_policy": "block",
    "price_cap": 2710.536047377045,
    "co2_price": 64.66337349149522,
    "import_export_caps_factor": 1.1556268322519228,
    "operation_costs": {
      "thermal_fuel_eur_per_mwh": 74.1320632844185,
      "nuclear_fuel_eur_per_mwh": 14.592369445016734,
      "demand_response_cost_eur_per_mwh": 608.4969472936444,
      "value_of_lost_load_eur_per_mwh": 6128.512875434153,
      "renewable_spill_cost_eur_per_mwh": 1570.4027621068142,
      "hydro_spill_cost_eur_per_mwh": 442.9085581977114,
      "overgen_spill_cost_eur_per_mwh": 2706.176339732722,
      "battery_cycle_cost_eur_per_mwh": 117.90527159087785,
      "pumped_cycle_cost_eur_per_mwh": 63.26787789445427
    },
    "tech_scalers": {
      "thermal_marg_cost": 1.693280187863822,
      "thermal_ramp_pct": 0.1862576397511998,
      "battery_roundtrip_eff": 0.8313578330953462,
      "battery_e_to_p_hours": 5.778405158223833,
      "dr_max_shed_share": 0.23337374654672632,
      "dr_duration_hours": 2.194931168191333,
      "hydro_reservoir_head_eff": 0.9715552635497523,
      "battery_initial_soc_fraction": 0.6210624914767913,
      "battery_final_soc_tolerance": 0.13259192897666522,
      "battery_self_discharge_per_hour": 0.0017141653518141782,
      "pumped_initial_level_fraction": 0.6482361771606248,
      "pumped_final_level_tolerance": 0.12566492773115012,
      "pumped_self_discharge_per_hour": 0.0006081563572357632
    }
  },
  "flexibility_metrics": {
    "total_storage_power_mw": 1100.0,
    "total_storage_capacity_mwh": 7689.2,
    "battery_power_mw": 500.0,
    "battery_capacity_mwh": 2889.2,
    "pumped_power_mw": 600.0,
    "pumped_capacity_mwh": 4800.0,
    "total_dr_capacity_mw": 1019.0,
    "total_ramp_up_mw_per_step": 234.5,
    "total_ramp_down_mw_per_step": 234.5,
    "thermal_flex_ratio": 0.326,
    "dr_duration_hours": 2.19,
    "battery_roundtrip_efficiency": 0.831
  },
  "difficulty_indicators": {
    "vre_penetration_pct": 30.57,
    "net_demand_volatility": 0.311,
    "peak_to_valley_ratio": 1.43,
    "estimated_milp_solve_time_seconds": 3655.9,
    "complexity_score": "medium",
    "n_binary_variables": 1440,
    "n_timesteps": 96,
    "n_zones": 11,
    "weather_profile": "sunny_summer",
    "demand_profile": "heatwave"
  }
}