{
  "id": "609b584e-7420-4dd1-b985-28cc67085d50",
  "horizon_hours": 24,
  "dt_minutes": 15,
  "graph": {
    "regions": 2,
    "zones_per_region": [
      3,
      4
    ],
    "sites_per_zone": [
      8,
      2,
      8,
      7,
      2,
      8,
      5
    ],
    "intertie_density": 0.5086776123106279,
    "neighbor_nations": 3
  },
  "assets": {
    "thermal_per_site": [
      3,
      1,
      2,
      1,
      3,
      3,
      3
    ],
    "solar_per_site": [
      3,
      1,
      3,
      3,
      1,
      1,
      2
    ],
    "wind_per_site": [
      1,
      1,
      3,
      1,
      3,
      3,
      2
    ],
    "battery_per_site": [
      1,
      2,
      0,
      2,
      2,
      2,
      2
    ],
    "dr_per_site": [
      1,
      2,
      0,
      2,
      2,
      0,
      0
    ],
    "nuclear_per_region": [
      0,
      0
    ],
    "hydro_reservoir_per_region": [
      0,
      2
    ],
    "hydro_ror_per_zone": [
      2,
      1,
      1,
      0,
      0,
      0,
      2
    ],
    "hydro_pumped_per_region": [
      1,
      2
    ]
  },
  "econ_policy": {
    "co2_price": 51.21317050856251,
    "price_cap": 582.2332609223236,
    "cross_border_policy": "cap",
    "import_export_caps_factor": 0.9011127728371582
  },
  "tech": {
    "thermal_marg_cost": 9.666840742899677,
    "thermal_ramp_pct": 0.35960825278591946,
    "battery_roundtrip_eff": 0.9157100547139221,
    "battery_e_to_p_hours": 4.8012353103625,
    "dr_max_shed_share": 0.24149899225054489,
    "dr_duration_hours": 2.4024667558012323,
    "hydro_reservoir_head_eff": 0.8818915851671751,
    "battery_initial_soc_fraction": 0.37797714020597994,
    "battery_final_soc_tolerance": 0.1450515918051908,
    "battery_self_discharge_per_hour": 0.004706261379534512,
    "pumped_initial_level_fraction": 0.46106571925915213,
    "pumped_final_level_tolerance": 0.12026845829821069,
    "pumped_self_discharge_per_hour": 0.0018477467338794797
  },
  "operation_costs": {
    "thermal_fuel_eur_per_mwh": 48.57429038406757,
    "nuclear_fuel_eur_per_mwh": 13.488137012829448,
    "demand_response_cost_eur_per_mwh": 1174.5641329654923,
    "value_of_lost_load_eur_per_mwh": 9306.750803786457,
    "renewable_spill_cost_eur_per_mwh": 1021.5789026048253,
    "hydro_spill_cost_eur_per_mwh": 1048.3480830303806,
    "overgen_spill_cost_eur_per_mwh": 3634.8814993556243,
    "battery_cycle_cost_eur_per_mwh": 108.98891524013945,
    "pumped_cycle_cost_eur_per_mwh": 60.48079094135477
  },
  "exogenous": {
    "weather_profile": "overcast_summer",
    "weather_spread_intensity": 0.7103688644771111,
    "demand_profile": "cold_snap",
    "demand_scale_factor": 0.7006624402926405,
    "inflow_factor": 1.10847578130098,
    "zone_profile_variants": {
      "evening_peak": 0.28,
      "double_peak": 0.16,
      "office_peak": 0.2,
      "industrial": 0.14,
      "night_shift": 0.1,
      "residential_morning": 0.12
    },
    "zone_profile_mix_weight": [
      0.4,
      0.8
    ],
    "zone_profile_phase_shift_hours": [
      -2.5,
      2.5
    ],
    "zone_profile_noise_std": [
      0.02,
      0.06
    ],
    "zone_profile_curvature_exp": [
      0.9,
      1.18
    ],
    "region_weather": {
      "R1": {
        "weather_profile": "overcast_summer",
        "weather_spread_intensity": 0.868427247649222
      },
      "R2": {
        "weather_profile": "calm_winter",
        "weather_spread_intensity": 0.5523104813050002
      }
    }
  },
  "mip_gap_target_pct": 1.2573458416089704,
  "estimates": {
    "vars_total": 38112,
    "cons_total": 49545,
    "est_cpu_hours": 0.7534156666666667
  },
  "meta": {
    "regions": 2,
    "zones": 7,
    "sites": 7,
    "intertie_density": 0.5086776123106279,
    "neighbor_nations": 3,
    "assets": {
      "thermal": 16,
      "solar": 14,
      "wind": 14,
      "battery": 11,
      "dr": 7,
      "nuclear": 0,
      "hydro_reservoir": 2,
      "hydro_ror": 6,
      "hydro_pumped": 3
    },
    "demand_scale_factor": 0.7006624402926405,
    "zone_profile_variants": {
      "evening_peak": 0.28,
      "double_peak": 0.16,
      "office_peak": 0.2,
      "industrial": 0.14,
      "night_shift": 0.1,
      "residential_morning": 0.12
    },
    "zone_profile_mix_weight": [
      0.4,
      0.8
    ],
    "weather_profile": "overcast_summer",
    "cross_border_policy": "cap",
    "price_cap": 582.2332609223236,
    "co2_price": 51.21317050856251,
    "import_export_caps_factor": 0.9011127728371582,
    "operation_costs": {
      "thermal_fuel_eur_per_mwh": 48.57429038406757,
      "nuclear_fuel_eur_per_mwh": 13.488137012829448,
      "demand_response_cost_eur_per_mwh": 1174.5641329654923,
      "value_of_lost_load_eur_per_mwh": 9306.750803786457,
      "renewable_spill_cost_eur_per_mwh": 1021.5789026048253,
      "hydro_spill_cost_eur_per_mwh": 1048.3480830303806,
      "overgen_spill_cost_eur_per_mwh": 3634.8814993556243,
      "battery_cycle_cost_eur_per_mwh": 108.98891524013945,
      "pumped_cycle_cost_eur_per_mwh": 60.48079094135477
    },
    "tech_scalers": {
      "thermal_marg_cost": 9.666840742899677,
      "thermal_ramp_pct": 0.35960825278591946,
      "battery_roundtrip_eff": 0.9157100547139221,
      "battery_e_to_p_hours": 4.8012353103625,
      "dr_max_shed_share": 0.24149899225054489,
      "dr_duration_hours": 2.4024667558012323,
      "hydro_reservoir_head_eff": 0.8818915851671751,
      "battery_initial_soc_fraction": 0.37797714020597994,
      "battery_final_soc_tolerance": 0.1450515918051908,
      "battery_self_discharge_per_hour": 0.004706261379534512,
      "pumped_initial_level_fraction": 0.46106571925915213,
      "pumped_final_level_tolerance": 0.12026845829821069,
      "pumped_self_discharge_per_hour": 0.0018477467338794797
    }
  },
  "flexibility_metrics": {
    "total_storage_power_mw": 1150.0,
    "total_storage_capacity_mwh": 7440.7,
    "battery_power_mw": 550.0,
    "battery_capacity_mwh": 2640.7,
    "pumped_power_mw": 600.0,
    "pumped_capacity_mwh": 4800.0,
    "total_dr_capacity_mw": 592.2,
    "total_ramp_up_mw_per_step": 431.5,
    "total_ramp_down_mw_per_step": 431.5,
    "thermal_flex_ratio": 0.363,
    "dr_duration_hours": 2.4,
    "battery_roundtrip_efficiency": 0.916
  },
  "difficulty_indicators": {
    "vre_penetration_pct": 33.33,
    "net_demand_volatility": 0.224,
    "peak_to_valley_ratio": 1.26,
    "estimated_milp_solve_time_seconds": 2712.3,
    "complexity_score": "medium",
    "n_binary_variables": 1536,
    "n_timesteps": 96,
    "n_zones": 7,
    "weather_profile": "overcast_summer",
    "demand_profile": "cold_snap"
  }
}