{
  "id": "865a8097-7e12-409d-9d3b-fd695c0ddb8f",
  "horizon_hours": 24,
  "dt_minutes": 15,
  "graph": {
    "regions": 2,
    "zones_per_region": [
      5,
      7
    ],
    "sites_per_zone": [
      6,
      8,
      3,
      6,
      2,
      5,
      8,
      6,
      5,
      6,
      7,
      5
    ],
    "intertie_density": 0.5782590018147855,
    "neighbor_nations": 2
  },
  "assets": {
    "thermal_per_site": [
      2,
      0,
      2,
      2,
      0,
      3,
      2,
      0,
      0,
      0,
      1,
      1
    ],
    "solar_per_site": [
      3,
      1,
      2,
      3,
      1,
      1,
      2,
      2,
      1,
      1,
      1,
      2
    ],
    "wind_per_site": [
      2,
      2,
      2,
      1,
      3,
      1,
      1,
      1,
      1,
      3,
      2,
      1
    ],
    "battery_per_site": [
      0,
      0,
      1,
      0,
      0,
      0,
      2,
      0,
      0,
      0,
      0,
      0
    ],
    "dr_per_site": [
      2,
      2,
      2,
      1,
      1,
      1,
      1,
      0,
      1,
      2,
      0,
      1
    ],
    "nuclear_per_region": [
      1,
      2
    ],
    "hydro_reservoir_per_region": [
      1,
      0
    ],
    "hydro_ror_per_zone": [
      1,
      2,
      0,
      2,
      0,
      1,
      0,
      1,
      0,
      0,
      2,
      1
    ],
    "hydro_pumped_per_region": [
      2,
      2
    ]
  },
  "econ_policy": {
    "co2_price": 234.44567692988846,
    "price_cap": 3628.0620972070187,
    "cross_border_policy": "block",
    "import_export_caps_factor": 1.057630105827634
  },
  "tech": {
    "thermal_marg_cost": 7.828827493185872,
    "thermal_ramp_pct": 0.3594548457230628,
    "battery_roundtrip_eff": 0.8032199905190575,
    "battery_e_to_p_hours": 4.2763819827472656,
    "dr_max_shed_share": 0.24175243457108742,
    "dr_duration_hours": 5.5030582372956545,
    "hydro_reservoir_head_eff": 0.7574686790044622,
    "battery_initial_soc_fraction": 0.4600313536712222,
    "battery_final_soc_tolerance": 0.09928367014521054,
    "battery_self_discharge_per_hour": 0.004877896593349108,
    "pumped_initial_level_fraction": 0.5476227008881963,
    "pumped_final_level_tolerance": 0.050072762753622865,
    "pumped_self_discharge_per_hour": 0.0025175335737538506
  },
  "operation_costs": {
    "thermal_fuel_eur_per_mwh": 61.74056693565997,
    "nuclear_fuel_eur_per_mwh": 13.354605555036084,
    "demand_response_cost_eur_per_mwh": 1058.5577535994908,
    "value_of_lost_load_eur_per_mwh": 7294.706856484066,
    "renewable_spill_cost_eur_per_mwh": 1236.5526874067277,
    "hydro_spill_cost_eur_per_mwh": 1049.2695756629064,
    "overgen_spill_cost_eur_per_mwh": 5161.683194241333,
    "battery_cycle_cost_eur_per_mwh": 77.11148330798918,
    "pumped_cycle_cost_eur_per_mwh": 61.727466462255904
  },
  "exogenous": {
    "weather_profile": "stormy_winter",
    "weather_spread_intensity": 1.0425194758644023,
    "demand_profile": "cold_snap",
    "demand_scale_factor": 1.159098395113596,
    "inflow_factor": 0.7285891138175749,
    "zone_profile_variants": {
      "evening_peak": 0.28,
      "double_peak": 0.16,
      "office_peak": 0.2,
      "industrial": 0.14,
      "night_shift": 0.1,
      "residential_morning": 0.12
    },
    "zone_profile_mix_weight": [
      0.4,
      0.8
    ],
    "zone_profile_phase_shift_hours": [
      -2.5,
      2.5
    ],
    "zone_profile_noise_std": [
      0.02,
      0.06
    ],
    "zone_profile_curvature_exp": [
      0.9,
      1.18
    ],
    "region_weather": {
      "R1": {
        "weather_profile": "stormy_winter",
        "weather_spread_intensity": 0.6859631382647867
      },
      "R2": {
        "weather_profile": "mixed",
        "weather_spread_intensity": 1.3990758134640178
      }
    }
  },
  "mip_gap_target_pct": 0.579363478084808,
  "estimates": {
    "vars_total": 54336,
    "cons_total": 70636,
    "est_cpu_hours": 1.0429222222222223
  },
  "meta": {
    "regions": 2,
    "zones": 12,
    "sites": 12,
    "intertie_density": 0.5782590018147855,
    "neighbor_nations": 2,
    "assets": {
      "thermal": 13,
      "solar": 20,
      "wind": 20,
      "battery": 3,
      "dr": 14,
      "nuclear": 3,
      "hydro_reservoir": 1,
      "hydro_ror": 10,
      "hydro_pumped": 4
    },
    "demand_scale_factor": 1.159098395113596,
    "zone_profile_variants": {
      "evening_peak": 0.28,
      "double_peak": 0.16,
      "office_peak": 0.2,
      "industrial": 0.14,
      "night_shift": 0.1,
      "residential_morning": 0.12
    },
    "zone_profile_mix_weight": [
      0.4,
      0.8
    ],
    "weather_profile": "stormy_winter",
    "cross_border_policy": "block",
    "price_cap": 3628.0620972070187,
    "co2_price": 234.44567692988846,
    "import_export_caps_factor": 1.057630105827634,
    "operation_costs": {
      "thermal_fuel_eur_per_mwh": 61.74056693565997,
      "nuclear_fuel_eur_per_mwh": 13.354605555036084,
      "demand_response_cost_eur_per_mwh": 1058.5577535994908,
      "value_of_lost_load_eur_per_mwh": 7294.706856484066,
      "renewable_spill_cost_eur_per_mwh": 1236.5526874067277,
      "hydro_spill_cost_eur_per_mwh": 1049.2695756629064,
      "overgen_spill_cost_eur_per_mwh": 5161.683194241333,
      "battery_cycle_cost_eur_per_mwh": 77.11148330798918,
      "pumped_cycle_cost_eur_per_mwh": 61.727466462255904
    },
    "tech_scalers": {
      "thermal_marg_cost": 7.828827493185872,
      "thermal_ramp_pct": 0.3594548457230628,
      "battery_roundtrip_eff": 0.8032199905190575,
      "battery_e_to_p_hours": 4.2763819827472656,
      "dr_max_shed_share": 0.24175243457108742,
      "dr_duration_hours": 5.5030582372956545,
      "hydro_reservoir_head_eff": 0.7574686790044622,
      "battery_initial_soc_fraction": 0.4600313536712222,
      "battery_final_soc_tolerance": 0.09928367014521054,
      "battery_self_discharge_per_hour": 0.004877896593349108,
      "pumped_initial_level_fraction": 0.5476227008881963,
      "pumped_final_level_tolerance": 0.050072762753622865,
      "pumped_self_discharge_per_hour": 0.0025175335737538506
    }
  },
  "flexibility_metrics": {
    "total_storage_power_mw": 950.0,
    "total_storage_capacity_mwh": 7041.5,
    "battery_power_mw": 150.0,
    "battery_capacity_mwh": 641.5,
    "pumped_power_mw": 800.0,
    "pumped_capacity_mwh": 6400.0,
    "total_dr_capacity_mw": 1681.3,
    "total_ramp_up_mw_per_step": 388.0,
    "total_ramp_down_mw_per_step": 388.0,
    "thermal_flex_ratio": 0.381,
    "dr_duration_hours": 5.5,
    "battery_roundtrip_efficiency": 0.803
  },
  "difficulty_indicators": {
    "vre_penetration_pct": 34.72,
    "net_demand_volatility": 0.32,
    "peak_to_valley_ratio": 2.09,
    "estimated_milp_solve_time_seconds": 3754.5,
    "complexity_score": "medium",
    "n_binary_variables": 1248,
    "n_timesteps": 96,
    "n_zones": 12,
    "weather_profile": "stormy_winter",
    "demand_profile": "cold_snap"
  }
}