{
  "id": "1c82f535-ceb0-4e50-9f83-9eb924bba206",
  "horizon_hours": 24,
  "dt_minutes": 15,
  "graph": {
    "regions": 2,
    "zones_per_region": [
      7,
      6
    ],
    "sites_per_zone": [
      5,
      7,
      4,
      8,
      10,
      4,
      3,
      6,
      9,
      3,
      2,
      4,
      5
    ],
    "intertie_density": 0.2692453488605985,
    "neighbor_nations": 1
  },
  "assets": {
    "thermal_per_site": [
      0,
      3,
      1,
      1,
      2,
      3,
      2,
      1,
      0,
      1,
      1,
      0,
      1
    ],
    "solar_per_site": [
      2,
      3,
      3,
      3,
      3,
      1,
      2,
      2,
      3,
      2,
      1,
      1,
      2
    ],
    "wind_per_site": [
      1,
      1,
      3,
      1,
      3,
      3,
      2,
      2,
      1,
      1,
      1,
      3,
      3
    ],
    "battery_per_site": [
      1,
      2,
      1,
      0,
      2,
      0,
      2,
      2,
      1,
      2,
      0,
      1,
      0
    ],
    "dr_per_site": [
      2,
      1,
      1,
      1,
      1,
      2,
      0,
      0,
      2,
      0,
      0,
      0,
      0
    ],
    "nuclear_per_region": [
      1,
      1
    ],
    "hydro_reservoir_per_region": [
      3,
      0
    ],
    "hydro_ror_per_zone": [
      2,
      2,
      1,
      0,
      1,
      0,
      0,
      1,
      2,
      0,
      1,
      1,
      2
    ],
    "hydro_pumped_per_region": [
      0,
      1
    ]
  },
  "econ_policy": {
    "co2_price": 228.1595129419639,
    "price_cap": 1958.8338921810825,
    "cross_border_policy": "cap",
    "import_export_caps_factor": 0.5314827857890507
  },
  "tech": {
    "thermal_marg_cost": 8.348425943715045,
    "thermal_ramp_pct": 0.3226898771065085,
    "battery_roundtrip_eff": 0.8906884802936266,
    "battery_e_to_p_hours": 4.149687371674972,
    "dr_max_shed_share": 0.13100571004719427,
    "dr_duration_hours": 3.045186405939145,
    "hydro_reservoir_head_eff": 0.9569858464091624,
    "battery_initial_soc_fraction": 0.406835939932204,
    "battery_final_soc_tolerance": 0.08842518287970805,
    "battery_self_discharge_per_hour": 0.003997347579462608,
    "pumped_initial_level_fraction": 0.6805820381852623,
    "pumped_final_level_tolerance": 0.08040747283383806,
    "pumped_self_discharge_per_hour": 0.0026547630055627726
  },
  "operation_costs": {
    "thermal_fuel_eur_per_mwh": 67.1123628765526,
    "nuclear_fuel_eur_per_mwh": 16.09998736787157,
    "thermal_startup_cost_eur": 4545.367791498111,
    "nuclear_startup_cost_eur": 19681.385251406817,
    "demand_response_cost_eur_per_mwh": 124.79496076924246,
    "value_of_lost_load_eur_per_mwh": 10962.995608477699,
    "renewable_spill_cost_eur_per_mwh": 1646.7490665462876,
    "hydro_spill_cost_eur_per_mwh": 1057.7057338333884,
    "overgen_spill_cost_eur_per_mwh": 6376.4663435904085,
    "battery_cycle_cost_eur_per_mwh": 101.0046694426447,
    "pumped_cycle_cost_eur_per_mwh": 89.63727599614496
  },
  "exogenous": {
    "weather_profile": "sunny_summer",
    "weather_spread_intensity": 0.691714501799934,
    "demand_profile": "wkend_flat",
    "demand_scale_factor": 0.7631310180607321,
    "inflow_factor": 1.3357052656151858,
    "zone_profile_variants": {
      "evening_peak": 0.28,
      "double_peak": 0.16,
      "office_peak": 0.2,
      "industrial": 0.14,
      "night_shift": 0.1,
      "residential_morning": 0.12
    },
    "zone_profile_mix_weight": [
      0.4,
      0.8
    ],
    "zone_profile_phase_shift_hours": [
      -2.5,
      2.5
    ],
    "zone_profile_noise_std": [
      0.02,
      0.06
    ],
    "zone_profile_curvature_exp": [
      0.9,
      1.18
    ],
    "region_weather": {
      "R1": {
        "weather_profile": "sunny_summer",
        "weather_spread_intensity": 0.8292567769862043
      },
      "R2": {
        "weather_profile": "sunny_summer",
        "weather_spread_intensity": 0.5541722266136638
      }
    }
  },
  "mip_gap_target_pct": 1.4773788520451343,
  "estimates": {
    "vars_total": 62592,
    "cons_total": 81369,
    "est_cpu_hours": 1.1902476666666666
  },
  "meta": {
    "regions": 2,
    "zones": 13,
    "sites": 13,
    "intertie_density": 0.2692453488605985,
    "neighbor_nations": 1,
    "assets": {
      "thermal": 16,
      "solar": 28,
      "wind": 25,
      "battery": 14,
      "dr": 10,
      "nuclear": 2,
      "hydro_reservoir": 3,
      "hydro_ror": 13,
      "hydro_pumped": 1
    },
    "demand_scale_factor": 0.7631310180607321,
    "zone_profile_variants": {
      "evening_peak": 0.28,
      "double_peak": 0.16,
      "office_peak": 0.2,
      "industrial": 0.14,
      "night_shift": 0.1,
      "residential_morning": 0.12
    },
    "zone_profile_mix_weight": [
      0.4,
      0.8
    ],
    "weather_profile": "sunny_summer",
    "cross_border_policy": "cap",
    "price_cap": 1958.8338921810825,
    "co2_price": 228.1595129419639,
    "import_export_caps_factor": 0.5314827857890507,
    "operation_costs": {
      "thermal_fuel_eur_per_mwh": 67.1123628765526,
      "nuclear_fuel_eur_per_mwh": 16.09998736787157,
      "thermal_startup_cost_eur": 4545.367791498111,
      "nuclear_startup_cost_eur": 19681.385251406817,
      "demand_response_cost_eur_per_mwh": 124.79496076924246,
      "value_of_lost_load_eur_per_mwh": 10962.995608477699,
      "renewable_spill_cost_eur_per_mwh": 1646.7490665462876,
      "hydro_spill_cost_eur_per_mwh": 1057.7057338333884,
      "overgen_spill_cost_eur_per_mwh": 6376.4663435904085,
      "battery_cycle_cost_eur_per_mwh": 101.0046694426447,
      "pumped_cycle_cost_eur_per_mwh": 89.63727599614496
    },
    "tech_scalers": {
      "thermal_marg_cost": 8.348425943715045,
      "thermal_ramp_pct": 0.3226898771065085,
      "battery_roundtrip_eff": 0.8906884802936266,
      "battery_e_to_p_hours": 4.149687371674972,
      "dr_max_shed_share": 0.13100571004719427,
      "dr_duration_hours": 3.045186405939145,
      "hydro_reservoir_head_eff": 0.9569858464091624,
      "battery_initial_soc_fraction": 0.406835939932204,
      "battery_final_soc_tolerance": 0.08842518287970805,
      "battery_self_discharge_per_hour": 0.003997347579462608,
      "pumped_initial_level_fraction": 0.6805820381852623,
      "pumped_final_level_tolerance": 0.08040747283383806,
      "pumped_self_discharge_per_hour": 0.0026547630055627726
    }
  },
  "flexibility_metrics": {
    "total_storage_power_mw": 900.0,
    "total_storage_capacity_mwh": 4504.8,
    "battery_power_mw": 700.0,
    "battery_capacity_mwh": 2904.8,
    "pumped_power_mw": 200.0,
    "pumped_capacity_mwh": 1600.0,
    "total_dr_capacity_mw": 649.8,
    "total_ramp_up_mw_per_step": 412.2,
    "total_ramp_down_mw_per_step": 412.2,
    "thermal_flex_ratio": 0.228,
    "dr_duration_hours": 3.05,
    "battery_roundtrip_efficiency": 0.891
  },
  "difficulty_indicators": {
    "vre_penetration_pct": 37.54,
    "net_demand_volatility": 0.234,
    "peak_to_valley_ratio": 1.37,
    "estimated_milp_solve_time_seconds": 4284.9,
    "complexity_score": "medium",
    "n_binary_variables": 1536,
    "n_timesteps": 96,
    "n_zones": 13,
    "weather_profile": "sunny_summer",
    "demand_profile": "wkend_flat"
  }
}