{
  "id": "3aee2e2c-86d3-4a9b-92a0-f49409a0b34b",
  "horizon_hours": 24,
  "dt_minutes": 15,
  "graph": {
    "regions": 2,
    "zones_per_region": [
      4,
      9
    ],
    "sites_per_zone": [
      2,
      10,
      6,
      5,
      5,
      3,
      7,
      7,
      6,
      3,
      2,
      9,
      10
    ],
    "intertie_density": 0.21177013671703437,
    "neighbor_nations": 2
  },
  "assets": {
    "thermal_per_site": [
      0,
      0,
      2,
      3,
      2,
      3,
      3,
      0,
      1,
      0,
      2,
      2,
      3
    ],
    "solar_per_site": [
      1,
      1,
      3,
      3,
      1,
      1,
      3,
      2,
      2,
      1,
      2,
      3,
      3
    ],
    "wind_per_site": [
      2,
      2,
      3,
      1,
      3,
      1,
      1,
      3,
      2,
      1,
      3,
      1,
      2
    ],
    "battery_per_site": [
      0,
      2,
      1,
      1,
      0,
      1,
      2,
      1,
      0,
      0,
      2,
      0,
      2
    ],
    "dr_per_site": [
      2,
      2,
      2,
      1,
      1,
      0,
      1,
      2,
      1,
      1,
      0,
      1,
      1
    ],
    "nuclear_per_region": [
      2,
      1
    ],
    "hydro_reservoir_per_region": [
      1,
      1
    ],
    "hydro_ror_per_zone": [
      2,
      0,
      2,
      2,
      0,
      0,
      2,
      0,
      0,
      1,
      0,
      0,
      2
    ],
    "hydro_pumped_per_region": [
      1,
      2
    ]
  },
  "econ_policy": {
    "co2_price": 193.203899312698,
    "price_cap": 879.2747715416147,
    "cross_border_policy": "block",
    "import_export_caps_factor": 1.0987980199807001
  },
  "tech": {
    "thermal_marg_cost": 12.031578069674996,
    "thermal_ramp_pct": 0.34354941835412933,
    "battery_roundtrip_eff": 0.7862930657201017,
    "battery_e_to_p_hours": 5.276342562314372,
    "dr_max_shed_share": 0.30567884849741384,
    "dr_duration_hours": 3.2961488728859347,
    "hydro_reservoir_head_eff": 0.8945596601620516,
    "battery_initial_soc_fraction": 0.6078732133857727,
    "battery_final_soc_tolerance": 0.057533603705630695,
    "battery_self_discharge_per_hour": 0.004646127545906901,
    "pumped_initial_level_fraction": 0.45150974927376614,
    "pumped_final_level_tolerance": 0.07729860795309647,
    "pumped_self_discharge_per_hour": 0.0029997035333601536
  },
  "operation_costs": {
    "thermal_fuel_eur_per_mwh": 54.8178683371359,
    "nuclear_fuel_eur_per_mwh": 17.39920692646397,
    "thermal_startup_cost_eur": 7169.113332572022,
    "nuclear_startup_cost_eur": 48780.96650915816,
    "demand_response_cost_eur_per_mwh": 219.77943575293503,
    "value_of_lost_load_eur_per_mwh": 10358.216736982864,
    "renewable_spill_cost_eur_per_mwh": 796.5413995128947,
    "hydro_spill_cost_eur_per_mwh": 1060.9385251047925,
    "overgen_spill_cost_eur_per_mwh": 3187.0386624574903,
    "battery_cycle_cost_eur_per_mwh": 99.88782388016263,
    "pumped_cycle_cost_eur_per_mwh": 89.59181687890111
  },
  "exogenous": {
    "weather_profile": "stormy_winter",
    "weather_spread_intensity": 1.1034806120028238,
    "demand_profile": "heatwave",
    "demand_scale_factor": 0.9120685064753833,
    "inflow_factor": 0.9471892105955013,
    "zone_profile_variants": {
      "evening_peak": 0.28,
      "double_peak": 0.16,
      "office_peak": 0.2,
      "industrial": 0.14,
      "night_shift": 0.1,
      "residential_morning": 0.12
    },
    "zone_profile_mix_weight": [
      0.4,
      0.8
    ],
    "zone_profile_phase_shift_hours": [
      -2.5,
      2.5
    ],
    "zone_profile_noise_std": [
      0.02,
      0.06
    ],
    "zone_profile_curvature_exp": [
      0.9,
      1.18
    ],
    "region_weather": {
      "R1": {
        "weather_profile": "stormy_winter",
        "weather_spread_intensity": 1.3000591428506993
      },
      "R2": {
        "weather_profile": "stormy_winter",
        "weather_spread_intensity": 0.906902081154948
      }
    }
  },
  "mip_gap_target_pct": 0.9094194442716509,
  "estimates": {
    "vars_total": 65280,
    "cons_total": 84864,
    "est_cpu_hours": 1.2382186666666666
  },
  "meta": {
    "regions": 2,
    "zones": 13,
    "sites": 13,
    "intertie_density": 0.21177013671703437,
    "neighbor_nations": 2,
    "assets": {
      "thermal": 21,
      "solar": 26,
      "wind": 25,
      "battery": 12,
      "dr": 15,
      "nuclear": 3,
      "hydro_reservoir": 2,
      "hydro_ror": 11,
      "hydro_pumped": 3
    },
    "demand_scale_factor": 0.9120685064753833,
    "zone_profile_variants": {
      "evening_peak": 0.28,
      "double_peak": 0.16,
      "office_peak": 0.2,
      "industrial": 0.14,
      "night_shift": 0.1,
      "residential_morning": 0.12
    },
    "zone_profile_mix_weight": [
      0.4,
      0.8
    ],
    "weather_profile": "stormy_winter",
    "cross_border_policy": "block",
    "price_cap": 879.2747715416147,
    "co2_price": 193.203899312698,
    "import_export_caps_factor": 1.0987980199807001,
    "operation_costs": {
      "thermal_fuel_eur_per_mwh": 54.8178683371359,
      "nuclear_fuel_eur_per_mwh": 17.39920692646397,
      "thermal_startup_cost_eur": 7169.113332572022,
      "nuclear_startup_cost_eur": 48780.96650915816,
      "demand_response_cost_eur_per_mwh": 219.77943575293503,
      "value_of_lost_load_eur_per_mwh": 10358.216736982864,
      "renewable_spill_cost_eur_per_mwh": 796.5413995128947,
      "hydro_spill_cost_eur_per_mwh": 1060.9385251047925,
      "overgen_spill_cost_eur_per_mwh": 3187.0386624574903,
      "battery_cycle_cost_eur_per_mwh": 99.88782388016263,
      "pumped_cycle_cost_eur_per_mwh": 89.59181687890111
    },
    "tech_scalers": {
      "thermal_marg_cost": 12.031578069674996,
      "thermal_ramp_pct": 0.34354941835412933,
      "battery_roundtrip_eff": 0.7862930657201017,
      "battery_e_to_p_hours": 5.276342562314372,
      "dr_max_shed_share": 0.30567884849741384,
      "dr_duration_hours": 3.2961488728859347,
      "hydro_reservoir_head_eff": 0.8945596601620516,
      "battery_initial_soc_fraction": 0.6078732133857727,
      "battery_final_soc_tolerance": 0.057533603705630695,
      "battery_self_discharge_per_hour": 0.004646127545906901,
      "pumped_initial_level_fraction": 0.45150974927376614,
      "pumped_final_level_tolerance": 0.07729860795309647,
      "pumped_self_discharge_per_hour": 0.0029997035333601536
    }
  },
  "flexibility_metrics": {
    "total_storage_power_mw": 1200.0,
    "total_storage_capacity_mwh": 7965.8,
    "battery_power_mw": 600.0,
    "battery_capacity_mwh": 3165.8,
    "pumped_power_mw": 600.0,
    "pumped_capacity_mwh": 4800.0,
    "total_dr_capacity_mw": 1812.2,
    "total_ramp_up_mw_per_step": 578.6,
    "total_ramp_down_mw_per_step": 578.6,
    "thermal_flex_ratio": 0.324,
    "dr_duration_hours": 3.3,
    "battery_roundtrip_efficiency": 0.786
  },
  "difficulty_indicators": {
    "vre_penetration_pct": 33.69,
    "net_demand_volatility": 0.333,
    "peak_to_valley_ratio": 1.64,
    "estimated_milp_solve_time_seconds": 4457.6,
    "complexity_score": "medium",
    "n_binary_variables": 2016,
    "n_timesteps": 96,
    "n_zones": 13,
    "weather_profile": "stormy_winter",
    "demand_profile": "heatwave"
  }
}