{
  "id": "4508ec88-120c-45f8-be08-e9c355b46c96",
  "horizon_hours": 24,
  "dt_minutes": 15,
  "graph": {
    "regions": 2,
    "zones_per_region": [
      12,
      10
    ],
    "sites_per_zone": [
      3,
      8,
      9,
      8,
      10,
      9,
      9,
      3,
      5,
      9,
      3,
      3,
      3,
      4,
      7,
      8,
      8,
      10,
      10,
      8,
      10,
      8
    ],
    "intertie_density": 0.35213193111069796,
    "neighbor_nations": 4
  },
  "assets": {
    "thermal_per_site": [
      2,
      3,
      1,
      3,
      3,
      3,
      0,
      0,
      1,
      2,
      0,
      3,
      1,
      3,
      0,
      2,
      0,
      0,
      1,
      2,
      1,
      1
    ],
    "solar_per_site": [
      1,
      3,
      3,
      2,
      1,
      1,
      3,
      2,
      2,
      1,
      2,
      2,
      3,
      3,
      1,
      1,
      1,
      2,
      1,
      3,
      1,
      3
    ],
    "wind_per_site": [
      2,
      1,
      2,
      3,
      2,
      1,
      3,
      2,
      3,
      3,
      3,
      2,
      1,
      3,
      1,
      3,
      3,
      3,
      2,
      3,
      3,
      1
    ],
    "battery_per_site": [
      2,
      1,
      0,
      0,
      2,
      1,
      0,
      2,
      1,
      1,
      1,
      1,
      1,
      2,
      1,
      0,
      2,
      0,
      0,
      0,
      1,
      0
    ],
    "dr_per_site": [
      1,
      1,
      2,
      0,
      1,
      0,
      1,
      2,
      1,
      0,
      0,
      1,
      0,
      0,
      1,
      0,
      1,
      1,
      1,
      2,
      2,
      0
    ],
    "nuclear_per_region": [
      0,
      1
    ],
    "hydro_reservoir_per_region": [
      1,
      2
    ],
    "hydro_ror_per_zone": [
      0,
      0,
      0,
      0,
      2,
      2,
      0,
      1,
      2,
      0,
      2,
      1,
      0,
      0,
      1,
      2,
      0,
      2,
      2,
      0,
      0,
      2
    ],
    "hydro_pumped_per_region": [
      2,
      1
    ]
  },
  "econ_policy": {
    "co2_price": 44.32128296714927,
    "price_cap": 2703.574678047991,
    "cross_border_policy": "cap",
    "import_export_caps_factor": 0.4397991108356515
  },
  "tech": {
    "thermal_marg_cost": 2.7038864028022753,
    "thermal_ramp_pct": 0.07319443792793456,
    "battery_roundtrip_eff": 0.8375483243364323,
    "battery_e_to_p_hours": 5.81947607052166,
    "dr_max_shed_share": 0.233234511881372,
    "dr_duration_hours": 4.863018645690414,
    "hydro_reservoir_head_eff": 0.9536760495842036,
    "battery_initial_soc_fraction": 0.44537100890290293,
    "battery_final_soc_tolerance": 0.1652742298517782,
    "battery_self_discharge_per_hour": 0.004562187252287626,
    "pumped_initial_level_fraction": 0.514459011141564,
    "pumped_final_level_tolerance": 0.1171083236687695,
    "pumped_self_discharge_per_hour": 0.0036234431245191
  },
  "operation_costs": {
    "thermal_fuel_eur_per_mwh": 57.56459573730493,
    "nuclear_fuel_eur_per_mwh": 20.44081676794437,
    "thermal_startup_cost_eur": 2644.5351475377374,
    "nuclear_startup_cost_eur": 35554.45356630016,
    "demand_response_cost_eur_per_mwh": 408.96538484843643,
    "value_of_lost_load_eur_per_mwh": 10187.747033699055,
    "renewable_spill_cost_eur_per_mwh": 1947.1135011447382,
    "hydro_spill_cost_eur_per_mwh": 590.5620545507054,
    "overgen_spill_cost_eur_per_mwh": 5700.629755950209,
    "battery_cycle_cost_eur_per_mwh": 92.51667231881171,
    "pumped_cycle_cost_eur_per_mwh": 62.78465839398673
  },
  "exogenous": {
    "weather_profile": "sunny_summer",
    "weather_spread_intensity": 1.3072376133358055,
    "demand_profile": "shoulder",
    "demand_scale_factor": 1.0256411306402038,
    "inflow_factor": 0.8857624451327355,
    "zone_profile_variants": {
      "evening_peak": 0.28,
      "double_peak": 0.16,
      "office_peak": 0.2,
      "industrial": 0.14,
      "night_shift": 0.1,
      "residential_morning": 0.12
    },
    "zone_profile_mix_weight": [
      0.4,
      0.8
    ],
    "zone_profile_phase_shift_hours": [
      -2.5,
      2.5
    ],
    "zone_profile_noise_std": [
      0.02,
      0.06
    ],
    "zone_profile_curvature_exp": [
      0.9,
      1.18
    ],
    "region_weather": {
      "R1": {
        "weather_profile": "sunny_summer",
        "weather_spread_intensity": 1.3256294324809057
      },
      "R2": {
        "weather_profile": "calm_winter",
        "weather_spread_intensity": 1.2888457941907054
      }
    }
  },
  "mip_gap_target_pct": 0.5472217506438557,
  "estimates": {
    "vars_total": 105504,
    "cons_total": 137155,
    "est_cpu_hours": 1.955991888888889
  },
  "meta": {
    "regions": 2,
    "zones": 22,
    "sites": 22,
    "intertie_density": 0.35213193111069796,
    "neighbor_nations": 4,
    "assets": {
      "thermal": 32,
      "solar": 42,
      "wind": 50,
      "battery": 19,
      "dr": 18,
      "nuclear": 1,
      "hydro_reservoir": 3,
      "hydro_ror": 19,
      "hydro_pumped": 3
    },
    "demand_scale_factor": 1.0256411306402038,
    "zone_profile_variants": {
      "evening_peak": 0.28,
      "double_peak": 0.16,
      "office_peak": 0.2,
      "industrial": 0.14,
      "night_shift": 0.1,
      "residential_morning": 0.12
    },
    "zone_profile_mix_weight": [
      0.4,
      0.8
    ],
    "weather_profile": "sunny_summer",
    "cross_border_policy": "cap",
    "price_cap": 2703.574678047991,
    "co2_price": 44.32128296714927,
    "import_export_caps_factor": 0.4397991108356515,
    "operation_costs": {
      "thermal_fuel_eur_per_mwh": 57.56459573730493,
      "nuclear_fuel_eur_per_mwh": 20.44081676794437,
      "thermal_startup_cost_eur": 2644.5351475377374,
      "nuclear_startup_cost_eur": 35554.45356630016,
      "demand_response_cost_eur_per_mwh": 408.96538484843643,
      "value_of_lost_load_eur_per_mwh": 10187.747033699055,
      "renewable_spill_cost_eur_per_mwh": 1947.1135011447382,
      "hydro_spill_cost_eur_per_mwh": 590.5620545507054,
      "overgen_spill_cost_eur_per_mwh": 5700.629755950209,
      "battery_cycle_cost_eur_per_mwh": 92.51667231881171,
      "pumped_cycle_cost_eur_per_mwh": 62.78465839398673
    },
    "tech_scalers": {
      "thermal_marg_cost": 2.7038864028022753,
      "thermal_ramp_pct": 0.07319443792793456,
      "battery_roundtrip_eff": 0.8375483243364323,
      "battery_e_to_p_hours": 5.81947607052166,
      "dr_max_shed_share": 0.233234511881372,
      "dr_duration_hours": 4.863018645690414,
      "hydro_reservoir_head_eff": 0.9536760495842036,
      "battery_initial_soc_fraction": 0.44537100890290293,
      "battery_final_soc_tolerance": 0.1652742298517782,
      "battery_self_discharge_per_hour": 0.004562187252287626,
      "pumped_initial_level_fraction": 0.514459011141564,
      "pumped_final_level_tolerance": 0.1171083236687695,
      "pumped_self_discharge_per_hour": 0.0036234431245191
    }
  },
  "flexibility_metrics": {
    "total_storage_power_mw": 1550.0,
    "total_storage_capacity_mwh": 10328.5,
    "battery_power_mw": 950.0,
    "battery_capacity_mwh": 5528.5,
    "pumped_power_mw": 600.0,
    "pumped_capacity_mwh": 4800.0,
    "total_dr_capacity_mw": 2631.4,
    "total_ramp_up_mw_per_step": 188.2,
    "total_ramp_down_mw_per_step": 188.2,
    "thermal_flex_ratio": 0.394,
    "dr_duration_hours": 4.86,
    "battery_roundtrip_efficiency": 0.838
  },
  "difficulty_indicators": {
    "vre_penetration_pct": 42.39,
    "net_demand_volatility": 0.242,
    "peak_to_valley_ratio": 1.85,
    "estimated_milp_solve_time_seconds": 7041.6,
    "complexity_score": "hard",
    "n_binary_variables": 3072,
    "n_timesteps": 96,
    "n_zones": 22,
    "weather_profile": "sunny_summer",
    "demand_profile": "shoulder"
  }
}