{
  "id": "e95384d9-4eec-427f-b111-eeaf58facbb9",
  "horizon_hours": 24,
  "dt_minutes": 15,
  "graph": {
    "regions": 2,
    "zones_per_region": [
      12,
      12
    ],
    "sites_per_zone": [
      6,
      10,
      5,
      4,
      5,
      2,
      8,
      5,
      7,
      9,
      9,
      10,
      10,
      7,
      3,
      4,
      3,
      10,
      4,
      6,
      8,
      3,
      10,
      8
    ],
    "intertie_density": 0.5098778297238233,
    "neighbor_nations": 3
  },
  "assets": {
    "thermal_per_site": [
      3,
      3,
      2,
      3,
      1,
      1,
      3,
      1,
      0,
      3,
      3,
      3,
      1,
      3,
      1,
      2,
      0,
      3,
      1,
      0,
      0,
      3,
      3,
      0
    ],
    "solar_per_site": [
      3,
      1,
      1,
      1,
      1,
      1,
      3,
      2,
      1,
      3,
      1,
      2,
      3,
      3,
      2,
      3,
      1,
      3,
      3,
      3,
      3,
      2,
      3,
      2
    ],
    "wind_per_site": [
      3,
      2,
      3,
      1,
      1,
      2,
      2,
      3,
      1,
      1,
      1,
      3,
      2,
      3,
      3,
      3,
      1,
      3,
      1,
      2,
      3,
      3,
      3,
      3
    ],
    "battery_per_site": [
      2,
      1,
      1,
      2,
      1,
      2,
      2,
      0,
      2,
      1,
      2,
      0,
      1,
      0,
      0,
      0,
      0,
      0,
      0,
      1,
      0,
      0,
      1,
      2
    ],
    "dr_per_site": [
      1,
      1,
      0,
      1,
      2,
      1,
      2,
      0,
      2,
      0,
      0,
      2,
      2,
      2,
      1,
      2,
      2,
      2,
      0,
      0,
      2,
      1,
      1,
      2
    ],
    "nuclear_per_region": [
      1,
      1
    ],
    "hydro_reservoir_per_region": [
      2,
      0
    ],
    "hydro_ror_per_zone": [
      0,
      0,
      1,
      2,
      2,
      0,
      2,
      2,
      0,
      1,
      2,
      2,
      0,
      0,
      2,
      2,
      1,
      1,
      0,
      1,
      0,
      1,
      2,
      0
    ],
    "hydro_pumped_per_region": [
      2,
      1
    ]
  },
  "econ_policy": {
    "co2_price": 110.57186865250232,
    "price_cap": 1235.0471445872488,
    "cross_border_policy": "cap",
    "import_export_caps_factor": 1.122679596271471
  },
  "tech": {
    "thermal_marg_cost": 13.054995217244072,
    "thermal_ramp_pct": 0.355692892291189,
    "battery_roundtrip_eff": 0.847396338919106,
    "battery_e_to_p_hours": 4.833612032892353,
    "dr_max_shed_share": 0.216824645445173,
    "dr_duration_hours": 2.0001997503181226,
    "hydro_reservoir_head_eff": 0.9605195176640295,
    "battery_initial_soc_fraction": 0.49524436253316584,
    "battery_final_soc_tolerance": 0.12061745477682753,
    "battery_self_discharge_per_hour": 0.008562397373335362,
    "pumped_initial_level_fraction": 0.42954051616958133,
    "pumped_final_level_tolerance": 0.14195295309830624,
    "pumped_self_discharge_per_hour": 0.0014452259168332583
  },
  "operation_costs": {
    "thermal_fuel_eur_per_mwh": 49.582057009557666,
    "nuclear_fuel_eur_per_mwh": 26.228831666847856,
    "thermal_startup_cost_eur": 5930.435930350436,
    "nuclear_startup_cost_eur": 16011.147104096088,
    "demand_response_cost_eur_per_mwh": 768.2137094638381,
    "value_of_lost_load_eur_per_mwh": 8241.807616034572,
    "renewable_spill_cost_eur_per_mwh": 1366.9712107389555,
    "hydro_spill_cost_eur_per_mwh": 551.510909858863,
    "overgen_spill_cost_eur_per_mwh": 6573.256903116326,
    "battery_cycle_cost_eur_per_mwh": 95.71541199970025,
    "pumped_cycle_cost_eur_per_mwh": 47.90302545236745
  },
  "exogenous": {
    "weather_profile": "overcast_summer",
    "weather_spread_intensity": 0.7128001293760751,
    "demand_profile": "wkend_flat",
    "demand_scale_factor": 0.8338690367218357,
    "inflow_factor": 1.6948668406999046,
    "zone_profile_variants": {
      "evening_peak": 0.28,
      "double_peak": 0.16,
      "office_peak": 0.2,
      "industrial": 0.14,
      "night_shift": 0.1,
      "residential_morning": 0.12
    },
    "zone_profile_mix_weight": [
      0.4,
      0.8
    ],
    "zone_profile_phase_shift_hours": [
      -2.5,
      2.5
    ],
    "zone_profile_noise_std": [
      0.02,
      0.06
    ],
    "zone_profile_curvature_exp": [
      0.9,
      1.18
    ],
    "region_weather": {
      "R1": {
        "weather_profile": "calm_winter",
        "weather_spread_intensity": 0.8106239496890663
      },
      "R2": {
        "weather_profile": "overcast_summer",
        "weather_spread_intensity": 0.614976309063084
      }
    }
  },
  "mip_gap_target_pct": 0.8108974030331443,
  "estimates": {
    "vars_total": 122208,
    "cons_total": 158870,
    "est_cpu_hours": 2.254063777777778
  },
  "meta": {
    "regions": 2,
    "zones": 24,
    "sites": 24,
    "intertie_density": 0.5098778297238233,
    "neighbor_nations": 3,
    "assets": {
      "thermal": 43,
      "solar": 51,
      "wind": 53,
      "battery": 21,
      "dr": 29,
      "nuclear": 2,
      "hydro_reservoir": 2,
      "hydro_ror": 24,
      "hydro_pumped": 3
    },
    "demand_scale_factor": 0.8338690367218357,
    "zone_profile_variants": {
      "evening_peak": 0.28,
      "double_peak": 0.16,
      "office_peak": 0.2,
      "industrial": 0.14,
      "night_shift": 0.1,
      "residential_morning": 0.12
    },
    "zone_profile_mix_weight": [
      0.4,
      0.8
    ],
    "weather_profile": "overcast_summer",
    "cross_border_policy": "cap",
    "price_cap": 1235.0471445872488,
    "co2_price": 110.57186865250232,
    "import_export_caps_factor": 1.122679596271471,
    "operation_costs": {
      "thermal_fuel_eur_per_mwh": 49.582057009557666,
      "nuclear_fuel_eur_per_mwh": 26.228831666847856,
      "thermal_startup_cost_eur": 5930.435930350436,
      "nuclear_startup_cost_eur": 16011.147104096088,
      "demand_response_cost_eur_per_mwh": 768.2137094638381,
      "value_of_lost_load_eur_per_mwh": 8241.807616034572,
      "renewable_spill_cost_eur_per_mwh": 1366.9712107389555,
      "hydro_spill_cost_eur_per_mwh": 551.510909858863,
      "overgen_spill_cost_eur_per_mwh": 6573.256903116326,
      "battery_cycle_cost_eur_per_mwh": 95.71541199970025,
      "pumped_cycle_cost_eur_per_mwh": 47.90302545236745
    },
    "tech_scalers": {
      "thermal_marg_cost": 13.054995217244072,
      "thermal_ramp_pct": 0.355692892291189,
      "battery_roundtrip_eff": 0.847396338919106,
      "battery_e_to_p_hours": 4.833612032892353,
      "dr_max_shed_share": 0.216824645445173,
      "dr_duration_hours": 2.0001997503181226,
      "hydro_reservoir_head_eff": 0.9605195176640295,
      "battery_initial_soc_fraction": 0.49524436253316584,
      "battery_final_soc_tolerance": 0.12061745477682753,
      "battery_self_discharge_per_hour": 0.008562397373335362,
      "pumped_initial_level_fraction": 0.42954051616958133,
      "pumped_final_level_tolerance": 0.14195295309830624,
      "pumped_self_discharge_per_hour": 0.0014452259168332583
    }
  },
  "flexibility_metrics": {
    "total_storage_power_mw": 1650.0,
    "total_storage_capacity_mwh": 9875.3,
    "battery_power_mw": 1050.0,
    "battery_capacity_mwh": 5075.3,
    "pumped_power_mw": 600.0,
    "pumped_capacity_mwh": 4800.0,
    "total_dr_capacity_mw": 2169.6,
    "total_ramp_up_mw_per_step": 1172.1,
    "total_ramp_down_mw_per_step": 1172.1,
    "thermal_flex_ratio": 0.256,
    "dr_duration_hours": 2.0,
    "battery_roundtrip_efficiency": 0.847
  },
  "difficulty_indicators": {
    "vre_penetration_pct": 38.67,
    "net_demand_volatility": 0.128,
    "peak_to_valley_ratio": 1.5,
    "estimated_milp_solve_time_seconds": 8114.6,
    "complexity_score": "very_hard",
    "n_binary_variables": 4128,
    "n_timesteps": 96,
    "n_zones": 24,
    "weather_profile": "overcast_summer",
    "demand_profile": "wkend_flat"
  }
}