{
  "id": "14d41f88-25a6-4de5-be59-d98627caa9ca",
  "horizon_hours": 24,
  "dt_minutes": 15,
  "graph": {
    "regions": 3,
    "zones_per_region": [
      5,
      7,
      9
    ],
    "sites_per_zone": [
      3,
      3,
      6,
      8,
      2,
      8,
      8,
      6,
      4,
      5,
      5,
      3,
      7,
      8,
      3,
      5,
      3,
      3,
      6,
      2,
      5
    ],
    "intertie_density": 0.4864069226546735,
    "neighbor_nations": 1
  },
  "assets": {
    "thermal_per_site": [
      2,
      0,
      1,
      2,
      2,
      2,
      1,
      2,
      3,
      3,
      0,
      0,
      3,
      1,
      2,
      3,
      1,
      1,
      0,
      2,
      2
    ],
    "solar_per_site": [
      1,
      1,
      2,
      3,
      1,
      3,
      1,
      3,
      1,
      1,
      2,
      1,
      2,
      2,
      1,
      1,
      3,
      2,
      3,
      2,
      3
    ],
    "wind_per_site": [
      3,
      1,
      1,
      2,
      3,
      2,
      1,
      3,
      1,
      2,
      1,
      1,
      3,
      1,
      3,
      1,
      1,
      1,
      1,
      1,
      2
    ],
    "battery_per_site": [
      2,
      1,
      1,
      0,
      0,
      2,
      1,
      1,
      2,
      1,
      2,
      2,
      2,
      0,
      2,
      1,
      2,
      2,
      0,
      2,
      0
    ],
    "dr_per_site": [
      0,
      1,
      0,
      2,
      0,
      0,
      1,
      2,
      2,
      1,
      2,
      2,
      2,
      0,
      0,
      1,
      2,
      1,
      0,
      0,
      1
    ],
    "nuclear_per_region": [
      0,
      1,
      1
    ],
    "hydro_reservoir_per_region": [
      0,
      2,
      1
    ],
    "hydro_ror_per_zone": [
      0,
      0,
      1,
      1,
      0,
      1,
      2,
      2,
      2,
      2,
      0,
      1,
      0,
      0,
      0,
      2,
      1,
      1,
      2,
      1,
      2
    ],
    "hydro_pumped_per_region": [
      2,
      1,
      2
    ]
  },
  "econ_policy": {
    "co2_price": 185.61531610348234,
    "price_cap": 3695.7899379083165,
    "cross_border_policy": "block",
    "import_export_caps_factor": 1.3759092624729095
  },
  "tech": {
    "thermal_marg_cost": 8.584271905564224,
    "thermal_ramp_pct": 0.1562569534766458,
    "battery_roundtrip_eff": 0.8272084510482527,
    "battery_e_to_p_hours": 2.7364686378206695,
    "dr_max_shed_share": 0.07373471386202747,
    "dr_duration_hours": 5.074427216190382,
    "hydro_reservoir_head_eff": 0.9812822719968788,
    "battery_initial_soc_fraction": 0.4745916104282667,
    "battery_final_soc_tolerance": 0.11505244845987633,
    "battery_self_discharge_per_hour": 0.008481778744074145,
    "pumped_initial_level_fraction": 0.4917665396394744,
    "pumped_final_level_tolerance": 0.13808279029852716,
    "pumped_self_discharge_per_hour": 0.003718880536518375
  },
  "operation_costs": {
    "thermal_fuel_eur_per_mwh": 59.83168764545396,
    "nuclear_fuel_eur_per_mwh": 14.430043239277417,
    "demand_response_cost_eur_per_mwh": 1038.101227721157,
    "value_of_lost_load_eur_per_mwh": 10218.241350151393,
    "renewable_spill_cost_eur_per_mwh": 1043.539075195934,
    "hydro_spill_cost_eur_per_mwh": 459.05204601678315,
    "overgen_spill_cost_eur_per_mwh": 4220.97669928523,
    "battery_cycle_cost_eur_per_mwh": 90.75726610508447,
    "pumped_cycle_cost_eur_per_mwh": 61.344816717466124
  },
  "exogenous": {
    "weather_profile": "sunny_summer",
    "weather_spread_intensity": 1.099566727412819,
    "demand_profile": "cold_snap",
    "demand_scale_factor": 0.6979576652454301,
    "inflow_factor": 0.4041655866455553,
    "zone_profile_variants": {
      "evening_peak": 0.28,
      "double_peak": 0.16,
      "office_peak": 0.2,
      "industrial": 0.14,
      "night_shift": 0.1,
      "residential_morning": 0.12
    },
    "zone_profile_mix_weight": [
      0.4,
      0.8
    ],
    "zone_profile_phase_shift_hours": [
      -2.5,
      2.5
    ],
    "zone_profile_noise_std": [
      0.02,
      0.06
    ],
    "zone_profile_curvature_exp": [
      0.9,
      1.18
    ],
    "region_weather": {
      "R1": {
        "weather_profile": "mixed",
        "weather_spread_intensity": 1.3082669922394006
      },
      "R2": {
        "weather_profile": "sunny_summer",
        "weather_spread_intensity": 0.5030664753203075
      },
      "R3": {
        "weather_profile": "sunny_summer",
        "weather_spread_intensity": 1.4873667146787486
      }
    }
  },
  "mip_gap_target_pct": 0.935334286890417,
  "estimates": {
    "vars_total": 103680,
    "cons_total": 134784,
    "est_cpu_hours": 1.9234453333333335
  },
  "meta": {
    "regions": 3,
    "zones": 21,
    "sites": 21,
    "intertie_density": 0.4864069226546735,
    "neighbor_nations": 1,
    "assets": {
      "thermal": 33,
      "solar": 39,
      "wind": 35,
      "battery": 26,
      "dr": 20,
      "nuclear": 2,
      "hydro_reservoir": 3,
      "hydro_ror": 21,
      "hydro_pumped": 5
    },
    "demand_scale_factor": 0.6979576652454301,
    "zone_profile_variants": {
      "evening_peak": 0.28,
      "double_peak": 0.16,
      "office_peak": 0.2,
      "industrial": 0.14,
      "night_shift": 0.1,
      "residential_morning": 0.12
    },
    "zone_profile_mix_weight": [
      0.4,
      0.8
    ],
    "weather_profile": "sunny_summer",
    "cross_border_policy": "block",
    "price_cap": 3695.7899379083165,
    "co2_price": 185.61531610348234,
    "import_export_caps_factor": 1.3759092624729095,
    "operation_costs": {
      "thermal_fuel_eur_per_mwh": 59.83168764545396,
      "nuclear_fuel_eur_per_mwh": 14.430043239277417,
      "demand_response_cost_eur_per_mwh": 1038.101227721157,
      "value_of_lost_load_eur_per_mwh": 10218.241350151393,
      "renewable_spill_cost_eur_per_mwh": 1043.539075195934,
      "hydro_spill_cost_eur_per_mwh": 459.05204601678315,
      "overgen_spill_cost_eur_per_mwh": 4220.97669928523,
      "battery_cycle_cost_eur_per_mwh": 90.75726610508447,
      "pumped_cycle_cost_eur_per_mwh": 61.344816717466124
    },
    "tech_scalers": {
      "thermal_marg_cost": 8.584271905564224,
      "thermal_ramp_pct": 0.1562569534766458,
      "battery_roundtrip_eff": 0.8272084510482527,
      "battery_e_to_p_hours": 2.7364686378206695,
      "dr_max_shed_share": 0.07373471386202747,
      "dr_duration_hours": 5.074427216190382,
      "hydro_reservoir_head_eff": 0.9812822719968788,
      "battery_initial_soc_fraction": 0.4745916104282667,
      "battery_final_soc_tolerance": 0.11505244845987633,
      "battery_self_discharge_per_hour": 0.008481778744074145,
      "pumped_initial_level_fraction": 0.4917665396394744,
      "pumped_final_level_tolerance": 0.13808279029852716,
      "pumped_self_discharge_per_hour": 0.003718880536518375
    }
  },
  "flexibility_metrics": {
    "total_storage_power_mw": 2300.0,
    "total_storage_capacity_mwh": 11557.4,
    "battery_power_mw": 1300.0,
    "battery_capacity_mwh": 3557.4,
    "pumped_power_mw": 1000.0,
    "pumped_capacity_mwh": 8000.0,
    "total_dr_capacity_mw": 540.4,
    "total_ramp_up_mw_per_step": 411.7,
    "total_ramp_down_mw_per_step": 411.7,
    "thermal_flex_ratio": 0.239,
    "dr_duration_hours": 5.07,
    "battery_roundtrip_efficiency": 0.827
  },
  "difficulty_indicators": {
    "vre_penetration_pct": 34.21,
    "net_demand_volatility": 0.297,
    "peak_to_valley_ratio": 1.26,
    "estimated_milp_solve_time_seconds": 6924.4,
    "complexity_score": "hard",
    "n_binary_variables": 3168,
    "n_timesteps": 96,
    "n_zones": 21,
    "weather_profile": "sunny_summer",
    "demand_profile": "cold_snap"
  }
}