{
  "id": "dbff84c0-4ee7-40b2-887e-e46028f2d79c",
  "horizon_hours": 24,
  "dt_minutes": 15,
  "graph": {
    "regions": 3,
    "zones_per_region": [
      5,
      6,
      7
    ],
    "sites_per_zone": [
      6,
      4,
      7,
      4,
      3,
      3,
      8,
      2,
      5,
      6,
      3,
      5,
      3,
      7,
      8,
      2,
      4,
      7
    ],
    "intertie_density": 0.545608578970018,
    "neighbor_nations": 2
  },
  "assets": {
    "thermal_per_site": [
      3,
      3,
      1,
      0,
      2,
      0,
      3,
      2,
      3,
      2,
      0,
      0,
      2,
      3,
      3,
      2,
      3,
      3
    ],
    "solar_per_site": [
      1,
      1,
      3,
      3,
      3,
      2,
      3,
      3,
      2,
      2,
      2,
      3,
      1,
      2,
      2,
      3,
      2,
      1
    ],
    "wind_per_site": [
      2,
      2,
      3,
      2,
      2,
      2,
      1,
      3,
      1,
      3,
      3,
      1,
      2,
      1,
      1,
      3,
      2,
      2
    ],
    "battery_per_site": [
      2,
      1,
      0,
      1,
      2,
      0,
      0,
      1,
      1,
      0,
      0,
      2,
      0,
      1,
      2,
      0,
      2,
      1
    ],
    "dr_per_site": [
      2,
      2,
      2,
      0,
      0,
      2,
      0,
      0,
      2,
      2,
      2,
      2,
      1,
      0,
      0,
      1,
      2,
      1
    ],
    "nuclear_per_region": [
      1,
      2,
      2
    ],
    "hydro_reservoir_per_region": [
      3,
      1,
      3
    ],
    "hydro_ror_per_zone": [
      1,
      0,
      0,
      0,
      1,
      1,
      1,
      1,
      1,
      2,
      2,
      0,
      2,
      1,
      0,
      1,
      2,
      0
    ],
    "hydro_pumped_per_region": [
      2,
      1,
      2
    ]
  },
  "econ_policy": {
    "co2_price": 69.6002903077006,
    "price_cap": 809.2448341704373,
    "cross_border_policy": "allow",
    "import_export_caps_factor": 1.1522759291437192
  },
  "tech": {
    "thermal_marg_cost": 0.0610064693756901,
    "thermal_ramp_pct": 0.2095154793007809,
    "battery_roundtrip_eff": 0.7883659323808495,
    "battery_e_to_p_hours": 1.3857458065690826,
    "dr_max_shed_share": 0.2965767788021779,
    "dr_duration_hours": 3.06295344463641,
    "hydro_reservoir_head_eff": 0.8356105749056165,
    "battery_initial_soc_fraction": 0.46710831590748625,
    "battery_final_soc_tolerance": 0.15763430792636296,
    "battery_self_discharge_per_hour": 0.006269241908150841,
    "pumped_initial_level_fraction": 0.5301818640726857,
    "pumped_final_level_tolerance": 0.08701660266990133,
    "pumped_self_discharge_per_hour": 0.003241158914766524
  },
  "operation_costs": {
    "thermal_fuel_eur_per_mwh": 67.66266074987486,
    "nuclear_fuel_eur_per_mwh": 14.857166593288632,
    "demand_response_cost_eur_per_mwh": 355.40163211459844,
    "value_of_lost_load_eur_per_mwh": 9583.750744449182,
    "renewable_spill_cost_eur_per_mwh": 1144.534338923855,
    "hydro_spill_cost_eur_per_mwh": 587.8370634675359,
    "overgen_spill_cost_eur_per_mwh": 5996.040847579152,
    "battery_cycle_cost_eur_per_mwh": 112.38035842317721,
    "pumped_cycle_cost_eur_per_mwh": 55.81169718424714
  },
  "exogenous": {
    "weather_profile": "sunny_summer",
    "weather_spread_intensity": 0.9829354352256234,
    "demand_profile": "shoulder",
    "demand_scale_factor": 1.2585015683482301,
    "inflow_factor": 1.510475014300491,
    "zone_profile_variants": {
      "evening_peak": 0.28,
      "double_peak": 0.16,
      "office_peak": 0.2,
      "industrial": 0.14,
      "night_shift": 0.1,
      "residential_morning": 0.12
    },
    "zone_profile_mix_weight": [
      0.4,
      0.8
    ],
    "zone_profile_phase_shift_hours": [
      -2.5,
      2.5
    ],
    "zone_profile_noise_std": [
      0.02,
      0.06
    ],
    "zone_profile_curvature_exp": [
      0.9,
      1.18
    ],
    "region_weather": {
      "R1": {
        "weather_profile": "sunny_summer",
        "weather_spread_intensity": 1.4354919844885083
      },
      "R2": {
        "weather_profile": "stormy_winter",
        "weather_spread_intensity": 0.5387439284822252
      },
      "R3": {
        "weather_profile": "calm_winter",
        "weather_spread_intensity": 0.9745703927061368
      }
    }
  },
  "mip_gap_target_pct": 0.5433223509786813,
  "estimates": {
    "vars_total": 95328,
    "cons_total": 123926,
    "est_cpu_hours": 1.7744051111111114
  },
  "meta": {
    "regions": 3,
    "zones": 18,
    "sites": 18,
    "intertie_density": 0.545608578970018,
    "neighbor_nations": 2,
    "assets": {
      "thermal": 35,
      "solar": 39,
      "wind": 36,
      "battery": 16,
      "dr": 21,
      "nuclear": 5,
      "hydro_reservoir": 7,
      "hydro_ror": 16,
      "hydro_pumped": 5
    },
    "demand_scale_factor": 1.2585015683482301,
    "zone_profile_variants": {
      "evening_peak": 0.28,
      "double_peak": 0.16,
      "office_peak": 0.2,
      "industrial": 0.14,
      "night_shift": 0.1,
      "residential_morning": 0.12
    },
    "zone_profile_mix_weight": [
      0.4,
      0.8
    ],
    "weather_profile": "sunny_summer",
    "cross_border_policy": "allow",
    "price_cap": 809.2448341704373,
    "co2_price": 69.6002903077006,
    "import_export_caps_factor": 1.1522759291437192,
    "operation_costs": {
      "thermal_fuel_eur_per_mwh": 67.66266074987486,
      "nuclear_fuel_eur_per_mwh": 14.857166593288632,
      "demand_response_cost_eur_per_mwh": 355.40163211459844,
      "value_of_lost_load_eur_per_mwh": 9583.750744449182,
      "renewable_spill_cost_eur_per_mwh": 1144.534338923855,
      "hydro_spill_cost_eur_per_mwh": 587.8370634675359,
      "overgen_spill_cost_eur_per_mwh": 5996.040847579152,
      "battery_cycle_cost_eur_per_mwh": 112.38035842317721,
      "pumped_cycle_cost_eur_per_mwh": 55.81169718424714
    },
    "tech_scalers": {
      "thermal_marg_cost": 0.0610064693756901,
      "thermal_ramp_pct": 0.2095154793007809,
      "battery_roundtrip_eff": 0.7883659323808495,
      "battery_e_to_p_hours": 1.3857458065690826,
      "dr_max_shed_share": 0.2965767788021779,
      "dr_duration_hours": 3.06295344463641,
      "hydro_reservoir_head_eff": 0.8356105749056165,
      "battery_initial_soc_fraction": 0.46710831590748625,
      "battery_final_soc_tolerance": 0.15763430792636296,
      "battery_self_discharge_per_hour": 0.006269241908150841,
      "pumped_initial_level_fraction": 0.5301818640726857,
      "pumped_final_level_tolerance": 0.08701660266990133,
      "pumped_self_discharge_per_hour": 0.003241158914766524
    }
  },
  "flexibility_metrics": {
    "total_storage_power_mw": 1800.0,
    "total_storage_capacity_mwh": 9108.6,
    "battery_power_mw": 800.0,
    "battery_capacity_mwh": 1108.6,
    "pumped_power_mw": 1000.0,
    "pumped_capacity_mwh": 8000.0,
    "total_dr_capacity_mw": 3359.2,
    "total_ramp_up_mw_per_step": 612.5,
    "total_ramp_down_mw_per_step": 612.5,
    "thermal_flex_ratio": 0.333,
    "dr_duration_hours": 3.06,
    "battery_roundtrip_efficiency": 0.788
  },
  "difficulty_indicators": {
    "vre_penetration_pct": 29.52,
    "net_demand_volatility": 0.242,
    "peak_to_valley_ratio": 2.27,
    "estimated_milp_solve_time_seconds": 6387.9,
    "complexity_score": "hard",
    "n_binary_variables": 3360,
    "n_timesteps": 96,
    "n_zones": 18,
    "weather_profile": "sunny_summer",
    "demand_profile": "shoulder"
  }
}