{
  "id": "c7a18526-8f96-4c16-81a8-44ec62aec55a",
  "horizon_hours": 24,
  "dt_minutes": 15,
  "graph": {
    "regions": 4,
    "zones_per_region": [
      3,
      7,
      6,
      6
    ],
    "sites_per_zone": [
      6,
      6,
      2,
      5,
      7,
      7,
      5,
      3,
      6,
      5,
      3,
      6,
      6,
      6,
      6,
      4,
      7,
      8,
      6,
      6,
      5,
      8
    ],
    "intertie_density": 0.35594713367754516,
    "neighbor_nations": 1
  },
  "assets": {
    "thermal_per_site": [
      0,
      3,
      3,
      2,
      0,
      2,
      2,
      0,
      3,
      3,
      3,
      0,
      3,
      1,
      1,
      0,
      3,
      0,
      2,
      1,
      1,
      0
    ],
    "solar_per_site": [
      3,
      3,
      1,
      3,
      2,
      2,
      3,
      2,
      1,
      3,
      3,
      3,
      3,
      2,
      1,
      1,
      3,
      3,
      3,
      2,
      3,
      1
    ],
    "wind_per_site": [
      1,
      3,
      1,
      1,
      2,
      3,
      3,
      1,
      2,
      1,
      3,
      2,
      3,
      1,
      3,
      3,
      1,
      2,
      2,
      2,
      2,
      1
    ],
    "battery_per_site": [
      1,
      2,
      2,
      2,
      2,
      0,
      2,
      0,
      2,
      1,
      2,
      2,
      1,
      2,
      1,
      1,
      2,
      1,
      2,
      1,
      0,
      2
    ],
    "dr_per_site": [
      0,
      1,
      2,
      2,
      1,
      0,
      0,
      0,
      1,
      0,
      0,
      2,
      1,
      0,
      2,
      0,
      0,
      2,
      2,
      1,
      1,
      1
    ],
    "nuclear_per_region": [
      1,
      1,
      1,
      1
    ],
    "hydro_reservoir_per_region": [
      0,
      2,
      0,
      2
    ],
    "hydro_ror_per_zone": [
      2,
      2,
      0,
      2,
      2,
      0,
      1,
      0,
      2,
      0,
      1,
      2,
      1,
      0,
      1,
      2,
      2,
      2,
      2,
      0,
      2,
      1
    ],
    "hydro_pumped_per_region": [
      1,
      1,
      0,
      1
    ]
  },
  "econ_policy": {
    "co2_price": 165.41196632469567,
    "price_cap": 2694.049548993696,
    "cross_border_policy": "block",
    "import_export_caps_factor": 1.347387379631171
  },
  "tech": {
    "thermal_marg_cost": 1.902371862094479,
    "thermal_ramp_pct": 0.25587225218218956,
    "battery_roundtrip_eff": 0.7856876840469043,
    "battery_e_to_p_hours": 2.8130648185864358,
    "dr_max_shed_share": 0.18053302884946493,
    "dr_duration_hours": 3.3816813308073526,
    "hydro_reservoir_head_eff": 0.8368214318487829,
    "battery_initial_soc_fraction": 0.47223419910325715,
    "battery_final_soc_tolerance": 0.06869496007488643,
    "battery_self_discharge_per_hour": 0.0033950018309661296,
    "pumped_initial_level_fraction": 0.6117211240681397,
    "pumped_final_level_tolerance": 0.10306306827213926,
    "pumped_self_discharge_per_hour": 0.0019410807673198329
  },
  "operation_costs": {
    "thermal_fuel_eur_per_mwh": 82.36561011286926,
    "nuclear_fuel_eur_per_mwh": 11.920852268672908,
    "demand_response_cost_eur_per_mwh": 423.41089430363786,
    "value_of_lost_load_eur_per_mwh": 8186.236355699695,
    "renewable_spill_cost_eur_per_mwh": 1261.9788976060913,
    "hydro_spill_cost_eur_per_mwh": 353.9500808010386,
    "overgen_spill_cost_eur_per_mwh": 2052.4981041377337,
    "battery_cycle_cost_eur_per_mwh": 113.2430269409153,
    "pumped_cycle_cost_eur_per_mwh": 66.4065937764826
  },
  "exogenous": {
    "weather_profile": "mixed",
    "weather_spread_intensity": 0.6498807591135489,
    "demand_profile": "wkend_flat",
    "demand_scale_factor": 1.0017980156400788,
    "inflow_factor": 0.781489175033291,
    "zone_profile_variants": {
      "evening_peak": 0.28,
      "double_peak": 0.16,
      "office_peak": 0.2,
      "industrial": 0.14,
      "night_shift": 0.1,
      "residential_morning": 0.12
    },
    "zone_profile_mix_weight": [
      0.4,
      0.8
    ],
    "zone_profile_phase_shift_hours": [
      -2.5,
      2.5
    ],
    "zone_profile_noise_std": [
      0.02,
      0.06
    ],
    "zone_profile_curvature_exp": [
      0.9,
      1.18
    ],
    "region_weather": {
      "R1": {
        "weather_profile": "mixed",
        "weather_spread_intensity": 0.6308073406528703
      },
      "R2": {
        "weather_profile": "stormy_winter",
        "weather_spread_intensity": 0.6405850115102854
      },
      "R3": {
        "weather_profile": "overcast_summer",
        "weather_spread_intensity": 0.7435224598705613
      },
      "R4": {
        "weather_profile": "mixed",
        "weather_spread_intensity": 0.5846082244204788
      }
    }
  },
  "mip_gap_target_pct": 1.223331473087664,
  "estimates": {
    "vars_total": 112992,
    "cons_total": 146889,
    "est_cpu_hours": 2.0896076666666668
  },
  "meta": {
    "regions": 4,
    "zones": 22,
    "sites": 22,
    "intertie_density": 0.35594713367754516,
    "neighbor_nations": 1,
    "assets": {
      "thermal": 33,
      "solar": 51,
      "wind": 43,
      "battery": 31,
      "dr": 19,
      "nuclear": 4,
      "hydro_reservoir": 4,
      "hydro_ror": 27,
      "hydro_pumped": 3
    },
    "demand_scale_factor": 1.0017980156400788,
    "zone_profile_variants": {
      "evening_peak": 0.28,
      "double_peak": 0.16,
      "office_peak": 0.2,
      "industrial": 0.14,
      "night_shift": 0.1,
      "residential_morning": 0.12
    },
    "zone_profile_mix_weight": [
      0.4,
      0.8
    ],
    "weather_profile": "mixed",
    "cross_border_policy": "block",
    "price_cap": 2694.049548993696,
    "co2_price": 165.41196632469567,
    "import_export_caps_factor": 1.347387379631171,
    "operation_costs": {
      "thermal_fuel_eur_per_mwh": 82.36561011286926,
      "nuclear_fuel_eur_per_mwh": 11.920852268672908,
      "demand_response_cost_eur_per_mwh": 423.41089430363786,
      "value_of_lost_load_eur_per_mwh": 8186.236355699695,
      "renewable_spill_cost_eur_per_mwh": 1261.9788976060913,
      "hydro_spill_cost_eur_per_mwh": 353.9500808010386,
      "overgen_spill_cost_eur_per_mwh": 2052.4981041377337,
      "battery_cycle_cost_eur_per_mwh": 113.2430269409153,
      "pumped_cycle_cost_eur_per_mwh": 66.4065937764826
    },
    "tech_scalers": {
      "thermal_marg_cost": 1.902371862094479,
      "thermal_ramp_pct": 0.25587225218218956,
      "battery_roundtrip_eff": 0.7856876840469043,
      "battery_e_to_p_hours": 2.8130648185864358,
      "dr_max_shed_share": 0.18053302884946493,
      "dr_duration_hours": 3.3816813308073526,
      "hydro_reservoir_head_eff": 0.8368214318487829,
      "battery_initial_soc_fraction": 0.47223419910325715,
      "battery_final_soc_tolerance": 0.06869496007488643,
      "battery_self_discharge_per_hour": 0.0033950018309661296,
      "pumped_initial_level_fraction": 0.6117211240681397,
      "pumped_final_level_tolerance": 0.10306306827213926,
      "pumped_self_discharge_per_hour": 0.0019410807673198329
    }
  },
  "flexibility_metrics": {
    "total_storage_power_mw": 2150.0,
    "total_storage_capacity_mwh": 9160.3,
    "battery_power_mw": 1550.0,
    "battery_capacity_mwh": 4360.3,
    "pumped_power_mw": 600.0,
    "pumped_capacity_mwh": 4800.0,
    "total_dr_capacity_mw": 1989.4,
    "total_ramp_up_mw_per_step": 683.3,
    "total_ramp_down_mw_per_step": 683.3,
    "thermal_flex_ratio": 0.298,
    "dr_duration_hours": 3.38,
    "battery_roundtrip_efficiency": 0.786
  },
  "difficulty_indicators": {
    "vre_penetration_pct": 35.16,
    "net_demand_volatility": 0.197,
    "peak_to_valley_ratio": 1.8,
    "estimated_milp_solve_time_seconds": 7522.6,
    "complexity_score": "hard",
    "n_binary_variables": 3168,
    "n_timesteps": 96,
    "n_zones": 22,
    "weather_profile": "mixed",
    "demand_profile": "wkend_flat"
  }
}