{
  "id": "7274879e-b1f3-4467-9731-68a9a1c7d0ba",
  "horizon_hours": 24,
  "dt_minutes": 15,
  "graph": {
    "regions": 4,
    "zones_per_region": [
      3,
      12,
      3,
      4
    ],
    "sites_per_zone": [
      4,
      3,
      4,
      3,
      7,
      6,
      10,
      3,
      7,
      10,
      4,
      8,
      10,
      8,
      10,
      9,
      8,
      6,
      2,
      3,
      3,
      10
    ],
    "intertie_density": 0.330686647481155,
    "neighbor_nations": 5
  },
  "assets": {
    "thermal_per_site": [
      0,
      3,
      2,
      2,
      1,
      0,
      0,
      3,
      1,
      3,
      3,
      3,
      1,
      2,
      2,
      3,
      3,
      2,
      3,
      2,
      0,
      3
    ],
    "solar_per_site": [
      3,
      1,
      1,
      2,
      3,
      1,
      1,
      3,
      1,
      3,
      2,
      1,
      1,
      1,
      1,
      1,
      1,
      2,
      3,
      1,
      1,
      2
    ],
    "wind_per_site": [
      1,
      3,
      2,
      3,
      1,
      1,
      2,
      3,
      2,
      3,
      3,
      3,
      1,
      1,
      2,
      3,
      2,
      1,
      2,
      3,
      3,
      3
    ],
    "battery_per_site": [
      2,
      1,
      2,
      2,
      2,
      0,
      2,
      0,
      2,
      2,
      0,
      0,
      2,
      2,
      0,
      0,
      0,
      1,
      1,
      1,
      0,
      2
    ],
    "dr_per_site": [
      2,
      2,
      0,
      2,
      0,
      0,
      0,
      1,
      0,
      2,
      0,
      2,
      1,
      0,
      2,
      1,
      0,
      0,
      0,
      1,
      2,
      0
    ],
    "nuclear_per_region": [
      1,
      0,
      1,
      0
    ],
    "hydro_reservoir_per_region": [
      1,
      0,
      2,
      1
    ],
    "hydro_ror_per_zone": [
      1,
      2,
      0,
      2,
      2,
      2,
      0,
      0,
      1,
      1,
      2,
      2,
      1,
      0,
      1,
      1,
      0,
      0,
      0,
      2,
      0,
      2
    ],
    "hydro_pumped_per_region": [
      2,
      1,
      2,
      0
    ]
  },
  "econ_policy": {
    "co2_price": 81.11538417734081,
    "price_cap": 2269.377439025335,
    "cross_border_policy": "block",
    "import_export_caps_factor": 0.4999621436505751
  },
  "tech": {
    "thermal_marg_cost": 5.043337341584236,
    "thermal_ramp_pct": 0.09561788702986483,
    "battery_roundtrip_eff": 0.8809769534629286,
    "battery_e_to_p_hours": 3.71165512178283,
    "dr_max_shed_share": 0.2933975795284864,
    "dr_duration_hours": 5.135757415293292,
    "hydro_reservoir_head_eff": 0.8707471359752859,
    "battery_initial_soc_fraction": 0.4692948187624122,
    "battery_final_soc_tolerance": 0.06361813077493146,
    "battery_self_discharge_per_hour": 0.004906480960319562,
    "pumped_initial_level_fraction": 0.49141083873465413,
    "pumped_final_level_tolerance": 0.15100629273150729,
    "pumped_self_discharge_per_hour": 0.0005028716803045291
  },
  "operation_costs": {
    "thermal_fuel_eur_per_mwh": 47.975423690638515,
    "nuclear_fuel_eur_per_mwh": 17.860630482181072,
    "thermal_startup_cost_eur": 4787.969698326011,
    "nuclear_startup_cost_eur": 20489.794738884102,
    "demand_response_cost_eur_per_mwh": 1090.0758262587317,
    "value_of_lost_load_eur_per_mwh": 10301.37753227832,
    "renewable_spill_cost_eur_per_mwh": 728.5318422967495,
    "hydro_spill_cost_eur_per_mwh": 889.3755559886697,
    "overgen_spill_cost_eur_per_mwh": 7094.892032806656,
    "battery_cycle_cost_eur_per_mwh": 129.8317361459973,
    "pumped_cycle_cost_eur_per_mwh": 55.07125877380179
  },
  "exogenous": {
    "weather_profile": "sunny_summer",
    "weather_spread_intensity": 1.106502890601899,
    "demand_profile": "wkday_peak",
    "demand_scale_factor": 0.9342424345528134,
    "inflow_factor": 1.5643489653390796,
    "zone_profile_variants": {
      "evening_peak": 0.28,
      "double_peak": 0.16,
      "office_peak": 0.2,
      "industrial": 0.14,
      "night_shift": 0.1,
      "residential_morning": 0.12
    },
    "zone_profile_mix_weight": [
      0.4,
      0.8
    ],
    "zone_profile_phase_shift_hours": [
      -2.5,
      2.5
    ],
    "zone_profile_noise_std": [
      0.02,
      0.06
    ],
    "zone_profile_curvature_exp": [
      0.9,
      1.18
    ],
    "region_weather": {
      "R1": {
        "weather_profile": "stormy_winter",
        "weather_spread_intensity": 0.9610866065112733
      },
      "R2": {
        "weather_profile": "mixed",
        "weather_spread_intensity": 1.228322907210427
      },
      "R3": {
        "weather_profile": "calm_winter",
        "weather_spread_intensity": 1.0283549761539006
      },
      "R4": {
        "weather_profile": "sunny_summer",
        "weather_spread_intensity": 1.208247072531995
      }
    }
  },
  "mip_gap_target_pct": 0.942309166671388,
  "estimates": {
    "vars_total": 111072,
    "cons_total": 144393,
    "est_cpu_hours": 2.0553463333333335
  },
  "meta": {
    "regions": 4,
    "zones": 22,
    "sites": 22,
    "intertie_density": 0.330686647481155,
    "neighbor_nations": 5,
    "assets": {
      "thermal": 42,
      "solar": 36,
      "wind": 48,
      "battery": 24,
      "dr": 18,
      "nuclear": 2,
      "hydro_reservoir": 4,
      "hydro_ror": 22,
      "hydro_pumped": 5
    },
    "demand_scale_factor": 0.9342424345528134,
    "zone_profile_variants": {
      "evening_peak": 0.28,
      "double_peak": 0.16,
      "office_peak": 0.2,
      "industrial": 0.14,
      "night_shift": 0.1,
      "residential_morning": 0.12
    },
    "zone_profile_mix_weight": [
      0.4,
      0.8
    ],
    "weather_profile": "sunny_summer",
    "cross_border_policy": "block",
    "price_cap": 2269.377439025335,
    "co2_price": 81.11538417734081,
    "import_export_caps_factor": 0.4999621436505751,
    "operation_costs": {
      "thermal_fuel_eur_per_mwh": 47.975423690638515,
      "nuclear_fuel_eur_per_mwh": 17.860630482181072,
      "thermal_startup_cost_eur": 4787.969698326011,
      "nuclear_startup_cost_eur": 20489.794738884102,
      "demand_response_cost_eur_per_mwh": 1090.0758262587317,
      "value_of_lost_load_eur_per_mwh": 10301.37753227832,
      "renewable_spill_cost_eur_per_mwh": 728.5318422967495,
      "hydro_spill_cost_eur_per_mwh": 889.3755559886697,
      "overgen_spill_cost_eur_per_mwh": 7094.892032806656,
      "battery_cycle_cost_eur_per_mwh": 129.8317361459973,
      "pumped_cycle_cost_eur_per_mwh": 55.07125877380179
    },
    "tech_scalers": {
      "thermal_marg_cost": 5.043337341584236,
      "thermal_ramp_pct": 0.09561788702986483,
      "battery_roundtrip_eff": 0.8809769534629286,
      "battery_e_to_p_hours": 3.71165512178283,
      "dr_max_shed_share": 0.2933975795284864,
      "dr_duration_hours": 5.135757415293292,
      "hydro_reservoir_head_eff": 0.8707471359752859,
      "battery_initial_soc_fraction": 0.4692948187624122,
      "battery_final_soc_tolerance": 0.06361813077493146,
      "battery_self_discharge_per_hour": 0.004906480960319562,
      "pumped_initial_level_fraction": 0.49141083873465413,
      "pumped_final_level_tolerance": 0.15100629273150729,
      "pumped_self_discharge_per_hour": 0.0005028716803045291
    }
  },
  "flexibility_metrics": {
    "total_storage_power_mw": 2200.0,
    "total_storage_capacity_mwh": 12454.0,
    "battery_power_mw": 1200.0,
    "battery_capacity_mwh": 4454.0,
    "pumped_power_mw": 1000.0,
    "pumped_capacity_mwh": 8000.0,
    "total_dr_capacity_mw": 3015.1,
    "total_ramp_up_mw_per_step": 326.2,
    "total_ramp_down_mw_per_step": 326.2,
    "thermal_flex_ratio": 0.357,
    "dr_duration_hours": 5.14,
    "battery_roundtrip_efficiency": 0.881
  },
  "difficulty_indicators": {
    "vre_penetration_pct": 33.96,
    "net_demand_volatility": 0.266,
    "peak_to_valley_ratio": 1.68,
    "estimated_milp_solve_time_seconds": 7399.2,
    "complexity_score": "hard",
    "n_binary_variables": 4032,
    "n_timesteps": 96,
    "n_zones": 22,