{
  "id": "3aeadb47-e5d4-41e2-aab5-d14abd685249",
  "horizon_hours": 24,
  "dt_minutes": 15,
  "graph": {
    "regions": 4,
    "zones_per_region": [
      4,
      7,
      6,
      9
    ],
    "sites_per_zone": [
      5,
      6,
      6,
      8,
      8,
      5,
      6,
      6,
      7,
      8,
      7,
      3,
      6,
      7,
      4,
      3,
      7,
      6,
      8,
      5,
      4,
      7,
      3,
      2,
      8,
      2
    ],
    "intertie_density": 0.5502912939248059,
    "neighbor_nations": 1
  },
  "assets": {
    "thermal_per_site": [
      3,
      3,
      1,
      2,
      0,
      0,
      1,
      1,
      0,
      0,
      1,
      2,
      1,
      1,
      2,
      3,
      0,
      0,
      1,
      2,
      2,
      1,
      2,
      1,
      3,
      2
    ],
    "solar_per_site": [
      1,
      2,
      3,
      3,
      3,
      2,
      3,
      2,
      2,
      1,
      3,
      2,
      1,
      3,
      3,
      2,
      1,
      3,
      2,
      2,
      3,
      2,
      2,
      1,
      3,
      2
    ],
    "wind_per_site": [
      3,
      2,
      1,
      1,
      3,
      1,
      1,
      1,
      2,
      3,
      2,
      3,
      3,
      1,
      3,
      3,
      1,
      1,
      3,
      2,
      3,
      2,
      1,
      1,
      3,
      2
    ],
    "battery_per_site": [
      1,
      2,
      2,
      2,
      2,
      0,
      2,
      0,
      0,
      0,
      2,
      0,
      2,
      1,
      1,
      1,
      2,
      2,
      2,
      2,
      2,
      1,
      1,
      1,
      1,
      2
    ],
    "dr_per_site": [
      1,
      0,
      1,
      0,
      2,
      2,
      1,
      2,
      2,
      2,
      0,
      2,
      1,
      0,
      2,
      2,
      2,
      1,
      2,
      2,
      0,
      2,
      1,
      1,
      2,
      0
    ],
    "nuclear_per_region": [
      0,
      2,
      2,
      0
    ],
    "hydro_reservoir_per_region": [
      2,
      3,
      0,
      3
    ],
    "hydro_ror_per_zone": [
      0,
      2,
      2,
      2,
      2,
      2,
      0,
      2,
      1,
      0,
      0,
      1,
      0,
      0,
      2,
      0,
      1,
      1,
      1,
      0,
      0,
      2,
      0,
      2,
      1,
      0
    ],
    "hydro_pumped_per_region": [
      1,
      1,
      1,
      1
    ]
  },
  "econ_policy": {
    "co2_price": 199.56063283576776,
    "price_cap": 665.3799977437811,
    "cross_border_policy": "allow",
    "import_export_caps_factor": 1.1761915880611276
  },
  "tech": {
    "thermal_marg_cost": 7.281279682919235,
    "thermal_ramp_pct": 0.37076997439312354,
    "battery_roundtrip_eff": 0.8246048254050427,
    "battery_e_to_p_hours": 3.8001868925747235,
    "dr_max_shed_share": 0.1367081689826182,
    "dr_duration_hours": 2.434520910746782,
    "hydro_reservoir_head_eff": 1.0068366540635547,
    "battery_initial_soc_fraction": 0.415062970917702,
    "battery_final_soc_tolerance": 0.0506197642665792,
    "battery_self_discharge_per_hour": 0.004055027348112162,
    "pumped_initial_level_fraction": 0.6004126763841435,
    "pumped_final_level_tolerance": 0.150881931305959,
    "pumped_self_discharge_per_hour": 0.0013091308542453948
  },
  "operation_costs": {
    "thermal_fuel_eur_per_mwh": 46.47942984065882,
    "nuclear_fuel_eur_per_mwh": 13.526336043555286,
    "demand_response_cost_eur_per_mwh": 510.0795109244688,
    "value_of_lost_load_eur_per_mwh": 11072.103343432675,
    "renewable_spill_cost_eur_per_mwh": 1226.5152405626256,
    "hydro_spill_cost_eur_per_mwh": 764.3102675403022,
    "overgen_spill_cost_eur_per_mwh": 7393.397404697496,
    "battery_cycle_cost_eur_per_mwh": 99.65170380934138,
    "pumped_cycle_cost_eur_per_mwh": 64.78650675070004
  },
  "exogenous": {
    "weather_profile": "calm_winter",
    "weather_spread_intensity": 0.783731562990917,
    "demand_profile": "heatwave",
    "demand_scale_factor": 1.2006164693593313,
    "inflow_factor": 0.8851689489651855,
    "zone_profile_variants": {
      "evening_peak": 0.28,
      "double_peak": 0.16,
      "office_peak": 0.2,
      "industrial": 0.14,
      "night_shift": 0.1,
      "residential_morning": 0.12
    },
    "zone_profile_mix_weight": [
      0.4,
      0.8
    ],
    "zone_profile_phase_shift_hours": [
      -2.5,
      2.5
    ],
    "zone_profile_noise_std": [
      0.02,
      0.06
    ],
    "zone_profile_curvature_exp": [
      0.9,
      1.18
    ],
    "region_weather": {
      "R1": {
        "weather_profile": "overcast_summer",
        "weather_spread_intensity": 0.5640071539113857
      },
      "R2": {
        "weather_profile": "calm_winter",
        "weather_spread_intensity": 0.5751694457478553
      },
      "R3": {
        "weather_profile": "calm_winter",
        "weather_spread_intensity": 1.4100832421650806
      },
      "R4": {
        "weather_profile": "mixed",
        "weather_spread_intensity": 0.5856664101393462
      }
    }
  },
  "mip_gap_target_pct": 0.76753100805608,
  "estimates": {
    "vars_total": 133152,
    "cons_total": 173097,
    "est_cpu_hours": 2.4493516666666664
  },
  "meta": {
    "regions": 4,
    "zones": 26,
    "sites": 26,
    "intertie_density": 0.5502912939248059,
    "neighbor_nations": 1,
    "assets": {
      "thermal": 35,
      "solar": 57,
      "wind": 52,
      "battery": 34,
      "dr": 33,
      "nuclear": 4,
      "hydro_reservoir": 8,
      "hydro_ror": 24,
      "hydro_pumped": 4
    },
    "demand_scale_factor": 1.2006164693593313,
    "zone_profile_variants": {
      "evening_peak": 0.28,
      "double_peak": 0.16,
      "office_peak": 0.2,
      "industrial": 0.14,
      "night_shift": 0.1,
      "residential_morning": 0.12
    },
    "zone_profile_mix_weight": [
      0.4,
      0.8
    ],
    "weather_profile": "calm_winter",
    "cross_border_policy": "allow",
    "price_cap": 665.3799977437811,
    "co2_price": 199.56063283576776,
    "import_export_caps_factor": 1.1761915880611276,
    "operation_costs": {
      "thermal_fuel_eur_per_mwh": 46.47942984065882,
      "nuclear_fuel_eur_per_mwh": 13.526336043555286,
      "demand_response_cost_eur_per_mwh": 510.0795109244688,
      "value_of_lost_load_eur_per_mwh": 11072.103343432675,
      "renewable_spill_cost_eur_per_mwh": 1226.5152405626256,
      "hydro_spill_cost_eur_per_mwh": 764.3102675403022,
      "overgen_spill_cost_eur_per_mwh": 7393.397404697496,
      "battery_cycle_cost_eur_per_mwh": 99.65170380934138,
      "pumped_cycle_cost_eur_per_mwh": 64.78650675070004
    },
    "tech_scalers": {
      "thermal_marg_cost": 7.281279682919235,
      "thermal_ramp_pct": 0.37076997439312354,
      "battery_roundtrip_eff": 0.8246048254050427,
      "battery_e_to_p_hours": 3.8001868925747235,
      "dr_max_shed_share": 0.1367081689826182,
      "dr_duration_hours": 2.434520910746782,
      "hydro_reservoir_head_eff": 1.0068366540635547,
      "battery_initial_soc_fraction": 0.415062970917702,
      "battery_final_soc_tolerance": 0.0506197642665792,
      "battery_self_discharge_per_hour": 0.004055027348112162,
      "pumped_initial_level_fraction": 0.6004126763841435,
      "pumped_final_level_tolerance": 0.150881931305959,
      "pumped_self_discharge_per_hour": 0.0013091308542453948
    }
  },
  "flexibility_metrics": {
    "total_storage_power_mw": 2500.0,
    "total_storage_capacity_mwh": 12860.3,
    "battery_power_mw": 1700.0,
    "battery_capacity_mwh": 6460.3,
    "pumped_power_mw": 800.0,
    "pumped_capacity_mwh": 6400.0,
    "total_dr_capacity_mw": 2133.7,
    "total_ramp_up_mw_per_step": 1023.3,
    "total_ramp_down_mw_per_step": 1023.3,
    "thermal_flex_ratio": 0.32,
    "dr_duration_hours": 2.43,
    "battery_roundtrip_efficiency": 0.825
  },
  "difficulty_indicators": {
    "vre_penetration_pct": 36.68,
    "net_demand_volatility": 0.251,
    "peak_to_valley_ratio": 2.16,
    "estimated_milp_solve_time_seconds": 8817.7,
    "complexity_score": "very_hard",
    "n_binary_variables": 3360,