{
  "id": "a0a5d5a2-a60c-448d-9e70-3d735eee0c92",
  "horizon_hours": 24,
  "dt_minutes": 15,
  "graph": {
    "regions": 3,
    "zones_per_region": [
      3,
      5,
      4
    ],
    "sites_per_zone": [
      5,
      7,
      2,
      4,
      7,
      3,
      5,
      6,
      8,
      3,
      3,
      8
    ],
    "intertie_density": 0.33901785258562445,
    "neighbor_nations": 3
  },
  "assets": {
    "thermal_per_site": [
      0,
      3,
      2,
      1,
      1,
      0,
      0,
      1,
      3,
      2,
      3,
      0
    ],
    "solar_per_site": [
      1,
      2,
      2,
      1,
      1,
      3,
      1,
      3,
      3,
      2,
      1,
      2
    ],
    "wind_per_site": [
      3,
      3,
      1,
      3,
      2,
      3,
      2,
      1,
      2,
      1,
      2,
      1
    ],
    "battery_per_site": [
      0,
      0,
      0,
      1,
      0,
      1,
      1,
      1,
      0,
      2,
      2,
      1
    ],
    "dr_per_site": [
      1,
      1,
      1,
      1,
      2,
      2,
      1,
      0,
      2,
      2,
      1,
      0
    ],
    "nuclear_per_region": [
      0,
      1,
      0
    ],
    "hydro_reservoir_per_region": [
      0,
      1,
      1
    ],
    "hydro_ror_per_zone": [
      1,
      0,
      0,
      0,
      0,
      1,
      2,
      0,
      2,
      1,
      1,
      2
    ],
    "hydro_pumped_per_region": [
      1,
      0,
      2
    ]
  },
  "econ_policy": {
    "co2_price": 205.66766612118923,
    "price_cap": 730.0428884682515,
    "cross_border_policy": "block",
    "import_export_caps_factor": 0.6751219283376324
  },
  "tech": {
    "thermal_marg_cost": 5.123109725011822,
    "thermal_ramp_pct": 0.21526312852163193,
    "battery_roundtrip_eff": 0.7985497421703212,
    "battery_e_to_p_hours": 3.574260111544351,
    "dr_max_shed_share": 0.2758387427432393,
    "dr_duration_hours": 1.064333452483332,
    "hydro_reservoir_head_eff": 0.8228504437986119,
    "battery_initial_soc_fraction": 0.6426785965413812,
    "battery_final_soc_tolerance": 0.0504297643845916,
    "battery_self_discharge_per_hour": 0.008587616621430273,
    "pumped_initial_level_fraction": 0.6570842664486423,
    "pumped_final_level_tolerance": 0.13743788362640086,
    "pumped_self_discharge_per_hour": 0.0030195597003357167
  },
  "operation_costs": {
    "thermal_fuel_eur_per_mwh": 58.18060830401652,
    "nuclear_fuel_eur_per_mwh": 13.32957219987918,
    "demand_response_cost_eur_per_mwh": 701.1169796555939,
    "value_of_lost_load_eur_per_mwh": 6832.442328094676,
    "renewable_spill_cost_eur_per_mwh": 600.661030734129,
    "hydro_spill_cost_eur_per_mwh": 568.0987796923308,
    "overgen_spill_cost_eur_per_mwh": 7510.871275489235,
    "battery_cycle_cost_eur_per_mwh": 118.06636407880148,
    "pumped_cycle_cost_eur_per_mwh": 75.61174245359467
  },
  "exogenous": {
    "weather_profile": "calm_winter",
    "weather_spread_intensity": 0.854345532512656,
    "demand_profile": "shoulder",
    "demand_scale_factor": 0.6710140136381796,
    "inflow_factor": 1.6210335833715437,
    "zone_profile_variants": {
      "evening_peak": 0.28,
      "double_peak": 0.16,
      "office_peak": 0.2,
      "industrial": 0.14,
      "night_shift": 0.1,
      "residential_morning": 0.12
    },
    "zone_profile_mix_weight": [
      0.4,
      0.8
    ],
    "zone_profile_phase_shift_hours": [
      -2.5,
      2.5
    ],
    "zone_profile_noise_std": [
      0.02,
      0.06
    ],
    "zone_profile_curvature_exp": [
      0.9,
      1.18
    ],
    "region_weather": {
      "R1": {
        "weather_profile": "calm_winter",
        "weather_spread_intensity": 0.5938872669328843
      },
      "R2": {
        "weather_profile": "stormy_winter",
        "weather_spread_intensity": 1.0025165957369548
      },
      "R3": {
        "weather_profile": "calm_winter",
        "weather_spread_intensity": 0.9666327348681288
      }
    }
  },
  "mip_gap_target_pct": 1.1013026552679963,
  "estimates": {
    "vars_total": 57600,
    "cons_total": 74880,
    "est_cpu_hours": 1.1011733333333336
  },
  "meta": {
    "regions": 3,
    "zones": 12,
    "sites": 12,
    "intertie_density": 0.33901785258562445,
    "neighbor_nations": 3,
    "assets": {
      "thermal": 16,
      "solar": 22,
      "wind": 24,
      "battery": 9,
      "dr": 14,
      "nuclear": 1,
      "hydro_reservoir": 2,
      "hydro_ror": 10,
      "hydro_pumped": 3
    },
    "demand_scale_factor": 0.6710140136381796,
    "zone_profile_variants": {
      "evening_peak": 0.28,
      "double_peak": 0.16,
      "office_peak": 0.2,
      "industrial": 0.14,
      "night_shift": 0.1,
      "residential_morning": 0.12
    },
    "zone_profile_mix_weight": [
      0.4,
      0.8
    ],
    "weather_profile": "calm_winter",
    "cross_border_policy": "block",
    "price_cap": 730.0428884682515,
    "co2_price": 205.66766612118923,
    "import_export_caps_factor": 0.6751219283376324,
    "operation_costs": {
      "thermal_fuel_eur_per_mwh": 58.18060830401652,
      "nuclear_fuel_eur_per_mwh": 13.32957219987918,
      "demand_response_cost_eur_per_mwh": 701.1169796555939,
      "value_of_lost_load_eur_per_mwh": 6832.442328094676,
      "renewable_spill_cost_eur_per_mwh": 600.661030734129,
      "hydro_spill_cost_eur_per_mwh": 568.0987796923308,
      "overgen_spill_cost_eur_per_mwh": 7510.871275489235,
      "battery_cycle_cost_eur_per_mwh": 118.06636407880148,
      "pumped_cycle_cost_eur_per_mwh": 75.61174245359467
    },
    "tech_scalers": {
      "thermal_marg_cost": 5.123109725011822,
      "thermal_ramp_pct": 0.21526312852163193,
      "battery_roundtrip_eff": 0.7985497421703212,
      "battery_e_to_p_hours": 3.574260111544351,
      "dr_max_shed_share": 0.2758387427432393,
      "dr_duration_hours": 1.064333452483332,
      "hydro_reservoir_head_eff": 0.8228504437986119,
      "battery_initial_soc_fraction": 0.6426785965413812,
      "battery_final_soc_tolerance": 0.0504297643845916,
      "battery_self_discharge_per_hour": 0.008587616621430273,
      "pumped_initial_level_fraction": 0.6570842664486423,
      "pumped_final_level_tolerance": 0.13743788362640086,
      "pumped_self_discharge_per_hour": 0.0030195597003357167
    }
  }
}