{
  "id": "a281c7a3-83ea-4ca7-9d84-4f81cfa29601",
  "horizon_hours": 24,
  "dt_minutes": 15,
  "graph": {
    "regions": 2,
    "zones_per_region": [
      11,
      9
    ],
    "sites_per_zone": [
      3,
      8,
      8,
      2,
      8,
      5,
      7,
      2,
      7,
      10,
      7,
      4,
      6,
      6,
      2,
      6,
      8,
      2,
      5,
      2
    ],
    "intertie_density": 0.2746278782421674,
    "neighbor_nations": 3
  },
  "assets": {
    "thermal_per_site": [
      1,
      0,
      2,
      3,
      1,
      1,
      0,
      3,
      1,
      2,
      1,
      2,
      0,
      2,
      1,
      2,
      2,
      3,
      1,
      1
    ],
    "solar_per_site": [
      2,
      1,
      2,
      2,
      2,
      1,
      3,
      2,
      3,
      2,
      1,
      1,
      2,
      3,
      1,
      1,
      2,
      3,
      2,
      2
    ],
    "wind_per_site": [
      3,
      2,
      3,
      3,
      3,
      1,
      3,
      2,
      2,
      2,
      1,
      2,
      1,
      1,
      3,
      3,
      2,
      2,
      3,
      3
    ],
    "battery_per_site": [
      1,
      0,
      2,
      1,
      1,
      0,
      1,
      1,
      1,
      2,
      2,
      1,
      1,
      2,
      1,
      2,
      1,
      2,
      1,
      0
    ],
    "dr_per_site": [
      2,
      2,
      0,
      2,
      1,
      0,
      1,
      1,
      2,
      2,
      0,
      1,
      1,
      1,
      0,
      2,
      0,
      0,
      2,
      1
    ],
    "nuclear_per_region": [
      0,
      2
    ],
    "hydro_reservoir_per_region": [
      1,
      3
    ],
    "hydro_ror_per_zone": [
      0,
      0,
      0,
      0,
      2,
      1,
      0,
      1,
      2,
      1,
      2,
      2,
      1,
      0,
      2,
      2,
      1,
      1,
      2,
      0
    ],
    "hydro_pumped_per_region": [
      1,
      2
    ]
  },
  "econ_policy": {
    "co2_price": 49.05952002300026,
    "price_cap": 4365.743569088415,
    "cross_border_policy": "cap",
    "import_export_caps_factor": 0.7152688712898738
  },
  "tech": {
    "thermal_marg_cost": 14.637117133364246,
    "thermal_ramp_pct": 0.3501798396732376,
    "battery_roundtrip_eff": 0.9359440093861016,
    "battery_e_to_p_hours": 5.382693380459826,
    "dr_max_shed_share": 0.1945114327755343,
    "dr_duration_hours": 2.4685019270746524,
    "hydro_reservoir_head_eff": 1.0462667426844,
    "battery_initial_soc_fraction": 0.5920261402614776,
    "battery_final_soc_tolerance": 0.1441769302971217,
    "battery_self_discharge_per_hour": 0.0022973146846598357,
    "pumped_initial_level_fraction": 0.5507716563505619,
    "pumped_final_level_tolerance": 0.13525775143026614,
    "pumped_self_discharge_per_hour": 0.002709283589587403
  },
  "operation_costs": {
    "thermal_fuel_eur_per_mwh": 82.82790542883198,
    "nuclear_fuel_eur_per_mwh": 17.062447281881028,
    "thermal_startup_cost_eur": 2420.3819287503597,
    "nuclear_startup_cost_eur": 25689.449447162777,
    "demand_response_cost_eur_per_mwh": 1172.864901716142,
    "value_of_lost_load_eur_per_mwh": 9174.258073979447,
    "renewable_spill_cost_eur_per_mwh": 882.3363801756582,
    "hydro_spill_cost_eur_per_mwh": 1061.1389114975455,
    "overgen_spill_cost_eur_per_mwh": 6768.93791719142,
    "battery_cycle_cost_eur_per_mwh": 78.49430734566643,
    "pumped_cycle_cost_eur_per_mwh": 85.71432652386433
  },
  "exogenous": {
    "weather_profile": "mixed",
    "weather_spread_intensity": 1.1406693665077756,
    "demand_profile": "shoulder",
    "demand_scale_factor": 0.8401828306045993,
    "inflow_factor": 0.8789609259683313,
    "zone_profile_variants": {
      "evening_peak": 0.28,
      "double_peak": 0.16,
      "office_peak": 0.2,
      "industrial": 0.14,
      "night_shift": 0.1,
      "residential_morning": 0.12
    },
    "zone_profile_mix_weight": [
      0.4,
      0.8
    ],
    "zone_profile_phase_shift_hours": [
      -2.5,
      2.5
    ],
    "zone_profile_noise_std": [
      0.02,
      0.06
    ],
    "zone_profile_curvature_exp": [
      0.9,
      1.18
    ],
    "region_weather": {
      "R1": {
        "weather_profile": "mixed",
        "weather_spread_intensity": 1.3600226826565716
      },
      "R2": {
        "weather_profile": "mixed",
        "weather_spread_intensity": 0.9213160503589797
      }
    }
  },
  "mip_gap_target_pct": 1.349967811704682,
  "estimates": {
    "vars_total": 100128,
    "cons_total": 130166,
    "est_cpu_hours": 1.8600584444444446
  },
  "meta": {
    "regions": 2,
    "zones": 20,
    "sites": 20,
    "intertie_density": 0.2746278782421674,
    "neighbor_nations": 3,
    "assets": {
      "thermal": 29,
      "solar": 38,
      "wind": 45,
      "battery": 23,
      "dr": 21,
      "nuclear": 2,
      "hydro_reservoir": 4,
      "hydro_ror": 20,
      "hydro_pumped": 3
    },
    "demand_scale_factor": 0.8401828306045993,
    "zone_profile_variants": {
      "evening_peak": 0.28,
      "double_peak": 0.16,
      "office_peak": 0.2,
      "industrial": 0.14,
      "night_shift": 0.1,
      "residential_morning": 0.12
    },
    "zone_profile_mix_weight": [
      0.4,
      0.8
    ],
    "weather_profile": "mixed",
    "cross_border_policy": "cap",
    "price_cap": 4365.743569088415,
    "co2_price": 49.05952002300026,
    "import_export_caps_factor": 0.7152688712898738,
    "operation_costs": {
      "thermal_fuel_eur_per_mwh": 82.82790542883198,
      "nuclear_fuel_eur_per_mwh": 17.062447281881028,
      "thermal_startup_cost_eur": 2420.3819287503597,
      "nuclear_startup_cost_eur": 25689.449447162777,
      "demand_response_cost_eur_per_mwh": 1172.864901716142,
      "value_of_lost_load_eur_per_mwh": 9174.258073979447,
      "renewable_spill_cost_eur_per_mwh": 882.3363801756582,
      "hydro_spill_cost_eur_per_mwh": 1061.1389114975455,
      "overgen_spill_cost_eur_per_mwh": 6768.93791719142,
      "battery_cycle_cost_eur_per_mwh": 78.49430734566643,
      "pumped_cycle_cost_eur_per_mwh": 85.71432652386433
    },
    "tech_scalers": {
      "thermal_marg_cost": 14.637117133364246,
      "thermal_ramp_pct": 0.3501798396732376,
      "battery_roundtrip_eff": 0.9359440093861016,
      "battery_e_to_p_hours": 5.382693380459826,
      "dr_max_shed_share": 0.1945114327755343,
      "dr_duration_hours": 2.4685019270746524,
      "hydro_reservoir_head_eff": 1.0462667426844,
      "battery_initial_soc_fraction": 0.5920261402614776,
      "battery_final_soc_tolerance": 0.1441769302971217,
      "battery_self_discharge_per_hour": 0.0022973146846598357,
      "pumped_initial_level_fraction": 0.5507716563505619,
      "pumped_final_level_tolerance": 0.13525775143026614,
      "pumped_self_discharge_per_hour": 0.002709283589587403
    }
  },
  "flexibility_metrics": {
    "total_storage_power_mw": 1750.0,
    "total_storage_capacity_mwh": 10990.1,
    "battery_power_mw": 1150.0,
    "battery_capacity_mwh": 6190.1,
    "pumped_power_mw": 600.0,
    "pumped_capacity_mwh": 4800.0,
    "total_dr_capacity_mw": 1634.3,
    "total_ramp_up_mw_per_step": 786.6,
    "total_ramp_down_mw_per_step": 786.6,
    "thermal_flex_ratio": 0.316,
    "dr_duration_hours": 2.47,
    "battery_roundtrip_efficiency": 0.936
  },
  "difficulty_indicators": {
    "vre_penetration_pct": 38.72,
    "net_demand_volatility": 0.206,
    "peak_to_valley_ratio": 1.51,
    "estimated_milp_solve_time_seconds": 6696.2,
    "complexity_score": "hard",
    "n_binary_variables": 2784,
    "n_timesteps": 96,
    "n_zones": 20,
    "weather_profile": "mixed",
    "demand_profile": "shoulder"
  }
}