{
  "id": "9fe199e1-62a7-45fa-8f0e-230a5fb684a2",
  "horizon_hours": 24,
  "dt_minutes": 15,
  "graph": {
    "regions": 2,
    "zones_per_region": [
      4,
      3
    ],
    "sites_per_zone": [
      7,
      6,
      5,
      5,
      3,
      2,
      5
    ],
    "intertie_density": 0.34205130511239784,
    "neighbor_nations": 1
  },
  "assets": {
    "thermal_per_site": [
      2,
      2,
      2,
      3,
      3,
      0,
      3
    ],
    "solar_per_site": [
      2,
      3,
      2,
      3,
      2,
      1,
      1
    ],
    "wind_per_site": [
      3,
      2,
      1,
      3,
      2,
      1,
      2
    ],
    "battery_per_site": [
      0,
      0,
      0,
      0,
      1,
      2,
      1
    ],
    "dr_per_site": [
      1,
      1,
      1,
      2,
      1,
      1,
      1
    ],
    "nuclear_per_region": [
      1,
      2
    ],
    "hydro_reservoir_per_region": [
      3,
      2
    ],
    "hydro_ror_per_zone": [
      2,
      1,
      0,
      2,
      0,
      2,
      2
    ],
    "hydro_pumped_per_region": [
      1,
      1
    ]
  },
  "econ_policy": {
    "co2_price": 244.44258890811363,
    "price_cap": 541.10490160213,
    "cross_border_policy": "allow",
    "import_export_caps_factor": 0.8050748318676484
  },
  "tech": {
    "thermal_marg_cost": 6.498309543689943,
    "thermal_ramp_pct": 0.17977035824748216,
    "battery_roundtrip_eff": 0.7833619031814015,
    "battery_e_to_p_hours": 4.761567466026604,
    "dr_max_shed_share": 0.2679627734837476,
    "dr_duration_hours": 2.2065145091586853,
    "hydro_reservoir_head_eff": 0.7663546233146437,
    "battery_initial_soc_fraction": 0.5850263617119884,
    "battery_final_soc_tolerance": 0.16585605296059447,
    "battery_self_discharge_per_hour": 0.00483602638428518,
    "pumped_initial_level_fraction": 0.6107965659778245,
    "pumped_final_level_tolerance": 0.06524628103062832,
    "pumped_self_discharge_per_hour": 0.002960408018516789
  },
  "operation_costs": {
    "thermal_fuel_eur_per_mwh": 70.45871556503356,
    "nuclear_fuel_eur_per_mwh": 14.910515690932435,
    "demand_response_cost_eur_per_mwh": 1062.1786537246853,
    "value_of_lost_load_eur_per_mwh": 11026.17097088131,
    "renewable_spill_cost_eur_per_mwh": 1926.159309220626,
    "hydro_spill_cost_eur_per_mwh": 567.694191331314,
    "overgen_spill_cost_eur_per_mwh": 7098.585896378121,
    "battery_cycle_cost_eur_per_mwh": 113.84163132139567,
    "pumped_cycle_cost_eur_per_mwh": 52.69047814810735
  },
  "exogenous": {
    "weather_profile": "sunny_summer",
    "weather_spread_intensity": 0.7434465614967505,
    "demand_profile": "shoulder",
    "demand_scale_factor": 0.650048935902547,
    "inflow_factor": 1.0379631416659358,
    "zone_profile_variants": {
      "evening_peak": 0.28,
      "double_peak": 0.16,
      "office_peak": 0.2,
      "industrial": 0.14,
      "night_shift": 0.1,
      "residential_morning": 0.12
    },
    "zone_profile_mix_weight": [
      0.4,
      0.8
    ],
    "zone_profile_phase_shift_hours": [
      -2.5,
      2.5
    ],
    "zone_profile_noise_std": [
      0.02,
      0.06
    ],
    "zone_profile_curvature_exp": [
      0.9,
      1.18
    ],
    "region_weather": {
      "R1": {
        "weather_profile": "calm_winter",
        "weather_spread_intensity": 0.8219776541280743
      },
      "R2": {
        "weather_profile": "sunny_summer",
        "weather_spread_intensity": 0.6649154688654267
      }
    }
  },
  "mip_gap_target_pct": 0.9810037573973241,
  "estimates": {
    "vars_total": 38304,
    "cons_total": 49795,
    "est_cpu_hours": 0.7568452222222224
  },
  "meta": {
    "regions": 2,
    "zones": 7,
    "sites": 7,
    "intertie_density": 0.34205130511239784,
    "neighbor_nations": 1,
    "assets": {
      "thermal": 15,
      "solar": 14,
      "wind": 14,
      "battery": 4,
      "dr": 8,
      "nuclear": 3,
      "hydro_reservoir": 5,
      "hydro_ror": 9,
      "hydro_pumped": 2
    },
    "demand_scale_factor": 0.650048935902547,
    "zone_profile_variants": {
      "evening_peak": 0.28,
      "double_peak": 0.16,
      "office_peak": 0.2,
      "industrial": 0.14,
      "night_shift": 0.1,
      "residential_morning": 0.12
    },
    "zone_profile_mix_weight": [
      0.4,
      0.8
    ],
    "weather_profile": "sunny_summer",
    "cross_border_policy": "allow",
    "price_cap": 541.10490160213,
    "co2_price": 244.44258890811363,
    "import_export_caps_factor": 0.8050748318676484,
    "operation_costs": {
      "thermal_fuel_eur_per_mwh": 70.45871556503356,
      "nuclear_fuel_eur_per_mwh": 14.910515690932435,
      "demand_response_cost_eur_per_mwh": 1062.1786537246853,
      "value_of_lost_load_eur_per_mwh": 11026.17097088131,
      "renewable_spill_cost_eur_per_mwh": 1926.159309220626,
      "hydro_spill_cost_eur_per_mwh": 567.694191331314,
      "overgen_spill_cost_eur_per_mwh": 7098.585896378121,
      "battery_cycle_cost_eur_per_mwh": 113.84163132139567,
      "pumped_cycle_cost_eur_per_mwh": 52.69047814810735
    },
    "tech_scalers": {
      "thermal_marg_cost": 6.498309543689943,
      "thermal_ramp_pct": 0.17977035824748216,
      "battery_roundtrip_eff": 0.7833619031814015,
      "battery_e_to_p_hours": 4.761567466026604,
      "dr_max_shed_share": 0.2679627734837476,
      "dr_duration_hours": 2.2065145091586853,
      "hydro_reservoir_head_eff": 0.7663546233146437,
      "battery_initial_soc_fraction": 0.5850263617119884,
      "battery_final_soc_tolerance": 0.16585605296059447,
      "battery_self_discharge_per_hour": 0.00483602638428518,
      "pumped_initial_level_fraction": 0.6107965659778245,
      "pumped_final_level_tolerance": 0.06524628103062832,
      "pumped_self_discharge_per_hour": 0.002960408018516789
    }
  }
}