{
  "id": "7330cb76-6da6-42c8-8cd8-19e2e97c9a2b",
  "horizon_hours": 24,
  "dt_minutes": 15,
  "graph": {
    "regions": 2,
    "zones_per_region": [
      13,
      3
    ],
    "sites_per_zone": [
      8,
      8,
      6,
      4,
      5,
      6,
      5,
      4,
      2,
      8,
      9,
      10,
      7,
      10,
      4,
      6
    ],
    "intertie_density": 0.41011163741734724,
    "neighbor_nations": 5
  },
  "assets": {
    "thermal_per_site": [
      0,
      0,
      2,
      0,
      1,
      0,
      0,
      3,
      2,
      2,
      2,
      1,
      3,
      3,
      1,
      0
    ],
    "solar_per_site": [
      3,
      2,
      1,
      3,
      3,
      2,
      1,
      3,
      2,
      1,
      2,
      1,
      1,
      3,
      1,
      1
    ],
    "wind_per_site": [
      2,
      1,
      1,
      2,
      1,
      1,
      1,
      3,
      1,
      2,
      2,
      2,
      3,
      1,
      3,
      2
    ],
    "battery_per_site": [
      1,
      1,
      2,
      2,
      1,
      1,
      1,
      0,
      2,
      1,
      0,
      2,
      2,
      1,
      1,
      2
    ],
    "dr_per_site": [
      1,
      1,
      0,
      2,
      0,
      1,
      1,
      1,
      1,
      2,
      1,
      1,
      1,
      1,
      0,
      0
    ],
    "nuclear_per_region": [
      2,
      1
    ],
    "hydro_reservoir_per_region": [
      3,
      2
    ],
    "hydro_ror_per_zone": [
      0,
      2,
      1,
      1,
      1,
      1,
      0,
      0,
      1,
      2,
      0,
      2,
      1,
      0,
      1,
      1
    ],
    "hydro_pumped_per_region": [
      2,
      1
    ]
  },
  "econ_policy": {
    "co2_price": 159.34224723122878,
    "price_cap": 2002.4494687239333,
    "cross_border_policy": "cap",
    "import_export_caps_factor": 0.6872546493382994
  },
  "tech": {
    "thermal_marg_cost": 13.11629637879867,
    "thermal_ramp_pct": 0.368328083200772,
    "battery_roundtrip_eff": 0.8958938967344979,
    "battery_e_to_p_hours": 3.762237032718578,
    "dr_max_shed_share": 0.2208783336532445,
    "dr_duration_hours": 3.115274704454798,
    "hydro_reservoir_head_eff": 0.8576872334179724,
    "battery_initial_soc_fraction": 0.6180717818863277,
    "battery_final_soc_tolerance": 0.14518807711549278,
    "battery_self_discharge_per_hour": 0.008438591696850031,
    "pumped_initial_level_fraction": 0.6969212222599733,
    "pumped_final_level_tolerance": 0.09308848495357186,
    "pumped_self_discharge_per_hour": 0.002441551094693126
  },
  "operation_costs": {
    "thermal_fuel_eur_per_mwh": 71.96293361057809,
    "nuclear_fuel_eur_per_mwh": 19.15833034171617,
    "thermal_startup_cost_eur": 6715.8670176441765,
    "nuclear_startup_cost_eur": 35008.35134012721,
    "demand_response_cost_eur_per_mwh": 637.4521857840912,
    "value_of_lost_load_eur_per_mwh": 9456.014714038978,
    "renewable_spill_cost_eur_per_mwh": 1528.5563268082442,
    "hydro_spill_cost_eur_per_mwh": 406.81870468450734,
    "overgen_spill_cost_eur_per_mwh": 2093.4418868160965,
    "battery_cycle_cost_eur_per_mwh": 112.7119230546862,
    "pumped_cycle_cost_eur_per_mwh": 54.45785705275785
  },
  "exogenous": {
    "weather_profile": "overcast_summer",
    "weather_spread_intensity": 0.9316661254125054,
    "demand_profile": "cold_snap",
    "demand_scale_factor": 0.8973595711399642,
    "inflow_factor": 1.0858368922785875,
    "zone_profile_variants": {
      "evening_peak": 0.28,
      "double_peak": 0.16,
      "office_peak": 0.2,
      "industrial": 0.14,
      "night_shift": 0.1,
      "residential_morning": 0.12
    },
    "zone_profile_mix_weight": [
      0.4,
      0.8
    ],
    "zone_profile_phase_shift_hours": [
      -2.5,
      2.5
    ],
    "zone_profile_noise_std": [
      0.02,
      0.06
    ],
    "zone_profile_curvature_exp": [
      0.9,
      1.18
    ],
    "region_weather": {
      "R1": {
        "weather_profile": "overcast_summer",
        "weather_spread_intensity": 0.7568621440475516
      },
      "R2": {
        "weather_profile": "mixed",
        "weather_spread_intensity": 1.1064701067774592
      }
    }
  },
  "mip_gap_target_pct": 0.7386766083024697,
  "estimates": {
    "vars_total": 77760,
    "cons_total": 101088,
    "est_cpu_hours": 1.4609173333333334
  },
  "meta": {
    "regions": 2,
    "zones": 16,
    "sites": 16,
    "intertie_density": 0.41011163741734724,
    "neighbor_nations": 5,
    "assets": {
      "thermal": 20,
      "solar": 30,
      "wind": 28,
      "battery": 20,
      "dr": 14,
      "nuclear": 3,
      "hydro_reservoir": 5,
      "hydro_ror": 14,
      "hydro_pumped": 3
    },
    "demand_scale_factor": 0.8973595711399642,
    "zone_profile_variants": {
      "evening_peak": 0.28,
      "double_peak": 0.16,
      "office_peak": 0.2,
      "industrial": 0.14,
      "night_shift": 0.1,
      "residential_morning": 0.12
    },
    "zone_profile_mix_weight": [
      0.4,
      0.8
    ],
    "weather_profile": "overcast_summer",
    "cross_border_policy": "cap",
    "price_cap": 2002.4494687239333,
    "co2_price": 159.34224723122878,
    "import_export_caps_factor": 0.6872546493382994,
    "operation_costs": {
      "thermal_fuel_eur_per_mwh": 71.96293361057809,
      "nuclear_fuel_eur_per_mwh": 19.15833034171617,
      "thermal_startup_cost_eur": 6715.8670176441765,
      "nuclear_startup_cost_eur": 35008.35134012721,
      "demand_response_cost_eur_per_mwh": 637.4521857840912,
      "value_of_lost_load_eur_per_mwh": 9456.014714038978,
      "renewable_spill_cost_eur_per_mwh": 1528.5563268082442,
      "hydro_spill_cost_eur_per_mwh": 406.81870468450734,
      "overgen_spill_cost_eur_per_mwh": 2093.4418868160965,
      "battery_cycle_cost_eur_per_mwh": 112.7119230546862,
      "pumped_cycle_cost_eur_per_mwh": 54.45785705275785
    },
    "tech_scalers": {
      "thermal_marg_cost": 13.11629637879867,
      "thermal_ramp_pct": 0.368328083200772,
      "battery_roundtrip_eff": 0.8958938967344979,
      "battery_e_to_p_hours": 3.762237032718578,
      "dr_max_shed_share": 0.2208783336532445,
      "dr_duration_hours": 3.115274704454798,
      "hydro_reservoir_head_eff": 0.8576872334179724,
      "battery_initial_soc_fraction": 0.6180717818863277,
      "battery_final_soc_tolerance": 0.14518807711549278,
      "battery_self_discharge_per_hour": 0.008438591696850031,
      "pumped_initial_level_fraction": 0.6969212222599733,
      "pumped_final_level_tolerance": 0.09308848495357186,
      "pumped_self_discharge_per_hour": 0.002441551094693126
    }
  },
  "flexibility_metrics": {
    "total_storage_power_mw": 1600.0,
    "total_storage_capacity_mwh": 8562.2,
    "battery_power_mw": 1000.0,
    "battery_capacity_mwh": 3762.2,
    "pumped_power_mw": 600.0,
    "pumped_capacity_mwh": 4800.0,
    "total_dr_capacity_mw": 1585.7,
    "total_ramp_up_mw_per_step": 590.0,
    "total_ramp_down_mw_per_step": 590.0,
    "thermal_flex_ratio": 0.354,
    "dr_duration_hours": 3.12,
    "battery_roundtrip_efficiency": 0.896
  },
  "difficulty_indicators": {
    "vre_penetration_pct": 33.49,
    "net_demand_volatility": 0.224,
    "peak_to_valley_ratio": 1.62,
    "estimated_milp_solve_time_seconds": 5259.3,
    "complexity_score": "hard",
    "n_binary_variables": 1920,
    "n_timesteps": 96,
    "n_zones": 16,
    "weather_profile": "overcast_summer",
    "demand_profile": "cold_snap"
  }
}