{
  "id": "51c32a25-b1e5-4d6d-b36a-c696930750ce",
  "horizon_hours": 24,
  "dt_minutes": 15,
  "graph": {
    "regions": 2,
    "zones_per_region": [
      4,
      3
    ],
    "sites_per_zone": [
      5,
      4,
      5,
      3,
      3,
      8,
      2
    ],
    "intertie_density": 0.4211459153983458,
    "neighbor_nations": 3
  },
  "assets": {
    "thermal_per_site": [
      3,
      1,
      2,
      1,
      3,
      2,
      2
    ],
    "solar_per_site": [
      1,
      3,
      2,
      1,
      3,
      3,
      1
    ],
    "wind_per_site": [
      1,
      1,
      3,
      1,
      2,
      1,
      2
    ],
    "battery_per_site": [
      1,
      1,
      1,
      0,
      2,
      1,
      0
    ],
    "dr_per_site": [
      1,
      0,
      1,
      2,
      1,
      2,
      2
    ],
    "nuclear_per_region": [
      0,
      1
    ],
    "hydro_reservoir_per_region": [
      2,
      3
    ],
    "hydro_ror_per_zone": [
      0,
      2,
      2,
      0,
      0,
      0,
      1
    ],
    "hydro_pumped_per_region": [
      0,
      0
    ]
  },
  "econ_policy": {
    "co2_price": 151.43221798897605,
    "price_cap": 2927.268746696112,
    "cross_border_policy": "block",
    "import_export_caps_factor": 1.4526383371018903
  },
  "tech": {
    "thermal_marg_cost": 14.264853932151649,
    "thermal_ramp_pct": 0.0505848162142311,
    "battery_roundtrip_eff": 0.8851686160281597,
    "battery_e_to_p_hours": 5.245029938894609,
    "dr_max_shed_share": 0.2681645117122918,
    "dr_duration_hours": 1.5197450967577981,
    "hydro_reservoir_head_eff": 0.9089443467180038
  },
  "operation_costs": {
    "thermal_fuel_eur_per_mwh": 54.52670378083462,
    "nuclear_fuel_eur_per_mwh": 11.93623101479918,
    "demand_response_cost_eur_per_mwh": 400.9108143052112,
    "value_of_lost_load_eur_per_mwh": 11981.75562064529,
    "renewable_spill_cost_eur_per_mwh": 1567.4787120501542,
    "hydro_spill_cost_eur_per_mwh": 338.3753064401838,
    "overgen_spill_cost_eur_per_mwh": 7527.646417832639
  },
  "exogenous": {
    "weather_profile": "sunny_summer",
    "weather_spread_intensity": 0.9357574160225752,
    "demand_profile": "wkday_peak",
    "demand_scale_factor": 1.0565394391633862,
    "inflow_factor": 1.0570560930190085,
    "zone_profile_variants": {
      "evening_peak": 0.28,
      "double_peak": 0.16,
      "office_peak": 0.2,
      "industrial": 0.14,
      "night_shift": 0.1,
      "residential_morning": 0.12
    },
    "zone_profile_mix_weight": [
      0.4,
      0.8
    ],
    "zone_profile_phase_shift_hours": [
      -2.5,
      2.5
    ],
    "zone_profile_noise_std": [
      0.02,
      0.06
    ],
    "zone_profile_curvature_exp": [
      0.9,
      1.18
    ],
    "region_weather": {
      "R1": {
        "weather_profile": "mixed",
        "weather_spread_intensity": 0.9130568035010017
      },
      "R2": {
        "weather_profile": "sunny_summer",
        "weather_spread_intensity": 0.9584580285441486
      }
    }
  },
  "mip_gap_target_pct": 1.1009372480359612,
  "estimates": {
    "vars_total": 36096,
    "cons_total": 46924,
    "est_cpu_hours": 0.7174395555555557
  },
  "meta": {
    "regions": 2,
    "zones": 7,
    "sites": 7,
    "intertie_density": 0.4211459153983458,
    "neighbor_nations": 3,
    "assets": {
      "thermal": 14,
      "solar": 14,
      "wind": 11,
      "battery": 6,
      "dr": 9,
      "nuclear": 1,
      "hydro_reservoir": 5,
      "hydro_ror": 5,
      "hydro_pumped": 0
    },
    "demand_scale_factor": 1.0565394391633862,
    "zone_profile_variants": {
      "evening_peak": 0.28,
      "double_peak": 0.16,
      "office_peak": 0.2,
      "industrial": 0.14,
      "night_shift": 0.1,
      "residential_morning": 0.12
    },
    "zone_profile_mix_weight": [
      0.4,
      0.8
    ],
    "weather_profile": "sunny_summer",
    "cross_border_policy": "block",
    "price_cap": 2927.268746696112,
    "co2_price": 151.43221798897605,
    "import_export_caps_factor": 1.4526383371018903,
    "operation_costs": {
      "thermal_fuel_eur_per_mwh": 54.52670378083462,
      "nuclear_fuel_eur_per_mwh": 11.93623101479918,
      "demand_response_cost_eur_per_mwh": 400.9108143052112,
      "value_of_lost_load_eur_per_mwh": 11981.75562064529,
      "renewable_spill_cost_eur_per_mwh": 1567.4787120501542,
      "hydro_spill_cost_eur_per_mwh": 338.3753064401838,
      "overgen_spill_cost_eur_per_mwh": 7527.646417832639
    },
    "tech_scalers": {
      "thermal_marg_cost": 14.264853932151649,
      "thermal_ramp_pct": 0.0505848162142311,
      "battery_roundtrip_eff": 0.8851686160281597,
      "battery_e_to_p_hours": 5.245029938894609,
      "dr_max_shed_share": 0.2681645117122918,
      "dr_duration_hours": 1.5197450967577981,
      "hydro_reservoir_head_eff": 0.9089443467180038
    }
  }
}