{
  "id": "159674c1-ad51-457f-9fa3-6aade102193f",
  "horizon_hours": 24,
  "dt_minutes": 15,
  "graph": {
    "regions": 3,
    "zones_per_region": [
      9,
      5,
      3
    ],
    "sites_per_zone": [
      2,
      2,
      5,
      3,
      8,
      6,
      2,
      2,
      8,
      5,
      6,
      8,
      2,
      5,
      3,
      3,
      6
    ],
    "intertie_density": 0.24187574927544853,
    "neighbor_nations": 3
  },
  "assets": {
    "thermal_per_site": [
      3,
      2,
      0,
      3,
      3,
      1,
      0,
      0,
      3,
      3,
      2,
      0,
      2,
      3,
      2,
      2,
      1
    ],
    "solar_per_site": [
      2,
      1,
      1,
      1,
      2,
      3,
      2,
      1,
      2,
      1,
      2,
      1,
      2,
      2,
      2,
      1,
      3
    ],
    "wind_per_site": [
      3,
      3,
      2,
      2,
      1,
      3,
      1,
      3,
      3,
      3,
      3,
      2,
      1,
      1,
      3,
      2,
      3
    ],
    "battery_per_site": [
      2,
      0,
      1,
      2,
      0,
      2,
      0,
      2,
      1,
      2,
      0,
      2,
      0,
      0,
      0,
      1,
      2
    ],
    "dr_per_site": [
      1,
      2,
      0,
      0,
      2,
      1,
      1,
      2,
      2,
      1,
      1,
      2,
      0,
      1,
      1,
      0,
      0
    ],
    "nuclear_per_region": [
      2,
      1,
      1
    ],
    "hydro_reservoir_per_region": [
      0,
      0,
      0
    ],
    "hydro_ror_per_zone": [
      0,
      2,
      0,
      0,
      1,
      0,
      1,
      2,
      2,
      1,
      1,
      1,
      1,
      2,
      1,
      0,
      2
    ],
    "hydro_pumped_per_region": [
      1,
      1,
      1
    ]
  },
  "econ_policy": {
    "co2_price": 70.50306556303174,
    "price_cap": 365.021122878459,
    "cross_border_policy": "cap",
    "import_export_caps_factor": 0.48302854585483923
  },
  "tech": {
    "thermal_marg_cost": 3.445036472351093,
    "thermal_ramp_pct": 0.21729779485465472,
    "battery_roundtrip_eff": 0.8301664675138112,
    "battery_e_to_p_hours": 3.3198026934546325,
    "dr_max_shed_share": 0.34237502626296046,
    "dr_duration_hours": 5.883746492803241,
    "hydro_reservoir_head_eff": 1.0227893446301377,
    "battery_initial_soc_fraction": 0.5477474218896898,
    "battery_final_soc_tolerance": 0.13347955123965305,
    "battery_self_discharge_per_hour": 0.007302297449726721,
    "pumped_initial_level_fraction": 0.5952446890549143,
    "pumped_final_level_tolerance": 0.13432747663610772,
    "pumped_self_discharge_per_hour": 0.001020220773588168
  },
  "operation_costs": {
    "thermal_fuel_eur_per_mwh": 64.40210138866725,
    "nuclear_fuel_eur_per_mwh": 10.756271531385046,
    "demand_response_cost_eur_per_mwh": 850.9771878179221,
    "value_of_lost_load_eur_per_mwh": 10284.973786551629,
    "renewable_spill_cost_eur_per_mwh": 1097.4724174557668,
    "hydro_spill_cost_eur_per_mwh": 431.76918683250256,
    "overgen_spill_cost_eur_per_mwh": 5674.728975924003,
    "battery_cycle_cost_eur_per_mwh": 73.14202984614923,
    "pumped_cycle_cost_eur_per_mwh": 50.475484073264184
  },
  "exogenous": {
    "weather_profile": "calm_winter",
    "weather_spread_intensity": 0.9636138699821007,
    "demand_profile": "shoulder",
    "demand_scale_factor": 1.3299464212551064,
    "inflow_factor": 0.5407248171199958,
    "zone_profile_variants": {
      "evening_peak": 0.28,
      "double_peak": 0.16,
      "office_peak": 0.2,
      "industrial": 0.14,
      "night_shift": 0.1,
      "residential_morning": 0.12
    },
    "zone_profile_mix_weight": [
      0.4,
      0.8
    ],
    "zone_profile_phase_shift_hours": [
      -2.5,
      2.5
    ],
    "zone_profile_noise_std": [
      0.02,
      0.06
    ],
    "zone_profile_curvature_exp": [
      0.9,
      1.18
    ],
    "region_weather": {
      "R1": {
        "weather_profile": "calm_winter",
        "weather_spread_intensity": 1.1978471156943264
      },
      "R2": {
        "weather_profile": "calm_winter",
        "weather_spread_intensity": 1.16266071743727
      },
      "R3": {
        "weather_profile": "calm_winter",
        "weather_spread_intensity": 0.5303337768147058
      }
    }
  },
  "mip_gap_target_pct": 1.087155880388841,
  "estimates": {
    "vars_total": 85728,
    "cons_total": 111446,
    "est_cpu_hours": 1.6030984444444443
  },
  "meta": {
    "regions": 3,
    "zones": 17,
    "sites": 17,
    "intertie_density": 0.24187574927544853,
    "neighbor_nations": 3,
    "assets": {
      "thermal": 30,
      "solar": 29,
      "wind": 39,
      "battery": 17,
      "dr": 17,
      "nuclear": 4,
      "hydro_reservoir": 0,
      "hydro_ror": 17,
      "hydro_pumped": 3
    },
    "demand_scale_factor": 1.3299464212551064,
    "zone_profile_variants": {
      "evening_peak": 0.28,
      "double_peak": 0.16,
      "office_peak": 0.2,
      "industrial": 0.14,
      "night_shift": 0.1,
      "residential_morning": 0.12
    },
    "zone_profile_mix_weight": [
      0.4,
      0.8
    ],
    "weather_profile": "calm_winter",
    "cross_border_policy": "cap",
    "price_cap": 365.021122878459,
    "co2_price": 70.50306556303174,
    "import_export_caps_factor": 0.48302854585483923,
    "operation_costs": {
      "thermal_fuel_eur_per_mwh": 64.40210138866725,
      "nuclear_fuel_eur_per_mwh": 10.756271531385046,
      "demand_response_cost_eur_per_mwh": 850.9771878179221,
      "value_of_lost_load_eur_per_mwh": 10284.973786551629,
      "renewable_spill_cost_eur_per_mwh": 1097.4724174557668,
      "hydro_spill_cost_eur_per_mwh": 431.76918683250256,
      "overgen_spill_cost_eur_per_mwh": 5674.728975924003,
      "battery_cycle_cost_eur_per_mwh": 73.14202984614923,
      "pumped_cycle_cost_eur_per_mwh": 50.475484073264184
    },
    "tech_scalers": {
      "thermal_marg_cost": 3.445036472351093,
      "thermal_ramp_pct": 0.21729779485465472,
      "battery_roundtrip_eff": 0.8301664675138112,
      "battery_e_to_p_hours": 3.3198026934546325,
      "dr_max_shed_share": 0.34237502626296046,
      "dr_duration_hours": 5.883746492803241,
      "hydro_reservoir_head_eff": 1.0227893446301377,
      "battery_initial_soc_fraction": 0.5477474218896898,
      "battery_final_soc_tolerance": 0.13347955123965305,
      "battery_self_discharge_per_hour": 0.007302297449726721,
      "pumped_initial_level_fraction": 0.5952446890549143,
      "pumped_final_level_tolerance": 0.13432747663610772,
      "pumped_self_discharge_per_hour": 0.001020220773588168
    }
  }
}