{
  "id": "39d96ab3-e251-4e40-a4d5-7d7fa7a2db1f",
  "horizon_hours": 24,
  "dt_minutes": 15,
  "graph": {
    "regions": 4,
    "zones_per_region": [
      7,
      3,
      7,
      8
    ],
    "sites_per_zone": [
      2,
      7,
      7,
      6,
      3,
      3,
      7,
      4,
      4,
      3,
      6,
      8,
      3,
      5,
      2,
      3,
      7,
      4,
      2,
      8,
      4,
      3,
      8,
      5,
      8
    ],
    "intertie_density": 0.536367974223517,
    "neighbor_nations": 3
  },
  "assets": {
    "thermal_per_site": [
      0,
      0,
      0,
      0,
      0,
      3,
      1,
      0,
      3,
      2,
      1,
      3,
      0,
      1,
      1,
      3,
      2,
      3,
      1,
      0,
      0,
      1,
      3,
      1,
      0
    ],
    "solar_per_site": [
      2,
      2,
      1,
      3,
      3,
      2,
      2,
      3,
      2,
      2,
      3,
      3,
      1,
      2,
      1,
      1,
      2,
      2,
      2,
      1,
      3,
      3,
      1,
      3,
      1
    ],
    "wind_per_site": [
      1,
      3,
      3,
      3,
      2,
      1,
      2,
      1,
      1,
      2,
      3,
      3,
      1,
      3,
      2,
      2,
      1,
      1,
      2,
      1,
      3,
      1,
      3,
      1,
      2
    ],
    "battery_per_site": [
      2,
      1,
      2,
      1,
      2,
      2,
      2,
      0,
      0,
      2,
      0,
      2,
      2,
      2,
      1,
      1,
      0,
      0,
      2,
      2,
      2,
      0,
      2,
      2,
      0
    ],
    "dr_per_site": [
      2,
      0,
      2,
      0,
      1,
      1,
      1,
      1,
      2,
      1,
      2,
      0,
      0,
      0,
      0,
      0,
      2,
      2,
      2,
      1,
      1,
      1,
      0,
      0,
      1
    ],
    "nuclear_per_region": [
      0,
      0,
      1,
      0
    ],
    "hydro_reservoir_per_region": [
      1,
      3,
      2,
      3
    ],
    "hydro_ror_per_zone": [
      0,
      2,
      1,
      0,
      1,
      1,
      2,
      2,
      2,
      2,
      1,
      1,
      0,
      2,
      2,
      0,
      0,
      0,
      1,
      1,
      1,
      1,
      0,
      2,
      0
    ],
    "hydro_pumped_per_region": [
      1,
      1,
      0,
      1
    ]
  },
  "econ_policy": {
    "co2_price": 225.27617221995536,
    "price_cap": 1903.5093631663467,
    "cross_border_policy": "cap",
    "import_export_caps_factor": 0.8013275739097647
  },
  "tech": {
    "thermal_marg_cost": 14.294161520327524,
    "thermal_ramp_pct": 0.4051570789400844,
    "battery_roundtrip_eff": 0.8331563207542788,
    "battery_e_to_p_hours": 5.3899346954900835,
    "dr_max_shed_share": 0.34593088149974366,
    "dr_duration_hours": 1.622366439890354,
    "hydro_reservoir_head_eff": 0.901860833009652,
    "battery_initial_soc_fraction": 0.6292949729584014,
    "battery_final_soc_tolerance": 0.1495558484764093,
    "battery_self_discharge_per_hour": 0.005311802026503084,
    "pumped_initial_level_fraction": 0.4619488030001564,
    "pumped_final_level_tolerance": 0.056440017958724595,
    "pumped_self_discharge_per_hour": 0.0006710753401484293
  },
  "operation_costs": {
    "thermal_fuel_eur_per_mwh": 48.35541100466684,
    "nuclear_fuel_eur_per_mwh": 12.129757342175532,
    "demand_response_cost_eur_per_mwh": 658.9700335810637,
    "value_of_lost_load_eur_per_mwh": 11892.878083932526,
    "renewable_spill_cost_eur_per_mwh": 939.0506683011852,
    "hydro_spill_cost_eur_per_mwh": 334.78874336586483,
    "overgen_spill_cost_eur_per_mwh": 6981.363521073396,
    "battery_cycle_cost_eur_per_mwh": 110.45904647491369,
    "pumped_cycle_cost_eur_per_mwh": 79.86087938887957
  },
  "exogenous": {
    "weather_profile": "calm_winter",
    "weather_spread_intensity": 1.0663205619696643,
    "demand_profile": "wkend_flat",
    "demand_scale_factor": 0.7659547889302826,
    "inflow_factor": 0.6664872921648861,
    "zone_profile_variants": {
      "evening_peak": 0.28,
      "double_peak": 0.16,
      "office_peak": 0.2,
      "industrial": 0.14,
      "night_shift": 0.1,
      "residential_morning": 0.12
    },
    "zone_profile_mix_weight": [
      0.4,
      0.8
    ],
    "zone_profile_phase_shift_hours": [
      -2.5,
      2.5
    ],
    "zone_profile_noise_std": [
      0.02,
      0.06
    ],
    "zone_profile_curvature_exp": [
      0.9,
      1.18
    ],
    "region_weather": {
      "R1": {
        "weather_profile": "calm_winter",
        "weather_spread_intensity": 1.3615669956402643
      },
      "R2": {
        "weather_profile": "mixed",
        "weather_spread_intensity": 0.6341349313794019
      },
      "R3": {
        "weather_profile": "calm_winter",
        "weather_spread_intensity": 1.313988048161559
      },
      "R4": {
        "weather_profile": "stormy_winter",
        "weather_spread_intensity": 0.9555922726974321
      }
    }
  },
  "mip_gap_target_pct": 1.477120688663728,
  "estimates": {
    "vars_total": 121824,
    "cons_total": 158371,
    "est_cpu_hours": 2.2472132222222223
  },
  "meta": {
    "regions": 4,
    "zones": 25,
    "sites": 25,
    "intertie_density": 0.536367974223517,
    "neighbor_nations": 3,
    "assets": {
      "thermal": 29,
      "solar": 51,
      "wind": 48,
      "battery": 32,
      "dr": 23,
      "nuclear": 1,
      "hydro_reservoir": 9,
      "hydro_ror": 25,
      "hydro_pumped": 3
    },
    "demand_scale_factor": 0.7659547889302826,
    "zone_profile_variants": {
      "evening_peak": 0.28,
      "double_peak": 0.16,
      "office_peak": 0.2,
      "industrial": 0.14,
      "night_shift": 0.1,
      "residential_morning": 0.12
    },
    "zone_profile_mix_weight": [
      0.4,
      0.8
    ],
    "weather_profile": "calm_winter",
    "cross_border_policy": "cap",
    "price_cap": 1903.5093631663467,
    "co2_price": 225.27617221995536,
    "import_export_caps_factor": 0.8013275739097647,
    "operation_costs": {
      "thermal_fuel_eur_per_mwh": 48.35541100466684,
      "nuclear_fuel_eur_per_mwh": 12.129757342175532,
      "demand_response_cost_eur_per_mwh": 658.9700335810637,
      "value_of_lost_load_eur_per_mwh": 11892.878083932526,
      "renewable_spill_cost_eur_per_mwh": 939.0506683011852,
      "hydro_spill_cost_eur_per_mwh": 334.78874336586483,
      "overgen_spill_cost_eur_per_mwh": 6981.363521073396,
      "battery_cycle_cost_eur_per_mwh": 110.45904647491369,
      "pumped_cycle_cost_eur_per_mwh": 79.86087938887957
    },
    "tech_scalers": {
      "thermal_marg_cost": 14.294161520327524,
      "thermal_ramp_pct": 0.4051570789400844,
      "battery_roundtrip_eff": 0.8331563207542788,
      "battery_e_to_p_hours": 5.3899346954900835,
      "dr_max_shed_share": 0.34593088149974366,
      "dr_duration_hours": 1.622366439890354,
      "hydro_reservoir_head_eff": 0.901860833009652,
      "battery_initial_soc_fraction": 0.6292949729584014,
      "battery_final_soc_tolerance": 0.1495558484764093,
      "battery_self_discharge_per_hour": 0.005311802026503084,
      "pumped_initial_level_fraction": 0.4619488030001564,
      "pumped_final_level_tolerance": 0.056440017958724595,
      "pumped_self_discharge_per_hour": 0.0006710753401484293
    }
  },
  "flexibility_metrics": {
    "total_storage_power_mw": 2200.0,
    "total_storage_capacity_mwh": 13423.9,
    "battery_power_mw": 1600.0,
    "battery_capacity_mwh": 8623.9,
    "pumped_power_mw": 600.0,
    "pumped_capacity_mwh": 4800.0,
    "total_dr_capacity_mw": 3312.1,
    "total_ramp_up_mw_per_step": 893.7,
    "total_ramp_down_mw_per_step": 893.7,
    "thermal_flex_ratio": 0.568,
    "dr_duration_hours": 1.62,
    "battery_roundtrip_efficiency": 0.833
  },
  "difficulty_indicators": {
    "vre_penetration_pct": 39.05,
    "net_demand_volatility": 0.144,
    "peak_to_valley_ratio": 1.38,
    "estimated_milp_solve_time_seconds": 8090.0,
    "complexity_score": "very_hard",
    "n_binary_variables": 2784,
    "n_timesteps": 96,
    "n_zones": 25,