{
  "id": "25e65f24-3c00-4c26-bbda-281765281306",
  "horizon_hours": 24,
  "dt_minutes": 15,
  "graph": {
    "regions": 4,
    "zones_per_region": [
      3,
      4,
      4,
      7
    ],
    "sites_per_zone": [
      8,
      3,
      5,
      4,
      3,
      7,
      6,
      7,
      3,
      6,
      4,
      7,
      6,
      7,
      6,
      8,
      3,
      6
    ],
    "intertie_density": 0.31225136934555325,
    "neighbor_nations": 3
  },
  "assets": {
    "thermal_per_site": [
      2,
      0,
      2,
      0,
      0,
      1,
      2,
      3,
      3,
      2,
      3,
      1,
      2,
      0,
      1,
      1,
      3,
      0
    ],
    "solar_per_site": [
      3,
      3,
      1,
      1,
      2,
      1,
      2,
      1,
      3,
      2,
      2,
      2,
      1,
      1,
      1,
      3,
      1,
      1
    ],
    "wind_per_site": [
      2,
      3,
      1,
      2,
      3,
      2,
      1,
      2,
      2,
      1,
      1,
      2,
      2,
      2,
      1,
      2,
      2,
      2
    ],
    "battery_per_site": [
      1,
      1,
      2,
      2,
      2,
      2,
      2,
      0,
      2,
      0,
      0,
      1,
      0,
      0,
      0,
      2,
      0,
      1
    ],
    "dr_per_site": [
      1,
      1,
      1,
      0,
      0,
      0,
      2,
      0,
      2,
      2,
      0,
      0,
      2,
      0,
      2,
      2,
      0,
      2
    ],
    "nuclear_per_region": [
      1,
      2,
      1,
      2
    ],
    "hydro_reservoir_per_region": [
      2,
      0,
      3,
      3
    ],
    "hydro_ror_per_zone": [
      1,
      2,
      0,
      2,
      1,
      0,
      2,
      0,
      0,
      0,
      0,
      2,
      0,
      2,
      1,
      2,
      1,
      1
    ],
    "hydro_pumped_per_region": [
      1,
      2,
      0,
      2
    ]
  },
  "econ_policy": {
    "co2_price": 230.71307443329414,
    "price_cap": 2003.1771945532457,
    "cross_border_policy": "allow",
    "import_export_caps_factor": 0.8466327466363622
  },
  "tech": {
    "thermal_marg_cost": 11.801353745922846,
    "thermal_ramp_pct": 0.4153036155399809,
    "battery_roundtrip_eff": 0.9366884273908561,
    "battery_e_to_p_hours": 5.244286809531349,
    "dr_max_shed_share": 0.33491847450325163,
    "dr_duration_hours": 3.1050779458560513,
    "hydro_reservoir_head_eff": 0.8102804252688495,
    "battery_initial_soc_fraction": 0.3844146712883979,
    "battery_final_soc_tolerance": 0.16696855581626335,
    "battery_self_discharge_per_hour": 0.007716882826375717,
    "pumped_initial_level_fraction": 0.4220759021829848,
    "pumped_final_level_tolerance": 0.16336492756768944,
    "pumped_self_discharge_per_hour": 0.0018854579367629729
  },
  "operation_costs": {
    "thermal_fuel_eur_per_mwh": 71.35142897561576,
    "nuclear_fuel_eur_per_mwh": 10.5476729311005,
    "demand_response_cost_eur_per_mwh": 504.30429314331275,
    "value_of_lost_load_eur_per_mwh": 7092.739995685288,
    "renewable_spill_cost_eur_per_mwh": 1199.639061191766,
    "hydro_spill_cost_eur_per_mwh": 593.1719760773058,
    "overgen_spill_cost_eur_per_mwh": 2903.738425773939,
    "battery_cycle_cost_eur_per_mwh": 86.20630155629149,
    "pumped_cycle_cost_eur_per_mwh": 67.72432669578038
  },
  "exogenous": {
    "weather_profile": "sunny_summer",
    "weather_spread_intensity": 0.7797069136012469,
    "demand_profile": "cold_snap",
    "demand_scale_factor": 1.1931275424954226,
    "inflow_factor": 0.49912072642858074,
    "zone_profile_variants": {
      "evening_peak": 0.28,
      "double_peak": 0.16,
      "office_peak": 0.2,
      "industrial": 0.14,
      "night_shift": 0.1,
      "residential_morning": 0.12
    },
    "zone_profile_mix_weight": [
      0.4,
      0.8
    ],
    "zone_profile_phase_shift_hours": [
      -2.5,
      2.5
    ],
    "zone_profile_noise_std": [
      0.02,
      0.06
    ],
    "zone_profile_curvature_exp": [
      0.9,
      1.18
    ],
    "region_weather": {
      "R1": {
        "weather_profile": "overcast_summer",
        "weather_spread_intensity": 0.9960963076855318
      },
      "R2": {
        "weather_profile": "sunny_summer",
        "weather_spread_intensity": 0.5293179137509084
      },
      "R3": {
        "weather_profile": "stormy_winter",
        "weather_spread_intensity": 0.9938084370837805
      },
      "R4": {
        "weather_profile": "calm_winter",
        "weather_spread_intensity": 0.5996049958847667
      }
    }
  },
  "mip_gap_target_pct": 0.5122158911486416,
  "estimates": {
    "vars_total": 90048,
    "cons_total": 117062,
    "est_cpu_hours": 1.6801864444444443
  },
  "meta": {
    "regions": 4,
    "zones": 18,
    "sites": 18,
    "intertie_density": 0.31225136934555325,
    "neighbor_nations": 3,
    "assets": {
      "thermal": 26,
      "solar": 31,
      "wind": 33,
      "battery": 18,
      "dr": 17,
      "nuclear": 6,
      "hydro_reservoir": 8,
      "hydro_ror": 17,
      "hydro_pumped": 5
    },
    "demand_scale_factor": 1.1931275424954226,
    "zone_profile_variants": {
      "evening_peak": 0.28,
      "double_peak": 0.16,
      "office_peak": 0.2,
      "industrial": 0.14,
      "night_shift": 0.1,
      "residential_morning": 0.12
    },
    "zone_profile_mix_weight": [
      0.4,
      0.8
    ],
    "weather_profile": "sunny_summer",
    "cross_border_policy": "allow",
    "price_cap": 2003.1771945532457,
    "co2_price": 230.71307443329414,
    "import_export_caps_factor": 0.8466327466363622,
    "operation_costs": {
      "thermal_fuel_eur_per_mwh": 71.35142897561576,
      "nuclear_fuel_eur_per_mwh": 10.5476729311005,
      "demand_response_cost_eur_per_mwh": 504.30429314331275,
      "value_of_lost_load_eur_per_mwh": 7092.739995685288,
      "renewable_spill_cost_eur_per_mwh": 1199.639061191766,
      "hydro_spill_cost_eur_per_mwh": 593.1719760773058,
      "overgen_spill_cost_eur_per_mwh": 2903.738425773939,
      "battery_cycle_cost_eur_per_mwh": 86.20630155629149,
      "pumped_cycle_cost_eur_per_mwh": 67.72432669578038
    },
    "tech_scalers": {
      "thermal_marg_cost": 11.801353745922846,
      "thermal_ramp_pct": 0.4153036155399809,
      "battery_roundtrip_eff": 0.9366884273908561,
      "battery_e_to_p_hours": 5.244286809531349,
      "dr_max_shed_share": 0.33491847450325163,
      "dr_duration_hours": 3.1050779458560513,
      "hydro_reservoir_head_eff": 0.8102804252688495,
      "battery_initial_soc_fraction": 0.3844146712883979,
      "battery_final_soc_tolerance": 0.16696855581626335,
      "battery_self_discharge_per_hour": 0.007716882826375717,
      "pumped_initial_level_fraction": 0.4220759021829848,
      "pumped_final_level_tolerance": 0.16336492756768944,
      "pumped_self_discharge_per_hour": 0.0018854579367629729
    }
  },
  "flexibility_metrics": {
    "total_storage_power_mw": 1900.0,
    "total_storage_capacity_mwh": 12719.9,
    "battery_power_mw": 900.0,
    "battery_capacity_mwh": 4719.9,
    "pumped_power_mw": 1000.0,
    "pumped_capacity_mwh": 8000.0,
    "total_dr_capacity_mw": 3596.4,
    "total_ramp_up_mw_per_step": 884.8,
    "total_ramp_down_mw_per_step": 884.8,
    "thermal_flex_ratio": 0.398,
    "dr_duration_hours": 3.11,
    "battery_roundtrip_efficiency": 0.937
  },
  "difficulty_indicators": {
    "vre_penetration_pct": 27.52,
    "net_demand_volatility": 0.297,
    "peak_to_valley_ratio": 2.15,
    "estimated_milp_solve_time_seconds": 6048.7,
    "complexity_score": "hard",
    "n_binary_variables": 2496,
    "n_timesteps": 96,
    "n_zones": 18,
    "weather_profile": "sunny_summer",
    "demand_profile": "cold_snap"
  }
}