{
  "id": "24281028-e7b9-45d6-854a-be8cda61e1b8",
  "horizon_hours": 24,
  "dt_minutes": 15,
  "graph": {
    "regions": 3,
    "zones_per_region": [
      4,
      4,
      8
    ],
    "sites_per_zone": [
      2,
      8,
      3,
      6,
      8,
      8,
      3,
      6,
      3,
      4,
      5,
      4,
      5,
      6,
      2,
      3
    ],
    "intertie_density": 0.40683969956441246,
    "neighbor_nations": 2
  },
  "assets": {
    "thermal_per_site": [
      3,
      3,
      0,
      0,
      2,
      3,
      1,
      0,
      2,
      0,
      3,
      3,
      2,
      2,
      3,
      1
    ],
    "solar_per_site": [
      3,
      2,
      2,
      2,
      3,
      1,
      1,
      3,
      2,
      2,
      3,
      1,
      3,
      1,
      1,
      2
    ],
    "wind_per_site": [
      3,
      2,
      3,
      2,
      1,
      3,
      2,
      1,
      1,
      2,
      3,
      1,
      1,
      1,
      3,
      2
    ],
    "battery_per_site": [
      2,
      0,
      0,
      0,
      0,
      1,
      1,
      0,
      0,
      2,
      0,
      2,
      0,
      0,
      2,
      0
    ],
    "dr_per_site": [
      1,
      0,
      1,
      2,
      1,
      0,
      2,
      2,
      0,
      1,
      1,
      1,
      0,
      2,
      2,
      2
    ],
    "nuclear_per_region": [
      1,
      0,
      1
    ],
    "hydro_reservoir_per_region": [
      1,
      2,
      1
    ],
    "hydro_ror_per_zone": [
      2,
      2,
      2,
      1,
      1,
      0,
      2,
      2,
      1,
      1,
      1,
      0,
      2,
      2,
      0,
      0
    ],
    "hydro_pumped_per_region": [
      1,
      0,
      1
    ]
  },
  "econ_policy": {
    "co2_price": 73.9523172828377,
    "price_cap": 1989.220575977846,
    "cross_border_policy": "block",
    "import_export_caps_factor": 0.9255906367459363
  },
  "tech": {
    "thermal_marg_cost": 2.5383776335243713,
    "thermal_ramp_pct": 0.16351978269832582,
    "battery_roundtrip_eff": 0.8837592461548803,
    "battery_e_to_p_hours": 4.826138946784606,
    "dr_max_shed_share": 0.10481384166891738,
    "dr_duration_hours": 2.3574761816721272,
    "hydro_reservoir_head_eff": 0.8985820940692034,
    "battery_initial_soc_fraction": 0.6001668033768646,
    "battery_final_soc_tolerance": 0.0866830411535941,
    "battery_self_discharge_per_hour": 0.00954432397666665,
    "pumped_initial_level_fraction": 0.6930970169448039,
    "pumped_final_level_tolerance": 0.17254897756785553,
    "pumped_self_discharge_per_hour": 0.0015519535849156769
  },
  "operation_costs": {
    "thermal_fuel_eur_per_mwh": 45.33499853443913,
    "nuclear_fuel_eur_per_mwh": 8.92267120637375,
    "demand_response_cost_eur_per_mwh": 438.7374432988705,
    "value_of_lost_load_eur_per_mwh": 8742.507843710573,
    "renewable_spill_cost_eur_per_mwh": 1952.962816628107,
    "hydro_spill_cost_eur_per_mwh": 1102.8706771970105,
    "overgen_spill_cost_eur_per_mwh": 6646.779064049381,
    "battery_cycle_cost_eur_per_mwh": 78.23622283553138,
    "pumped_cycle_cost_eur_per_mwh": 46.51890899279402
  },
  "exogenous": {
    "weather_profile": "sunny_summer",
    "weather_spread_intensity": 1.010785639525133,
    "demand_profile": "wkend_flat",
    "demand_scale_factor": 0.6897002839447739,
    "inflow_factor": 1.4167130939869894,
    "zone_profile_variants": {
      "evening_peak": 0.28,
      "double_peak": 0.16,
      "office_peak": 0.2,
      "industrial": 0.14,
      "night_shift": 0.1,
      "residential_morning": 0.12
    },
    "zone_profile_mix_weight": [
      0.4,
      0.8
    ],
    "zone_profile_phase_shift_hours": [
      -2.5,
      2.5
    ],
    "zone_profile_noise_std": [
      0.02,
      0.06
    ],
    "zone_profile_curvature_exp": [
      0.9,
      1.18
    ],
    "region_weather": {
      "R1": {
        "weather_profile": "overcast_summer",
        "weather_spread_intensity": 0.9020974373735643
      },
      "R2": {
        "weather_profile": "stormy_winter",
        "weather_spread_intensity": 0.7746703224443128
      },
      "R3": {
        "weather_profile": "sunny_summer",
        "weather_spread_intensity": 1.3555891587575215
      }
    }
  },
  "mip_gap_target_pct": 1.4490205520440607,
  "estimates": {
    "vars_total": 80064,
    "cons_total": 104083,
    "est_cpu_hours": 1.5020292222222225
  },
  "meta": {
    "regions": 3,
    "zones": 16,
    "sites": 16,
    "intertie_density": 0.40683969956441246,
    "neighbor_nations": 2,
    "assets": {
      "thermal": 28,
      "solar": 32,
      "wind": 31,
      "battery": 10,
      "dr": 18,
      "nuclear": 2,
      "hydro_reservoir": 4,
      "hydro_ror": 19,
      "hydro_pumped": 2
    },
    "demand_scale_factor": 0.6897002839447739,
    "zone_profile_variants": {
      "evening_peak": 0.28,
      "double_peak": 0.16,
      "office_peak": 0.2,
      "industrial": 0.14,
      "night_shift": 0.1,
      "residential_morning": 0.12
    },
    "zone_profile_mix_weight": [
      0.4,
      0.8
    ],
    "weather_profile": "sunny_summer",
    "cross_border_policy": "block",
    "price_cap": 1989.220575977846,
    "co2_price": 73.9523172828377,
    "import_export_caps_factor": 0.9255906367459363,
    "operation_costs": {
      "thermal_fuel_eur_per_mwh": 45.33499853443913,
      "nuclear_fuel_eur_per_mwh": 8.92267120637375,
      "demand_response_cost_eur_per_mwh": 438.7374432988705,
      "value_of_lost_load_eur_per_mwh": 8742.507843710573,
      "renewable_spill_cost_eur_per_mwh": 1952.962816628107,
      "hydro_spill_cost_eur_per_mwh": 1102.8706771970105,
      "overgen_spill_cost_eur_per_mwh": 6646.779064049381,
      "battery_cycle_cost_eur_per_mwh": 78.23622283553138,
      "pumped_cycle_cost_eur_per_mwh": 46.51890899279402
    },
    "tech_scalers": {
      "thermal_marg_cost": 2.5383776335243713,
      "thermal_ramp_pct": 0.16351978269832582,
      "battery_roundtrip_eff": 0.8837592461548803,
      "battery_e_to_p_hours": 4.826138946784606,
      "dr_max_shed_share": 0.10481384166891738,
      "dr_duration_hours": 2.3574761816721272,
      "hydro_reservoir_head_eff": 0.8985820940692034,
      "battery_initial_soc_fraction": 0.6001668033768646,
      "battery_final_soc_tolerance": 0.0866830411535941,
      "battery_self_discharge_per_hour": 0.00954432397666665,
      "pumped_initial_level_fraction": 0.6930970169448039,
      "pumped_final_level_tolerance": 0.17254897756785553,
      "pumped_self_discharge_per_hour": 0.0015519535849156769
    }
  },
  "flexibility_metrics": {
    "total_storage_power_mw": 900.0,
    "total_storage_capacity_mwh": 5613.1,
    "battery_power_mw": 500.0,
    "battery_capacity_mwh": 2413.1,
    "pumped_power_mw": 400.0,
    "pumped_capacity_mwh": 3200.0,
    "total_dr_capacity_mw": 578.3,
    "total_ramp_up_mw_per_step": 368.4,
    "total_ramp_down_mw_per_step": 368.4,
    "thermal_flex_ratio": 0.142,
    "dr_duration_hours": 2.36,
    "battery_roundtrip_efficiency": 0.884
  },
  "difficulty_indicators": {
    "vre_penetration_pct": 32.64,
    "net_demand_volatility": 0.234,
    "peak_to_valley_ratio": 1.24,
    "estimated_milp_solve_time_seconds": 5407.3,
    "complexity_score": "hard",
    "n_binary_variables": 2688,
    "n_timesteps": 96,
    "n_zones": 16,
    "weather_profile": "sunny_summer",
    "demand_profile": "wkend_flat"
  }
}