{
  "id": "37a4cebc-2b28-4bea-9798-d9b5a06e85b0",
  "horizon_hours": 24,
  "dt_minutes": 15,
  "graph": {
    "regions": 3,
    "zones_per_region": [
      3,
      5,
      3
    ],
    "sites_per_zone": [
      5,
      6,
      6,
      7,
      4,
      6,
      6,
      3,
      8,
      5,
      5
    ],
    "intertie_density": 0.2868203245122214,
    "neighbor_nations": 2
  },
  "assets": {
    "thermal_per_site": [
      3,
      1,
      1,
      2,
      1,
      0,
      3,
      1,
      0,
      1,
      0
    ],
    "solar_per_site": [
      1,
      1,
      2,
      2,
      1,
      1,
      1,
      3,
      1,
      1,
      1
    ],
    "wind_per_site": [
      1,
      2,
      3,
      1,
      3,
      2,
      3,
      3,
      2,
      2,
      1
    ],
    "battery_per_site": [
      0,
      2,
      2,
      0,
      2,
      0,
      1,
      1,
      0,
      2,
      0
    ],
    "dr_per_site": [
      0,
      1,
      2,
      1,
      2,
      0,
      2,
      2,
      2,
      0,
      1
    ],
    "nuclear_per_region": [
      2,
      1,
      1
    ],
    "hydro_reservoir_per_region": [
      2,
      1,
      3
    ],
    "hydro_ror_per_zone": [
      2,
      2,
      2,
      1,
      2,
      2,
      2,
      1,
      2,
      2,
      0
    ],
    "hydro_pumped_per_region": [
      0,
      1,
      1
    ]
  },
  "econ_policy": {
    "co2_price": 148.79183035195575,
    "price_cap": 844.0508523794707,
    "cross_border_policy": "allow",
    "import_export_caps_factor": 0.921015147498523
  },
  "tech": {
    "thermal_marg_cost": 7.750314252121408,
    "thermal_ramp_pct": 0.3709643201081073,
    "battery_roundtrip_eff": 0.7956925116581286,
    "battery_e_to_p_hours": 4.3234640318085,
    "dr_max_shed_share": 0.34880221346464657,
    "dr_duration_hours": 4.5639867307446345,
    "hydro_reservoir_head_eff": 0.9985657086059225,
    "battery_initial_soc_fraction": 0.3713531844406802,
    "battery_final_soc_tolerance": 0.05838317322151713,
    "battery_self_discharge_per_hour": 0.0077321964867761795,
    "pumped_initial_level_fraction": 0.5396885839414238,
    "pumped_final_level_tolerance": 0.07197725531458175,
    "pumped_self_discharge_per_hour": 0.0010516003706912435
  },
  "operation_costs": {
    "thermal_fuel_eur_per_mwh": 76.11794399642015,
    "nuclear_fuel_eur_per_mwh": 11.813673626735362,
    "demand_response_cost_eur_per_mwh": 747.4083328911265,
    "value_of_lost_load_eur_per_mwh": 8607.480746614816,
    "renewable_spill_cost_eur_per_mwh": 1919.7426455451168,
    "hydro_spill_cost_eur_per_mwh": 526.3356397813761,
    "overgen_spill_cost_eur_per_mwh": 3403.40380266008,
    "battery_cycle_cost_eur_per_mwh": 106.61723631904732,
    "pumped_cycle_cost_eur_per_mwh": 58.53209034264112
  },
  "exogenous": {
    "weather_profile": "sunny_summer",
    "weather_spread_intensity": 0.8072773029131429,
    "demand_profile": "heatwave",
    "demand_scale_factor": 1.0247389972044276,
    "inflow_factor": 0.7724852482472568,
    "zone_profile_variants": {
      "evening_peak": 0.28,
      "double_peak": 0.16,
      "office_peak": 0.2,
      "industrial": 0.14,
      "night_shift": 0.1,
      "residential_morning": 0.12
    },
    "zone_profile_mix_weight": [
      0.4,
      0.8
    ],
    "zone_profile_phase_shift_hours": [
      -2.5,
      2.5
    ],
    "zone_profile_noise_std": [
      0.02,
      0.06
    ],
    "zone_profile_curvature_exp": [
      0.9,
      1.18
    ],
    "region_weather": {
      "R1": {
        "weather_profile": "sunny_summer",
        "weather_spread_intensity": 0.6092866573787536
      },
      "R2": {
        "weather_profile": "stormy_winter",
        "weather_spread_intensity": 1.273598113142154
      },
      "R3": {
        "weather_profile": "sunny_summer",
        "weather_spread_intensity": 0.5389471382185207
      }
    }
  },
  "mip_gap_target_pct": 0.8051673248280213,
  "estimates": {
    "vars_total": 55776,
    "cons_total": 72508,
    "est_cpu_hours": 1.0686182222222222
  },
  "meta": {
    "regions": 3,
    "zones": 11,
    "sites": 11,
    "intertie_density": 0.2868203245122214,
    "neighbor_nations": 2,
    "assets": {
      "thermal": 13,
      "solar": 15,
      "wind": 23,
      "battery": 10,
      "dr": 13,
      "nuclear": 4,
      "hydro_reservoir": 6,
      "hydro_ror": 18,
      "hydro_pumped": 2
    },
    "demand_scale_factor": 1.0247389972044276,
    "zone_profile_variants": {
      "evening_peak": 0.28,
      "double_peak": 0.16,
      "office_peak": 0.2,
      "industrial": 0.14,
      "night_shift": 0.1,
      "residential_morning": 0.12
    },
    "zone_profile_mix_weight": [
      0.4,
      0.8
    ],
    "weather_profile": "sunny_summer",
    "cross_border_policy": "allow",
    "price_cap": 844.0508523794707,
    "co2_price": 148.79183035195575,
    "import_export_caps_factor": 0.921015147498523,
    "operation_costs": {
      "thermal_fuel_eur_per_mwh": 76.11794399642015,
      "nuclear_fuel_eur_per_mwh": 11.813673626735362,
      "demand_response_cost_eur_per_mwh": 747.4083328911265,
      "value_of_lost_load_eur_per_mwh": 8607.480746614816,
      "renewable_spill_cost_eur_per_mwh": 1919.7426455451168,
      "hydro_spill_cost_eur_per_mwh": 526.3356397813761,
      "overgen_spill_cost_eur_per_mwh": 3403.40380266008,
      "battery_cycle_cost_eur_per_mwh": 106.61723631904732,
      "pumped_cycle_cost_eur_per_mwh": 58.53209034264112
    },
    "tech_scalers": {
      "thermal_marg_cost": 7.750314252121408,
      "thermal_ramp_pct": 0.3709643201081073,
      "battery_roundtrip_eff": 0.7956925116581286,
      "battery_e_to_p_hours": 4.3234640318085,
      "dr_max_shed_share": 0.34880221346464657,
      "dr_duration_hours": 4.5639867307446345,
      "hydro_reservoir_head_eff": 0.9985657086059225,
      "battery_initial_soc_fraction": 0.3713531844406802,
      "battery_final_soc_tolerance": 0.05838317322151713,
      "battery_self_discharge_per_hour": 0.0077321964867761795,
      "pumped_initial_level_fraction": 0.5396885839414238,
      "pumped_final_level_tolerance": 0.07197725531458175,
      "pumped_self_discharge_per_hour": 0.0010516003706912435
    }
  },
  "flexibility_metrics": {
    "total_storage_power_mw": 900.0,
    "total_storage_capacity_mwh": 5361.7,
    "battery_power_mw": 500.0,
    "battery_capacity_mwh": 2161.7,
    "pumped_power_mw": 400.0,
    "pumped_capacity_mwh": 3200.0,
    "total_dr_capacity_mw": 1965.9,
    "total_ramp_up_mw_per_step": 411.7,
    "total_ramp_down_mw_per_step": 411.7,
    "thermal_flex_ratio": 0.363,
    "dr_duration_hours": 4.56,
    "battery_roundtrip_efficiency": 0.796
  },
  "difficulty_indicators": {
    "vre_penetration_pct": 25.45,
    "net_demand_volatility": 0.311,
    "peak_to_valley_ratio": 1.84,
    "estimated_milp_solve_time_seconds": 3847.0,
    "complexity_score": "medium",
    "n_binary_variables": 1248,
    "n_timesteps": 96,
    "n_zones": 11,
    "weather_profile": "sunny_summer",
    "demand_profile": "heatwave"
  }
}