{
  "id": "42658649-bd73-4f5b-9818-760cce3a3113",
  "horizon_hours": 24,
  "dt_minutes": 15,
  "graph": {
    "regions": 4,
    "zones_per_region": [
      9,
      2,
      5,
      4
    ],
    "sites_per_zone": [
      4,
      2,
      8,
      10,
      7,
      7,
      4,
      6,
      9,
      10,
      5,
      2,
      3,
      5,
      7,
      9,
      5,
      3,
      4,
      2
    ],
    "intertie_density": 0.2159577894737068,
    "neighbor_nations": 3
  },
  "assets": {
    "thermal_per_site": [
      3,
      2,
      3,
      2,
      1,
      2,
      0,
      0,
      3,
      2,
      0,
      2,
      3,
      0,
      3,
      2,
      2,
      0,
      3,
      0
    ],
    "solar_per_site": [
      1,
      1,
      3,
      3,
      3,
      2,
      2,
      3,
      1,
      3,
      2,
      3,
      2,
      1,
      3,
      1,
      3,
      3,
      3,
      1
    ],
    "wind_per_site": [
      2,
      3,
      1,
      2,
      2,
      2,
      1,
      2,
      1,
      1,
      3,
      1,
      3,
      1,
      2,
      2,
      2,
      2,
      3,
      3
    ],
    "battery_per_site": [
      2,
      0,
      1,
      2,
      1,
      1,
      2,
      0,
      2,
      0,
      2,
      0,
      1,
      2,
      2,
      2,
      1,
      0,
      2,
      0
    ],
    "dr_per_site": [
      2,
      1,
      0,
      0,
      0,
      2,
      2,
      0,
      0,
      1,
      1,
      0,
      2,
      1,
      1,
      2,
      1,
      2,
      2,
      1
    ],
    "nuclear_per_region": [
      0,
      0,
      0,
      1
    ],
    "hydro_reservoir_per_region": [
      2,
      3,
      2,
      3
    ],
    "hydro_ror_per_zone": [
      0,
      1,
      1,
      0,
      0,
      1,
      0,
      1,
      0,
      1,
      0,
      1,
      1,
      0,
      2,
      1,
      2,
      1,
      0,
      2
    ],
    "hydro_pumped_per_region": [
      0,
      1,
      0,
      1
    ]
  },
  "econ_policy": {
    "co2_price": 53.85855103858377,
    "price_cap": 2096.5890498743775,
    "cross_border_policy": "block",
    "import_export_caps_factor": 0.5451724918964423
  },
  "tech": {
    "thermal_marg_cost": 11.76426164245584,
    "thermal_ramp_pct": 0.3318846173100949,
    "battery_roundtrip_eff": 0.8979964182409528,
    "battery_e_to_p_hours": 5.942512544925077,
    "dr_max_shed_share": 0.22516451927396303,
    "dr_duration_hours": 2.283920480533917,
    "hydro_reservoir_head_eff": 0.7759763658381704,
    "battery_initial_soc_fraction": 0.3674550875410234,
    "battery_final_soc_tolerance": 0.08675775508348077,
    "battery_self_discharge_per_hour": 0.003968811896275806,
    "pumped_initial_level_fraction": 0.5013371978793129,
    "pumped_final_level_tolerance": 0.06548322520360679,
    "pumped_self_discharge_per_hour": 0.0029439730890739742
  },
  "operation_costs": {
    "thermal_fuel_eur_per_mwh": 70.69460575437617,
    "nuclear_fuel_eur_per_mwh": 26.476664076087225,
    "thermal_startup_cost_eur": 1728.8936328010238,
    "nuclear_startup_cost_eur": 46291.35268991304,
    "demand_response_cost_eur_per_mwh": 931.6006455599734,
    "value_of_lost_load_eur_per_mwh": 7759.154881857681,
    "renewable_spill_cost_eur_per_mwh": 1836.6162799189178,
    "hydro_spill_cost_eur_per_mwh": 442.78560706411076,
    "overgen_spill_cost_eur_per_mwh": 2275.863951592806,
    "battery_cycle_cost_eur_per_mwh": 147.99417073243904,
    "pumped_cycle_cost_eur_per_mwh": 54.69250872361158
  },
  "exogenous": {
    "weather_profile": "overcast_summer",
    "weather_spread_intensity": 0.9130690926823692,
    "demand_profile": "heatwave",
    "demand_scale_factor": 0.9533983536888122,
    "inflow_factor": 1.1047737210820525,
    "zone_profile_variants": {
      "evening_peak": 0.28,
      "double_peak": 0.16,
      "office_peak": 0.2,
      "industrial": 0.14,
      "night_shift": 0.1,
      "residential_morning": 0.12
    },
    "zone_profile_mix_weight": [
      0.4,
      0.8
    ],
    "zone_profile_phase_shift_hours": [
      -2.5,
      2.5
    ],
    "zone_profile_noise_std": [
      0.02,
      0.06
    ],
    "zone_profile_curvature_exp": [
      0.9,
      1.18
    ],
    "region_weather": {
      "R1": {
        "weather_profile": "overcast_summer",
        "weather_spread_intensity": 0.8158209913314565
      },
      "R2": {
        "weather_profile": "overcast_summer",
        "weather_spread_intensity": 0.993156614250066
      },
      "R3": {
        "weather_profile": "overcast_summer",
        "weather_spread_intensity": 0.8264607736327699
      },
      "R4": {
        "weather_profile": "calm_winter",
        "weather_spread_intensity": 1.0168379915151848
      }
    }
  },
  "mip_gap_target_pct": 1.2543487576976426,
  "estimates": {
    "vars_total": 101760,
    "cons_total": 132288,
    "est_cpu_hours": 1.8891840000000004
  },
  "meta": {
    "regions": 4,
    "zones": 20,
    "sites": 20,
    "intertie_density": 0.2159577894737068,
    "neighbor_nations": 3,
    "assets": {
      "thermal": 33,
      "solar": 44,
      "wind": 39,
      "battery": 23,
      "dr": 21,
      "nuclear": 1,
      "hydro_reservoir": 10,
      "hydro_ror": 15,
      "hydro_pumped": 2
    },
    "demand_scale_factor": 0.9533983536888122,
    "zone_profile_variants": {
      "evening_peak": 0.28,
      "double_peak": 0.16,
      "office_peak": 0.2,
      "industrial": 0.14,
      "night_shift": 0.1,
      "residential_morning": 0.12
    },
    "zone_profile_mix_weight": [
      0.4,
      0.8
    ],
    "weather_profile": "overcast_summer",
    "cross_border_policy": "block",
    "price_cap": 2096.5890498743775,
    "co2_price": 53.85855103858377,
    "import_export_caps_factor": 0.5451724918964423,
    "operation_costs": {
      "thermal_fuel_eur_per_mwh": 70.69460575437617,
      "nuclear_fuel_eur_per_mwh": 26.476664076087225,
      "thermal_startup_cost_eur": 1728.8936328010238,
      "nuclear_startup_cost_eur": 46291.35268991304,
      "demand_response_cost_eur_per_mwh": 931.6006455599734,
      "value_of_lost_load_eur_per_mwh": 7759.154881857681,
      "renewable_spill_cost_eur_per_mwh": 1836.6162799189178,
      "hydro_spill_cost_eur_per_mwh": 442.78560706411076,
      "overgen_spill_cost_eur_per_mwh": 2275.863951592806,
      "battery_cycle_cost_eur_per_mwh": 147.99417073243904,
      "pumped_cycle_cost_eur_per_mwh": 54.69250872361158
    },
    "tech_scalers": {
      "thermal_marg_cost": 11.76426164245584,
      "thermal_ramp_pct": 0.3318846173100949,
      "battery_roundtrip_eff": 0.8979964182409528,
      "battery_e_to_p_hours": 5.942512544925077,
      "dr_max_shed_share": 0.22516451927396303,
      "dr_duration_hours": 2.283920480533917,
      "hydro_reservoir_head_eff": 0.7759763658381704,
      "battery_initial_soc_fraction": 0.3674550875410234,
      "battery_final_soc_tolerance": 0.08675775508348077,
      "battery_self_discharge_per_hour": 0.003968811896275806,
      "pumped_initial_level_fraction": 0.5013371978793129,
      "pumped_final_level_tolerance": 0.06548322520360679,
      "pumped_self_discharge_per_hour": 0.0029439730890739742
    }
  },
  "flexibility_metrics": {
    "total_storage_power_mw": 1550.0,
    "total_storage_capacity_mwh": 10033.9,
    "battery_power_mw": 1150.0,
    "battery_capacity_mwh": 6833.9,
    "pumped_power_mw": 400.0,
    "pumped_capacity_mwh": 3200.0,
    "total_dr_capacity_mw": 2146.7,
    "total_ramp_up_mw_per_step": 833.9,
    "total_ramp_down_mw_per_step": 833.9,
    "thermal_flex_ratio": 0.339,
    "dr_duration_hours": 2.28,
    "battery_roundtrip_efficiency": 0.898
  },
  "difficulty_indicators": {
    "vre_penetration_pct": 35.16,
    "net_demand_volatility": 0.242,
    "peak_to_valley_ratio": 1.72,
    "estimated_milp_solve_time_seconds": 6801.1,
    "complexity_score": "hard",
    "n_binary_variables": 3168,
    "n_timesteps": 96,
    "n_zones": 20,
    "weather_profile": "overcast_summer",
    "demand_profile": "heatwave"
  }
}