{
  "id": "db44f8dc-ac3b-43fe-9197-55667d9540cd",
  "horizon_hours": 24,
  "dt_minutes": 15,
  "graph": {
    "regions": 4,
    "zones_per_region": [
      4,
      4,
      5,
      9
    ],
    "sites_per_zone": [
      2,
      7,
      7,
      7,
      6,
      6,
      5,
      2,
      4,
      5,
      8,
      6,
      4,
      2,
      4,
      5,
      3,
      2,
      8,
      6,
      3,
      2
    ],
    "intertie_density": 0.3349127264292445,
    "neighbor_nations": 2
  },
  "assets": {
    "thermal_per_site": [
      1,
      2,
      2,
      0,
      3,
      2,
      0,
      1,
      2,
      1,
      2,
      1,
      3,
      3,
      2,
      0,
      1,
      3,
      2,
      2,
      3,
      0
    ],
    "solar_per_site": [
      3,
      1,
      3,
      2,
      2,
      2,
      1,
      1,
      2,
      3,
      1,
      3,
      2,
      1,
      1,
      3,
      3,
      3,
      2,
      3,
      3,
      1
    ],
    "wind_per_site": [
      2,
      1,
      2,
      3,
      2,
      1,
      1,
      2,
      3,
      3,
      1,
      2,
      1,
      1,
      1,
      1,
      1,
      3,
      1,
      2,
      3,
      1
    ],
    "battery_per_site": [
      1,
      2,
      0,
      2,
      0,
      0,
      1,
      0,
      0,
      2,
      1,
      0,
      1,
      1,
      2,
      2,
      1,
      1,
      1,
      2,
      2,
      2
    ],
    "dr_per_site": [
      0,
      2,
      2,
      2,
      2,
      1,
      0,
      2,
      1,
      0,
      1,
      2,
      1,
      1,
      0,
      1,
      0,
      2,
      2,
      0,
      2,
      2
    ],
    "nuclear_per_region": [
      2,
      2,
      0,
      2
    ],
    "hydro_reservoir_per_region": [
      0,
      0,
      3,
      0
    ],
    "hydro_ror_per_zone": [
      1,
      1,
      0,
      2,
      1,
      0,
      0,
      1,
      0,
      0,
      2,
      1,
      1,
      0,
      1,
      0,
      1,
      0,
      0,
      0,
      0,
      0
    ],
    "hydro_pumped_per_region": [
      0,
      1,
      0,
      0
    ]
  },
  "econ_policy": {
    "co2_price": 231.35240007086466,
    "price_cap": 1412.5862576014051,
    "cross_border_policy": "allow",
    "import_export_caps_factor": 0.8472036986164541
  },
  "tech": {
    "thermal_marg_cost": 14.746960767798848,
    "thermal_ramp_pct": 0.09720260887293795,
    "battery_roundtrip_eff": 0.8277136640851801,
    "battery_e_to_p_hours": 2.9764809743276457,
    "dr_max_shed_share": 0.18294752368033257,
    "dr_duration_hours": 2.3099820188319846,
    "hydro_reservoir_head_eff": 0.9175350761481984,
    "battery_initial_soc_fraction": 0.35695799432481845,
    "battery_final_soc_tolerance": 0.06803349629022967,
    "battery_self_discharge_per_hour": 0.002188244390109475,
    "pumped_initial_level_fraction": 0.5030699382937506,
    "pumped_final_level_tolerance": 0.05406019708867037,
    "pumped_self_discharge_per_hour": 0.0011943804250921833
  },
  "operation_costs": {
    "thermal_fuel_eur_per_mwh": 71.7229152737981,
    "nuclear_fuel_eur_per_mwh": 14.480194387961985,
    "demand_response_cost_eur_per_mwh": 642.1390613351551,
    "value_of_lost_load_eur_per_mwh": 10399.185248775368,
    "renewable_spill_cost_eur_per_mwh": 1980.8984251827858,
    "hydro_spill_cost_eur_per_mwh": 798.8506223211167,
    "overgen_spill_cost_eur_per_mwh": 6646.811331248197,
    "battery_cycle_cost_eur_per_mwh": 102.74712337064909,
    "pumped_cycle_cost_eur_per_mwh": 74.75376983363479
  },
  "exogenous": {
    "weather_profile": "calm_winter",
    "weather_spread_intensity": 0.8387816595097989,
    "demand_profile": "wkday_peak",
    "demand_scale_factor": 0.7425183330797908,
    "inflow_factor": 0.890434188449654,
    "zone_profile_variants": {
      "evening_peak": 0.28,
      "double_peak": 0.16,
      "office_peak": 0.2,
      "industrial": 0.14,
      "night_shift": 0.1,
      "residential_morning": 0.12
    },
    "zone_profile_mix_weight": [
      0.4,
      0.8
    ],
    "zone_profile_phase_shift_hours": [
      -2.5,
      2.5
    ],
    "zone_profile_noise_std": [
      0.02,
      0.06
    ],
    "zone_profile_curvature_exp": [
      0.9,
      1.18
    ],
    "region_weather": {
      "R1": {
        "weather_profile": "calm_winter",
        "weather_spread_intensity": 0.570270346551034
      },
      "R2": {
        "weather_profile": "calm_winter",
        "weather_spread_intensity": 0.5102217533717422
      },
      "R3": {
        "weather_profile": "overcast_summer",
        "weather_spread_intensity": 1.1873442089108612
      },
      "R4": {
        "weather_profile": "mixed",
        "weather_spread_intensity": 1.087290329205558
      }
    }
  },
  "mip_gap_target_pct": 0.8629847933820172,
  "estimates": {
    "vars_total": 109248,
    "cons_total": 142022,
    "est_cpu_hours": 2.022799777777778
  },
  "meta": {
    "regions": 4,
    "zones": 22,
    "sites": 22,
    "intertie_density": 0.3349127264292445,
    "neighbor_nations": 2,
    "assets": {
      "thermal": 36,
      "solar": 46,
      "wind": 38,
      "battery": 24,
      "dr": 26,
      "nuclear": 6,
      "hydro_reservoir": 3,
      "hydro_ror": 12,
      "hydro_pumped": 1
    },
    "demand_scale_factor": 0.7425183330797908,
    "zone_profile_variants": {
      "evening_peak": 0.28,
      "double_peak": 0.16,
      "office_peak": 0.2,
      "industrial": 0.14,
      "night_shift": 0.1,
      "residential_morning": 0.12
    },
    "zone_profile_mix_weight": [
      0.4,
      0.8
    ],
    "weather_profile": "calm_winter",
    "cross_border_policy": "allow",
    "price_cap": 1412.5862576014051,
    "co2_price": 231.35240007086466,
    "import_export_caps_factor": 0.8472036986164541,
    "operation_costs": {
      "thermal_fuel_eur_per_mwh": 71.7229152737981,
      "nuclear_fuel_eur_per_mwh": 14.480194387961985,
      "demand_response_cost_eur_per_mwh": 642.1390613351551,
      "value_of_lost_load_eur_per_mwh": 10399.185248775368,
      "renewable_spill_cost_eur_per_mwh": 1980.8984251827858,
      "hydro_spill_cost_eur_per_mwh": 798.8506223211167,
      "overgen_spill_cost_eur_per_mwh": 6646.811331248197,
      "battery_cycle_cost_eur_per_mwh": 102.74712337064909,
      "pumped_cycle_cost_eur_per_mwh": 74.75376983363479
    },
    "tech_scalers": {
      "thermal_marg_cost": 14.746960767798848,
      "thermal_ramp_pct": 0.09720260887293795,
      "battery_roundtrip_eff": 0.8277136640851801,
      "battery_e_to_p_hours": 2.9764809743276457,
      "dr_max_shed_share": 0.18294752368033257,
      "dr_duration_hours": 2.3099820188319846,
      "hydro_reservoir_head_eff": 0.9175350761481984,
      "battery_initial_soc_fraction": 0.35695799432481845,
      "battery_final_soc_tolerance": 0.06803349629022967,
      "battery_self_discharge_per_hour": 0.002188244390109475,
      "pumped_initial_level_fraction": 0.5030699382937506,
      "pumped_final_level_tolerance": 0.05406019708867037,
      "pumped_self_discharge_per_hour": 0.0011943804250921833
    }
  },
  "flexibility_metrics": {
    "total_storage_power_mw": 1400.0,
    "total_storage_capacity_mwh": 5171.8,
    "battery_power_mw": 1200.0,
    "battery_capacity_mwh": 3571.8,
    "pumped_power_mw": 200.0,
    "pumped_capacity_mwh": 1600.0,
    "total_dr_capacity_mw": 1494.3,
    "total_ramp_up_mw_per_step": 337.4,
    "total_ramp_down_mw_per_step": 337.4,
    "thermal_flex_ratio": 0.172,
    "dr_duration_hours": 2.31,
    "battery_roundtrip_efficiency": 0.828
  },
  "difficulty_indicators": {
    "vre_penetration_pct": 33.23,
    "net_demand_volatility": 0.192,
    "peak_to_valley_ratio": 1.34,
    "estimated_milp_solve_time_seconds": 7282.1,
    "complexity_score": "hard",
    "n_binary_variables": 3456,
    "n_timesteps": 96,
    "n_zones": 22,
    "weather_profile": "calm_winter",
    "demand_profile": "wkday_peak"
  }
}