{
  "id": "1a7bcb67-3d07-4981-a0b6-4600451dbdf2",
  "horizon_hours": 24,
  "dt_minutes": 15,
  "graph": {
    "regions": 2,
    "zones_per_region": [
      7,
      3
    ],
    "sites_per_zone": [
      7,
      5,
      7,
      7,
      3,
      2,
      4,
      6,
      6,
      5
    ],
    "intertie_density": 0.531248062517904,
    "neighbor_nations": 2
  },
  "assets": {
    "thermal_per_site": [
      3,
      1,
      2,
      1,
      0,
      0,
      3,
      0,
      3,
      0
    ],
    "solar_per_site": [
      2,
      2,
      1,
      1,
      2,
      3,
      2,
      3,
      2,
      2
    ],
    "wind_per_site": [
      2,
      2,
      2,
      2,
      1,
      2,
      3,
      1,
      1,
      3
    ],
    "battery_per_site": [
      1,
      2,
      2,
      0,
      1,
      0,
      2,
      1,
      1,
      1
    ],
    "dr_per_site": [
      2,
      0,
      0,
      0,
      0,
      1,
      2,
      0,
      2,
      1
    ],
    "nuclear_per_region": [
      1,
      1
    ],
    "hydro_reservoir_per_region": [
      1,
      2
    ],
    "hydro_ror_per_zone": [
      1,
      1,
      0,
      2,
      0,
      1,
      0,
      2,
      0,
      0
    ],
    "hydro_pumped_per_region": [
      1,
      1
    ]
  },
  "econ_policy": {
    "co2_price": 238.47246929070883,
    "price_cap": 2311.6828896061447,
    "cross_border_policy": "allow",
    "import_export_caps_factor": 0.6532413247711666
  },
  "tech": {
    "thermal_marg_cost": 10.069375262986688,
    "thermal_ramp_pct": 0.43930689830881814,
    "battery_roundtrip_eff": 0.9294030498652042,
    "battery_e_to_p_hours": 1.3079175913591359,
    "dr_max_shed_share": 0.2541546286419725,
    "dr_duration_hours": 2.210648778834051,
    "hydro_reservoir_head_eff": 0.9104776674382988,
    "battery_initial_soc_fraction": 0.41469021005689033,
    "battery_final_soc_tolerance": 0.09131201474277725,
    "battery_self_discharge_per_hour": 0.00650861267487598,
    "pumped_initial_level_fraction": 0.5979176080294248,
    "pumped_final_level_tolerance": 0.0893387723093617,
    "pumped_self_discharge_per_hour": 0.002959259288463043
  },
  "operation_costs": {
    "thermal_fuel_eur_per_mwh": 58.896907479443605,
    "nuclear_fuel_eur_per_mwh": 13.890656879132532,
    "demand_response_cost_eur_per_mwh": 599.1762467196831,
    "value_of_lost_load_eur_per_mwh": 11846.67992704501,
    "renewable_spill_cost_eur_per_mwh": 1850.8286449435077,
    "hydro_spill_cost_eur_per_mwh": 817.1856537248632,
    "overgen_spill_cost_eur_per_mwh": 7540.200815600783,
    "battery_cycle_cost_eur_per_mwh": 103.85594258460405,
    "pumped_cycle_cost_eur_per_mwh": 50.669028113749064
  },
  "exogenous": {
    "weather_profile": "stormy_winter",
    "weather_spread_intensity": 1.2690395326268271,
    "demand_profile": "cold_snap",
    "demand_scale_factor": 1.2497988871841763,
    "inflow_factor": 1.449213286326923,
    "zone_profile_variants": {
      "evening_peak": 0.28,
      "double_peak": 0.16,
      "office_peak": 0.2,
      "industrial": 0.14,
      "night_shift": 0.1,
      "residential_morning": 0.12
    },
    "zone_profile_mix_weight": [
      0.4,
      0.8
    ],
    "zone_profile_phase_shift_hours": [
      -2.5,
      2.5
    ],
    "zone_profile_noise_std": [
      0.02,
      0.06
    ],
    "zone_profile_curvature_exp": [
      0.9,
      1.18
    ],
    "region_weather": {
      "R1": {
        "weather_profile": "mixed",
        "weather_spread_intensity": 1.221357657980965
      },
      "R2": {
        "weather_profile": "stormy_winter",
        "weather_spread_intensity": 1.3167214072726892
      }
    }
  },
  "mip_gap_target_pct": 0.7331447776552115,
  "estimates": {
    "vars_total": 48384,
    "cons_total": 62899,
    "est_cpu_hours": 0.9367172222222223
  },
  "meta": {
    "regions": 2,
    "zones": 10,
    "sites": 10,
    "intertie_density": 0.531248062517904,
    "neighbor_nations": 2,
    "assets": {
      "thermal": 13,
      "solar": 20,
      "wind": 19,
      "battery": 11,
      "dr": 8,
      "nuclear": 2,
      "hydro_reservoir": 3,
      "hydro_ror": 7,
      "hydro_pumped": 2
    },
    "demand_scale_factor": 1.2497988871841763,
    "zone_profile_variants": {
      "evening_peak": 0.28,
      "double_peak": 0.16,
      "office_peak": 0.2,
      "industrial": 0.14,
      "night_shift": 0.1,
      "residential_morning": 0.12
    },
    "zone_profile_mix_weight": [
      0.4,
      0.8
    ],
    "weather_profile": "stormy_winter",
    "cross_border_policy": "allow",
    "price_cap": 2311.6828896061447,
    "co2_price": 238.47246929070883,
    "import_export_caps_factor": 0.6532413247711666,
    "operation_costs": {
      "thermal_fuel_eur_per_mwh": 58.896907479443605,
      "nuclear_fuel_eur_per_mwh": 13.890656879132532,
      "demand_response_cost_eur_per_mwh": 599.1762467196831,
      "value_of_lost_load_eur_per_mwh": 11846.67992704501,
      "renewable_spill_cost_eur_per_mwh": 1850.8286449435077,
      "hydro_spill_cost_eur_per_mwh": 817.1856537248632,
      "overgen_spill_cost_eur_per_mwh": 7540.200815600783,
      "battery_cycle_cost_eur_per_mwh": 103.85594258460405,
      "pumped_cycle_cost_eur_per_mwh": 50.669028113749064
    },
    "tech_scalers": {
      "thermal_marg_cost": 10.069375262986688,
      "thermal_ramp_pct": 0.43930689830881814,
      "battery_roundtrip_eff": 0.9294030498652042,
      "battery_e_to_p_hours": 1.3079175913591359,
      "dr_max_shed_share": 0.2541546286419725,
      "dr_duration_hours": 2.210648778834051,
      "hydro_reservoir_head_eff": 0.9104776674382988,
      "battery_initial_soc_fraction": 0.41469021005689033,
      "battery_final_soc_tolerance": 0.09131201474277725,
      "battery_self_discharge_per_hour": 0.00650861267487598,
      "pumped_initial_level_fraction": 0.5979176080294248,
      "pumped_final_level_tolerance": 0.0893387723093617,
      "pumped_self_discharge_per_hour": 0.002959259288463043
    }
  },
  "flexibility_metrics": {
    "total_storage_power_mw": 950.0,
    "total_storage_capacity_mwh": 3919.4,
    "battery_power_mw": 550.0,
    "battery_capacity_mwh": 719.4,
    "pumped_power_mw": 400.0,
    "pumped_capacity_mwh": 3200.0,
    "total_dr_capacity_mw": 1588.2,
    "total_ramp_up_mw_per_step": 453.3,
    "total_ramp_down_mw_per_step": 453.3,
    "thermal_flex_ratio": 0.43,
    "dr_duration_hours": 2.21,
    "battery_roundtrip_efficiency": 0.929
  },
  "difficulty_indicators": {
    "vre_penetration_pct": 35.53,
    "net_demand_volatility": 0.32,
    "peak_to_valley_ratio": 2.25,
    "estimated_milp_solve_time_seconds": 3372.2,
    "complexity_score": "medium",
    "n_binary_variables": 1248,
    "n_timesteps": 96,
    "n_zones": 10,
    "weather_profile": "stormy_winter",
    "demand_profile": "cold_snap"
  }
}