{
  "id": "d2330aa7-753d-41b6-a8d2-8bd86075ff81",
  "horizon_hours": 24,
  "dt_minutes": 15,
  "graph": {
    "regions": 3,
    "zones_per_region": [
      5,
      3,
      9
    ],
    "sites_per_zone": [
      7,
      6,
      2,
      3,
      5,
      4,
      2,
      3,
      4,
      2,
      2,
      3,
      2,
      4,
      3,
      5,
      6
    ],
    "intertie_density": 0.5967239673284045,
    "neighbor_nations": 3
  },
  "assets": {
    "thermal_per_site": [
      3,
      3,
      2,
      1,
      2,
      3,
      3,
      3,
      0,
      2,
      1,
      0,
      3,
      0,
      2,
      2,
      2
    ],
    "solar_per_site": [
      2,
      2,
      1,
      3,
      3,
      2,
      2,
      2,
      1,
      3,
      2,
      3,
      2,
      1,
      2,
      1,
      2
    ],
    "wind_per_site": [
      3,
      1,
      2,
      2,
      2,
      1,
      2,
      3,
      1,
      2,
      3,
      1,
      2,
      2,
      2,
      3,
      2
    ],
    "battery_per_site": [
      0,
      0,
      0,
      1,
      2,
      0,
      0,
      2,
      1,
      2,
      2,
      1,
      2,
      2,
      0,
      1,
      1
    ],
    "dr_per_site": [
      2,
      0,
      2,
      0,
      2,
      2,
      2,
      0,
      0,
      0,
      1,
      0,
      0,
      1,
      2,
      2,
      2
    ],
    "nuclear_per_region": [
      2,
      0,
      1
    ],
    "hydro_reservoir_per_region": [
      0,
      2,
      3
    ],
    "hydro_ror_per_zone": [
      0,
      2,
      0,
      0,
      0,
      2,
      1,
      2,
      1,
      1,
      1,
      0,
      0,
      0,
      1,
      1,
      1
    ],
    "hydro_pumped_per_region": [
      1,
      0,
      2
    ]
  },
  "econ_policy": {
    "co2_price": 161.18455779510512,
    "price_cap": 867.4602901876087,
    "cross_border_policy": "block",
    "import_export_caps_factor": 0.9229820573947705
  },
  "tech": {
    "thermal_marg_cost": 6.144140934740902,
    "thermal_ramp_pct": 0.12664176262010296,
    "battery_roundtrip_eff": 0.885583437951602,
    "battery_e_to_p_hours": 1.3124136257270087,
    "dr_max_shed_share": 0.09565582976334354,
    "dr_duration_hours": 3.008240424721086,
    "hydro_reservoir_head_eff": 0.8169669819296855,
    "battery_initial_soc_fraction": 0.5207616089494248,
    "battery_final_soc_tolerance": 0.08872394028192743,
    "battery_self_discharge_per_hour": 0.008896856493925211,
    "pumped_initial_level_fraction": 0.5906579464857544,
    "pumped_final_level_tolerance": 0.09874702022540005,
    "pumped_self_discharge_per_hour": 0.0015164747523294267
  },
  "operation_costs": {
    "thermal_fuel_eur_per_mwh": 71.62738571985658,
    "nuclear_fuel_eur_per_mwh": 8.955355095091651,
    "demand_response_cost_eur_per_mwh": 361.34567094874626,
    "value_of_lost_load_eur_per_mwh": 6855.122018334191,
    "renewable_spill_cost_eur_per_mwh": 1354.943140966392,
    "hydro_spill_cost_eur_per_mwh": 989.4986593253053,
    "overgen_spill_cost_eur_per_mwh": 7940.577197891291,
    "battery_cycle_cost_eur_per_mwh": 104.54195113561849,
    "pumped_cycle_cost_eur_per_mwh": 55.84166391897759
  },
  "exogenous": {
    "weather_profile": "stormy_winter",
    "weather_spread_intensity": 1.0454501438739527,
    "demand_profile": "shoulder",
    "demand_scale_factor": 1.0320664195199982,
    "inflow_factor": 1.1518561419359041,
    "zone_profile_variants": {
      "evening_peak": 0.28,
      "double_peak": 0.16,
      "office_peak": 0.2,
      "industrial": 0.14,
      "night_shift": 0.1,
      "residential_morning": 0.12
    },
    "zone_profile_mix_weight": [
      0.4,
      0.8
    ],
    "zone_profile_phase_shift_hours": [
      -2.5,
      2.5
    ],
    "zone_profile_noise_std": [
      0.02,
      0.06
    ],
    "zone_profile_curvature_exp": [
      0.9,
      1.18
    ],
    "region_weather": {
      "R1": {
        "weather_profile": "stormy_winter",
        "weather_spread_intensity": 1.2442973753411306
      },
      "R2": {
        "weather_profile": "calm_winter",
        "weather_spread_intensity": 0.9298118225576195
      },
      "R3": {
        "weather_profile": "mixed",
        "weather_spread_intensity": 0.9622412337231084
      }
    }
  },
  "mip_gap_target_pct": 1.215920776301195,
  "estimates": {
    "vars_total": 87072,
    "cons_total": 113193,
    "est_cpu_hours": 1.6270796666666665
  },
  "meta": {
    "regions": 3,
    "zones": 17,
    "sites": 17,
    "intertie_density": 0.5967239673284045,
    "neighbor_nations": 3,
    "assets": {
      "thermal": 32,
      "solar": 34,
      "wind": 34,
      "battery": 17,
      "dr": 18,
      "nuclear": 3,
      "hydro_reservoir": 5,
      "hydro_ror": 13,
      "hydro_pumped": 3
    },
    "demand_scale_factor": 1.0320664195199982,
    "zone_profile_variants": {
      "evening_peak": 0.28,
      "double_peak": 0.16,
      "office_peak": 0.2,
      "industrial": 0.14,
      "night_shift": 0.1,
      "residential_morning": 0.12
    },
    "zone_profile_mix_weight": [
      0.4,
      0.8
    ],
    "weather_profile": "stormy_winter",
    "cross_border_policy": "block",
    "price_cap": 867.4602901876087,
    "co2_price": 161.18455779510512,
    "import_export_caps_factor": 0.9229820573947705,
    "operation_costs": {
      "thermal_fuel_eur_per_mwh": 71.62738571985658,
      "nuclear_fuel_eur_per_mwh": 8.955355095091651,
      "demand_response_cost_eur_per_mwh": 361.34567094874626,
      "value_of_lost_load_eur_per_mwh": 6855.122018334191,
      "renewable_spill_cost_eur_per_mwh": 1354.943140966392,
      "hydro_spill_cost_eur_per_mwh": 989.4986593253053,
      "overgen_spill_cost_eur_per_mwh": 7940.577197891291,
      "battery_cycle_cost_eur_per_mwh": 104.54195113561849,
      "pumped_cycle_cost_eur_per_mwh": 55.84166391897759
    },
    "tech_scalers": {
      "thermal_marg_cost": 6.144140934740902,
      "thermal_ramp_pct": 0.12664176262010296,
      "battery_roundtrip_eff": 0.885583437951602,
      "battery_e_to_p_hours": 1.3124136257270087,
      "dr_max_shed_share": 0.09565582976334354,
      "dr_duration_hours": 3.008240424721086,
      "hydro_reservoir_head_eff": 0.8169669819296855,
      "battery_initial_soc_fraction": 0.5207616089494248,
      "battery_final_soc_tolerance": 0.08872394028192743,
      "battery_self_discharge_per_hour": 0.008896856493925211,
      "pumped_initial_level_fraction": 0.5906579464857544,
      "pumped_final_level_tolerance": 0.09874702022540005,
      "pumped_self_discharge_per_hour": 0.0015164747523294267
    }
  },
  "flexibility_metrics": {
    "total_storage_power_mw": 1450.0,
    "total_storage_capacity_mwh": 5915.6,
    "battery_power_mw": 850.0,
    "battery_capacity_mwh": 1115.6,
    "pumped_power_mw": 600.0,
    "pumped_capacity_mwh": 4800.0,
    "total_dr_capacity_mw": 839.1,
    "total_ramp_up_mw_per_step": 341.4,
    "total_ramp_down_mw_per_step": 341.4,
    "thermal_flex_ratio": 0.182,
    "dr_duration_hours": 3.01,
    "battery_roundtrip_efficiency": 0.886
  },
  "difficulty_indicators": {
    "vre_penetration_pct": 32.44,
    "net_demand_volatility": 0.269,
    "peak_to_valley_ratio": 1.86,
    "estimated_milp_solve_time_seconds": 5857.5,
    "complexity_score": "hard",
    "n_binary_variables": 3072,
    "n_timesteps": 96,
    "n_zones": 17,
    "weather_profile": "stormy_winter",
    "demand_profile": "shoulder"
  }
}