{
  "id": "a93e3fcf-d08f-422f-a4b4-ea95bfaf18e1",
  "horizon_hours": 24,
  "dt_minutes": 15,
  "graph": {
    "regions": 3,
    "zones_per_region": [
      8,
      4,
      9
    ],
    "sites_per_zone": [
      4,
      5,
      8,
      4,
      2,
      5,
      4,
      3,
      7,
      3,
      3,
      4,
      8,
      6,
      6,
      7,
      5,
      3,
      6,
      6,
      3
    ],
    "intertie_density": 0.3659096266864918,
    "neighbor_nations": 2
  },
  "assets": {
    "thermal_per_site": [
      0,
      1,
      2,
      1,
      3,
      2,
      3,
      0,
      3,
      2,
      2,
      1,
      3,
      1,
      2,
      3,
      3,
      2,
      0,
      3,
      0
    ],
    "solar_per_site": [
      1,
      1,
      2,
      1,
      3,
      1,
      2,
      1,
      3,
      3,
      3,
      2,
      3,
      1,
      3,
      1,
      1,
      2,
      1,
      1,
      2
    ],
    "wind_per_site": [
      3,
      3,
      2,
      2,
      1,
      2,
      3,
      2,
      3,
      3,
      2,
      2,
      2,
      3,
      1,
      3,
      1,
      3,
      3,
      1,
      2
    ],
    "battery_per_site": [
      0,
      2,
      2,
      0,
      0,
      2,
      0,
      1,
      0,
      1,
      1,
      0,
      0,
      0,
      1,
      2,
      1,
      0,
      0,
      1,
      1
    ],
    "dr_per_site": [
      0,
      1,
      0,
      0,
      1,
      1,
      1,
      2,
      2,
      0,
      1,
      1,
      0,
      1,
      0,
      0,
      2,
      0,
      2,
      1,
      2
    ],
    "nuclear_per_region": [
      2,
      0,
      2
    ],
    "hydro_reservoir_per_region": [
      3,
      0,
      3
    ],
    "hydro_ror_per_zone": [
      1,
      2,
      1,
      0,
      0,
      2,
      2,
      0,
      1,
      2,
      1,
      2,
      1,
      2,
      1,
      0,
      0,
      0,
      0,
      1,
      0
    ],
    "hydro_pumped_per_region": [
      0,
      0,
      0
    ]
  },
  "econ_policy": {
    "co2_price": 77.97836346005585,
    "price_cap": 3904.6812910868557,
    "cross_border_policy": "block",
    "import_export_caps_factor": 0.47147282773204313
  },
  "tech": {
    "thermal_marg_cost": 10.277219637419567,
    "thermal_ramp_pct": 0.2696396346427276,
    "battery_roundtrip_eff": 0.8578201538938146,
    "battery_e_to_p_hours": 2.887847600253696,
    "dr_max_shed_share": 0.08159271981981953,
    "dr_duration_hours": 5.1493455785685285,
    "hydro_reservoir_head_eff": 0.7967047967085018,
    "battery_initial_soc_fraction": 0.5930596385878514,
    "battery_final_soc_tolerance": 0.05417209939911717,
    "battery_self_discharge_per_hour": 0.0019452570749965911,
    "pumped_initial_level_fraction": 0.4821249599797347,
    "pumped_final_level_tolerance": 0.14931366440556196,
    "pumped_self_discharge_per_hour": 0.0011638713979970306
  },
  "operation_costs": {
    "thermal_fuel_eur_per_mwh": 72.32316131047739,
    "nuclear_fuel_eur_per_mwh": 11.702022086463236,
    "demand_response_cost_eur_per_mwh": 937.4618122087809,
    "value_of_lost_load_eur_per_mwh": 8706.408877628613,
    "renewable_spill_cost_eur_per_mwh": 1465.348611480822,
    "hydro_spill_cost_eur_per_mwh": 626.6293502843569,
    "overgen_spill_cost_eur_per_mwh": 5287.3666406504,
    "battery_cycle_cost_eur_per_mwh": 94.05541173246294,
    "pumped_cycle_cost_eur_per_mwh": 52.23647180752252
  },
  "exogenous": {
    "weather_profile": "stormy_winter",
    "weather_spread_intensity": 1.0888170287934609,
    "demand_profile": "wkend_flat",
    "demand_scale_factor": 1.1702659560539446,
    "inflow_factor": 1.2346630948699202,
    "zone_profile_variants": {
      "evening_peak": 0.28,
      "double_peak": 0.16,
      "office_peak": 0.2,
      "industrial": 0.14,
      "night_shift": 0.1,
      "residential_morning": 0.12
    },
    "zone_profile_mix_weight": [
      0.4,
      0.8
    ],
    "zone_profile_phase_shift_hours": [
      -2.5,
      2.5
    ],
    "zone_profile_noise_std": [
      0.02,
      0.06
    ],
    "zone_profile_curvature_exp": [
      0.9,
      1.18
    ],
    "region_weather": {
      "R1": {
        "weather_profile": "stormy_winter",
        "weather_spread_intensity": 1.3160613968480517
      },
      "R2": {
        "weather_profile": "overcast_summer",
        "weather_spread_intensity": 0.5801278203409228
      },
      "R3": {
        "weather_profile": "stormy_winter",
        "weather_spread_intensity": 1.3702618691914084
      }
    }
  },
  "mip_gap_target_pct": 1.1493092183467355,
  "estimates": {
    "vars_total": 103392,
    "cons_total": 134409,
    "est_cpu_hours": 1.9183009999999998
  },
  "meta": {
    "regions": 3,
    "zones": 21,
    "sites": 21,
    "intertie_density": 0.3659096266864918,
    "neighbor_nations": 2,
    "assets": {
      "thermal": 37,
      "solar": 38,
      "wind": 47,
      "battery": 15,
      "dr": 18,
      "nuclear": 4,
      "hydro_reservoir": 6,
      "hydro_ror": 19,
      "hydro_pumped": 0
    },
    "demand_scale_factor": 1.1702659560539446,
    "zone_profile_variants": {
      "evening_peak": 0.28,
      "double_peak": 0.16,
      "office_peak": 0.2,
      "industrial": 0.14,
      "night_shift": 0.1,
      "residential_morning": 0.12
    },
    "zone_profile_mix_weight": [
      0.4,
      0.8
    ],
    "weather_profile": "stormy_winter",
    "cross_border_policy": "block",
    "price_cap": 3904.6812910868557,
    "co2_price": 77.97836346005585,
    "import_export_caps_factor": 0.47147282773204313,
    "operation_costs": {
      "thermal_fuel_eur_per_mwh": 72.32316131047739,
      "nuclear_fuel_eur_per_mwh": 11.702022086463236,
      "demand_response_cost_eur_per_mwh": 937.4618122087809,
      "value_of_lost_load_eur_per_mwh": 8706.408877628613,
      "renewable_spill_cost_eur_per_mwh": 1465.348611480822,
      "hydro_spill_cost_eur_per_mwh": 626.6293502843569,
      "overgen_spill_cost_eur_per_mwh": 5287.3666406504,
      "battery_cycle_cost_eur_per_mwh": 94.05541173246294,
      "pumped_cycle_cost_eur_per_mwh": 52.23647180752252
    },
    "tech_scalers": {
      "thermal_marg_cost": 10.277219637419567,
      "thermal_ramp_pct": 0.2696396346427276,
      "battery_roundtrip_eff": 0.8578201538938146,
      "battery_e_to_p_hours": 2.887847600253696,
      "dr_max_shed_share": 0.08159271981981953,
      "dr_duration_hours": 5.1493455785685285,
      "hydro_reservoir_head_eff": 0.7967047967085018,
      "battery_initial_soc_fraction": 0.5930596385878514,
      "battery_final_soc_tolerance": 0.05417209939911717,
      "battery_self_discharge_per_hour": 0.0019452570749965911,
      "pumped_initial_level_fraction": 0.4821249599797347,
      "pumped_final_level_tolerance": 0.14931366440556196,
      "pumped_self_discharge_per_hour": 0.0011638713979970306
    }
  },
  "flexibility_metrics": {
    "total_storage_power_mw": 750.0,
    "total_storage_capacity_mwh": 2165.9,
    "battery_power_mw": 750.0,
    "battery_capacity_mwh": 2165.9,
    "pumped_power_mw": 0.0,
    "pumped_capacity_mwh": 0.0,
    "total_dr_capacity_mw": 1002.6,
    "total_ramp_up_mw_per_step": 798.2,
    "total_ramp_down_mw_per_step": 798.2,
    "thermal_flex_ratio": 0.116,
    "dr_duration_hours": 5.15,
    "battery_roundtrip_efficiency": 0.858
  },
  "difficulty_indicators": {
    "vre_penetration_pct": 33.13,
    "net_demand_volatility": 0.262,
    "peak_to_valley_ratio": 2.11,
    "estimated_milp_solve_time_seconds": 6905.9,
    "complexity_score": "hard",
    "n_binary_variables": 3552,
    "n_timesteps": 96,
    "n_zones": 21,
    "weather_profile": "stormy_winter",
    "demand_profile": "wkend_flat"
  }
}