{
  "id": "b90d45cf-83a7-4c85-acb3-de5969cd2036",
  "horizon_hours": 24,
  "dt_minutes": 15,
  "graph": {
    "regions": 3,
    "zones_per_region": [
      6,
      9,
      7
    ],
    "sites_per_zone": [
      8,
      6,
      6,
      2,
      6,
      7,
      6,
      8,
      6,
      3,
      8,
      4,
      7,
      3,
      4,
      3,
      8,
      8,
      5,
      3,
      3,
      8
    ],
    "intertie_density": 0.2833168704077357,
    "neighbor_nations": 2
  },
  "assets": {
    "thermal_per_site": [
      0,
      3,
      1,
      1,
      2,
      3,
      1,
      0,
      3,
      2,
      0,
      1,
      1,
      0,
      1,
      1,
      3,
      2,
      1,
      2,
      1,
      3
    ],
    "solar_per_site": [
      3,
      2,
      2,
      1,
      2,
      1,
      2,
      2,
      2,
      2,
      3,
      1,
      2,
      2,
      1,
      2,
      3,
      2,
      1,
      1,
      2,
      2
    ],
    "wind_per_site": [
      1,
      2,
      3,
      2,
      1,
      1,
      3,
      3,
      2,
      2,
      1,
      1,
      1,
      3,
      1,
      3,
      1,
      3,
      1,
      3,
      3,
      2
    ],
    "battery_per_site": [
      2,
      2,
      0,
      1,
      2,
      1,
      0,
      1,
      0,
      1,
      1,
      1,
      1,
      1,
      1,
      2,
      1,
      0,
      2,
      2,
      2,
      1
    ],
    "dr_per_site": [
      0,
      2,
      1,
      2,
      0,
      0,
      2,
      0,
      1,
      1,
      2,
      0,
      0,
      0,
      0,
      2,
      1,
      0,
      1,
      1,
      2,
      2
    ],
    "nuclear_per_region": [
      2,
      1,
      1
    ],
    "hydro_reservoir_per_region": [
      2,
      1,
      1
    ],
    "hydro_ror_per_zone": [
      1,
      1,
      1,
      0,
      0,
      0,
      1,
      1,
      1,
      2,
      0,
      0,
      2,
      0,
      0,
      2,
      1,
      0,
      2,
      0,
      2,
      0
    ],
    "hydro_pumped_per_region": [
      0,
      1,
      2
    ]
  },
  "econ_policy": {
    "co2_price": 168.79411274767148,
    "price_cap": 649.1753274415212,
    "cross_border_policy": "cap",
    "import_export_caps_factor": 0.91352908185238
  },
  "tech": {
    "thermal_marg_cost": 7.1740348288139035,
    "thermal_ramp_pct": 0.1706194696358418,
    "battery_roundtrip_eff": 0.922519851863435,
    "battery_e_to_p_hours": 5.407302516395498,
    "dr_max_shed_share": 0.0652541026979745,
    "dr_duration_hours": 5.359745646564427,
    "hydro_reservoir_head_eff": 0.8004909948548534,
    "battery_initial_soc_fraction": 0.36065793456932893,
    "battery_final_soc_tolerance": 0.13781562130669478,
    "battery_self_discharge_per_hour": 0.0014699099425712853,
    "pumped_initial_level_fraction": 0.4665599753949098,
    "pumped_final_level_tolerance": 0.1545149159365381,
    "pumped_self_discharge_per_hour": 0.0008594937589432793
  },
  "operation_costs": {
    "thermal_fuel_eur_per_mwh": 74.90724291307919,
    "nuclear_fuel_eur_per_mwh": 14.934046361159343,
    "demand_response_cost_eur_per_mwh": 368.0762739342027,
    "value_of_lost_load_eur_per_mwh": 6414.505655822398,
    "renewable_spill_cost_eur_per_mwh": 1916.2848089462298,
    "hydro_spill_cost_eur_per_mwh": 561.6176550716888,
    "overgen_spill_cost_eur_per_mwh": 5091.666905257271,
    "battery_cycle_cost_eur_per_mwh": 118.21752760735087,
    "pumped_cycle_cost_eur_per_mwh": 56.84474938609077
  },
  "exogenous": {
    "weather_profile": "overcast_summer",
    "weather_spread_intensity": 0.9517403071778489,
    "demand_profile": "wkend_flat",
    "demand_scale_factor": 0.9677750403772021,
    "inflow_factor": 0.8025465745207883,
    "zone_profile_variants": {
      "evening_peak": 0.28,
      "double_peak": 0.16,
      "office_peak": 0.2,
      "industrial": 0.14,
      "night_shift": 0.1,
      "residential_morning": 0.12
    },
    "zone_profile_mix_weight": [
      0.4,
      0.8
    ],
    "zone_profile_phase_shift_hours": [
      -2.5,
      2.5
    ],
    "zone_profile_noise_std": [
      0.02,
      0.06
    ],
    "zone_profile_curvature_exp": [
      0.9,
      1.18
    ],
    "region_weather": {
      "R1": {
        "weather_profile": "calm_winter",
        "weather_spread_intensity": 0.6854922894072303
      },
      "R2": {
        "weather_profile": "overcast_summer",
        "weather_spread_intensity": 1.2373422517759014
      },
      "R3": {
        "weather_profile": "overcast_summer",
        "weather_spread_intensity": 0.932386380350415
      }
    }
  },
  "mip_gap_target_pct": 1.3852667391584448,
  "estimates": {
    "vars_total": 107328,
    "cons_total": 139526,
    "est_cpu_hours": 1.9885384444444445
  },
  "meta": {
    "regions": 3,
    "zones": 22,
    "sites": 22,
    "intertie_density": 0.2833168704077357,
    "neighbor_nations": 2,
    "assets": {
      "thermal": 32,
      "solar": 41,
      "wind": 43,
      "battery": 25,
      "dr": 20,
      "nuclear": 4,
      "hydro_reservoir": 4,
      "hydro_ror": 17,
      "hydro_pumped": 3
    },
    "demand_scale_factor": 0.9677750403772021,
    "zone_profile_variants": {
      "evening_peak": 0.28,
      "double_peak": 0.16,
      "office_peak": 0.2,
      "industrial": 0.14,
      "night_shift": 0.1,
      "residential_morning": 0.12
    },
    "zone_profile_mix_weight": [
      0.4,
      0.8
    ],
    "weather_profile": "overcast_summer",
    "cross_border_policy": "cap",
    "price_cap": 649.1753274415212,
    "co2_price": 168.79411274767148,
    "import_export_caps_factor": 0.91352908185238,
    "operation_costs": {
      "thermal_fuel_eur_per_mwh": 74.90724291307919,
      "nuclear_fuel_eur_per_mwh": 14.934046361159343,
      "demand_response_cost_eur_per_mwh": 368.0762739342027,
      "value_of_lost_load_eur_per_mwh": 6414.505655822398,
      "renewable_spill_cost_eur_per_mwh": 1916.2848089462298,
      "hydro_spill_cost_eur_per_mwh": 561.6176550716888,
      "overgen_spill_cost_eur_per_mwh": 5091.666905257271,
      "battery_cycle_cost_eur_per_mwh": 118.21752760735087,
      "pumped_cycle_cost_eur_per_mwh": 56.84474938609077
    },
    "tech_scalers": {
      "thermal_marg_cost": 7.1740348288139035,
      "thermal_ramp_pct": 0.1706194696358418,
      "battery_roundtrip_eff": 0.922519851863435,
      "battery_e_to_p_hours": 5.407302516395498,
      "dr_max_shed_share": 0.0652541026979745,
      "dr_duration_hours": 5.359745646564427,
      "hydro_reservoir_head_eff": 0.8004909948548534,
      "battery_initial_soc_fraction": 0.36065793456932893,
      "battery_final_soc_tolerance": 0.13781562130669478,
      "battery_self_discharge_per_hour": 0.0014699099425712853,
      "pumped_initial_level_fraction": 0.4665599753949098,
      "pumped_final_level_tolerance": 0.1545149159365381,
      "pumped_self_discharge_per_hour": 0.0008594937589432793
    }
  },
  "flexibility_metrics": {
    "total_storage_power_mw": 1850.0,
    "total_storage_capacity_mwh": 11559.1,
    "battery_power_mw": 1250.0,
    "battery_capacity_mwh": 6759.1,
    "pumped_power_mw": 600.0,
    "pumped_capacity_mwh": 4800.0,
    "total_dr_capacity_mw": 694.7,
    "total_ramp_up_mw_per_step": 459.5,
    "total_ramp_down_mw_per_step": 459.5,
    "thermal_flex_ratio": 0.187,
    "dr_duration_hours": 5.36,
    "battery_roundtrip_efficiency": 0.923
  },
  "difficulty_indicators": {
    "vre_penetration_pct": 35.7,
    "net_demand_volatility": 0.128,
    "peak_to_valley_ratio": 1.74,
    "estimated_milp_solve_time_seconds": 7158.7,
    "complexity_score": "hard",
    "n_binary_variables": 3072,
    "n_timesteps": 96,
    "n_zones": 22,
    "weather_profile": "overcast_summer",
    "demand_profile": "wkend_flat"
  }
}