{
  "id": "660890b5-a298-4928-99e8-f00c9cc81828",
  "horizon_hours": 24,
  "dt_minutes": 15,
  "graph": {
    "regions": 3,
    "zones_per_region": [
      9,
      9,
      9
    ],
    "sites_per_zone": [
      2,
      6,
      5,
      6,
      7,
      7,
      2,
      5,
      4,
      2,
      5,
      2,
      8,
      8,
      4,
      5,
      2,
      4,
      6,
      2,
      2,
      2,
      3,
      4,
      2,
      3,
      7
    ],
    "intertie_density": 0.5963750278681839,
    "neighbor_nations": 1
  },
  "assets": {
    "thermal_per_site": [
      3,
      0,
      0,
      2,
      0,
      1,
      3,
      1,
      3,
      1,
      1,
      0,
      1,
      0,
      3,
      0,
      2,
      2,
      1,
      2,
      0,
      3,
      3,
      3,
      3,
      2,
      1
    ],
    "solar_per_site": [
      1,
      1,
      3,
      1,
      2,
      1,
      2,
      2,
      1,
      2,
      2,
      1,
      3,
      2,
      1,
      2,
      1,
      1,
      3,
      3,
      2,
      1,
      3,
      2,
      3,
      2,
      1
    ],
    "wind_per_site": [
      3,
      3,
      2,
      3,
      3,
      3,
      3,
      2,
      2,
      2,
      3,
      2,
      3,
      2,
      1,
      2,
      3,
      3,
      3,
      1,
      3,
      1,
      1,
      2,
      2,
      2,
      2
    ],
    "battery_per_site": [
      2,
      1,
      2,
      2,
      2,
      2,
      0,
      1,
      1,
      1,
      0,
      1,
      1,
      2,
      2,
      0,
      0,
      1,
      2,
      0,
      2,
      1,
      2,
      2,
      2,
      0,
      1
    ],
    "dr_per_site": [
      0,
      1,
      0,
      2,
      0,
      0,
      1,
      1,
      2,
      0,
      0,
      2,
      1,
      2,
      2,
      1,
      2,
      2,
      1,
      1,
      2,
      0,
      2,
      1,
      0,
      1,
      1
    ],
    "nuclear_per_region": [
      2,
      1,
      1
    ],
    "hydro_reservoir_per_region": [
      0,
      3,
      2
    ],
    "hydro_ror_per_zone": [
      0,
      0,
      0,
      0,
      0,
      2,
      1,
      0,
      1,
      0,
      2,
      0,
      1,
      1,
      2,
      1,
      0,
      2,
      0,
      0,
      1,
      1,
      2,
      1,
      0,
      2,
      1
    ],
    "hydro_pumped_per_region": [
      2,
      2,
      0
    ]
  },
  "econ_policy": {
    "co2_price": 104.15481919150895,
    "price_cap": 1793.5244363437573,
    "cross_border_policy": "cap",
    "import_export_caps_factor": 0.5889730852940963
  },
  "tech": {
    "thermal_marg_cost": 4.146297235888588,
    "thermal_ramp_pct": 0.1476688220221683,
    "battery_roundtrip_eff": 0.9036611955799541,
    "battery_e_to_p_hours": 4.818924640487735,
    "dr_max_shed_share": 0.33356408608863436,
    "dr_duration_hours": 2.6542594521517806,
    "hydro_reservoir_head_eff": 0.9968870567841729,
    "battery_initial_soc_fraction": 0.5668207687761846,
    "battery_final_soc_tolerance": 0.10425632148794271,
    "battery_self_discharge_per_hour": 0.007136234867117002,
    "pumped_initial_level_fraction": 0.5087564537825608,
    "pumped_final_level_tolerance": 0.1506288652267806,
    "pumped_self_discharge_per_hour": 0.0021056159037066997
  },
  "operation_costs": {
    "thermal_fuel_eur_per_mwh": 53.94036069090387,
    "nuclear_fuel_eur_per_mwh": 15.003867677433139,
    "demand_response_cost_eur_per_mwh": 564.2061626621426,
    "value_of_lost_load_eur_per_mwh": 10874.506998784149,
    "renewable_spill_cost_eur_per_mwh": 1698.3541331449187,
    "hydro_spill_cost_eur_per_mwh": 584.9887981343968,
    "overgen_spill_cost_eur_per_mwh": 7522.908944632651,
    "battery_cycle_cost_eur_per_mwh": 69.28258284788937,
    "pumped_cycle_cost_eur_per_mwh": 47.661698616789415
  },
  "exogenous": {
    "weather_profile": "stormy_winter",
    "weather_spread_intensity": 1.2435274755321615,
    "demand_profile": "shoulder",
    "demand_scale_factor": 1.2419914085280581,
    "inflow_factor": 0.4667920165283851,
    "zone_profile_variants": {
      "evening_peak": 0.28,
      "double_peak": 0.16,
      "office_peak": 0.2,
      "industrial": 0.14,
      "night_shift": 0.1,
      "residential_morning": 0.12
    },
    "zone_profile_mix_weight": [
      0.4,
      0.8
    ],
    "zone_profile_phase_shift_hours": [
      -2.5,
      2.5
    ],
    "zone_profile_noise_std": [
      0.02,
      0.06
    ],
    "zone_profile_curvature_exp": [
      0.9,
      1.18
    ],
    "region_weather": {
      "R1": {
        "weather_profile": "stormy_winter",
        "weather_spread_intensity": 1.4431674803119732
      },
      "R2": {
        "weather_profile": "mixed",
        "weather_spread_intensity": 1.3294497600975617
      },
      "R3": {
        "weather_profile": "overcast_summer",
        "weather_spread_intensity": 0.9579651861869498
      }
    }
  },
  "mip_gap_target_pct": 1.1256387937139813,
  "estimates": {
    "vars_total": 135360,
    "cons_total": 175968,
    "est_cpu_hours": 2.4887573333333335
  },
  "meta": {
    "regions": 3,
    "zones": 27,
    "sites": 27,
    "intertie_density": 0.5963750278681839,
    "neighbor_nations": 1,
    "assets": {
      "thermal": 41,
      "solar": 49,
      "wind": 62,
      "battery": 33,
      "dr": 28,
      "nuclear": 4,
      "hydro_reservoir": 5,
      "hydro_ror": 21,
      "hydro_pumped": 4
    },
    "demand_scale_factor": 1.2419914085280581,
    "zone_profile_variants": {
      "evening_peak": 0.28,
      "double_peak": 0.16,
      "office_peak": 0.2,
      "industrial": 0.14,
      "night_shift": 0.1,
      "residential_morning": 0.12
    },
    "zone_profile_mix_weight": [
      0.4,
      0.8
    ],
    "weather_profile": "stormy_winter",
    "cross_border_policy": "cap",
    "price_cap": 1793.5244363437573,
    "co2_price": 104.15481919150895,
    "import_export_caps_factor": 0.5889730852940963,
    "operation_costs": {
      "thermal_fuel_eur_per_mwh": 53.94036069090387,
      "nuclear_fuel_eur_per_mwh": 15.003867677433139,
      "demand_response_cost_eur_per_mwh": 564.2061626621426,
      "value_of_lost_load_eur_per_mwh": 10874.506998784149,
      "renewable_spill_cost_eur_per_mwh": 1698.3541331449187,
      "hydro_spill_cost_eur_per_mwh": 584.9887981343968,
      "overgen_spill_cost_eur_per_mwh": 7522.908944632651,
      "battery_cycle_cost_eur_per_mwh": 69.28258284788937,
      "pumped_cycle_cost_eur_per_mwh": 47.661698616789415
    },
    "tech_scalers": {
      "thermal_marg_cost": 4.146297235888588,
      "thermal_ramp_pct": 0.1476688220221683,
      "battery_roundtrip_eff": 0.9036611955799541,
      "battery_e_to_p_hours": 4.818924640487735,
      "dr_max_shed_share": 0.33356408608863436,
      "dr_duration_hours": 2.6542594521517806,
      "hydro_reservoir_head_eff": 0.9968870567841729,
      "battery_initial_soc_fraction": 0.5668207687761846,
      "battery_final_soc_tolerance": 0.10425632148794271,
      "battery_self_discharge_per_hour": 0.007136234867117002,
      "pumped_initial_level_fraction": 0.5087564537825608,
      "pumped_final_level_tolerance": 0.1506288652267806,
      "pumped_self_discharge_per_hour": 0.0021056159037066997
    }
  }
}