{
  "id": "8a47948e-22b7-4b3c-81cf-e7c5607e9702",
  "horizon_hours": 24,
  "dt_minutes": 15,
  "graph": {
    "regions": 4,
    "zones_per_region": [
      8,
      5,
      7,
      5
    ],
    "sites_per_zone": [
      3,
      6,
      6,
      3,
      7,
      7,
      8,
      7,
      5,
      3,
      5,
      2,
      6,
      8,
      5,
      7,
      3,
      4,
      4,
      3,
      3,
      6,
      6,
      8,
      4
    ],
    "intertie_density": 0.2720899148036139,
    "neighbor_nations": 1
  },
  "assets": {
    "thermal_per_site": [
      0,
      2,
      0,
      2,
      0,
      1,
      0,
      1,
      2,
      3,
      3,
      2,
      1,
      2,
      2,
      0,
      3,
      1,
      2,
      1,
      0,
      3,
      1,
      3,
      0
    ],
    "solar_per_site": [
      1,
      1,
      2,
      2,
      1,
      1,
      3,
      1,
      1,
      2,
      2,
      2,
      1,
      1,
      3,
      2,
      3,
      3,
      2,
      3,
      2,
      3,
      3,
      3,
      3
    ],
    "wind_per_site": [
      2,
      3,
      1,
      3,
      2,
      1,
      2,
      1,
      3,
      3,
      2,
      1,
      3,
      3,
      2,
      3,
      2,
      3,
      3,
      1,
      2,
      2,
      1,
      2,
      3
    ],
    "battery_per_site": [
      1,
      0,
      2,
      0,
      2,
      2,
      2,
      1,
      0,
      1,
      2,
      1,
      1,
      2,
      1,
      2,
      0,
      2,
      0,
      2,
      0,
      2,
      1,
      0,
      2
    ],
    "dr_per_site": [
      1,
      0,
      0,
      2,
      2,
      2,
      2,
      1,
      0,
      2,
      2,
      1,
      2,
      1,
      2,
      0,
      0,
      1,
      1,
      1,
      1,
      0,
      2,
      0,
      0
    ],
    "nuclear_per_region": [
      2,
      1,
      0,
      0
    ],
    "hydro_reservoir_per_region": [
      1,
      1,
      2,
      3
    ],
    "hydro_ror_per_zone": [
      0,
      1,
      1,
      1,
      2,
      0,
      2,
      1,
      0,
      0,
      0,
      1,
      0,
      0,
      2,
      2,
      2,
      0,
      1,
      1,
      1,
      2,
      0,
      2,
      1
    ],
    "hydro_pumped_per_region": [
      2,
      1,
      2,
      1
    ]
  },
  "econ_policy": {
    "co2_price": 193.09850849006986,
    "price_cap": 358.6635464403871,
    "cross_border_policy": "block",
    "import_export_caps_factor": 1.421205191512123
  },
  "tech": {
    "thermal_marg_cost": 10.510508205013144,
    "thermal_ramp_pct": 0.27412360778918754,
    "battery_roundtrip_eff": 0.9198058433735583,
    "battery_e_to_p_hours": 4.556352550687849,
    "dr_max_shed_share": 0.2111755014108458,
    "dr_duration_hours": 4.496568351964381,
    "hydro_reservoir_head_eff": 0.7592235018569297,
    "battery_initial_soc_fraction": 0.37726418677416707,
    "battery_final_soc_tolerance": 0.16118730622609348,
    "battery_self_discharge_per_hour": 0.008243454602936903,
    "pumped_initial_level_fraction": 0.588849979346258,
    "pumped_final_level_tolerance": 0.17416291177666576,
    "pumped_self_discharge_per_hour": 0.0014860163396263153
  },
  "operation_costs": {
    "thermal_fuel_eur_per_mwh": 66.9319613826869,
    "nuclear_fuel_eur_per_mwh": 10.770794389232941,
    "demand_response_cost_eur_per_mwh": 570.6183799249327,
    "value_of_lost_load_eur_per_mwh": 8059.071571654787,
    "renewable_spill_cost_eur_per_mwh": 538.1283108389935,
    "hydro_spill_cost_eur_per_mwh": 1090.1334885376693,
    "overgen_spill_cost_eur_per_mwh": 7895.147096477663,
    "battery_cycle_cost_eur_per_mwh": 91.3719088110819,
    "pumped_cycle_cost_eur_per_mwh": 51.316028524465345
  },
  "exogenous": {
    "weather_profile": "mixed",
    "weather_spread_intensity": 1.1245420659994427,
    "demand_profile": "heatwave",
    "demand_scale_factor": 0.9899882210359914,
    "inflow_factor": 0.4603661125333061,
    "zone_profile_variants": {
      "evening_peak": 0.28,
      "double_peak": 0.16,
      "office_peak": 0.2,
      "industrial": 0.14,
      "night_shift": 0.1,
      "residential_morning": 0.12
    },
    "zone_profile_mix_weight": [
      0.4,
      0.8
    ],
    "zone_profile_phase_shift_hours": [
      -2.5,
      2.5
    ],
    "zone_profile_noise_std": [
      0.02,
      0.06
    ],
    "zone_profile_curvature_exp": [
      0.9,
      1.18
    ],
    "region_weather": {
      "R1": {
        "weather_profile": "overcast_summer",
        "weather_spread_intensity": 0.7667077837761843
      },
      "R2": {
        "weather_profile": "mixed",
        "weather_spread_intensity": 1.2818040649275477
      },
      "R3": {
        "weather_profile": "mixed",
        "weather_spread_intensity": 1.204074648304862
      },
      "R4": {
        "weather_profile": "stormy_winter",
        "weather_spread_intensity": 1.245581766989177
      }
    }
  },
  "mip_gap_target_pct": 0.9367113892424132,
  "estimates": {
    "vars_total": 125952,
    "cons_total": 163737,
    "est_cpu_hours": 2.320871666666667
  },
  "meta": {
    "regions": 4,
    "zones": 25,
    "sites": 25,
    "intertie_density": 0.2720899148036139,
    "neighbor_nations": 1,
    "assets": {
      "thermal": 35,
      "solar": 51,
      "wind": 54,
      "battery": 29,
      "dr": 26,
      "nuclear": 3,
      "hydro_reservoir": 7,
      "hydro_ror": 23,
      "hydro_pumped": 6
    },
    "demand_scale_factor": 0.9899882210359914,
    "zone_profile_variants": {
      "evening_peak": 0.28,
      "double_peak": 0.16,
      "office_peak": 0.2,
      "industrial": 0.14,
      "night_shift": 0.1,
      "residential_morning": 0.12
    },
    "zone_profile_mix_weight": [
      0.4,
      0.8
    ],
    "weather_profile": "mixed",
    "cross_border_policy": "block",
    "price_cap": 358.6635464403871,
    "co2_price": 193.09850849006986,
    "import_export_caps_factor": 1.421205191512123,
    "operation_costs": {
      "thermal_fuel_eur_per_mwh": 66.9319613826869,
      "nuclear_fuel_eur_per_mwh": 10.770794389232941,
      "demand_response_cost_eur_per_mwh": 570.6183799249327,
      "value_of_lost_load_eur_per_mwh": 8059.071571654787,
      "renewable_spill_cost_eur_per_mwh": 538.1283108389935,
      "hydro_spill_cost_eur_per_mwh": 1090.1334885376693,
      "overgen_spill_cost_eur_per_mwh": 7895.147096477663,
      "battery_cycle_cost_eur_per_mwh": 91.3719088110819,
      "pumped_cycle_cost_eur_per_mwh": 51.316028524465345
    },
    "tech_scalers": {
      "thermal_marg_cost": 10.510508205013144,
      "thermal_ramp_pct": 0.27412360778918754,
      "battery_roundtrip_eff": 0.9198058433735583,
      "battery_e_to_p_hours": 4.556352550687849,
      "dr_max_shed_share": 0.2111755014108458,
      "dr_duration_hours": 4.496568351964381,
      "hydro_reservoir_head_eff": 0.7592235018569297,
      "battery_initial_soc_fraction": 0.37726418677416707,
      "battery_final_soc_tolerance": 0.16118730622609348,
      "battery_self_discharge_per_hour": 0.008243454602936903,
      "pumped_initial_level_fraction": 0.588849979346258,
      "pumped_final_level_tolerance": 0.17416291177666576,
      "pumped_self_discharge_per_hour": 0.0014860163396263153
    }
  },
  "flexibility_metrics": {
    "total_storage_power_mw": 2650.0,
    "total_storage_capacity_mwh": 16206.7,
    "battery_power_mw": 1450.0,
    "battery_capacity_mwh": 6606.7,
    "pumped_power_mw": 1200.0,
    "pumped_capacity_mwh": 9600.0,
    "total_dr_capacity_mw": 2613.3,
    "total_ramp_up_mw_per_step": 757.1,
    "total_ramp_down_mw_per_step": 757.1,
    "thermal_flex_ratio": 0.39,
    "dr_duration_hours": 4.5,
    "battery_roundtrip_efficiency": 0.92
  },
  "difficulty_indicators": {
    "vre_penetration_pct": 37.93,
    "net_demand_volatility": 0.284,
    "peak_to_valley_ratio": 1.78,
    "estimated_milp_solve_time_seconds": 8355.1,
    "complexity_score": "very_hard",
    "n_binary_variables": 3360,
    "n_timesteps": 96,
    "n_zones": 25,
    "weather_profile": "mixed",