{
  "id": "4d502d3a-829d-4640-971e-840f49e405fc",
  "horizon_hours": 24,
  "dt_minutes": 15,
  "graph": {
    "regions": 2,
    "zones_per_region": [
      9,
      10
    ],
    "sites_per_zone": [
      8,
      8,
      5,
      9,
      3,
      8,
      9,
      3,
      8,
      8,
      6,
      7,
      5,
      9,
      3,
      10,
      9,
      2,
      8
    ],
    "intertie_density": 0.2778414070273865,
    "neighbor_nations": 3
  },
  "assets": {
    "thermal_per_site": [
      3,
      0,
      0,
      2,
      0,
      1,
      0,
      0,
      2,
      3,
      3,
      0,
      3,
      1,
      1,
      1,
      2,
      3,
      0
    ],
    "solar_per_site": [
      3,
      1,
      3,
      3,
      3,
      3,
      3,
      1,
      1,
      2,
      3,
      3,
      1,
      3,
      3,
      2,
      3,
      1,
      2
    ],
    "wind_per_site": [
      3,
      3,
      3,
      1,
      1,
      3,
      1,
      2,
      1,
      1,
      1,
      2,
      2,
      1,
      1,
      2,
      1,
      1,
      3
    ],
    "battery_per_site": [
      1,
      0,
      0,
      1,
      1,
      0,
      1,
      2,
      0,
      0,
      1,
      2,
      2,
      1,
      2,
      1,
      1,
      2,
      1
    ],
    "dr_per_site": [
      1,
      2,
      0,
      1,
      1,
      1,
      1,
      0,
      0,
      0,
      0,
      2,
      2,
      2,
      2,
      0,
      2,
      1,
      2
    ],
    "nuclear_per_region": [
      2,
      2
    ],
    "hydro_reservoir_per_region": [
      1,
      3
    ],
    "hydro_ror_per_zone": [
      0,
      1,
      1,
      0,
      1,
      0,
      0,
      2,
      1,
      1,
      0,
      2,
      1,
      2,
      0,
      2,
      1,
      2,
      2
    ],
    "hydro_pumped_per_region": [
      2,
      1
    ]
  },
  "econ_policy": {
    "co2_price": 174.7566466247793,
    "price_cap": 4467.502229951661,
    "cross_border_policy": "block",
    "import_export_caps_factor": 0.8398864791705549
  },
  "tech": {
    "thermal_marg_cost": 2.61929677353876,
    "thermal_ramp_pct": 0.10593229739361024,
    "battery_roundtrip_eff": 0.8713754846292402,
    "battery_e_to_p_hours": 4.629907320269715,
    "dr_max_shed_share": 0.3359885843320109,
    "dr_duration_hours": 5.574225867803565,
    "hydro_reservoir_head_eff": 1.005848060648363,
    "battery_initial_soc_fraction": 0.41471506422601057,
    "battery_final_soc_tolerance": 0.06910124195036021,
    "battery_self_discharge_per_hour": 0.004234825729636324,
    "pumped_initial_level_fraction": 0.659757264112885,
    "pumped_final_level_tolerance": 0.14254717941442258,
    "pumped_self_discharge_per_hour": 0.002051614846566897
  },
  "operation_costs": {
    "thermal_fuel_eur_per_mwh": 76.5961911696393,
    "nuclear_fuel_eur_per_mwh": 26.22029605402767,
    "thermal_startup_cost_eur": 4564.968532571012,
    "nuclear_startup_cost_eur": 31429.221731949947,
    "demand_response_cost_eur_per_mwh": 178.69927344444653,
    "value_of_lost_load_eur_per_mwh": 10210.203686480789,
    "renewable_spill_cost_eur_per_mwh": 1875.0499980715026,
    "hydro_spill_cost_eur_per_mwh": 519.6158817040889,
    "overgen_spill_cost_eur_per_mwh": 7941.006891233296,
    "battery_cycle_cost_eur_per_mwh": 133.1937840969394,
    "pumped_cycle_cost_eur_per_mwh": 76.66366445969733
  },
  "exogenous": {
    "weather_profile": "sunny_summer",
    "weather_spread_intensity": 0.9638896296494036,
    "demand_profile": "cold_snap",
    "demand_scale_factor": 1.1732744891577507,
    "inflow_factor": 0.7885735581950083,
    "zone_profile_variants": {
      "evening_peak": 0.28,
      "double_peak": 0.16,
      "office_peak": 0.2,
      "industrial": 0.14,
      "night_shift": 0.1,
      "residential_morning": 0.12
    },
    "zone_profile_mix_weight": [
      0.4,
      0.8
    ],
    "zone_profile_phase_shift_hours": [
      -2.5,
      2.5
    ],
    "zone_profile_noise_std": [
      0.02,
      0.06
    ],
    "zone_profile_curvature_exp": [
      0.9,
      1.18
    ],
    "region_weather": {
      "R1": {
        "weather_profile": "mixed",
        "weather_spread_intensity": 0.8717369991400645
      },
      "R2": {
        "weather_profile": "sunny_summer",
        "weather_spread_intensity": 1.0560422601587427
      }
    }
  },
  "mip_gap_target_pct": 1.3064511881886773,
  "estimates": {
    "vars_total": 93888,
    "cons_total": 122054,
    "est_cpu_hours": 1.7487091111111115
  },
  "meta": {
    "regions": 2,
    "zones": 19,
    "sites": 19,
    "intertie_density": 0.2778414070273865,
    "neighbor_nations": 3,
    "assets": {
      "thermal": 25,
      "solar": 44,
      "wind": 33,
      "battery": 19,
      "dr": 20,
      "nuclear": 4,
      "hydro_reservoir": 4,
      "hydro_ror": 19,
      "hydro_pumped": 3
    },
    "demand_scale_factor": 1.1732744891577507,
    "zone_profile_variants": {
      "evening_peak": 0.28,
      "double_peak": 0.16,
      "office_peak": 0.2,
      "industrial": 0.14,
      "night_shift": 0.1,
      "residential_morning": 0.12
    },
    "zone_profile_mix_weight": [
      0.4,
      0.8
    ],
    "weather_profile": "sunny_summer",
    "cross_border_policy": "block",
    "price_cap": 4467.502229951661,
    "co2_price": 174.7566466247793,
    "import_export_caps_factor": 0.8398864791705549,
    "operation_costs": {
      "thermal_fuel_eur_per_mwh": 76.5961911696393,
      "nuclear_fuel_eur_per_mwh": 26.22029605402767,
      "thermal_startup_cost_eur": 4564.968532571012,
      "nuclear_startup_cost_eur": 31429.221731949947,
      "demand_response_cost_eur_per_mwh": 178.69927344444653,
      "value_of_lost_load_eur_per_mwh": 10210.203686480789,
      "renewable_spill_cost_eur_per_mwh": 1875.0499980715026,
      "hydro_spill_cost_eur_per_mwh": 519.6158817040889,
      "overgen_spill_cost_eur_per_mwh": 7941.006891233296,
      "battery_cycle_cost_eur_per_mwh": 133.1937840969394,
      "pumped_cycle_cost_eur_per_mwh": 76.66366445969733
    },
    "tech_scalers": {
      "thermal_marg_cost": 2.61929677353876,
      "thermal_ramp_pct": 0.10593229739361024,
      "battery_roundtrip_eff": 0.8713754846292402,
      "battery_e_to_p_hours": 4.629907320269715,
      "dr_max_shed_share": 0.3359885843320109,
      "dr_duration_hours": 5.574225867803565,
      "hydro_reservoir_head_eff": 1.005848060648363,
      "battery_initial_soc_fraction": 0.41471506422601057,
      "battery_final_soc_tolerance": 0.06910124195036021,
      "battery_self_discharge_per_hour": 0.004234825729636324,
      "pumped_initial_level_fraction": 0.659757264112885,
      "pumped_final_level_tolerance": 0.14254717941442258,
      "pumped_self_discharge_per_hour": 0.002051614846566897
    }
  },
  "flexibility_metrics": {
    "total_storage_power_mw": 1550.0,
    "total_storage_capacity_mwh": 9198.4,
    "battery_power_mw": 950.0,
    "battery_capacity_mwh": 4398.4,
    "pumped_power_mw": 600.0,
    "pumped_capacity_mwh": 4800.0,
    "total_dr_capacity_mw": 3745.0,
    "total_ramp_up_mw_per_step": 248.6,
    "total_ramp_down_mw_per_step": 248.6,
    "thermal_flex_ratio": 0.46,
    "dr_duration_hours": 5.57,
    "battery_roundtrip_efficiency": 0.871
  },
  "difficulty_indicators": {
    "vre_penetration_pct": 35.08,
    "net_demand_volatility": 0.297,
    "peak_to_valley_ratio": 2.11,
    "estimated_milp_solve_time_seconds": 6295.4,
    "complexity_score": "hard",
    "n_binary_variables": 2400,
    "n_timesteps": 96,
    "n_zones": 19,
    "weather_profile": "sunny_summer",
    "demand_profile": "cold_snap"
  }
}