{
  "id": "dd54bb2d-9639-4d3c-ae1c-3e658bc0f4f4",
  "horizon_hours": 24,
  "dt_minutes": 15,
  "graph": {
    "regions": 5,
    "zones_per_region": [
      3,
      3,
      3,
      6,
      6
    ],
    "sites_per_zone": [
      8,
      5,
      7,
      7,
      5,
      5,
      5,
      8,
      5,
      3,
      7,
      7,
      5,
      2,
      6,
      3,
      2,
      5,
      7,
      5,
      3
    ],
    "intertie_density": 0.25236430568562823,
    "neighbor_nations": 2
  },
  "assets": {
    "thermal_per_site": [
      2,
      0,
      0,
      1,
      2,
      3,
      2,
      0,
      0,
      1,
      2,
      1,
      3,
      0,
      3,
      1,
      2,
      3,
      0,
      1,
      0
    ],
    "solar_per_site": [
      1,
      1,
      3,
      3,
      3,
      3,
      2,
      1,
      3,
      2,
      2,
      1,
      3,
      1,
      3,
      2,
      1,
      3,
      2,
      1,
      3
    ],
    "wind_per_site": [
      2,
      2,
      3,
      1,
      2,
      3,
      3,
      1,
      1,
      3,
      2,
      1,
      2,
      2,
      2,
      3,
      1,
      2,
      3,
      3,
      2
    ],
    "battery_per_site": [
      1,
      0,
      1,
      0,
      1,
      1,
      0,
      2,
      1,
      1,
      2,
      0,
      0,
      1,
      2,
      0,
      1,
      0,
      2,
      0,
      0
    ],
    "dr_per_site": [
      2,
      2,
      0,
      0,
      1,
      1,
      0,
      1,
      2,
      1,
      2,
      2,
      1,
      0,
      1,
      2,
      1,
      2,
      0,
      2,
      0
    ],
    "nuclear_per_region": [
      2,
      0,
      2,
      2,
      1
    ],
    "hydro_reservoir_per_region": [
      2,
      3,
      1,
      2,
      0
    ],
    "hydro_ror_per_zone": [
      1,
      0,
      2,
      2,
      0,
      1,
      0,
      0,
      0,
      0,
      1,
      0,
      0,
      0,
      2,
      1,
      1,
      1,
      1,
      0,
      1
    ],
    "hydro_pumped_per_region": [
      2,
      2,
      2,
      0,
      2
    ]
  },
  "econ_policy": {
    "co2_price": 125.38445129148656,
    "price_cap": 1407.4291348281504,
    "cross_border_policy": "allow",
    "import_export_caps_factor": 0.5349288719244542
  },
  "tech": {
    "thermal_marg_cost": 2.59794357040119,
    "thermal_ramp_pct": 0.33752498950207255,
    "battery_roundtrip_eff": 0.8872387067389295,
    "battery_e_to_p_hours": 2.185969553227722,
    "dr_max_shed_share": 0.2129679703699488,
    "dr_duration_hours": 4.802689497767486,
    "hydro_reservoir_head_eff": 1.038060343042341,
    "battery_initial_soc_fraction": 0.4069205014099115,
    "battery_final_soc_tolerance": 0.1094739959512375,
    "battery_self_discharge_per_hour": 0.0033814595201274934,
    "pumped_initial_level_fraction": 0.6107270095641042,
    "pumped_final_level_tolerance": 0.1763101881457112,
    "pumped_self_discharge_per_hour": 0.0017105324561902102
  },
  "operation_costs": {
    "thermal_fuel_eur_per_mwh": 71.31190722207447,
    "nuclear_fuel_eur_per_mwh": 15.703050912923626,
    "demand_response_cost_eur_per_mwh": 391.6971069621416,
    "value_of_lost_load_eur_per_mwh": 10276.01679044244,
    "renewable_spill_cost_eur_per_mwh": 1726.1688254471583,
    "hydro_spill_cost_eur_per_mwh": 346.46497962106906,
    "overgen_spill_cost_eur_per_mwh": 7903.013156339119,
    "battery_cycle_cost_eur_per_mwh": 98.4399954335328,
    "pumped_cycle_cost_eur_per_mwh": 69.00305362059137
  },
  "exogenous": {
    "weather_profile": "mixed",
    "weather_spread_intensity": 0.8807913123352191,
    "demand_profile": "cold_snap",
    "demand_scale_factor": 0.6544822800131845,
    "inflow_factor": 1.317581150255128,
    "zone_profile_variants": {
      "evening_peak": 0.28,
      "double_peak": 0.16,
      "office_peak": 0.2,
      "industrial": 0.14,
      "night_shift": 0.1,
      "residential_morning": 0.12
    },
    "zone_profile_mix_weight": [
      0.4,
      0.8
    ],
    "zone_profile_phase_shift_hours": [
      -2.5,
      2.5
    ],
    "zone_profile_noise_std": [
      0.02,
      0.06
    ],
    "zone_profile_curvature_exp": [
      0.9,
      1.18
    ],
    "region_weather": {
      "R1": {
        "weather_profile": "mixed",
        "weather_spread_intensity": 1.0432275686050014
      },
      "R2": {
        "weather_profile": "mixed",
        "weather_spread_intensity": 0.5025822388097737
      },
      "R3": {
        "weather_profile": "sunny_summer",
        "weather_spread_intensity": 1.4968074265661775
      },
      "R4": {
        "weather_profile": "stormy_winter",
        "weather_spread_intensity": 0.800446808883317
      },
      "R5": {
        "weather_profile": "calm_winter",
        "weather_spread_intensity": 0.560892518811826
      }
    }
  },
  "mip_gap_target_pct": 0.9001983418937213,
  "estimates": {
    "vars_total": 104928,
    "cons_total": 136406,
    "est_cpu_hours": 1.9457117777777782
  },
  "meta": {
    "regions": 5,
    "zones": 21,
    "sites": 21,
    "intertie_density": 0.25236430568562823,
    "neighbor_nations": 2,
    "assets": {
      "thermal": 27,
      "solar": 44,
      "wind": 44,
      "battery": 16,
      "dr": 23,
      "nuclear": 7,
      "hydro_reservoir": 8,
      "hydro_ror": 14,
      "hydro_pumped": 8
    },
    "demand_scale_factor": 0.6544822800131845,
    "zone_profile_variants": {
      "evening_peak": 0.28,
      "double_peak": 0.16,
      "office_peak": 0.2,
      "industrial": 0.14,
      "night_shift": 0.1,
      "residential_morning": 0.12
    },
    "zone_profile_mix_weight": [
      0.4,
      0.8
    ],
    "weather_profile": "mixed",
    "cross_border_policy": "allow",
    "price_cap": 1407.4291348281504,
    "co2_price": 125.38445129148656,
    "import_export_caps_factor": 0.5349288719244542,
    "operation_costs": {
      "thermal_fuel_eur_per_mwh": 71.31190722207447,
      "nuclear_fuel_eur_per_mwh": 15.703050912923626,
      "demand_response_cost_eur_per_mwh": 391.6971069621416,
      "value_of_lost_load_eur_per_mwh": 10276.01679044244,
      "renewable_spill_cost_eur_per_mwh": 1726.1688254471583,
      "hydro_spill_cost_eur_per_mwh": 346.46497962106906,
      "overgen_spill_cost_eur_per_mwh": 7903.013156339119,
      "battery_cycle_cost_eur_per_mwh": 98.4399954335328,
      "pumped_cycle_cost_eur_per_mwh": 69.00305362059137
    },
    "tech_scalers": {
      "thermal_marg_cost": 2.59794357040119,
      "thermal_ramp_pct": 0.33752498950207255,
      "battery_roundtrip_eff": 0.8872387067389295,
      "battery_e_to_p_hours": 2.185969553227722,
      "dr_max_shed_share": 0.2129679703699488,
      "dr_duration_hours": 4.802689497767486,
      "hydro_reservoir_head_eff": 1.038060343042341,
      "battery_initial_soc_fraction": 0.4069205014099115,
      "battery_final_soc_tolerance": 0.1094739959512375,
      "battery_self_discharge_per_hour": 0.0033814595201274934,
      "pumped_initial_level_fraction": 0.6107270095641042,
      "pumped_final_level_tolerance": 0.1763101881457112,
      "pumped_self_discharge_per_hour": 0.0017105324561902102
    }
  },
  "flexibility_metrics": {
    "total_storage_power_mw": 2400.0,
    "total_storage_capacity_mwh": 14548.8,
    "battery_power_mw": 800.0,
    "battery_capacity_mwh": 1748.8,
    "pumped_power_mw": 1600.0,
    "pumped_capacity_mwh": 12800.0,
    "total_dr_capacity_mw": 1463.5,
    "total_ramp_up_mw_per_step": 771.0,
    "total_ramp_down_mw_per_step": 771.0,
    "thermal_flex_ratio": 0.256,
    "dr_duration_hours": 4.8,
    "battery_roundtrip_efficiency": 0.887
  },
  "difficulty_indicators": {
    "vre_penetration_pct": 33.43,
    "net_demand_volatility": 0.269,
    "peak_to_valley_ratio": 1.18,
    "estimated_milp_solve_time_seconds": 7004.6,
    "complexity_score": "hard",
    "n_binary_variables": 2592,
    "n_timesteps": 96,
    "n_zones": 21,
    "weather_profile": "mixed",
    "demand_profile": "cold_snap"
  }
}