{
  "id": "303eca72-f275-4425-adc8-0de96f48e085",
  "horizon_hours": 24,
  "dt_minutes": 15,
  "graph": {
    "regions": 4,
    "zones_per_region": [
      9,
      2,
      5,
      7
    ],
    "sites_per_zone": [
      3,
      8,
      10,
      9,
      10,
      10,
      7,
      4,
      2,
      7,
      4,
      8,
      3,
      8,
      4,
      8,
      3,
      4,
      8,
      8,
      6,
      3,
      10
    ],
    "intertie_density": 0.37166963999917874,
    "neighbor_nations": 5
  },
  "assets": {
    "thermal_per_site": [
      2,
      2,
      3,
      3,
      3,
      1,
      0,
      3,
      3,
      3,
      2,
      0,
      2,
      2,
      0,
      0,
      2,
      2,
      3,
      1,
      0,
      3,
      2
    ],
    "solar_per_site": [
      3,
      2,
      2,
      1,
      3,
      2,
      3,
      3,
      2,
      2,
      3,
      2,
      1,
      1,
      3,
      3,
      3,
      2,
      3,
      3,
      3,
      3,
      3
    ],
    "wind_per_site": [
      1,
      3,
      3,
      1,
      3,
      3,
      2,
      1,
      1,
      3,
      1,
      1,
      3,
      2,
      3,
      2,
      1,
      3,
      3,
      2,
      2,
      2,
      3
    ],
    "battery_per_site": [
      2,
      2,
      2,
      2,
      1,
      2,
      0,
      0,
      2,
      0,
      0,
      0,
      1,
      1,
      2,
      0,
      0,
      2,
      0,
      2,
      0,
      0,
      2
    ],
    "dr_per_site": [
      2,
      0,
      2,
      1,
      1,
      1,
      0,
      2,
      1,
      1,
      2,
      2,
      2,
      2,
      2,
      1,
      2,
      0,
      0,
      0,
      0,
      1,
      2
    ],
    "nuclear_per_region": [
      0,
      1,
      1,
      2
    ],
    "hydro_reservoir_per_region": [
      3,
      0,
      1,
      3
    ],
    "hydro_ror_per_zone": [
      0,
      1,
      0,
      1,
      2,
      2,
      0,
      2,
      2,
      1,
      1,
      2,
      0,
      2,
      2,
      2,
      0,
      0,
      0,
      0,
      0,
      0,
      2
    ],
    "hydro_pumped_per_region": [
      1,
      1,
      1,
      1
    ]
  },
  "econ_policy": {
    "co2_price": 84.56254800619529,
    "price_cap": 1889.5269122632144,
    "cross_border_policy": "allow",
    "import_export_caps_factor": 0.9163067187662527
  },
  "tech": {
    "thermal_marg_cost": 13.442411821818368,
    "thermal_ramp_pct": 0.384542597098063,
    "battery_roundtrip_eff": 0.7830330476145597,
    "battery_e_to_p_hours": 3.2209922471918486,
    "dr_max_shed_share": 0.08290318183249099,
    "dr_duration_hours": 2.484765907866705,
    "hydro_reservoir_head_eff": 1.0481909846651485,
    "battery_initial_soc_fraction": 0.49518607196888326,
    "battery_final_soc_tolerance": 0.13014189282081357,
    "battery_self_discharge_per_hour": 0.007232240280708738,
    "pumped_initial_level_fraction": 0.46528114121578074,
    "pumped_final_level_tolerance": 0.15347089571568817,
    "pumped_self_discharge_per_hour": 0.0030695452940526034
  },
  "operation_costs": {
    "thermal_fuel_eur_per_mwh": 50.80601945366917,
    "nuclear_fuel_eur_per_mwh": 21.685089999196137,
    "thermal_startup_cost_eur": 1566.1519914398905,
    "nuclear_startup_cost_eur": 40141.4998860323,
    "demand_response_cost_eur_per_mwh": 1092.3136542825562,
    "value_of_lost_load_eur_per_mwh": 8961.095402105257,
    "renewable_spill_cost_eur_per_mwh": 1544.0512466998393,
    "hydro_spill_cost_eur_per_mwh": 1183.9403354454025,
    "overgen_spill_cost_eur_per_mwh": 7944.159675704395,
    "battery_cycle_cost_eur_per_mwh": 104.75982892066091,
    "pumped_cycle_cost_eur_per_mwh": 57.31813095264131
  },
  "exogenous": {
    "weather_profile": "sunny_summer",
    "weather_spread_intensity": 0.9957864675258284,
    "demand_profile": "heatwave",
    "demand_scale_factor": 0.9066151854538949,
    "inflow_factor": 1.0136807137976596,
    "zone_profile_variants": {
      "evening_peak": 0.28,
      "double_peak": 0.16,
      "office_peak": 0.2,
      "industrial": 0.14,
      "night_shift": 0.1,
      "residential_morning": 0.12
    },
    "zone_profile_mix_weight": [
      0.4,
      0.8
    ],
    "zone_profile_phase_shift_hours": [
      -2.5,
      2.5
    ],
    "zone_profile_noise_std": [
      0.02,
      0.06
    ],
    "zone_profile_curvature_exp": [
      0.9,
      1.18
    ],
    "region_weather": {
      "R1": {
        "weather_profile": "mixed",
        "weather_spread_intensity": 1.3554612606126057
      },
      "R2": {
        "weather_profile": "stormy_winter",
        "weather_spread_intensity": 0.6127580472079982
      },
      "R3": {
        "weather_profile": "calm_winter",
        "weather_spread_intensity": 0.5958022709430473
      },
      "R4": {
        "weather_profile": "sunny_summer",
        "weather_spread_intensity": 1.4191242913396624
      }
    }
  },
  "mip_gap_target_pct": 1.15641023716322,
  "estimates": {
    "vars_total": 121440,
    "cons_total": 157872,
    "est_cpu_hours": 2.240362666666667
  },
  "meta": {
    "regions": 4,
    "zones": 23,
    "sites": 23,
    "intertie_density": 0.37166963999917874,
    "neighbor_nations": 5,
    "assets": {
      "thermal": 42,
      "solar": 56,
      "wind": 49,
      "battery": 23,
      "dr": 27,
      "nuclear": 4,
      "hydro_reservoir": 7,
      "hydro_ror": 22,
      "hydro_pumped": 4
    },
    "demand_scale_factor": 0.9066151854538949,
    "zone_profile_variants": {
      "evening_peak": 0.28,
      "double_peak": 0.16,
      "office_peak": 0.2,
      "industrial": 0.14,
      "night_shift": 0.1,
      "residential_morning": 0.12
    },
    "zone_profile_mix_weight": [
      0.4,
      0.8
    ],
    "weather_profile": "sunny_summer",
    "cross_border_policy": "allow",
    "price_cap": 1889.5269122632144,
    "co2_price": 84.56254800619529,
    "import_export_caps_factor": 0.9163067187662527,
    "operation_costs": {
      "thermal_fuel_eur_per_mwh": 50.80601945366917,
      "nuclear_fuel_eur_per_mwh": 21.685089999196137,
      "thermal_startup_cost_eur": 1566.1519914398905,
      "nuclear_startup_cost_eur": 40141.4998860323,
      "demand_response_cost_eur_per_mwh": 1092.3136542825562,
      "value_of_lost_load_eur_per_mwh": 8961.095402105257,
      "renewable_spill_cost_eur_per_mwh": 1544.0512466998393,
      "hydro_spill_cost_eur_per_mwh": 1183.9403354454025,
      "overgen_spill_cost_eur_per_mwh": 7944.159675704395,
      "battery_cycle_cost_eur_per_mwh": 104.75982892066091,
      "pumped_cycle_cost_eur_per_mwh": 57.31813095264131
    },
    "tech_scalers": {
      "thermal_marg_cost": 13.442411821818368,
      "thermal_ramp_pct": 0.384542597098063,
      "battery_roundtrip_eff": 0.7830330476145597,
      "battery_e_to_p_hours": 3.2209922471918486,
      "dr_max_shed_share": 0.08290318183249099,
      "dr_duration_hours": 2.484765907866705,
      "hydro_reservoir_head_eff": 1.0481909846651485,
      "battery_initial_soc_fraction": 0.49518607196888326,
      "battery_final_soc_tolerance": 0.13014189282081357,
      "battery_self_discharge_per_hour": 0.007232240280708738,
      "pumped_initial_level_fraction": 0.46528114121578074,
      "pumped_final_level_tolerance": 0.15347089571568817,
      "pumped_self_discharge_per_hour": 0.0030695452940526034
    }
  },
  "flexibility_metrics": {
    "total_storage_power_mw": 1950.0,
    "total_storage_capacity_mwh": 10104.1,
    "battery_power_mw": 1150.0,
    "battery_capacity_mwh": 3704.1,
    "pumped_power_mw": 800.0,
    "pumped_capacity_mwh": 6400.0,
    "total_dr_capacity_mw": 864.4,
    "total_ramp_up_mw_per_step": 1261.3,
    "total_ramp_down_mw_per_step": 1261.3,
    "thermal_flex_ratio": 0.17,
    "dr_duration_hours": 2.48,
    "battery_roundtrip_efficiency": 0.783
  },
  "difficulty_indicators": {
    "vre_penetration_pct": 34.58,
    "net_demand_volatility": 0.311,
    "peak_to_valley_ratio": 1.63,
    "estimated_milp_solve_time_seconds": 8065.3,
    "complexity_score": "very_hard",