{
  "id": "bd2a2795-775d-4407-a271-65b0ade6cfc4",
  "horizon_hours": 24,
  "dt_minutes": 15,
  "graph": {
    "regions": 4,
    "zones_per_region": [
      4,
      4,
      7,
      3
    ],
    "sites_per_zone": [
      3,
      7,
      8,
      6,
      3,
      3,
      6,
      7,
      4,
      7,
      2,
      2,
      5,
      8,
      7,
      2,
      3,
      2
    ],
    "intertie_density": 0.41326494593899854,
    "neighbor_nations": 1
  },
  "assets": {
    "thermal_per_site": [
      0,
      2,
      3,
      0,
      0,
      2,
      2,
      3,
      2,
      2,
      0,
      3,
      2,
      1,
      2,
      3,
      3,
      1
    ],
    "solar_per_site": [
      2,
      2,
      2,
      2,
      3,
      3,
      3,
      2,
      1,
      3,
      2,
      1,
      1,
      2,
      1,
      2,
      3,
      3
    ],
    "wind_per_site": [
      1,
      1,
      2,
      2,
      2,
      3,
      3,
      2,
      2,
      2,
      3,
      2,
      1,
      3,
      2,
      2,
      3,
      3
    ],
    "battery_per_site": [
      1,
      1,
      0,
      2,
      1,
      2,
      0,
      0,
      0,
      0,
      1,
      2,
      1,
      1,
      2,
      2,
      2,
      0
    ],
    "dr_per_site": [
      2,
      1,
      2,
      1,
      1,
      0,
      0,
      0,
      1,
      2,
      0,
      1,
      0,
      0,
      0,
      1,
      0,
      1
    ],
    "nuclear_per_region": [
      0,
      2,
      2,
      1
    ],
    "hydro_reservoir_per_region": [
      2,
      2,
      0,
      0
    ],
    "hydro_ror_per_zone": [
      2,
      1,
      1,
      1,
      1,
      1,
      1,
      1,
      0,
      1,
      1,
      0,
      2,
      2,
      2,
      1,
      0,
      0
    ],
    "hydro_pumped_per_region": [
      1,
      2,
      2,
      1
    ]
  },
  "econ_policy": {
    "co2_price": 200.2338965283011,
    "price_cap": 3467.8332253844046,
    "cross_border_policy": "allow",
    "import_export_caps_factor": 0.680946511952436
  },
  "tech": {
    "thermal_marg_cost": 0.758047622845367,
    "thermal_ramp_pct": 0.10569294381028485,
    "battery_roundtrip_eff": 0.9273437019189568,
    "battery_e_to_p_hours": 5.693247908465308,
    "dr_max_shed_share": 0.05914592222230219,
    "dr_duration_hours": 2.2644254539232036,
    "hydro_reservoir_head_eff": 0.8962077942267905,
    "battery_initial_soc_fraction": 0.404396908120863,
    "battery_final_soc_tolerance": 0.14369801269436355,
    "battery_self_discharge_per_hour": 0.009089993431991156,
    "pumped_initial_level_fraction": 0.4861695230144343,
    "pumped_final_level_tolerance": 0.08635086840639392,
    "pumped_self_discharge_per_hour": 0.001595207586201446
  },
  "operation_costs": {
    "thermal_fuel_eur_per_mwh": 83.67126461259024,
    "nuclear_fuel_eur_per_mwh": 11.467424466309001,
    "demand_response_cost_eur_per_mwh": 590.213346344243,
    "value_of_lost_load_eur_per_mwh": 10356.490011939037,
    "renewable_spill_cost_eur_per_mwh": 1539.4046395477997,
    "hydro_spill_cost_eur_per_mwh": 1078.961727347973,
    "overgen_spill_cost_eur_per_mwh": 6852.712252814807,
    "battery_cycle_cost_eur_per_mwh": 88.80517399365277,
    "pumped_cycle_cost_eur_per_mwh": 62.19229874504717
  },
  "exogenous": {
    "weather_profile": "sunny_summer",
    "weather_spread_intensity": 1.0781259679010777,
    "demand_profile": "wkend_flat",
    "demand_scale_factor": 0.7661469013800598,
    "inflow_factor": 0.9869699737405229,
    "zone_profile_variants": {
      "evening_peak": 0.28,
      "double_peak": 0.16,
      "office_peak": 0.2,
      "industrial": 0.14,
      "night_shift": 0.1,
      "residential_morning": 0.12
    },
    "zone_profile_mix_weight": [
      0.4,
      0.8
    ],
    "zone_profile_phase_shift_hours": [
      -2.5,
      2.5
    ],
    "zone_profile_noise_std": [
      0.02,
      0.06
    ],
    "zone_profile_curvature_exp": [
      0.9,
      1.18
    ],
    "region_weather": {
      "R1": {
        "weather_profile": "sunny_summer",
        "weather_spread_intensity": 1.2198248059145218
      },
      "R2": {
        "weather_profile": "mixed",
        "weather_spread_intensity": 1.2762315530875223
      },
      "R3": {
        "weather_profile": "calm_winter",
        "weather_spread_intensity": 1.041311870905104
      },
      "R4": {
        "weather_profile": "overcast_summer",
        "weather_spread_intensity": 0.7751356416971626
      }
    }
  },
  "mip_gap_target_pct": 0.8929307532735656,
  "estimates": {
    "vars_total": 92256,
    "cons_total": 119932,
    "est_cpu_hours": 1.7195835555555556
  },
  "meta": {
    "regions": 4,
    "zones": 18,
    "sites": 18,
    "intertie_density": 0.41326494593899854,
    "neighbor_nations": 1,
    "assets": {
      "thermal": 31,
      "solar": 38,
      "wind": 39,
      "battery": 18,
      "dr": 13,
      "nuclear": 5,
      "hydro_reservoir": 4,
      "hydro_ror": 18,
      "hydro_pumped": 6
    },
    "demand_scale_factor": 0.7661469013800598,
    "zone_profile_variants": {
      "evening_peak": 0.28,
      "double_peak": 0.16,
      "office_peak": 0.2,
      "industrial": 0.14,
      "night_shift": 0.1,
      "residential_morning": 0.12
    },
    "zone_profile_mix_weight": [
      0.4,
      0.8
    ],
    "weather_profile": "sunny_summer",
    "cross_border_policy": "allow",
    "price_cap": 3467.8332253844046,
    "co2_price": 200.2338965283011,
    "import_export_caps_factor": 0.680946511952436,
    "operation_costs": {
      "thermal_fuel_eur_per_mwh": 83.67126461259024,
      "nuclear_fuel_eur_per_mwh": 11.467424466309001,
      "demand_response_cost_eur_per_mwh": 590.213346344243,
      "value_of_lost_load_eur_per_mwh": 10356.490011939037,
      "renewable_spill_cost_eur_per_mwh": 1539.4046395477997,
      "hydro_spill_cost_eur_per_mwh": 1078.961727347973,
      "overgen_spill_cost_eur_per_mwh": 6852.712252814807,
      "battery_cycle_cost_eur_per_mwh": 88.80517399365277,
      "pumped_cycle_cost_eur_per_mwh": 62.19229874504717
    },
    "tech_scalers": {
      "thermal_marg_cost": 0.758047622845367,
      "thermal_ramp_pct": 0.10569294381028485,
      "battery_roundtrip_eff": 0.9273437019189568,
      "battery_e_to_p_hours": 5.693247908465308,
      "dr_max_shed_share": 0.05914592222230219,
      "dr_duration_hours": 2.2644254539232036,
      "hydro_reservoir_head_eff": 0.8962077942267905,
      "battery_initial_soc_fraction": 0.404396908120863,
      "battery_final_soc_tolerance": 0.14369801269436355,
      "battery_self_discharge_per_hour": 0.009089993431991156,
      "pumped_initial_level_fraction": 0.4861695230144343,
      "pumped_final_level_tolerance": 0.08635086840639392,
      "pumped_self_discharge_per_hour": 0.001595207586201446
    }
  },
  "flexibility_metrics": {
    "total_storage_power_mw": 2100.0,
    "total_storage_capacity_mwh": 14723.9,
    "battery_power_mw": 900.0,
    "battery_capacity_mwh": 5123.9,
    "pumped_power_mw": 1200.0,
    "pumped_capacity_mwh": 9600.0,
    "total_dr_capacity_mw": 407.8,
    "total_ramp_up_mw_per_step": 308.2,
    "total_ramp_down_mw_per_step": 308.2,
    "thermal_flex_ratio": 0.175,
    "dr_duration_hours": 2.26,
    "battery_roundtrip_efficiency": 0.927
  },
  "difficulty_indicators": {
    "vre_penetration_pct": 32.66,
    "net_demand_volatility": 0.234,
    "peak_to_valley_ratio": 1.38,
    "estimated_milp_solve_time_seconds": 6190.5,
    "complexity_score": "hard",
    "n_binary_variables": 2976,
    "n_timesteps": 96,
    "n_zones": 18,
    "weather_profile": "sunny_summer",
    "demand_profile": "wkend_flat"
  }
}