{
  "id": "23d15a06-a891-476f-b22a-664182203b8c",
  "horizon_hours": 24,
  "dt_minutes": 15,
  "graph": {
    "regions": 2,
    "zones_per_region": [
      6,
      3
    ],
    "sites_per_zone": [
      3,
      4,
      2,
      7,
      7,
      2,
      8,
      8,
      2
    ],
    "intertie_density": 0.5258201809727336,
    "neighbor_nations": 3
  },
  "assets": {
    "thermal_per_site": [
      0,
      2,
      3,
      1,
      3,
      3,
      0,
      1,
      2
    ],
    "solar_per_site": [
      1,
      3,
      1,
      1,
      2,
      3,
      3,
      1,
      1
    ],
    "wind_per_site": [
      2,
      2,
      1,
      1,
      1,
      2,
      3,
      3,
      1
    ],
    "battery_per_site": [
      2,
      1,
      2,
      1,
      0,
      1,
      0,
      1,
      2
    ],
    "dr_per_site": [
      1,
      2,
      0,
      1,
      1,
      2,
      2,
      1,
      0
    ],
    "nuclear_per_region": [
      2,
      2
    ],
    "hydro_reservoir_per_region": [
      0,
      2
    ],
    "hydro_ror_per_zone": [
      2,
      1,
      2,
      1,
      2,
      1,
      0,
      1,
      0
    ],
    "hydro_pumped_per_region": [
      0,
      0
    ]
  },
  "econ_policy": {
    "co2_price": 231.04643270601872,
    "price_cap": 3182.724092309854,
    "cross_border_policy": "block",
    "import_export_caps_factor": 0.5076985304750378
  },
  "tech": {
    "thermal_marg_cost": 12.967056325124537,
    "thermal_ramp_pct": 0.14572969838079755,
    "battery_roundtrip_eff": 0.8952179509922398,
    "battery_e_to_p_hours": 1.7307728243200544,
    "dr_max_shed_share": 0.13750696181353644,
    "dr_duration_hours": 4.180282920677545,
    "hydro_reservoir_head_eff": 0.8583229844144746,
    "battery_initial_soc_fraction": 0.49897273935841235,
    "battery_final_soc_tolerance": 0.14658165986689142,
    "battery_self_discharge_per_hour": 0.006908364525744735,
    "pumped_initial_level_fraction": 0.6746263789909753,
    "pumped_final_level_tolerance": 0.07963515302022563,
    "pumped_self_discharge_per_hour": 0.0029253278863639993
  },
  "operation_costs": {
    "thermal_fuel_eur_per_mwh": 54.999392248206064,
    "nuclear_fuel_eur_per_mwh": 12.139505064260353,
    "demand_response_cost_eur_per_mwh": 963.557794380276,
    "value_of_lost_load_eur_per_mwh": 10321.468282133785,
    "renewable_spill_cost_eur_per_mwh": 1025.9736693745353,
    "hydro_spill_cost_eur_per_mwh": 1021.6014839378295,
    "overgen_spill_cost_eur_per_mwh": 2872.4756766639307,
    "battery_cycle_cost_eur_per_mwh": 107.53071993998176,
    "pumped_cycle_cost_eur_per_mwh": 64.15576286962282
  },
  "exogenous": {
    "weather_profile": "calm_winter",
    "weather_spread_intensity": 1.4674715011371247,
    "demand_profile": "shoulder",
    "demand_scale_factor": 0.8459164930982614,
    "inflow_factor": 0.9737392980728882,
    "zone_profile_variants": {
      "evening_peak": 0.28,
      "double_peak": 0.16,
      "office_peak": 0.2,
      "industrial": 0.14,
      "night_shift": 0.1,
      "residential_morning": 0.12
    },
    "zone_profile_mix_weight": [
      0.4,
      0.8
    ],
    "zone_profile_phase_shift_hours": [
      -2.5,
      2.5
    ],
    "zone_profile_noise_std": [
      0.02,
      0.06
    ],
    "zone_profile_curvature_exp": [
      0.9,
      1.18
    ],
    "region_weather": {
      "R1": {
        "weather_profile": "calm_winter",
        "weather_spread_intensity": 1.4719531054056123
      },
      "R2": {
        "weather_profile": "calm_winter",
        "weather_spread_intensity": 1.462989896868637
      }
    }
  },
  "mip_gap_target_pct": 0.40506443262840336,
  "estimates": {
    "vars_total": 45888,
    "cons_total": 59654,
    "est_cpu_hours": 0.8921757777777778
  },
  "meta": {
    "regions": 2,
    "zones": 9,
    "sites": 9,
    "intertie_density": 0.5258201809727336,
    "neighbor_nations": 3,
    "assets": {
      "thermal": 15,
      "solar": 16,
      "wind": 16,
      "battery": 10,
      "dr": 10,
      "nuclear": 4,
      "hydro_reservoir": 2,
      "hydro_ror": 10,
      "hydro_pumped": 0
    },
    "demand_scale_factor": 0.8459164930982614,
    "zone_profile_variants": {
      "evening_peak": 0.28,
      "double_peak": 0.16,
      "office_peak": 0.2,
      "industrial": 0.14,
      "night_shift": 0.1,
      "residential_morning": 0.12
    },
    "zone_profile_mix_weight": [
      0.4,
      0.8
    ],
    "weather_profile": "calm_winter",
    "cross_border_policy": "block",
    "price_cap": 3182.724092309854,
    "co2_price": 231.04643270601872,
    "import_export_caps_factor": 0.5076985304750378,
    "operation_costs": {
      "thermal_fuel_eur_per_mwh": 54.999392248206064,
      "nuclear_fuel_eur_per_mwh": 12.139505064260353,
      "demand_response_cost_eur_per_mwh": 963.557794380276,
      "value_of_lost_load_eur_per_mwh": 10321.468282133785,
      "renewable_spill_cost_eur_per_mwh": 1025.9736693745353,
      "hydro_spill_cost_eur_per_mwh": 1021.6014839378295,
      "overgen_spill_cost_eur_per_mwh": 2872.4756766639307,
      "battery_cycle_cost_eur_per_mwh": 107.53071993998176,
      "pumped_cycle_cost_eur_per_mwh": 64.15576286962282
    },
    "tech_scalers": {
      "thermal_marg_cost": 12.967056325124537,
      "thermal_ramp_pct": 0.14572969838079755,
      "battery_roundtrip_eff": 0.8952179509922398,
      "battery_e_to_p_hours": 1.7307728243200544,
      "dr_max_shed_share": 0.13750696181353644,
      "dr_duration_hours": 4.180282920677545,
      "hydro_reservoir_head_eff": 0.8583229844144746,
      "battery_initial_soc_fraction": 0.49897273935841235,
      "battery_final_soc_tolerance": 0.14658165986689142,
      "battery_self_discharge_per_hour": 0.006908364525744735,
      "pumped_initial_level_fraction": 0.6746263789909753,
      "pumped_final_level_tolerance": 0.07963515302022563,
      "pumped_self_discharge_per_hour": 0.0029253278863639993
    }
  },
  "flexibility_metrics": {
    "total_storage_power_mw": 500.0,
    "total_storage_capacity_mwh": 865.4,
    "battery_power_mw": 500.0,
    "battery_capacity_mwh": 865.4,
    "pumped_power_mw": 0.0,
    "pumped_capacity_mwh": 0.0,
    "total_dr_capacity_mw": 523.4,
    "total_ramp_up_mw_per_step": 213.9,
    "total_ramp_down_mw_per_step": 213.9,
    "thermal_flex_ratio": 0.12,
    "dr_duration_hours": 4.18,
    "battery_roundtrip_efficiency": 0.895
  },
  "difficulty_indicators": {
    "vre_penetration_pct": 25.81,
    "net_demand_volatility": 0.156,
    "peak_to_valley_ratio": 1.52,
    "estimated_milp_solve_time_seconds": 3211.8,
    "complexity_score": "medium",
    "n_binary_variables": 1440,
    "n_timesteps": 96,
    "n_zones": 9,
    "weather_profile": "calm_winter",
    "demand_profile": "shoulder"
  }
}