{
  "id": "a115c066-4f1e-4baf-8064-83c87e1fdfa4",
  "horizon_hours": 24,
  "dt_minutes": 15,
  "graph": {
    "regions": 4,
    "zones_per_region": [
      5,
      9,
      3,
      7
    ],
    "sites_per_zone": [
      2,
      5,
      5,
      2,
      2,
      7,
      4,
      7,
      2,
      3,
      2,
      7,
      2,
      4,
      2,
      8,
      7,
      2,
      7,
      7,
      2,
      4,
      3,
      7
    ],
    "intertie_density": 0.21922706937641367,
    "neighbor_nations": 3
  },
  "assets": {
    "thermal_per_site": [
      0,
      1,
      0,
      3,
      1,
      1,
      0,
      3,
      3,
      0,
      3,
      2,
      2,
      2,
      1,
      0,
      3,
      0,
      1,
      1,
      2,
      1,
      3,
      2
    ],
    "solar_per_site": [
      3,
      3,
      3,
      2,
      3,
      3,
      1,
      3,
      1,
      1,
      1,
      1,
      1,
      1,
      3,
      2,
      3,
      1,
      3,
      1,
      2,
      1,
      2,
      3
    ],
    "wind_per_site": [
      3,
      1,
      1,
      3,
      3,
      3,
      1,
      3,
      2,
      1,
      3,
      2,
      2,
      3,
      2,
      1,
      1,
      3,
      2,
      2,
      1,
      1,
      2,
      1
    ],
    "battery_per_site": [
      1,
      1,
      1,
      0,
      1,
      2,
      1,
      0,
      0,
      2,
      2,
      1,
      0,
      1,
      2,
      1,
      0,
      0,
      2,
      0,
      0,
      0,
      1,
      2
    ],
    "dr_per_site": [
      1,
      2,
      2,
      2,
      0,
      0,
      0,
      1,
      0,
      0,
      0,
      1,
      1,
      1,
      1,
      2,
      0,
      0,
      1,
      1,
      2,
      2,
      1,
      2
    ],
    "nuclear_per_region": [
      1,
      2,
      1,
      1
    ],
    "hydro_reservoir_per_region": [
      2,
      2,
      3,
      1
    ],
    "hydro_ror_per_zone": [
      0,
      0,
      2,
      0,
      0,
      0,
      1,
      1,
      1,
      0,
      0,
      1,
      0,
      1,
      0,
      0,
      1,
      0,
      0,
      2,
      1,
      2,
      0,
      2
    ],
    "hydro_pumped_per_region": [
      0,
      2,
      2,
      1
    ]
  },
  "econ_policy": {
    "co2_price": 94.01015763578647,
    "price_cap": 2270.7749056789926,
    "cross_border_policy": "cap",
    "import_export_caps_factor": 0.4899478465007713
  },
  "tech": {
    "thermal_marg_cost": 3.7064106928431517,
    "thermal_ramp_pct": 0.34508840266166996,
    "battery_roundtrip_eff": 0.8547756723929822,
    "battery_e_to_p_hours": 5.803171856037862,
    "dr_max_shed_share": 0.16123501535755902,
    "dr_duration_hours": 5.245248665439,
    "hydro_reservoir_head_eff": 1.0350568372529165,
    "battery_initial_soc_fraction": 0.41480666253617277,
    "battery_final_soc_tolerance": 0.08219671123000037,
    "battery_self_discharge_per_hour": 0.007840321549904826,
    "pumped_initial_level_fraction": 0.49054599311030245,
    "pumped_final_level_tolerance": 0.13842893094300804,
    "pumped_self_discharge_per_hour": 0.0026778903706600223
  },
  "operation_costs": {
    "thermal_fuel_eur_per_mwh": 58.470770160444715,
    "nuclear_fuel_eur_per_mwh": 10.15392815464914,
    "demand_response_cost_eur_per_mwh": 953.846043203098,
    "value_of_lost_load_eur_per_mwh": 7361.825876686813,
    "renewable_spill_cost_eur_per_mwh": 1153.778494819263,
    "hydro_spill_cost_eur_per_mwh": 568.0351641645557,
    "overgen_spill_cost_eur_per_mwh": 7292.365672181162,
    "battery_cycle_cost_eur_per_mwh": 71.93816106792963,
    "pumped_cycle_cost_eur_per_mwh": 68.76198176529783
  },
  "exogenous": {
    "weather_profile": "overcast_summer",
    "weather_spread_intensity": 1.0251284769662048,
    "demand_profile": "wkend_flat",
    "demand_scale_factor": 0.8469248035402563,
    "inflow_factor": 1.6800569182693859,
    "zone_profile_variants": {
      "evening_peak": 0.28,
      "double_peak": 0.16,
      "office_peak": 0.2,
      "industrial": 0.14,
      "night_shift": 0.1,
      "residential_morning": 0.12
    },
    "zone_profile_mix_weight": [
      0.4,
      0.8
    ],
    "zone_profile_phase_shift_hours": [
      -2.5,
      2.5
    ],
    "zone_profile_noise_std": [
      0.02,
      0.06
    ],
    "zone_profile_curvature_exp": [
      0.9,
      1.18
    ],
    "region_weather": {
      "R1": {
        "weather_profile": "mixed",
        "weather_spread_intensity": 0.9088328487110044
      },
      "R2": {
        "weather_profile": "overcast_summer",
        "weather_spread_intensity": 1.2969493651050636
      },
      "R3": {
        "weather_profile": "overcast_summer",
        "weather_spread_intensity": 1.3423506852434235
      },
      "R4": {
        "weather_profile": "sunny_summer",
        "weather_spread_intensity": 0.5523810088053275
      }
    }
  },
  "mip_gap_target_pct": 1.3538102505792136,
  "estimates": {
    "vars_total": 117408,
    "cons_total": 152630,
    "est_cpu_hours": 2.1684104444444445
  },
  "meta": {
    "regions": 4,
    "zones": 24,
    "sites": 24,
    "intertie_density": 0.21922706937641367,
    "neighbor_nations": 3,
    "assets": {
      "thermal": 35,
      "solar": 48,
      "wind": 47,
      "battery": 21,
      "dr": 23,
      "nuclear": 5,
      "hydro_reservoir": 8,
      "hydro_ror": 15,
      "hydro_pumped": 5
    },
    "demand_scale_factor": 0.8469248035402563,
    "zone_profile_variants": {
      "evening_peak": 0.28,
      "double_peak": 0.16,
      "office_peak": 0.2,
      "industrial": 0.14,
      "night_shift": 0.1,
      "residential_morning": 0.12
    },
    "zone_profile_mix_weight": [
      0.4,
      0.8
    ],
    "weather_profile": "overcast_summer",
    "cross_border_policy": "cap",
    "price_cap": 2270.7749056789926,
    "co2_price": 94.01015763578647,
    "import_export_caps_factor": 0.4899478465007713,
    "operation_costs": {
      "thermal_fuel_eur_per_mwh": 58.470770160444715,
      "nuclear_fuel_eur_per_mwh": 10.15392815464914,
      "demand_response_cost_eur_per_mwh": 953.846043203098,
      "value_of_lost_load_eur_per_mwh": 7361.825876686813,
      "renewable_spill_cost_eur_per_mwh": 1153.778494819263,
      "hydro_spill_cost_eur_per_mwh": 568.0351641645557,
      "overgen_spill_cost_eur_per_mwh": 7292.365672181162,
      "battery_cycle_cost_eur_per_mwh": 71.93816106792963,
      "pumped_cycle_cost_eur_per_mwh": 68.76198176529783
    },
    "tech_scalers": {
      "thermal_marg_cost": 3.7064106928431517,
      "thermal_ramp_pct": 0.34508840266166996,
      "battery_roundtrip_eff": 0.8547756723929822,
      "battery_e_to_p_hours": 5.803171856037862,
      "dr_max_shed_share": 0.16123501535755902,
      "dr_duration_hours": 5.245248665439,
      "hydro_reservoir_head_eff": 1.0350568372529165,
      "battery_initial_soc_fraction": 0.41480666253617277,
      "battery_final_soc_tolerance": 0.08219671123000037,
      "battery_self_discharge_per_hour": 0.007840321549904826,
      "pumped_initial_level_fraction": 0.49054599311030245,
      "pumped_final_level_tolerance": 0.13842893094300804,
      "pumped_self_discharge_per_hour": 0.0026778903706600223
    }
  },
  "flexibility_metrics": {
    "total_storage_power_mw": 2050.0,
    "total_storage_capacity_mwh": 14093.3,
    "battery_power_mw": 1050.0,
    "battery_capacity_mwh": 6093.3,
    "pumped_power_mw": 1000.0,
    "pumped_capacity_mwh": 8000.0,
    "total_dr_capacity_mw": 1638.6,
    "total_ramp_up_mw_per_step": 968.4,
    "total_ramp_down_mw_per_step": 968.4,
    "thermal_flex_ratio": 0.238,
    "dr_duration_hours": 5.25,
    "battery_roundtrip_efficiency": 0.855
  },
  "difficulty_indicators": {
    "vre_penetration_pct": 34.5,
    "net_demand_volatility": 0.128,
    "peak_to_valley_ratio": 1.52,
    "estimated_milp_solve_time_seconds": 7806.3,
    "complexity_score": "hard",
    "n_binary_variables": 3360,
    "n_timesteps": 96,
    "n_zones": 24,
    "weather_profile": "overcast_summer",
    "demand_profile": "wkend_flat"
  }
}