{
  "id": "e7522f36-b3c5-46bb-b4ab-6e0e43581f42",
  "horizon_hours": 24,
  "dt_minutes": 15,
  "graph": {
    "regions": 4,
    "zones_per_region": [
      5,
      7,
      5,
      8
    ],
    "sites_per_zone": [
      6,
      2,
      8,
      8,
      3,
      6,
      4,
      7,
      2,
      7,
      2,
      2,
      5,
      8,
      7,
      8,
      4,
      5,
      4,
      8,
      7,
      6,
      4,
      6,
      4
    ],
    "intertie_density": 0.3272630806711393,
    "neighbor_nations": 3
  },
  "assets": {
    "thermal_per_site": [
      2,
      0,
      1,
      3,
      3,
      2,
      0,
      0,
      1,
      2,
      2,
      1,
      0,
      0,
      1,
      2,
      0,
      0,
      2,
      1,
      0,
      3,
      3,
      3,
      1
    ],
    "solar_per_site": [
      3,
      1,
      3,
      3,
      2,
      1,
      2,
      2,
      2,
      1,
      3,
      3,
      2,
      1,
      3,
      3,
      1,
      3,
      3,
      2,
      1,
      2,
      1,
      1,
      2
    ],
    "wind_per_site": [
      1,
      1,
      1,
      2,
      3,
      3,
      3,
      1,
      1,
      1,
      1,
      2,
      1,
      1,
      2,
      3,
      2,
      3,
      2,
      2,
      3,
      3,
      1,
      1,
      3
    ],
    "battery_per_site": [
      1,
      2,
      1,
      0,
      2,
      1,
      2,
      2,
      1,
      0,
      1,
      2,
      2,
      2,
      1,
      2,
      2,
      0,
      0,
      0,
      0,
      0,
      1,
      0,
      2
    ],
    "dr_per_site": [
      1,
      1,
      2,
      2,
      0,
      0,
      0,
      1,
      0,
      1,
      2,
      0,
      1,
      1,
      1,
      1,
      0,
      0,
      1,
      0,
      2,
      1,
      0,
      0,
      1
    ],
    "nuclear_per_region": [
      0,
      2,
      0,
      1
    ],
    "hydro_reservoir_per_region": [
      2,
      1,
      3,
      3
    ],
    "hydro_ror_per_zone": [
      0,
      0,
      0,
      1,
      2,
      2,
      2,
      2,
      1,
      0,
      0,
      1,
      0,
      0,
      0,
      2,
      1,
      2,
      2,
      2,
      0,
      0,
      2,
      2,
      0
    ],
    "hydro_pumped_per_region": [
      1,
      0,
      1,
      1
    ]
  },
  "econ_policy": {
    "co2_price": 39.36955929973854,
    "price_cap": 2860.9202107406104,
    "cross_border_policy": "cap",
    "import_export_caps_factor": 1.5291405529098072
  },
  "tech": {
    "thermal_marg_cost": 11.239646130062418,
    "thermal_ramp_pct": 0.4117535215721919,
    "battery_roundtrip_eff": 0.8566535961408346,
    "battery_e_to_p_hours": 2.858496643729564,
    "dr_max_shed_share": 0.2819224833165312,
    "dr_duration_hours": 4.382944691910653,
    "hydro_reservoir_head_eff": 1.0354684647332986,
    "battery_initial_soc_fraction": 0.5275365370970342,
    "battery_final_soc_tolerance": 0.15123702861119473,
    "battery_self_discharge_per_hour": 0.007121383161150275,
    "pumped_initial_level_fraction": 0.6112701202261163,
    "pumped_final_level_tolerance": 0.15629435702750535,
    "pumped_self_discharge_per_hour": 0.0023193621336495725
  },
  "operation_costs": {
    "thermal_fuel_eur_per_mwh": 55.389501266908105,
    "nuclear_fuel_eur_per_mwh": 13.167474555972102,
    "demand_response_cost_eur_per_mwh": 807.0260025060784,
    "value_of_lost_load_eur_per_mwh": 11978.35689357744,
    "renewable_spill_cost_eur_per_mwh": 1304.5826714480306,
    "hydro_spill_cost_eur_per_mwh": 1158.9711705723616,
    "overgen_spill_cost_eur_per_mwh": 7149.711075027468,
    "battery_cycle_cost_eur_per_mwh": 98.88879084697314,
    "pumped_cycle_cost_eur_per_mwh": 45.96119907737563
  },
  "exogenous": {
    "weather_profile": "sunny_summer",
    "weather_spread_intensity": 1.224331011370905,
    "demand_profile": "wkday_peak",
    "demand_scale_factor": 1.123663501441686,
    "inflow_factor": 1.549036615064236,
    "zone_profile_variants": {
      "evening_peak": 0.28,
      "double_peak": 0.16,
      "office_peak": 0.2,
      "industrial": 0.14,
      "night_shift": 0.1,
      "residential_morning": 0.12
    },
    "zone_profile_mix_weight": [
      0.4,
      0.8
    ],
    "zone_profile_phase_shift_hours": [
      -2.5,
      2.5
    ],
    "zone_profile_noise_std": [
      0.02,
      0.06
    ],
    "zone_profile_curvature_exp": [
      0.9,
      1.18
    ],
    "region_weather": {
      "R1": {
        "weather_profile": "stormy_winter",
        "weather_spread_intensity": 0.8911290405720885
      },
      "R2": {
        "weather_profile": "sunny_summer",
        "weather_spread_intensity": 1.2156714016318484
      },
      "R3": {
        "weather_profile": "mixed",
        "weather_spread_intensity": 1.4727070250832084
      },
      "R4": {
        "weather_profile": "calm_winter",
        "weather_spread_intensity": 1.3178165781964748
      }
    }
  },
  "mip_gap_target_pct": 0.5711853976392686,
  "estimates": {
    "vars_total": 121152,
    "cons_total": 157497,
    "est_cpu_hours": 2.2352183333333335
  },
  "meta": {
    "regions": 4,
    "zones": 25,
    "sites": 25,
    "intertie_density": 0.3272630806711393,
    "neighbor_nations": 3,
    "assets": {
      "thermal": 33,
      "solar": 51,
      "wind": 47,
      "battery": 27,
      "dr": 19,
      "nuclear": 3,
      "hydro_reservoir": 9,
      "hydro_ror": 24,
      "hydro_pumped": 3
    },
    "demand_scale_factor": 1.123663501441686,
    "zone_profile_variants": {
      "evening_peak": 0.28,
      "double_peak": 0.16,
      "office_peak": 0.2,
      "industrial": 0.14,
      "night_shift": 0.1,
      "residential_morning": 0.12
    },
    "zone_profile_mix_weight": [
      0.4,
      0.8
    ],
    "weather_profile": "sunny_summer",
    "cross_border_policy": "cap",
    "price_cap": 2860.9202107406104,
    "co2_price": 39.36955929973854,
    "import_export_caps_factor": 1.5291405529098072,
    "operation_costs": {
      "thermal_fuel_eur_per_mwh": 55.389501266908105,
      "nuclear_fuel_eur_per_mwh": 13.167474555972102,
      "demand_response_cost_eur_per_mwh": 807.0260025060784,
      "value_of_lost_load_eur_per_mwh": 11978.35689357744,
      "renewable_spill_cost_eur_per_mwh": 1304.5826714480306,
      "hydro_spill_cost_eur_per_mwh": 1158.9711705723616,
      "overgen_spill_cost_eur_per_mwh": 7149.711075027468,
      "battery_cycle_cost_eur_per_mwh": 98.88879084697314,
      "pumped_cycle_cost_eur_per_mwh": 45.96119907737563
    },
    "tech_scalers": {
      "thermal_marg_cost": 11.239646130062418,
      "thermal_ramp_pct": 0.4117535215721919,
      "battery_roundtrip_eff": 0.8566535961408346,
      "battery_e_to_p_hours": 2.858496643729564,
      "dr_max_shed_share": 0.2819224833165312,
      "dr_duration_hours": 4.382944691910653,
      "hydro_reservoir_head_eff": 1.0354684647332986,
      "battery_initial_soc_fraction": 0.5275365370970342,
      "battery_final_soc_tolerance": 0.15123702861119473,
      "battery_self_discharge_per_hour": 0.007121383161150275,
      "pumped_initial_level_fraction": 0.6112701202261163,
      "pumped_final_level_tolerance": 0.15629435702750535,
      "pumped_self_discharge_per_hour": 0.0023193621336495725
    }
  },
  "flexibility_metrics": {
    "total_storage_power_mw": 1950.0,
    "total_storage_capacity_mwh": 8659.0,
    "battery_power_mw": 1350.0,
    "battery_capacity_mwh": 3859.0,
    "pumped_power_mw": 600.0,
    "pumped_capacity_mwh": 4800.0,
    "total_dr_capacity_mw": 3959.8,
    "total_ramp_up_mw_per_step": 1056.6,
    "total_ramp_down_mw_per_step": 1056.6,
    "thermal_flex_ratio": 0.458,
    "dr_duration_hours": 4.38,
    "battery_roundtrip_efficiency": 0.857
  },
  "difficulty_indicators": {
    "vre_penetration_pct": 35.37,
    "net_demand_volatility": 0.266,
    "peak_to_valley_ratio": 2.02,
    "estimated_milp_solve_time_seconds": 8046.8,
    "complexity_score": "very_hard",
    "n_binary_variables": 3168,
    "n_timesteps": 96,
    "n_zones": 25,