{
  "id": "2c3cb1c8-84c8-4acc-b510-501630ecf9af",
  "horizon_hours": 24,
  "dt_minutes": 15,
  "graph": {
    "regions": 2,
    "zones_per_region": [
      3,
      7
    ],
    "sites_per_zone": [
      2,
      3,
      8,
      6,
      7,
      3,
      7,
      3,
      3,
      2
    ],
    "intertie_density": 0.3001554383896691,
    "neighbor_nations": 3
  },
  "assets": {
    "thermal_per_site": [
      2,
      2,
      2,
      3,
      0,
      2,
      3,
      3,
      3,
      2
    ],
    "solar_per_site": [
      1,
      1,
      3,
      2,
      2,
      3,
      3,
      1,
      2,
      1
    ],
    "wind_per_site": [
      1,
      1,
      2,
      2,
      2,
      2,
      2,
      2,
      1,
      2
    ],
    "battery_per_site": [
      0,
      2,
      1,
      1,
      1,
      0,
      2,
      2,
      2,
      1
    ],
    "dr_per_site": [
      1,
      0,
      0,
      2,
      0,
      1,
      2,
      1,
      0,
      0
    ],
    "nuclear_per_region": [
      1,
      2
    ],
    "hydro_reservoir_per_region": [
      0,
      1
    ],
    "hydro_ror_per_zone": [
      0,
      0,
      2,
      0,
      2,
      2,
      1,
      1,
      0,
      1
    ],
    "hydro_pumped_per_region": [
      1,
      2
    ]
  },
  "econ_policy": {
    "co2_price": 54.45740974452464,
    "price_cap": 1325.2770939098812,
    "cross_border_policy": "cap",
    "import_export_caps_factor": 0.9544463358749996
  },
  "tech": {
    "thermal_marg_cost": 9.67815321309241,
    "thermal_ramp_pct": 0.33356534210951727,
    "battery_roundtrip_eff": 0.8833539249278607,
    "battery_e_to_p_hours": 1.6187704545977186,
    "dr_max_shed_share": 0.20257763355528585,
    "dr_duration_hours": 3.141157278008348,
    "hydro_reservoir_head_eff": 0.8499372405173723,
    "battery_initial_soc_fraction": 0.4892212565648853,
    "battery_final_soc_tolerance": 0.09297679781992463,
    "battery_self_discharge_per_hour": 0.009194512758703352,
    "pumped_initial_level_fraction": 0.4362364268019263,
    "pumped_final_level_tolerance": 0.17537643110669482,
    "pumped_self_discharge_per_hour": 0.002855640865968931
  },
  "operation_costs": {
    "thermal_fuel_eur_per_mwh": 72.64110533320202,
    "nuclear_fuel_eur_per_mwh": 15.190926737718609,
    "demand_response_cost_eur_per_mwh": 840.2209697942803,
    "value_of_lost_load_eur_per_mwh": 10859.829457443613,
    "renewable_spill_cost_eur_per_mwh": 1721.0686692544934,
    "hydro_spill_cost_eur_per_mwh": 522.7445451857545,
    "overgen_spill_cost_eur_per_mwh": 4859.9498482374465,
    "battery_cycle_cost_eur_per_mwh": 70.20932617602745,
    "pumped_cycle_cost_eur_per_mwh": 71.41576086981703
  },
  "exogenous": {
    "weather_profile": "stormy_winter",
    "weather_spread_intensity": 1.0657299792130923,
    "demand_profile": "wkday_peak",
    "demand_scale_factor": 1.0872771451612855,
    "inflow_factor": 0.9958975576636523,
    "zone_profile_variants": {
      "evening_peak": 0.28,
      "double_peak": 0.16,
      "office_peak": 0.2,
      "industrial": 0.14,
      "night_shift": 0.1,
      "residential_morning": 0.12
    },
    "zone_profile_mix_weight": [
      0.4,
      0.8
    ],
    "zone_profile_phase_shift_hours": [
      -2.5,
      2.5
    ],
    "zone_profile_noise_std": [
      0.02,
      0.06
    ],
    "zone_profile_curvature_exp": [
      0.9,
      1.18
    ],
    "region_weather": {
      "R1": {
        "weather_profile": "overcast_summer",
        "weather_spread_intensity": 0.8230989382904609
      },
      "R2": {
        "weather_profile": "stormy_winter",
        "weather_spread_intensity": 1.3083610201357239
      }
    }
  },
  "mip_gap_target_pct": 1.3910212121680288,
  "estimates": {
    "vars_total": 51744,
    "cons_total": 67267,
    "est_cpu_hours": 0.9966745555555556
  },
  "meta": {
    "regions": 2,
    "zones": 10,
    "sites": 10,
    "intertie_density": 0.3001554383896691,
    "neighbor_nations": 3,
    "assets": {
      "thermal": 22,
      "solar": 19,
      "wind": 17,
      "battery": 12,
      "dr": 7,
      "nuclear": 3,
      "hydro_reservoir": 1,
      "hydro_ror": 9,
      "hydro_pumped": 3
    },
    "demand_scale_factor": 1.0872771451612855,
    "zone_profile_variants": {
      "evening_peak": 0.28,
      "double_peak": 0.16,
      "office_peak": 0.2,
      "industrial": 0.14,
      "night_shift": 0.1,
      "residential_morning": 0.12
    },
    "zone_profile_mix_weight": [
      0.4,
      0.8
    ],
    "weather_profile": "stormy_winter",
    "cross_border_policy": "cap",
    "price_cap": 1325.2770939098812,
    "co2_price": 54.45740974452464,
    "import_export_caps_factor": 0.9544463358749996,
    "operation_costs": {
      "thermal_fuel_eur_per_mwh": 72.64110533320202,
      "nuclear_fuel_eur_per_mwh": 15.190926737718609,
      "demand_response_cost_eur_per_mwh": 840.2209697942803,
      "value_of_lost_load_eur_per_mwh": 10859.829457443613,
      "renewable_spill_cost_eur_per_mwh": 1721.0686692544934,
      "hydro_spill_cost_eur_per_mwh": 522.7445451857545,
      "overgen_spill_cost_eur_per_mwh": 4859.9498482374465,
      "battery_cycle_cost_eur_per_mwh": 70.20932617602745,
      "pumped_cycle_cost_eur_per_mwh": 71.41576086981703
    },
    "tech_scalers": {
      "thermal_marg_cost": 9.67815321309241,
      "thermal_ramp_pct": 0.33356534210951727,
      "battery_roundtrip_eff": 0.8833539249278607,
      "battery_e_to_p_hours": 1.6187704545977186,
      "dr_max_shed_share": 0.20257763355528585,
      "dr_duration_hours": 3.141157278008348,
      "hydro_reservoir_head_eff": 0.8499372405173723,
      "battery_initial_soc_fraction": 0.4892212565648853,
      "battery_final_soc_tolerance": 0.09297679781992463,
      "battery_self_discharge_per_hour": 0.009194512758703352,
      "pumped_initial_level_fraction": 0.4362364268019263,
      "pumped_final_level_tolerance": 0.17537643110669482,
      "pumped_self_discharge_per_hour": 0.002855640865968931
    }
  },
  "flexibility_metrics": {
    "total_storage_power_mw": 1200.0,
    "total_storage_capacity_mwh": 5771.3,
    "battery_power_mw": 600.0,
    "battery_capacity_mwh": 971.3,
    "pumped_power_mw": 600.0,
    "pumped_capacity_mwh": 4800.0,
    "total_dr_capacity_mw": 1101.3,
    "total_ramp_up_mw_per_step": 587.9,
    "total_ramp_down_mw_per_step": 587.9,
    "thermal_flex_ratio": 0.24,
    "dr_duration_hours": 3.14,
    "battery_roundtrip_efficiency": 0.883
  },
  "difficulty_indicators": {
    "vre_penetration_pct": 27.22,
    "net_demand_volatility": 0.292,
    "peak_to_valley_ratio": 1.96,
    "estimated_milp_solve_time_seconds": 3588.0,
    "complexity_score": "medium",
    "n_binary_variables": 2112,
    "n_timesteps": 96,
    "n_zones": 10,
    "weather_profile": "stormy_winter",
    "demand_profile": "wkday_peak"
  }
}