{
  "id": "bd0c86c6-65c0-4137-96f0-40e4a23aaa3b",
  "horizon_hours": 24,
  "dt_minutes": 15,
  "graph": {
    "regions": 3,
    "zones_per_region": [
      8,
      8,
      5
    ],
    "sites_per_zone": [
      8,
      6,
      5,
      3,
      7,
      8,
      8,
      3,
      5,
      4,
      2,
      5,
      5,
      5,
      5,
      6,
      2,
      7,
      5,
      4,
      3
    ],
    "intertie_density": 0.5041806518303249,
    "neighbor_nations": 3
  },
  "assets": {
    "thermal_per_site": [
      1,
      0,
      3,
      0,
      2,
      2,
      3,
      3,
      0,
      1,
      0,
      1,
      1,
      1,
      3,
      1,
      2,
      3,
      3,
      1,
      1
    ],
    "solar_per_site": [
      3,
      3,
      2,
      3,
      1,
      3,
      2,
      1,
      3,
      3,
      3,
      2,
      1,
      1,
      3,
      1,
      2,
      1,
      1,
      1,
      2
    ],
    "wind_per_site": [
      3,
      3,
      1,
      1,
      1,
      1,
      1,
      2,
      2,
      2,
      2,
      2,
      3,
      3,
      1,
      1,
      1,
      2,
      2,
      2,
      1
    ],
    "battery_per_site": [
      0,
      1,
      1,
      1,
      2,
      2,
      2,
      2,
      0,
      2,
      2,
      0,
      1,
      1,
      2,
      0,
      0,
      1,
      2,
      2,
      2
    ],
    "dr_per_site": [
      1,
      0,
      2,
      1,
      1,
      0,
      1,
      2,
      1,
      2,
      1,
      0,
      2,
      2,
      0,
      2,
      0,
      2,
      1,
      1,
      1
    ],
    "nuclear_per_region": [
      0,
      0,
      1
    ],
    "hydro_reservoir_per_region": [
      3,
      3,
      0
    ],
    "hydro_ror_per_zone": [
      0,
      1,
      0,
      1,
      1,
      1,
      2,
      2,
      1,
      2,
      2,
      1,
      2,
      2,
      2,
      2,
      2,
      1,
      2,
      0,
      2
    ],
    "hydro_pumped_per_region": [
      0,
      2,
      0
    ]
  },
  "econ_policy": {
    "co2_price": 84.91486824528872,
    "price_cap": 3157.7773380076947,
    "cross_border_policy": "block",
    "import_export_caps_factor": 0.7239111983141264
  },
  "tech": {
    "thermal_marg_cost": 8.055168790529253,
    "thermal_ramp_pct": 0.06150634770578143,
    "battery_roundtrip_eff": 0.8676844019386823,
    "battery_e_to_p_hours": 1.5176729185543538,
    "dr_max_shed_share": 0.14815458005934687,
    "dr_duration_hours": 4.561741929693246,
    "hydro_reservoir_head_eff": 0.9575305446465887,
    "battery_initial_soc_fraction": 0.3944561491230011,
    "battery_final_soc_tolerance": 0.16667016959670916,
    "battery_self_discharge_per_hour": 0.009262956343196821,
    "pumped_initial_level_fraction": 0.5630400711316552,
    "pumped_final_level_tolerance": 0.1529283106945764,
    "pumped_self_discharge_per_hour": 0.0033550291028271225
  },
  "operation_costs": {
    "thermal_fuel_eur_per_mwh": 75.77703983175691,
    "nuclear_fuel_eur_per_mwh": 14.58982156587547,
    "demand_response_cost_eur_per_mwh": 659.7244516469168,
    "value_of_lost_load_eur_per_mwh": 6762.8628976255295,
    "renewable_spill_cost_eur_per_mwh": 1450.9541874683775,
    "hydro_spill_cost_eur_per_mwh": 950.3548810393119,
    "overgen_spill_cost_eur_per_mwh": 7130.624688091182,
    "battery_cycle_cost_eur_per_mwh": 113.3327536249098,
    "pumped_cycle_cost_eur_per_mwh": 49.76358214431467
  },
  "exogenous": {
    "weather_profile": "stormy_winter",
    "weather_spread_intensity": 0.8735724496034801,
    "demand_profile": "wkday_peak",
    "demand_scale_factor": 1.0539988197430028,
    "inflow_factor": 1.1248413976169962,
    "zone_profile_variants": {
      "evening_peak": 0.28,
      "double_peak": 0.16,
      "office_peak": 0.2,
      "industrial": 0.14,
      "night_shift": 0.1,
      "residential_morning": 0.12
    },
    "zone_profile_mix_weight": [
      0.4,
      0.8
    ],
    "zone_profile_phase_shift_hours": [
      -2.5,
      2.5
    ],
    "zone_profile_noise_std": [
      0.02,
      0.06
    ],
    "zone_profile_curvature_exp": [
      0.9,
      1.18
    ],
    "region_weather": {
      "R1": {
        "weather_profile": "overcast_summer",
        "weather_spread_intensity": 0.7124714809562497
      },
      "R2": {
        "weather_profile": "mixed",
        "weather_spread_intensity": 1.1882528609694645
      },
      "R3": {
        "weather_profile": "stormy_winter",
        "weather_spread_intensity": 0.7199930068847262
      }
    }
  },
  "mip_gap_target_pct": 1.1255307216649129,
  "estimates": {
    "vars_total": 106272,
    "cons_total": 138153,
    "est_cpu_hours": 1.9696930000000004
  },
  "meta": {
    "regions": 3,
    "zones": 21,
    "sites": 21,
    "intertie_density": 0.5041806518303249,
    "neighbor_nations": 3,
    "assets": {
      "thermal": 32,
      "solar": 42,
      "wind": 37,
      "battery": 26,
      "dr": 23,
      "nuclear": 1,
      "hydro_reservoir": 6,
      "hydro_ror": 29,
      "hydro_pumped": 2
    },
    "demand_scale_factor": 1.0539988197430028,
    "zone_profile_variants": {
      "evening_peak": 0.28,
      "double_peak": 0.16,
      "office_peak": 0.2,
      "industrial": 0.14,
      "night_shift": 0.1,
      "residential_morning": 0.12
    },
    "zone_profile_mix_weight": [
      0.4,
      0.8
    ],
    "weather_profile": "stormy_winter",
    "cross_border_policy": "block",
    "price_cap": 3157.7773380076947,
    "co2_price": 84.91486824528872,
    "import_export_caps_factor": 0.7239111983141264,
    "operation_costs": {
      "thermal_fuel_eur_per_mwh": 75.77703983175691,
      "nuclear_fuel_eur_per_mwh": 14.58982156587547,
      "demand_response_cost_eur_per_mwh": 659.7244516469168,
      "value_of_lost_load_eur_per_mwh": 6762.8628976255295,
      "renewable_spill_cost_eur_per_mwh": 1450.9541874683775,
      "hydro_spill_cost_eur_per_mwh": 950.3548810393119,
      "overgen_spill_cost_eur_per_mwh": 7130.624688091182,
      "battery_cycle_cost_eur_per_mwh": 113.3327536249098,
      "pumped_cycle_cost_eur_per_mwh": 49.76358214431467
    },
    "tech_scalers": {
      "thermal_marg_cost": 8.055168790529253,
      "thermal_ramp_pct": 0.06150634770578143,
      "battery_roundtrip_eff": 0.8676844019386823,
      "battery_e_to_p_hours": 1.5176729185543538,
      "dr_max_shed_share": 0.14815458005934687,
      "dr_duration_hours": 4.561741929693246,
      "hydro_reservoir_head_eff": 0.9575305446465887,
      "battery_initial_soc_fraction": 0.3944561491230011,
      "battery_final_soc_tolerance": 0.16667016959670916,
      "battery_self_discharge_per_hour": 0.009262956343196821,
      "pumped_initial_level_fraction": 0.5630400711316552,
      "pumped_final_level_tolerance": 0.1529283106945764,
      "pumped_self_discharge_per_hour": 0.0033550291028271225
    }
  },
  "flexibility_metrics": {
    "total_storage_power_mw": 1700.0,
    "total_storage_capacity_mwh": 5173.0,
    "battery_power_mw": 1300.0,
    "battery_capacity_mwh": 1973.0,
    "pumped_power_mw": 400.0,
    "pumped_capacity_mwh": 3200.0,
    "total_dr_capacity_mw": 1639.6,
    "total_ramp_up_mw_per_step": 160.1,
    "total_ramp_down_mw_per_step": 160.1,
    "thermal_flex_ratio": 0.315,
    "dr_duration_hours": 4.56,
    "battery_roundtrip_efficiency": 0.868
  },
  "difficulty_indicators": {
    "vre_penetration_pct": 33.45,
    "net_demand_volatility": 0.292,
    "peak_to_valley_ratio": 1.9,
    "estimated_milp_solve_time_seconds": 7090.9,
    "complexity_score": "hard",
    "n_binary_variables": 3072,
    "n_timesteps": 96,
    "n_zones": 21,
    "weather_profile": "stormy_winter",
    "demand_profile": "wkday_peak"
  }
}