{
  "id": "ee3d7905-a167-40fb-abbb-918040ac6463",
  "horizon_hours": 24,
  "dt_minutes": 15,
  "graph": {
    "regions": 4,
    "zones_per_region": [
      3,
      9,
      4,
      4
    ],
    "sites_per_zone": [
      3,
      5,
      2,
      2,
      8,
      6,
      8,
      5,
      4,
      6,
      2,
      7,
      7,
      4,
      7,
      7,
      5,
      4,
      8,
      8
    ],
    "intertie_density": 0.21835029395851346,
    "neighbor_nations": 3
  },
  "assets": {
    "thermal_per_site": [
      0,
      0,
      3,
      1,
      1,
      3,
      0,
      3,
      3,
      1,
      3,
      2,
      1,
      0,
      3,
      1,
      1,
      3,
      1,
      0
    ],
    "solar_per_site": [
      1,
      3,
      3,
      3,
      3,
      3,
      1,
      3,
      2,
      3,
      3,
      3,
      2,
      1,
      1,
      1,
      3,
      3,
      1,
      2
    ],
    "wind_per_site": [
      3,
      3,
      1,
      2,
      3,
      2,
      3,
      1,
      2,
      1,
      1,
      2,
      2,
      3,
      2,
      3,
      2,
      3,
      2,
      1
    ],
    "battery_per_site": [
      2,
      1,
      0,
      0,
      0,
      0,
      0,
      0,
      2,
      1,
      1,
      1,
      2,
      1,
      1,
      1,
      0,
      0,
      2,
      2
    ],
    "dr_per_site": [
      1,
      0,
      2,
      2,
      0,
      1,
      1,
      0,
      1,
      1,
      2,
      2,
      0,
      1,
      2,
      2,
      2,
      1,
      2,
      2
    ],
    "nuclear_per_region": [
      0,
      1,
      0,
      1
    ],
    "hydro_reservoir_per_region": [
      2,
      1,
      1,
      0
    ],
    "hydro_ror_per_zone": [
      1,
      2,
      0,
      1,
      1,
      0,
      2,
      0,
      2,
      2,
      0,
      0,
      1,
      2,
      0,
      0,
      1,
      0,
      2,
      2
    ],
    "hydro_pumped_per_region": [
      1,
      1,
      2,
      1
    ]
  },
  "econ_policy": {
    "co2_price": 178.66626028859432,
    "price_cap": 2705.5039130722657,
    "cross_border_policy": "block",
    "import_export_caps_factor": 1.4033390850112126
  },
  "tech": {
    "thermal_marg_cost": 1.4462725161907275,
    "thermal_ramp_pct": 0.09597182706175747,
    "battery_roundtrip_eff": 0.7985154434033136,
    "battery_e_to_p_hours": 5.235821517618435,
    "dr_max_shed_share": 0.267920553439512,
    "dr_duration_hours": 3.51432651385601,
    "hydro_reservoir_head_eff": 0.8083979241117188,
    "battery_initial_soc_fraction": 0.5678785875765032,
    "battery_final_soc_tolerance": 0.10333097106905179,
    "battery_self_discharge_per_hour": 0.0024597907227106933,
    "pumped_initial_level_fraction": 0.6050178789108025,
    "pumped_final_level_tolerance": 0.06796801445820794,
    "pumped_self_discharge_per_hour": 0.0005870556616120048
  },
  "operation_costs": {
    "thermal_fuel_eur_per_mwh": 82.95721781642507,
    "nuclear_fuel_eur_per_mwh": 10.074476940222343,
    "demand_response_cost_eur_per_mwh": 567.5073546040321,
    "value_of_lost_load_eur_per_mwh": 7244.142685194753,
    "renewable_spill_cost_eur_per_mwh": 1572.8816894452634,
    "hydro_spill_cost_eur_per_mwh": 935.1809597144631,
    "overgen_spill_cost_eur_per_mwh": 4117.360200247958,
    "battery_cycle_cost_eur_per_mwh": 95.09000307269048,
    "pumped_cycle_cost_eur_per_mwh": 79.39759188419244
  },
  "exogenous": {
    "weather_profile": "sunny_summer",
    "weather_spread_intensity": 0.9881544774203466,
    "demand_profile": "cold_snap",
    "demand_scale_factor": 1.2989127144667783,
    "inflow_factor": 1.5229758019882778,
    "zone_profile_variants": {
      "evening_peak": 0.28,
      "double_peak": 0.16,
      "office_peak": 0.2,
      "industrial": 0.14,
      "night_shift": 0.1,
      "residential_morning": 0.12
    },
    "zone_profile_mix_weight": [
      0.4,
      0.8
    ],
    "zone_profile_phase_shift_hours": [
      -2.5,
      2.5
    ],
    "zone_profile_noise_std": [
      0.02,
      0.06
    ],
    "zone_profile_curvature_exp": [
      0.9,
      1.18
    ],
    "region_weather": {
      "R1": {
        "weather_profile": "sunny_summer",
        "weather_spread_intensity": 0.9272338841884937
      },
      "R2": {
        "weather_profile": "overcast_summer",
        "weather_spread_intensity": 1.0172088291497978
      },
      "R3": {
        "weather_profile": "mixed",
        "weather_spread_intensity": 0.9897966631328087
      },
      "R4": {
        "weather_profile": "stormy_winter",
        "weather_spread_intensity": 1.018378533210286
      }
    }
  },
  "mip_gap_target_pct": 0.8331104974291081,
  "estimates": {
    "vars_total": 101088,
    "cons_total": 131414,
    "est_cpu_hours": 1.877189111111111
  },
  "meta": {
    "regions": 4,
    "zones": 20,
    "sites": 20,
    "intertie_density": 0.21835029395851346,
    "neighbor_nations": 3,
    "assets": {
      "thermal": 30,
      "solar": 45,
      "wind": 42,
      "battery": 17,
      "dr": 25,
      "nuclear": 2,
      "hydro_reservoir": 4,
      "hydro_ror": 19,
      "hydro_pumped": 5
    },
    "demand_scale_factor": 1.2989127144667783,
    "zone_profile_variants": {
      "evening_peak": 0.28,
      "double_peak": 0.16,
      "office_peak": 0.2,
      "industrial": 0.14,
      "night_shift": 0.1,
      "residential_morning": 0.12
    },
    "zone_profile_mix_weight": [
      0.4,
      0.8
    ],
    "weather_profile": "sunny_summer",
    "cross_border_policy": "block",
    "price_cap": 2705.5039130722657,
    "co2_price": 178.66626028859432,
    "import_export_caps_factor": 1.4033390850112126,
    "operation_costs": {
      "thermal_fuel_eur_per_mwh": 82.95721781642507,
      "nuclear_fuel_eur_per_mwh": 10.074476940222343,
      "demand_response_cost_eur_per_mwh": 567.5073546040321,
      "value_of_lost_load_eur_per_mwh": 7244.142685194753,
      "renewable_spill_cost_eur_per_mwh": 1572.8816894452634,
      "hydro_spill_cost_eur_per_mwh": 935.1809597144631,
      "overgen_spill_cost_eur_per_mwh": 4117.360200247958,
      "battery_cycle_cost_eur_per_mwh": 95.09000307269048,
      "pumped_cycle_cost_eur_per_mwh": 79.39759188419244
    },
    "tech_scalers": {
      "thermal_marg_cost": 1.4462725161907275,
      "thermal_ramp_pct": 0.09597182706175747,
      "battery_roundtrip_eff": 0.7985154434033136,
      "battery_e_to_p_hours": 5.235821517618435,
      "dr_max_shed_share": 0.267920553439512,
      "dr_duration_hours": 3.51432651385601,
      "hydro_reservoir_head_eff": 0.8083979241117188,
      "battery_initial_soc_fraction": 0.5678785875765032,
      "battery_final_soc_tolerance": 0.10333097106905179,
      "battery_self_discharge_per_hour": 0.0024597907227106933,
      "pumped_initial_level_fraction": 0.6050178789108025,
      "pumped_final_level_tolerance": 0.06796801445820794,
      "pumped_self_discharge_per_hour": 0.0005870556616120048
    }
  },
  "flexibility_metrics": {
    "total_storage_power_mw": 1850.0,
    "total_storage_capacity_mwh": 12450.4,
    "battery_power_mw": 850.0,
    "battery_capacity_mwh": 4450.4,
    "pumped_power_mw": 1000.0,
    "pumped_capacity_mwh": 8000.0,
    "total_dr_capacity_mw": 3480.1,
    "total_ramp_up_mw_per_step": 240.9,
    "total_ramp_down_mw_per_step": 240.9,
    "thermal_flex_ratio": 0.485,
    "dr_duration_hours": 3.51,
    "battery_roundtrip_efficiency": 0.799
  },
  "difficulty_indicators": {
    "vre_penetration_pct": 39.13,
    "net_demand_volatility": 0.297,
    "peak_to_valley_ratio": 2.34,
    "estimated_milp_solve_time_seconds": 6757.9,
    "complexity_score": "hard",
    "n_binary_variables": 2880,
    "n_timesteps": 96,
    "n_zones": 20,
    "weather_profile": "sunny_summer",
    "demand_profile": "cold_snap"
  }
}