{
  "id": "d0bd3e83-da8e-4bc4-a60b-f51cb387b8e0",
  "horizon_hours": 24,
  "dt_minutes": 15,
  "graph": {
    "regions": 4,
    "zones_per_region": [
      6,
      6,
      8,
      5
    ],
    "sites_per_zone": [
      8,
      5,
      8,
      8,
      3,
      5,
      8,
      7,
      3,
      8,
      8,
      4,
      8,
      5,
      3,
      5,
      8,
      4,
      6,
      4,
      6,
      8,
      5,
      8,
      3
    ],
    "intertie_density": 0.46407091263537575,
    "neighbor_nations": 2
  },
  "assets": {
    "thermal_per_site": [
      3,
      0,
      0,
      0,
      2,
      3,
      0,
      0,
      2,
      2,
      1,
      2,
      0,
      3,
      0,
      3,
      3,
      2,
      2,
      1,
      1,
      0,
      3,
      3,
      2
    ],
    "solar_per_site": [
      3,
      1,
      2,
      3,
      2,
      3,
      3,
      3,
      3,
      2,
      2,
      3,
      2,
      3,
      3,
      2,
      2,
      3,
      3,
      2,
      1,
      2,
      2,
      3,
      3
    ],
    "wind_per_site": [
      1,
      2,
      2,
      2,
      2,
      3,
      3,
      2,
      3,
      2,
      3,
      3,
      1,
      2,
      3,
      3,
      2,
      3,
      3,
      3,
      3,
      1,
      1,
      2,
      1
    ],
    "battery_per_site": [
      1,
      2,
      0,
      1,
      0,
      0,
      1,
      1,
      1,
      0,
      2,
      0,
      2,
      2,
      2,
      2,
      0,
      0,
      2,
      1,
      2,
      0,
      0,
      2,
      1
    ],
    "dr_per_site": [
      2,
      0,
      1,
      0,
      1,
      2,
      1,
      1,
      2,
      1,
      0,
      0,
      1,
      1,
      1,
      0,
      2,
      1,
      0,
      2,
      0,
      0,
      2,
      1,
      0
    ],
    "nuclear_per_region": [
      0,
      1,
      0,
      0
    ],
    "hydro_reservoir_per_region": [
      1,
      3,
      0,
      3
    ],
    "hydro_ror_per_zone": [
      0,
      1,
      2,
      2,
      1,
      1,
      1,
      0,
      0,
      0,
      0,
      2,
      2,
      1,
      0,
      1,
      2,
      2,
      0,
      1,
      0,
      1,
      0,
      0,
      0
    ],
    "hydro_pumped_per_region": [
      0,
      2,
      1,
      2
    ]
  },
  "econ_policy": {
    "co2_price": 182.1526740813857,
    "price_cap": 1553.1279414400838,
    "cross_border_policy": "allow",
    "import_export_caps_factor": 1.4146665003683583
  },
  "tech": {
    "thermal_marg_cost": 5.418814095639987,
    "thermal_ramp_pct": 0.23159049922114955,
    "battery_roundtrip_eff": 0.841437722882695,
    "battery_e_to_p_hours": 3.906852148805607,
    "dr_max_shed_share": 0.07432072529034484,
    "dr_duration_hours": 4.011773604406587,
    "hydro_reservoir_head_eff": 0.9744113824694942,
    "battery_initial_soc_fraction": 0.4882656821318254,
    "battery_final_soc_tolerance": 0.11004274786755172,
    "battery_self_discharge_per_hour": 0.004223644262784216,
    "pumped_initial_level_fraction": 0.5403906458488872,
    "pumped_final_level_tolerance": 0.08649306673473256,
    "pumped_self_discharge_per_hour": 0.0026629352328742515
  },
  "operation_costs": {
    "thermal_fuel_eur_per_mwh": 60.52230116140848,
    "nuclear_fuel_eur_per_mwh": 15.641270083809726,
    "demand_response_cost_eur_per_mwh": 353.0032903264704,
    "value_of_lost_load_eur_per_mwh": 7823.329618931937,
    "renewable_spill_cost_eur_per_mwh": 549.1085433345587,
    "hydro_spill_cost_eur_per_mwh": 332.76577042949765,
    "overgen_spill_cost_eur_per_mwh": 4625.741973893004,
    "battery_cycle_cost_eur_per_mwh": 61.88508650716982,
    "pumped_cycle_cost_eur_per_mwh": 56.15674211700226
  },
  "exogenous": {
    "weather_profile": "overcast_summer",
    "weather_spread_intensity": 0.9248742712603635,
    "demand_profile": "wkend_flat",
    "demand_scale_factor": 0.9467278048918234,
    "inflow_factor": 1.5946287064601443,
    "zone_profile_variants": {
      "evening_peak": 0.28,
      "double_peak": 0.16,
      "office_peak": 0.2,
      "industrial": 0.14,
      "night_shift": 0.1,
      "residential_morning": 0.12
    },
    "zone_profile_mix_weight": [
      0.4,
      0.8
    ],
    "zone_profile_phase_shift_hours": [
      -2.5,
      2.5
    ],
    "zone_profile_noise_std": [
      0.02,
      0.06
    ],
    "zone_profile_curvature_exp": [
      0.9,
      1.18
    ],
    "region_weather": {
      "R1": {
        "weather_profile": "overcast_summer",
        "weather_spread_intensity": 0.6421600074876097
      },
      "R2": {
        "weather_profile": "overcast_summer",
        "weather_spread_intensity": 0.805800393563373
      },
      "R3": {
        "weather_profile": "overcast_summer",
        "weather_spread_intensity": 1.238085365464101
      },
      "R4": {
        "weather_profile": "stormy_winter",
        "weather_spread_intensity": 1.01345131852637
      }
    }
  },
  "mip_gap_target_pct": 0.9308663742911732,
  "estimates": {
    "vars_total": 125472,
    "cons_total": 163113,
    "est_cpu_hours": 2.312306333333334
  },
  "meta": {
    "regions": 4,
    "zones": 25,
    "sites": 25,
    "intertie_density": 0.46407091263537575,
    "neighbor_nations": 2,
    "assets": {
      "thermal": 38,
      "solar": 61,
      "wind": 56,
      "battery": 25,
      "dr": 22,
      "nuclear": 1,
      "hydro_reservoir": 7,
      "hydro_ror": 20,
      "hydro_pumped": 5
    },
    "demand_scale_factor": 0.9467278048918234,
    "zone_profile_variants": {
      "evening_peak": 0.28,
      "double_peak": 0.16,
      "office_peak": 0.2,
      "industrial": 0.14,
      "night_shift": 0.1,
      "residential_morning": 0.12
    },
    "zone_profile_mix_weight": [
      0.4,
      0.8
    ],
    "weather_profile": "overcast_summer",
    "cross_border_policy": "allow",
    "price_cap": 1553.1279414400838,
    "co2_price": 182.1526740813857,
    "import_export_caps_factor": 1.4146665003683583,
    "operation_costs": {
      "thermal_fuel_eur_per_mwh": 60.52230116140848,
      "nuclear_fuel_eur_per_mwh": 15.641270083809726,
      "demand_response_cost_eur_per_mwh": 353.0032903264704,
      "value_of_lost_load_eur_per_mwh": 7823.329618931937,
      "renewable_spill_cost_eur_per_mwh": 549.1085433345587,
      "hydro_spill_cost_eur_per_mwh": 332.76577042949765,
      "overgen_spill_cost_eur_per_mwh": 4625.741973893004,
      "battery_cycle_cost_eur_per_mwh": 61.88508650716982,
      "pumped_cycle_cost_eur_per_mwh": 56.15674211700226
    },
    "tech_scalers": {
      "thermal_marg_cost": 5.418814095639987,
      "thermal_ramp_pct": 0.23159049922114955,
      "battery_roundtrip_eff": 0.841437722882695,
      "battery_e_to_p_hours": 3.906852148805607,
      "dr_max_shed_share": 0.07432072529034484,
      "dr_duration_hours": 4.011773604406587,
      "hydro_reservoir_head_eff": 0.9744113824694942,
      "battery_initial_soc_fraction": 0.4882656821318254,
      "battery_final_soc_tolerance": 0.11004274786755172,
      "battery_self_discharge_per_hour": 0.004223644262784216,
      "pumped_initial_level_fraction": 0.5403906458488872,
      "pumped_final_level_tolerance": 0.08649306673473256,
      "pumped_self_discharge_per_hour": 0.0026629352328742515
    }
  },
  "flexibility_metrics": {
    "total_storage_power_mw": 2250.0,
    "total_storage_capacity_mwh": 12883.6,
    "battery_power_mw": 1250.0,
    "battery_capacity_mwh": 4883.6,
    "pumped_power_mw": 1000.0,
    "pumped_capacity_mwh": 8000.0,
    "total_dr_capacity_mw": 879.5,
    "total_ramp_up_mw_per_step": 672.5,
    "total_ramp_down_mw_per_step": 672.5,
    "thermal_flex_ratio": 0.252,
    "dr_duration_hours": 4.01,
    "battery_roundtrip_efficiency": 0.841
  },
  "difficulty_indicators": {
    "vre_penetration_pct": 42.15,
    "net_demand_volatility": 0.128,
    "peak_to_valley_ratio": 1.7,
    "estimated_milp_solve_time_seconds": 8324.3,
    "complexity_score": "very_hard",
    "n_binary_variables": 3648,
    "n_timesteps": 96,
    "n_zones": 25,