{
  "id": "dc566093-c7bf-44f5-8c08-7f092fa4fc3f",
  "horizon_hours": 24,
  "dt_minutes": 15,
  "graph": {
    "regions": 2,
    "zones_per_region": [
      5,
      8
    ],
    "sites_per_zone": [
      7,
      2,
      6,
      8,
      8,
      5,
      5,
      8,
      2,
      4,
      2,
      7,
      7
    ],
    "intertie_density": 0.47406070307699066,
    "neighbor_nations": 3
  },
  "assets": {
    "thermal_per_site": [
      2,
      2,
      2,
      3,
      2,
      3,
      2,
      3,
      0,
      2,
      3,
      1,
      2
    ],
    "solar_per_site": [
      2,
      1,
      3,
      2,
      2,
      1,
      1,
      2,
      3,
      1,
      1,
      3,
      3
    ],
    "wind_per_site": [
      3,
      3,
      1,
      1,
      2,
      2,
      3,
      3,
      2,
      2,
      1,
      2,
      2
    ],
    "battery_per_site": [
      2,
      2,
      1,
      0,
      1,
      1,
      1,
      2,
      1,
      0,
      1,
      0,
      0
    ],
    "dr_per_site": [
      0,
      2,
      2,
      1,
      1,
      1,
      0,
      2,
      2,
      1,
      2,
      1,
      2
    ],
    "nuclear_per_region": [
      2,
      0
    ],
    "hydro_reservoir_per_region": [
      1,
      1
    ],
    "hydro_ror_per_zone": [
      0,
      1,
      2,
      2,
      0,
      2,
      0,
      0,
      0,
      0,
      2,
      2,
      2
    ],
    "hydro_pumped_per_region": [
      0,
      1
    ]
  },
  "econ_policy": {
    "co2_price": 90.84308609394607,
    "price_cap": 3825.262634844033,
    "cross_border_policy": "cap",
    "import_export_caps_factor": 1.0487343475744737
  },
  "tech": {
    "thermal_marg_cost": 10.402452653058788,
    "thermal_ramp_pct": 0.3600992081865597,
    "battery_roundtrip_eff": 0.9266377276986402,
    "battery_e_to_p_hours": 2.592814972584979,
    "dr_max_shed_share": 0.2960102247812967,
    "dr_duration_hours": 3.8844425722954354,
    "hydro_reservoir_head_eff": 0.9899938507725224,
    "battery_initial_soc_fraction": 0.4936290433281947,
    "battery_final_soc_tolerance": 0.05927789672825439,
    "battery_self_discharge_per_hour": 0.0029036818362250093,
    "pumped_initial_level_fraction": 0.433995243256049,
    "pumped_final_level_tolerance": 0.17428657935700084,
    "pumped_self_discharge_per_hour": 0.0009033476089955652
  },
  "operation_costs": {
    "thermal_fuel_eur_per_mwh": 60.54424333785879,
    "nuclear_fuel_eur_per_mwh": 9.260323310300702,
    "demand_response_cost_eur_per_mwh": 888.4792902453424,
    "value_of_lost_load_eur_per_mwh": 11465.81921876641,
    "renewable_spill_cost_eur_per_mwh": 1401.5721545790068,
    "hydro_spill_cost_eur_per_mwh": 317.87300472145023,
    "overgen_spill_cost_eur_per_mwh": 5320.265487214665,
    "battery_cycle_cost_eur_per_mwh": 84.79606664284731,
    "pumped_cycle_cost_eur_per_mwh": 60.777317990362135
  },
  "exogenous": {
    "weather_profile": "calm_winter",
    "weather_spread_intensity": 1.0975965759047261,
    "demand_profile": "heatwave",
    "demand_scale_factor": 1.1652432773331998,
    "inflow_factor": 0.5336583434074107,
    "zone_profile_variants": {
      "evening_peak": 0.28,
      "double_peak": 0.16,
      "office_peak": 0.2,
      "industrial": 0.14,
      "night_shift": 0.1,
      "residential_morning": 0.12
    },
    "zone_profile_mix_weight": [
      0.4,
      0.8
    ],
    "zone_profile_phase_shift_hours": [
      -2.5,
      2.5
    ],
    "zone_profile_noise_std": [
      0.02,
      0.06
    ],
    "zone_profile_curvature_exp": [
      0.9,
      1.18
    ],
    "region_weather": {
      "R1": {
        "weather_profile": "calm_winter",
        "weather_spread_intensity": 0.8163041741971969
      },
      "R2": {
        "weather_profile": "calm_winter",
        "weather_spread_intensity": 1.3788889776122555
      }
    }
  },
  "mip_gap_target_pct": 0.7323514704139931,
  "estimates": {
    "vars_total": 67776,
    "cons_total": 88108,
    "est_cpu_hours": 1.2827515555555558
  },
  "meta": {
    "regions": 2,
    "zones": 13,
    "sites": 13,
    "intertie_density": 0.47406070307699066,
    "neighbor_nations": 3,
    "assets": {
      "thermal": 27,
      "solar": 25,
      "wind": 27,
      "battery": 12,
      "dr": 17,
      "nuclear": 2,
      "hydro_reservoir": 2,
      "hydro_ror": 13,
      "hydro_pumped": 1
    },
    "demand_scale_factor": 1.1652432773331998,
    "zone_profile_variants": {
      "evening_peak": 0.28,
      "double_peak": 0.16,
      "office_peak": 0.2,
      "industrial": 0.14,
      "night_shift": 0.1,
      "residential_morning": 0.12
    },
    "zone_profile_mix_weight": [
      0.4,
      0.8
    ],
    "weather_profile": "calm_winter",
    "cross_border_policy": "cap",
    "price_cap": 3825.262634844033,
    "co2_price": 90.84308609394607,
    "import_export_caps_factor": 1.0487343475744737,
    "operation_costs": {
      "thermal_fuel_eur_per_mwh": 60.54424333785879,
      "nuclear_fuel_eur_per_mwh": 9.260323310300702,
      "demand_response_cost_eur_per_mwh": 888.4792902453424,
      "value_of_lost_load_eur_per_mwh": 11465.81921876641,
      "renewable_spill_cost_eur_per_mwh": 1401.5721545790068,
      "hydro_spill_cost_eur_per_mwh": 317.87300472145023,
      "overgen_spill_cost_eur_per_mwh": 5320.265487214665,
      "battery_cycle_cost_eur_per_mwh": 84.79606664284731,
      "pumped_cycle_cost_eur_per_mwh": 60.777317990362135
    },
    "tech_scalers": {
      "thermal_marg_cost": 10.402452653058788,
      "thermal_ramp_pct": 0.3600992081865597,
      "battery_roundtrip_eff": 0.9266377276986402,
      "battery_e_to_p_hours": 2.592814972584979,
      "dr_max_shed_share": 0.2960102247812967,
      "dr_duration_hours": 3.8844425722954354,
      "hydro_reservoir_head_eff": 0.9899938507725224,
      "battery_initial_soc_fraction": 0.4936290433281947,
      "battery_final_soc_tolerance": 0.05927789672825439,
      "battery_self_discharge_per_hour": 0.0029036818362250093,
      "pumped_initial_level_fraction": 0.433995243256049,
      "pumped_final_level_tolerance": 0.17428657935700084,
      "pumped_self_discharge_per_hour": 0.0009033476089955652
    }
  },
  "flexibility_metrics": {
    "total_storage_power_mw": 800.0,
    "total_storage_capacity_mwh": 3155.7,
    "battery_power_mw": 600.0,
    "battery_capacity_mwh": 1555.7,
    "pumped_power_mw": 200.0,
    "pumped_capacity_mwh": 1600.0,
    "total_dr_capacity_mw": 2242.0,
    "total_ramp_up_mw_per_step": 754.2,
    "total_ramp_down_mw_per_step": 754.2,
    "thermal_flex_ratio": 0.301,
    "dr_duration_hours": 3.88,
    "battery_roundtrip_efficiency": 0.927
  },
  "difficulty_indicators": {
    "vre_penetration_pct": 32.35,
    "net_demand_volatility": 0.251,
    "peak_to_valley_ratio": 2.1,
    "estimated_milp_solve_time_seconds": 4617.9,
    "complexity_score": "medium",
    "n_binary_variables": 2592,
    "n_timesteps": 96,
    "n_zones": 13,
    "weather_profile": "calm_winter",
    "demand_profile": "heatwave"
  }
}