{
  "id": "842fefac-27f8-44f9-ac79-8cd90b00f0d3",
  "horizon_hours": 24,
  "dt_minutes": 15,
  "graph": {
    "regions": 2,
    "zones_per_region": [
      5,
      3
    ],
    "sites_per_zone": [
      2,
      4,
      7,
      4,
      4,
      8,
      2,
      7
    ],
    "intertie_density": 0.29534980852769865,
    "neighbor_nations": 2
  },
  "assets": {
    "thermal_per_site": [
      3,
      3,
      2,
      1,
      1,
      0,
      2,
      0
    ],
    "solar_per_site": [
      3,
      3,
      3,
      1,
      2,
      2,
      3,
      3
    ],
    "wind_per_site": [
      3,
      2,
      2,
      1,
      2,
      3,
      2,
      3
    ],
    "battery_per_site": [
      0,
      1,
      1,
      0,
      0,
      0,
      2,
      2
    ],
    "dr_per_site": [
      0,
      0,
      1,
      2,
      2,
      2,
      1,
      2
    ],
    "nuclear_per_region": [
      0,
      2
    ],
    "hydro_reservoir_per_region": [
      0,
      1
    ],
    "hydro_ror_per_zone": [
      1,
      1,
      0,
      0,
      2,
      1,
      0,
      2
    ],
    "hydro_pumped_per_region": [
      0,
      2
    ]
  },
  "econ_policy": {
    "co2_price": 36.34108773027959,
    "price_cap": 4475.6990802986875,
    "cross_border_policy": "allow",
    "import_export_caps_factor": 0.5643786333490464
  },
  "tech": {
    "thermal_marg_cost": 2.6151593520351324,
    "thermal_ramp_pct": 0.2031498432832866,
    "battery_roundtrip_eff": 0.8533544907386498,
    "battery_e_to_p_hours": 2.458585573698279,
    "dr_max_shed_share": 0.07360009176898058,
    "dr_duration_hours": 3.503732128103829,
    "hydro_reservoir_head_eff": 0.8749617944990388,
    "battery_initial_soc_fraction": 0.5551161560652178,
    "battery_final_soc_tolerance": 0.0674498752209718,
    "battery_self_discharge_per_hour": 0.004363739778537039,
    "pumped_initial_level_fraction": 0.4881434434392348,
    "pumped_final_level_tolerance": 0.09137713835702002,
    "pumped_self_discharge_per_hour": 0.0027476542663953684
  },
  "operation_costs": {
    "thermal_fuel_eur_per_mwh": 47.26852158328616,
    "nuclear_fuel_eur_per_mwh": 14.387311213913069,
    "demand_response_cost_eur_per_mwh": 1092.4917142016034,
    "value_of_lost_load_eur_per_mwh": 6531.268250975866,
    "renewable_spill_cost_eur_per_mwh": 762.0877506042239,
    "hydro_spill_cost_eur_per_mwh": 853.2969132623832,
    "overgen_spill_cost_eur_per_mwh": 2220.674243593012,
    "battery_cycle_cost_eur_per_mwh": 89.35507807558082,
    "pumped_cycle_cost_eur_per_mwh": 66.20475148309315
  },
  "exogenous": {
    "weather_profile": "calm_winter",
    "weather_spread_intensity": 1.2460116825540393,
    "demand_profile": "wkday_peak",
    "demand_scale_factor": 1.04225089778466,
    "inflow_factor": 0.601138197089553,
    "zone_profile_variants": {
      "evening_peak": 0.28,
      "double_peak": 0.16,
      "office_peak": 0.2,
      "industrial": 0.14,
      "night_shift": 0.1,
      "residential_morning": 0.12
    },
    "zone_profile_mix_weight": [
      0.4,
      0.8
    ],
    "zone_profile_phase_shift_hours": [
      -2.5,
      2.5
    ],
    "zone_profile_noise_std": [
      0.02,
      0.06
    ],
    "zone_profile_curvature_exp": [
      0.9,
      1.18
    ],
    "region_weather": {
      "R1": {
        "weather_profile": "calm_winter",
        "weather_spread_intensity": 1.4885635118982457
      },
      "R2": {
        "weather_profile": "calm_winter",
        "weather_spread_intensity": 1.003459853209833
      }
    }
  },
  "mip_gap_target_pct": 0.40109853239747806,
  "estimates": {
    "vars_total": 40992,
    "cons_total": 53289,
    "est_cpu_hours": 0.8048076666666668
  },
  "meta": {
    "regions": 2,
    "zones": 8,
    "sites": 8,
    "intertie_density": 0.29534980852769865,
    "neighbor_nations": 2,
    "assets": {
      "thermal": 12,
      "solar": 20,
      "wind": 18,
      "battery": 6,
      "dr": 10,
      "nuclear": 2,
      "hydro_reservoir": 1,
      "hydro_ror": 7,
      "hydro_pumped": 2
    },
    "demand_scale_factor": 1.04225089778466,
    "zone_profile_variants": {
      "evening_peak": 0.28,
      "double_peak": 0.16,
      "office_peak": 0.2,
      "industrial": 0.14,
      "night_shift": 0.1,
      "residential_morning": 0.12
    },
    "zone_profile_mix_weight": [
      0.4,
      0.8
    ],
    "weather_profile": "calm_winter",
    "cross_border_policy": "allow",
    "price_cap": 4475.6990802986875,
    "co2_price": 36.34108773027959,
    "import_export_caps_factor": 0.5643786333490464,
    "operation_costs": {
      "thermal_fuel_eur_per_mwh": 47.26852158328616,
      "nuclear_fuel_eur_per_mwh": 14.387311213913069,
      "demand_response_cost_eur_per_mwh": 1092.4917142016034,
      "value_of_lost_load_eur_per_mwh": 6531.268250975866,
      "renewable_spill_cost_eur_per_mwh": 762.0877506042239,
      "hydro_spill_cost_eur_per_mwh": 853.2969132623832,
      "overgen_spill_cost_eur_per_mwh": 2220.674243593012,
      "battery_cycle_cost_eur_per_mwh": 89.35507807558082,
      "pumped_cycle_cost_eur_per_mwh": 66.20475148309315
    },
    "tech_scalers": {
      "thermal_marg_cost": 2.6151593520351324,
      "thermal_ramp_pct": 0.2031498432832866,
      "battery_roundtrip_eff": 0.8533544907386498,
      "battery_e_to_p_hours": 2.458585573698279,
      "dr_max_shed_share": 0.07360009176898058,
      "dr_duration_hours": 3.503732128103829,
      "hydro_reservoir_head_eff": 0.8749617944990388,
      "battery_initial_soc_fraction": 0.5551161560652178,
      "battery_final_soc_tolerance": 0.0674498752209718,
      "battery_self_discharge_per_hour": 0.004363739778537039,
      "pumped_initial_level_fraction": 0.4881434434392348,
      "pumped_final_level_tolerance": 0.09137713835702002,
      "pumped_self_discharge_per_hour": 0.0027476542663953684
    }
  },
  "flexibility_metrics": {
    "total_storage_power_mw": 700.0,
    "total_storage_capacity_mwh": 3937.6,
    "battery_power_mw": 300.0,
    "battery_capacity_mwh": 737.6,
    "pumped_power_mw": 400.0,
    "pumped_capacity_mwh": 3200.0,
    "total_dr_capacity_mw": 306.8,
    "total_ramp_up_mw_per_step": 207.8,
    "total_ramp_down_mw_per_step": 207.8,
    "thermal_flex_ratio": 0.18,
    "dr_duration_hours": 3.5,
    "battery_roundtrip_efficiency": 0.853
  },
  "difficulty_indicators": {
    "vre_penetration_pct": 38.52,
    "net_demand_volatility": 0.192,
    "peak_to_valley_ratio": 1.88,
    "estimated_milp_solve_time_seconds": 2897.3,
    "complexity_score": "medium",
    "n_binary_variables": 1152,
    "n_timesteps": 96,
    "n_zones": 8,
    "weather_profile": "calm_winter",
    "demand_profile": "wkday_peak"
  }
}