{
  "id": "99a68e6b-682a-47c0-8639-90a2b029fb52",
  "horizon_hours": 24,
  "dt_minutes": 15,
  "graph": {
    "regions": 2,
    "zones_per_region": [
      8,
      5
    ],
    "sites_per_zone": [
      2,
      4,
      4,
      4,
      3,
      6,
      4,
      6,
      8,
      4,
      7,
      6,
      2
    ],
    "intertie_density": 0.4739561364612147,
    "neighbor_nations": 3
  },
  "assets": {
    "thermal_per_site": [
      1,
      2,
      1,
      2,
      0,
      2,
      1,
      2,
      1,
      1,
      2,
      3,
      0
    ],
    "solar_per_site": [
      2,
      2,
      1,
      2,
      2,
      3,
      3,
      3,
      3,
      1,
      2,
      3,
      2
    ],
    "wind_per_site": [
      3,
      1,
      1,
      3,
      1,
      1,
      3,
      1,
      2,
      2,
      1,
      1,
      3
    ],
    "battery_per_site": [
      1,
      2,
      2,
      2,
      0,
      2,
      1,
      1,
      0,
      1,
      0,
      2,
      1
    ],
    "dr_per_site": [
      0,
      1,
      0,
      0,
      2,
      0,
      1,
      1,
      2,
      0,
      1,
      2,
      1
    ],
    "nuclear_per_region": [
      1,
      1
    ],
    "hydro_reservoir_per_region": [
      0,
      1
    ],
    "hydro_ror_per_zone": [
      1,
      1,
      2,
      2,
      2,
      2,
      1,
      2,
      2,
      2,
      1,
      1,
      2
    ],
    "hydro_pumped_per_region": [
      0,
      2
    ]
  },
  "econ_policy": {
    "co2_price": 150.21653305738812,
    "price_cap": 952.4331846644227,
    "cross_border_policy": "block",
    "import_export_caps_factor": 1.186496167192544
  },
  "tech": {
    "thermal_marg_cost": 5.82864132444458,
    "thermal_ramp_pct": 0.243201049403798,
    "battery_roundtrip_eff": 0.833514969567493,
    "battery_e_to_p_hours": 2.0794998469780532,
    "dr_max_shed_share": 0.32101453496509197,
    "dr_duration_hours": 3.980779087874743,
    "hydro_reservoir_head_eff": 0.8694067865309063,
    "battery_initial_soc_fraction": 0.527500598482622,
    "battery_final_soc_tolerance": 0.0838686891992481,
    "battery_self_discharge_per_hour": 0.005229309248633355,
    "pumped_initial_level_fraction": 0.682658596092226,
    "pumped_final_level_tolerance": 0.17135790696894265,
    "pumped_self_discharge_per_hour": 0.0006955094133340024
  },
  "operation_costs": {
    "thermal_fuel_eur_per_mwh": 82.44078242814163,
    "nuclear_fuel_eur_per_mwh": 11.481049412951773,
    "demand_response_cost_eur_per_mwh": 461.6327468913801,
    "value_of_lost_load_eur_per_mwh": 8681.462870211606,
    "renewable_spill_cost_eur_per_mwh": 912.7492771061602,
    "hydro_spill_cost_eur_per_mwh": 544.2953735413153,
    "overgen_spill_cost_eur_per_mwh": 7994.348786472044,
    "battery_cycle_cost_eur_per_mwh": 114.20760803577662,
    "pumped_cycle_cost_eur_per_mwh": 60.140538509918656
  },
  "exogenous": {
    "weather_profile": "sunny_summer",
    "weather_spread_intensity": 1.0327257007162238,
    "demand_profile": "cold_snap",
    "demand_scale_factor": 1.2872864206133012,
    "inflow_factor": 1.147959708841696,
    "zone_profile_variants": {
      "evening_peak": 0.28,
      "double_peak": 0.16,
      "office_peak": 0.2,
      "industrial": 0.14,
      "night_shift": 0.1,
      "residential_morning": 0.12
    },
    "zone_profile_mix_weight": [
      0.4,
      0.8
    ],
    "zone_profile_phase_shift_hours": [
      -2.5,
      2.5
    ],
    "zone_profile_noise_std": [
      0.02,
      0.06
    ],
    "zone_profile_curvature_exp": [
      0.9,
      1.18
    ],
    "region_weather": {
      "R1": {
        "weather_profile": "sunny_summer",
        "weather_spread_intensity": 1.0716736035544818
      },
      "R2": {
        "weather_profile": "stormy_winter",
        "weather_spread_intensity": 0.9937777978779656
      }
    }
  },
  "mip_gap_target_pct": 0.4950524263171901,
  "estimates": {
    "vars_total": 64992,
    "cons_total": 84489,
    "est_cpu_hours": 1.2330743333333334
  },
  "meta": {
    "regions": 2,
    "zones": 13,
    "sites": 13,
    "intertie_density": 0.4739561364612147,
    "neighbor_nations": 3,
    "assets": {
      "thermal": 18,
      "solar": 29,
      "wind": 23,
      "battery": 15,
      "dr": 11,
      "nuclear": 2,
      "hydro_reservoir": 1,
      "hydro_ror": 21,
      "hydro_pumped": 2
    },
    "demand_scale_factor": 1.2872864206133012,
    "zone_profile_variants": {
      "evening_peak": 0.28,
      "double_peak": 0.16,
      "office_peak": 0.2,
      "industrial": 0.14,
      "night_shift": 0.1,
      "residential_morning": 0.12
    },
    "zone_profile_mix_weight": [
      0.4,
      0.8
    ],
    "weather_profile": "sunny_summer",
    "cross_border_policy": "block",
    "price_cap": 952.4331846644227,
    "co2_price": 150.21653305738812,
    "import_export_caps_factor": 1.186496167192544,
    "operation_costs": {
      "thermal_fuel_eur_per_mwh": 82.44078242814163,
      "nuclear_fuel_eur_per_mwh": 11.481049412951773,
      "demand_response_cost_eur_per_mwh": 461.6327468913801,
      "value_of_lost_load_eur_per_mwh": 8681.462870211606,
      "renewable_spill_cost_eur_per_mwh": 912.7492771061602,
      "hydro_spill_cost_eur_per_mwh": 544.2953735413153,
      "overgen_spill_cost_eur_per_mwh": 7994.348786472044,
      "battery_cycle_cost_eur_per_mwh": 114.20760803577662,
      "pumped_cycle_cost_eur_per_mwh": 60.140538509918656
    },
    "tech_scalers": {
      "thermal_marg_cost": 5.82864132444458,
      "thermal_ramp_pct": 0.243201049403798,
      "battery_roundtrip_eff": 0.833514969567493,
      "battery_e_to_p_hours": 2.0794998469780532,
      "dr_max_shed_share": 0.32101453496509197,
      "dr_duration_hours": 3.980779087874743,
      "hydro_reservoir_head_eff": 0.8694067865309063,
      "battery_initial_soc_fraction": 0.527500598482622,
      "battery_final_soc_tolerance": 0.0838686891992481,
      "battery_self_discharge_per_hour": 0.005229309248633355,
      "pumped_initial_level_fraction": 0.682658596092226,
      "pumped_final_level_tolerance": 0.17135790696894265,
      "pumped_self_discharge_per_hour": 0.0006955094133340024
    }
  },
  "flexibility_metrics": {
    "total_storage_power_mw": 1150.0,
    "total_storage_capacity_mwh": 4759.6,
    "battery_power_mw": 750.0,
    "battery_capacity_mwh": 1559.6,
    "pumped_power_mw": 400.0,
    "pumped_capacity_mwh": 3200.0,
    "total_dr_capacity_mw": 2686.0,
    "total_ramp_up_mw_per_step": 353.3,
    "total_ramp_down_mw_per_step": 353.3,
    "thermal_flex_ratio": 0.518,
    "dr_duration_hours": 3.98,
    "battery_roundtrip_efficiency": 0.834
  },
  "difficulty_indicators": {
    "vre_penetration_pct": 34.42,
    "net_demand_volatility": 0.297,
    "peak_to_valley_ratio": 2.32,
    "estimated_milp_solve_time_seconds": 4439.1,
    "complexity_score": "medium",
    "n_binary_variables": 1728,
    "n_timesteps": 96,
    "n_zones": 13,
    "weather_profile": "sunny_summer",
    "demand_profile": "cold_snap"
  }
}