{
  "id": "2f58890d-f95b-4bfa-a7c3-f91f2491b88d",
  "horizon_hours": 24,
  "dt_minutes": 15,
  "graph": {
    "regions": 4,
    "zones_per_region": [
      5,
      3,
      9,
      8
    ],
    "sites_per_zone": [
      6,
      6,
      7,
      8,
      6,
      5,
      2,
      2,
      4,
      4,
      4,
      5,
      3,
      5,
      4,
      5,
      6,
      5,
      2,
      5,
      6,
      3,
      2,
      5,
      3
    ],
    "intertie_density": 0.32181797215542035,
    "neighbor_nations": 3
  },
  "assets": {
    "thermal_per_site": [
      3,
      2,
      2,
      0,
      3,
      1,
      3,
      0,
      1,
      1,
      2,
      0,
      2,
      3,
      2,
      3,
      3,
      1,
      1,
      0,
      0,
      2,
      1,
      2,
      0
    ],
    "solar_per_site": [
      3,
      1,
      2,
      2,
      1,
      2,
      2,
      3,
      2,
      3,
      2,
      3,
      1,
      1,
      1,
      2,
      2,
      3,
      2,
      2,
      1,
      3,
      3,
      1,
      1
    ],
    "wind_per_site": [
      3,
      3,
      3,
      1,
      2,
      3,
      1,
      3,
      1,
      1,
      1,
      3,
      3,
      1,
      3,
      3,
      1,
      1,
      1,
      2,
      3,
      3,
      2,
      2,
      2
    ],
    "battery_per_site": [
      1,
      1,
      2,
      2,
      0,
      2,
      0,
      0,
      0,
      2,
      0,
      1,
      2,
      2,
      0,
      1,
      0,
      0,
      1,
      1,
      0,
      0,
      1,
      2,
      0
    ],
    "dr_per_site": [
      2,
      2,
      1,
      0,
      1,
      1,
      0,
      2,
      2,
      0,
      0,
      0,
      1,
      1,
      0,
      0,
      0,
      0,
      1,
      0,
      0,
      2,
      1,
      0,
      2
    ],
    "nuclear_per_region": [
      1,
      0,
      1,
      2
    ],
    "hydro_reservoir_per_region": [
      2,
      3,
      1,
      1
    ],
    "hydro_ror_per_zone": [
      1,
      1,
      2,
      0,
      1,
      1,
      1,
      1,
      2,
      1,
      1,
      2,
      1,
      1,
      0,
      1,
      0,
      2,
      1,
      0,
      0,
      0,
      0,
      1,
      1
    ],
    "hydro_pumped_per_region": [
      2,
      2,
      0,
      1
    ]
  },
  "econ_policy": {
    "co2_price": 151.13853854545013,
    "price_cap": 1382.3522554922697,
    "cross_border_policy": "cap",
    "import_export_caps_factor": 1.2160176418001825
  },
  "tech": {
    "thermal_marg_cost": 7.031899774582252,
    "thermal_ramp_pct": 0.2505075643313881,
    "battery_roundtrip_eff": 0.8958790247970451,
    "battery_e_to_p_hours": 5.6914231235351265,
    "dr_max_shed_share": 0.075759184189893,
    "dr_duration_hours": 2.2270138335694085,
    "hydro_reservoir_head_eff": 0.9629832751023882,
    "battery_initial_soc_fraction": 0.6218391644222445,
    "battery_final_soc_tolerance": 0.14496432568176362,
    "battery_self_discharge_per_hour": 0.006221217454539224,
    "pumped_initial_level_fraction": 0.6084950113514985,
    "pumped_final_level_tolerance": 0.054671658699351006,
    "pumped_self_discharge_per_hour": 0.003151094760452253
  },
  "operation_costs": {
    "thermal_fuel_eur_per_mwh": 61.02945027904434,
    "nuclear_fuel_eur_per_mwh": 8.847982066831644,
    "demand_response_cost_eur_per_mwh": 1147.795523268183,
    "value_of_lost_load_eur_per_mwh": 11706.112338607247,
    "renewable_spill_cost_eur_per_mwh": 1904.1288000214076,
    "hydro_spill_cost_eur_per_mwh": 823.7421714666857,
    "overgen_spill_cost_eur_per_mwh": 4225.859470452671,
    "battery_cycle_cost_eur_per_mwh": 117.4224958695738,
    "pumped_cycle_cost_eur_per_mwh": 78.78781055699481
  },
  "exogenous": {
    "weather_profile": "stormy_winter",
    "weather_spread_intensity": 0.9291631592618731,
    "demand_profile": "shoulder",
    "demand_scale_factor": 0.8489498067410018,
    "inflow_factor": 0.4668517446289807,
    "zone_profile_variants": {
      "evening_peak": 0.28,
      "double_peak": 0.16,
      "office_peak": 0.2,
      "industrial": 0.14,
      "night_shift": 0.1,
      "residential_morning": 0.12
    },
    "zone_profile_mix_weight": [
      0.4,
      0.8
    ],
    "zone_profile_phase_shift_hours": [
      -2.5,
      2.5
    ],
    "zone_profile_noise_std": [
      0.02,
      0.06
    ],
    "zone_profile_curvature_exp": [
      0.9,
      1.18
    ],
    "region_weather": {
      "R1": {
        "weather_profile": "stormy_winter",
        "weather_spread_intensity": 1.0643576343397547
      },
      "R2": {
        "weather_profile": "stormy_winter",
        "weather_spread_intensity": 0.9864934307855975
      },
      "R3": {
        "weather_profile": "calm_winter",
        "weather_spread_intensity": 1.1520221172423681
      },
      "R4": {
        "weather_profile": "stormy_winter",
        "weather_spread_intensity": 0.5137794546797722
      }
    }
  },
  "mip_gap_target_pct": 1.292472688223478,
  "estimates": {
    "vars_total": 121920,
    "cons_total": 158496,
    "est_cpu_hours": 2.2489280000000003
  },
  "meta": {
    "regions": 4,
    "zones": 25,
    "sites": 25,
    "intertie_density": 0.32181797215542035,
    "neighbor_nations": 3,
    "assets": {
      "thermal": 38,
      "solar": 49,
      "wind": 52,
      "battery": 21,
      "dr": 19,
      "nuclear": 4,
      "hydro_reservoir": 7,
      "hydro_ror": 22,
      "hydro_pumped": 5
    },
    "demand_scale_factor": 0.8489498067410018,
    "zone_profile_variants": {
      "evening_peak": 0.28,
      "double_peak": 0.16,
      "office_peak": 0.2,
      "industrial": 0.14,
      "night_shift": 0.1,
      "residential_morning": 0.12
    },
    "zone_profile_mix_weight": [
      0.4,
      0.8
    ],
    "weather_profile": "stormy_winter",
    "cross_border_policy": "cap",
    "price_cap": 1382.3522554922697,
    "co2_price": 151.13853854545013,
    "import_export_caps_factor": 1.2160176418001825,
    "operation_costs": {
      "thermal_fuel_eur_per_mwh": 61.02945027904434,
      "nuclear_fuel_eur_per_mwh": 8.847982066831644,
      "demand_response_cost_eur_per_mwh": 1147.795523268183,
      "value_of_lost_load_eur_per_mwh": 11706.112338607247,
      "renewable_spill_cost_eur_per_mwh": 1904.1288000214076,
      "hydro_spill_cost_eur_per_mwh": 823.7421714666857,
      "overgen_spill_cost_eur_per_mwh": 4225.859470452671,
      "battery_cycle_cost_eur_per_mwh": 117.4224958695738,
      "pumped_cycle_cost_eur_per_mwh": 78.78781055699481
    },
    "tech_scalers": {
      "thermal_marg_cost": 7.031899774582252,
      "thermal_ramp_pct": 0.2505075643313881,
      "battery_roundtrip_eff": 0.8958790247970451,
      "battery_e_to_p_hours": 5.6914231235351265,
      "dr_max_shed_share": 0.075759184189893,
      "dr_duration_hours": 2.2270138335694085,
      "hydro_reservoir_head_eff": 0.9629832751023882,
      "battery_initial_soc_fraction": 0.6218391644222445,
      "battery_final_soc_tolerance": 0.14496432568176362,
      "battery_self_discharge_per_hour": 0.006221217454539224,
      "pumped_initial_level_fraction": 0.6084950113514985,
      "pumped_final_level_tolerance": 0.054671658699351006,
      "pumped_self_discharge_per_hour": 0.003151094760452253
    }
  },
  "flexibility_metrics": {
    "total_storage_power_mw": 2050.0,
    "total_storage_capacity_mwh": 13976.0,
    "battery_power_mw": 1050.0,
    "battery_capacity_mwh": 5976.0,
    "pumped_power_mw": 1000.0,
    "pumped_capacity_mwh": 8000.0,
    "total_dr_capacity_mw": 803.9,
    "total_ramp_up_mw_per_step": 763.9,
    "total_ramp_down_mw_per_step": 763.9,
    "thermal_flex_ratio": 0.185,
    "dr_duration_hours": 2.23,
    "battery_roundtrip_efficiency": 0.896
  },
  "difficulty_indicators": {
    "vre_penetration_pct": 35.28,
    "net_demand_volatility": 0.269,
    "peak_to_valley_ratio": 1.53,
    "estimated_milp_solve_time_seconds": 8096.1,
    "complexity_score": "very_hard",
    "n_binary_variables": 3648,
    "n_timesteps": 96,
    "n_zones": 25,