{
  "id": "4a307b5b-c6e8-40b0-8b89-0d73c9c14e35",
  "horizon_hours": 24,
  "dt_minutes": 15,
  "graph": {
    "regions": 4,
    "zones_per_region": [
      4,
      5,
      6,
      7
    ],
    "sites_per_zone": [
      6,
      7,
      5,
      4,
      2,
      2,
      7,
      7,
      8,
      3,
      3,
      6,
      3,
      4,
      7,
      2,
      5,
      2,
      6,
      5,
      6,
      3
    ],
    "intertie_density": 0.24297132206099736,
    "neighbor_nations": 1
  },
  "assets": {
    "thermal_per_site": [
      3,
      3,
      0,
      2,
      0,
      3,
      2,
      0,
      2,
      3,
      3,
      2,
      3,
      3,
      0,
      1,
      0,
      1,
      3,
      0,
      0,
      1
    ],
    "solar_per_site": [
      2,
      3,
      3,
      1,
      3,
      1,
      1,
      3,
      3,
      1,
      1,
      1,
      2,
      2,
      3,
      2,
      1,
      1,
      2,
      3,
      3,
      2
    ],
    "wind_per_site": [
      3,
      1,
      1,
      1,
      2,
      2,
      2,
      3,
      1,
      1,
      3,
      2,
      3,
      1,
      1,
      3,
      2,
      1,
      2,
      3,
      1,
      1
    ],
    "battery_per_site": [
      0,
      2,
      2,
      1,
      1,
      2,
      2,
      1,
      0,
      2,
      1,
      1,
      1,
      1,
      1,
      1,
      1,
      1,
      1,
      1,
      1,
      0
    ],
    "dr_per_site": [
      2,
      0,
      0,
      2,
      1,
      1,
      2,
      1,
      1,
      2,
      2,
      1,
      1,
      0,
      0,
      1,
      1,
      0,
      2,
      1,
      0,
      0
    ],
    "nuclear_per_region": [
      1,
      2,
      1,
      0
    ],
    "hydro_reservoir_per_region": [
      1,
      0,
      3,
      3
    ],
    "hydro_ror_per_zone": [
      1,
      0,
      1,
      1,
      0,
      0,
      1,
      1,
      2,
      0,
      1,
      2,
      0,
      0,
      2,
      1,
      0,
      0,
      0,
      1,
      0,
      0
    ],
    "hydro_pumped_per_region": [
      2,
      2,
      2,
      0
    ]
  },
  "econ_policy": {
    "co2_price": 45.771893305774526,
    "price_cap": 4150.0552534311355,
    "cross_border_policy": "cap",
    "import_export_caps_factor": 1.3727451244524986
  },
  "tech": {
    "thermal_marg_cost": 6.610706344671108,
    "thermal_ramp_pct": 0.1562734664478648,
    "battery_roundtrip_eff": 0.7986788552341864,
    "battery_e_to_p_hours": 4.365317461823255,
    "dr_max_shed_share": 0.10818809451163093,
    "dr_duration_hours": 1.1462390147758008,
    "hydro_reservoir_head_eff": 0.8924770251373426,
    "battery_initial_soc_fraction": 0.4598644019973922,
    "battery_final_soc_tolerance": 0.1627748901072677,
    "battery_self_discharge_per_hour": 0.0025612760132535137,
    "pumped_initial_level_fraction": 0.6458988491927335,
    "pumped_final_level_tolerance": 0.1491933826681573,
    "pumped_self_discharge_per_hour": 0.0033524838283403705
  },
  "operation_costs": {
    "thermal_fuel_eur_per_mwh": 57.75458849657962,
    "nuclear_fuel_eur_per_mwh": 10.723841258167173,
    "demand_response_cost_eur_per_mwh": 722.7283951834244,
    "value_of_lost_load_eur_per_mwh": 9346.52792996975,
    "renewable_spill_cost_eur_per_mwh": 1765.6586098890766,
    "hydro_spill_cost_eur_per_mwh": 1092.390979748027,
    "overgen_spill_cost_eur_per_mwh": 3161.4559945044625,
    "battery_cycle_cost_eur_per_mwh": 80.10044988644925,
    "pumped_cycle_cost_eur_per_mwh": 47.02142549934759
  },
  "exogenous": {
    "weather_profile": "stormy_winter",
    "weather_spread_intensity": 0.7699599525328112,
    "demand_profile": "wkend_flat",
    "demand_scale_factor": 1.1072801480830994,
    "inflow_factor": 0.9376406306364984,
    "zone_profile_variants": {
      "evening_peak": 0.28,
      "double_peak": 0.16,
      "office_peak": 0.2,
      "industrial": 0.14,
      "night_shift": 0.1,
      "residential_morning": 0.12
    },
    "zone_profile_mix_weight": [
      0.4,
      0.8
    ],
    "zone_profile_phase_shift_hours": [
      -2.5,
      2.5
    ],
    "zone_profile_noise_std": [
      0.02,
      0.06
    ],
    "zone_profile_curvature_exp": [
      0.9,
      1.18
    ],
    "region_weather": {
      "R1": {
        "weather_profile": "calm_winter",
        "weather_spread_intensity": 1.1299915523818707
      },
      "R2": {
        "weather_profile": "overcast_summer",
        "weather_spread_intensity": 0.7273014726085029
      },
      "R3": {
        "weather_profile": "mixed",
        "weather_spread_intensity": 0.6756396621206383
      },
      "R4": {
        "weather_profile": "stormy_winter",
        "weather_spread_intensity": 0.5469071230202331
      }
    }
  },
  "mip_gap_target_pct": 0.8785242941359759,
  "estimates": {
    "vars_total": 109632,
    "cons_total": 142521,
    "est_cpu_hours": 2.0296503333333336
  },
  "meta": {
    "regions": 4,
    "zones": 22,
    "sites": 22,
    "intertie_density": 0.24297132206099736,
    "neighbor_nations": 1,
    "assets": {
      "thermal": 35,
      "solar": 44,
      "wind": 40,
      "battery": 24,
      "dr": 21,
      "nuclear": 4,
      "hydro_reservoir": 7,
      "hydro_ror": 14,
      "hydro_pumped": 6
    },
    "demand_scale_factor": 1.1072801480830994,
    "zone_profile_variants": {
      "evening_peak": 0.28,
      "double_peak": 0.16,
      "office_peak": 0.2,
      "industrial": 0.14,
      "night_shift": 0.1,
      "residential_morning": 0.12
    },
    "zone_profile_mix_weight": [
      0.4,
      0.8
    ],
    "weather_profile": "stormy_winter",
    "cross_border_policy": "cap",
    "price_cap": 4150.0552534311355,
    "co2_price": 45.771893305774526,
    "import_export_caps_factor": 1.3727451244524986,
    "operation_costs": {
      "thermal_fuel_eur_per_mwh": 57.75458849657962,
      "nuclear_fuel_eur_per_mwh": 10.723841258167173,
      "demand_response_cost_eur_per_mwh": 722.7283951834244,
      "value_of_lost_load_eur_per_mwh": 9346.52792996975,
      "renewable_spill_cost_eur_per_mwh": 1765.6586098890766,
      "hydro_spill_cost_eur_per_mwh": 1092.390979748027,
      "overgen_spill_cost_eur_per_mwh": 3161.4559945044625,
      "battery_cycle_cost_eur_per_mwh": 80.10044988644925,
      "pumped_cycle_cost_eur_per_mwh": 47.02142549934759
    },
    "tech_scalers": {
      "thermal_marg_cost": 6.610706344671108,
      "thermal_ramp_pct": 0.1562734664478648,
      "battery_roundtrip_eff": 0.7986788552341864,
      "battery_e_to_p_hours": 4.365317461823255,
      "dr_max_shed_share": 0.10818809451163093,
      "dr_duration_hours": 1.1462390147758008,
      "hydro_reservoir_head_eff": 0.8924770251373426,
      "battery_initial_soc_fraction": 0.4598644019973922,
      "battery_final_soc_tolerance": 0.1627748901072677,
      "battery_self_discharge_per_hour": 0.0025612760132535137,
      "pumped_initial_level_fraction": 0.6458988491927335,
      "pumped_final_level_tolerance": 0.1491933826681573,
      "pumped_self_discharge_per_hour": 0.0033524838283403705
    }
  },
  "flexibility_metrics": {
    "total_storage_power_mw": 2400.0,
    "total_storage_capacity_mwh": 14838.4,
    "battery_power_mw": 1200.0,
    "battery_capacity_mwh": 5238.4,
    "pumped_power_mw": 1200.0,
    "pumped_capacity_mwh": 9600.0,
    "total_dr_capacity_mw": 1317.7,
    "total_ramp_up_mw_per_step": 460.2,
    "total_ramp_down_mw_per_step": 460.2,
    "thermal_flex_ratio": 0.256,
    "dr_duration_hours": 1.15,
    "battery_roundtrip_efficiency": 0.799
  },
  "difficulty_indicators": {
    "vre_penetration_pct": 33.33,
    "net_demand_volatility": 0.262,
    "peak_to_valley_ratio": 1.99,
    "estimated_milp_solve_time_seconds": 7306.7,
    "complexity_score": "hard",
    "n_binary_variables": 3360,
    "n_timesteps": 96,
    "n_zones": 22,
    "weather_profile": "stormy_winter",
    "demand_profile": "wkend_flat"
  }
}