{
  "id": "5017b81f-3fd1-4919-9939-e2cd42b9ddc2",
  "horizon_hours": 24,
  "dt_minutes": 15,
  "graph": {
    "regions": 3,
    "zones_per_region": [
      4,
      9,
      8
    ],
    "sites_per_zone": [
      2,
      3,
      6,
      6,
      7,
      6,
      5,
      5,
      3,
      3,
      2,
      6,
      8,
      3,
      3,
      4,
      8,
      5,
      4,
      4,
      2
    ],
    "intertie_density": 0.5913886017943178,
    "neighbor_nations": 1
  },
  "assets": {
    "thermal_per_site": [
      3,
      0,
      2,
      2,
      0,
      1,
      3,
      1,
      1,
      0,
      0,
      1,
      2,
      1,
      0,
      2,
      0,
      0,
      2,
      1,
      1
    ],
    "solar_per_site": [
      1,
      3,
      3,
      1,
      3,
      1,
      3,
      2,
      3,
      1,
      1,
      2,
      3,
      1,
      3,
      1,
      3,
      1,
      1,
      2,
      2
    ],
    "wind_per_site": [
      3,
      2,
      3,
      2,
      1,
      3,
      2,
      2,
      2,
      3,
      2,
      1,
      3,
      3,
      3,
      1,
      2,
      3,
      2,
      3,
      3
    ],
    "battery_per_site": [
      1,
      0,
      2,
      0,
      1,
      0,
      2,
      0,
      1,
      0,
      2,
      0,
      2,
      0,
      1,
      1,
      0,
      2,
      1,
      0,
      2
    ],
    "dr_per_site": [
      1,
      0,
      1,
      1,
      2,
      1,
      2,
      1,
      2,
      2,
      2,
      2,
      0,
      1,
      1,
      2,
      0,
      0,
      0,
      2,
      0
    ],
    "nuclear_per_region": [
      2,
      1,
      2
    ],
    "hydro_reservoir_per_region": [
      2,
      2,
      2
    ],
    "hydro_ror_per_zone": [
      2,
      2,
      1,
      1,
      0,
      2,
      1,
      0,
      2,
      1,
      2,
      2,
      1,
      2,
      2,
      0,
      2,
      1,
      2,
      0,
      2
    ],
    "hydro_pumped_per_region": [
      2,
      0,
      2
    ]
  },
  "econ_policy": {
    "co2_price": 89.8911472554726,
    "price_cap": 1939.1985275981729,
    "cross_border_policy": "cap",
    "import_export_caps_factor": 0.44928527984613553
  },
  "tech": {
    "thermal_marg_cost": 13.761750534076562,
    "thermal_ramp_pct": 0.06070487333422814,
    "battery_roundtrip_eff": 0.9292442427285597,
    "battery_e_to_p_hours": 3.064866520302732,
    "dr_max_shed_share": 0.32908425337324704,
    "dr_duration_hours": 2.7333488085811695,
    "hydro_reservoir_head_eff": 0.8556890322297835,
    "battery_initial_soc_fraction": 0.5593307334182933,
    "battery_final_soc_tolerance": 0.15056670070767575,
    "battery_self_discharge_per_hour": 0.002892970646280092,
    "pumped_initial_level_fraction": 0.6582828126832274,
    "pumped_final_level_tolerance": 0.11607945558727796,
    "pumped_self_discharge_per_hour": 0.000772310525222198
  },
  "operation_costs": {
    "thermal_fuel_eur_per_mwh": 47.48012170427727,
    "nuclear_fuel_eur_per_mwh": 14.053058189857339,
    "demand_response_cost_eur_per_mwh": 463.9886752846844,
    "value_of_lost_load_eur_per_mwh": 6915.260439215751,
    "renewable_spill_cost_eur_per_mwh": 1157.9589334424306,
    "hydro_spill_cost_eur_per_mwh": 563.2486163454042,
    "overgen_spill_cost_eur_per_mwh": 4682.168771370016,
    "battery_cycle_cost_eur_per_mwh": 110.1818568045017,
    "pumped_cycle_cost_eur_per_mwh": 66.96548951702454
  },
  "exogenous": {
    "weather_profile": "sunny_summer",
    "weather_spread_intensity": 0.9764203415100959,
    "demand_profile": "wkday_peak",
    "demand_scale_factor": 0.7383337203545688,
    "inflow_factor": 1.0686087122678054,
    "zone_profile_variants": {
      "evening_peak": 0.28,
      "double_peak": 0.16,
      "office_peak": 0.2,
      "industrial": 0.14,
      "night_shift": 0.1,
      "residential_morning": 0.12
    },
    "zone_profile_mix_weight": [
      0.4,
      0.8
    ],
    "zone_profile_phase_shift_hours": [
      -2.5,
      2.5
    ],
    "zone_profile_noise_std": [
      0.02,
      0.06
    ],
    "zone_profile_curvature_exp": [
      0.9,
      1.18
    ],
    "region_weather": {
      "R1": {
        "weather_profile": "overcast_summer",
        "weather_spread_intensity": 0.7715093968220343
      },
      "R2": {
        "weather_profile": "mixed",
        "weather_spread_intensity": 1.3738797841960166
      },
      "R3": {
        "weather_profile": "sunny_summer",
        "weather_spread_intensity": 0.7838718435122368
      }
    }
  },
  "mip_gap_target_pct": 0.5632232400527482,
  "estimates": {
    "vars_total": 104544,
    "cons_total": 135907,
    "est_cpu_hours": 1.9388612222222223
  },
  "meta": {
    "regions": 3,
    "zones": 21,
    "sites": 21,
    "intertie_density": 0.5913886017943178,
    "neighbor_nations": 1,
    "assets": {
      "thermal": 23,
      "solar": 41,
      "wind": 49,
      "battery": 18,
      "dr": 23,
      "nuclear": 5,
      "hydro_reservoir": 6,
      "hydro_ror": 28,
      "hydro_pumped": 4
    },
    "demand_scale_factor": 0.7383337203545688,
    "zone_profile_variants": {
      "evening_peak": 0.28,
      "double_peak": 0.16,
      "office_peak": 0.2,
      "industrial": 0.14,
      "night_shift": 0.1,
      "residential_morning": 0.12
    },
    "zone_profile_mix_weight": [
      0.4,
      0.8
    ],
    "weather_profile": "sunny_summer",
    "cross_border_policy": "cap",
    "price_cap": 1939.1985275981729,
    "co2_price": 89.8911472554726,
    "import_export_caps_factor": 0.44928527984613553,
    "operation_costs": {
      "thermal_fuel_eur_per_mwh": 47.48012170427727,
      "nuclear_fuel_eur_per_mwh": 14.053058189857339,
      "demand_response_cost_eur_per_mwh": 463.9886752846844,
      "value_of_lost_load_eur_per_mwh": 6915.260439215751,
      "renewable_spill_cost_eur_per_mwh": 1157.9589334424306,
      "hydro_spill_cost_eur_per_mwh": 563.2486163454042,
      "overgen_spill_cost_eur_per_mwh": 4682.168771370016,
      "battery_cycle_cost_eur_per_mwh": 110.1818568045017,
      "pumped_cycle_cost_eur_per_mwh": 66.96548951702454
    },
    "tech_scalers": {
      "thermal_marg_cost": 13.761750534076562,
      "thermal_ramp_pct": 0.06070487333422814,
      "battery_roundtrip_eff": 0.9292442427285597,
      "battery_e_to_p_hours": 3.064866520302732,
      "dr_max_shed_share": 0.32908425337324704,
      "dr_duration_hours": 2.7333488085811695,
      "hydro_reservoir_head_eff": 0.8556890322297835,
      "battery_initial_soc_fraction": 0.5593307334182933,
      "battery_final_soc_tolerance": 0.15056670070767575,
      "battery_self_discharge_per_hour": 0.002892970646280092,
      "pumped_initial_level_fraction": 0.6582828126832274,
      "pumped_final_level_tolerance": 0.11607945558727796,
      "pumped_self_discharge_per_hour": 0.000772310525222198
    }
  }
}