{
  "id": "bbd2f6f1-cd0d-40e8-810a-f830160a116b",
  "horizon_hours": 24,
  "dt_minutes": 15,
  "graph": {
    "regions": 2,
    "zones_per_region": [
      6,
      3
    ],
    "sites_per_zone": [
      7,
      8,
      5,
      2,
      4,
      6,
      7,
      5,
      4
    ],
    "intertie_density": 0.5849147262331393,
    "neighbor_nations": 3
  },
  "assets": {
    "thermal_per_site": [
      2,
      1,
      3,
      1,
      3,
      0,
      1,
      2,
      1
    ],
    "solar_per_site": [
      3,
      3,
      2,
      1,
      3,
      1,
      3,
      2,
      1
    ],
    "wind_per_site": [
      3,
      1,
      1,
      1,
      3,
      2,
      2,
      3,
      2
    ],
    "battery_per_site": [
      2,
      0,
      1,
      2,
      1,
      1,
      2,
      0,
      0
    ],
    "dr_per_site": [
      2,
      2,
      0,
      0,
      1,
      2,
      2,
      0,
      0
    ],
    "nuclear_per_region": [
      2,
      2
    ],
    "hydro_reservoir_per_region": [
      1,
      2
    ],
    "hydro_ror_per_zone": [
      0,
      0,
      0,
      1,
      0,
      0,
      0,
      2,
      1
    ],
    "hydro_pumped_per_region": [
      1,
      2
    ]
  },
  "econ_policy": {
    "co2_price": 36.09489670569281,
    "price_cap": 1818.1830844035965,
    "cross_border_policy": "block",
    "import_export_caps_factor": 0.8591713456306557
  },
  "tech": {
    "thermal_marg_cost": 8.857216207890982,
    "thermal_ramp_pct": 0.2051374379668579,
    "battery_roundtrip_eff": 0.8870079528426501,
    "battery_e_to_p_hours": 5.870468117674426,
    "dr_max_shed_share": 0.3035185641025738,
    "dr_duration_hours": 5.751603086769924,
    "hydro_reservoir_head_eff": 0.873160885691394,
    "battery_initial_soc_fraction": 0.5182434223323956,
    "battery_final_soc_tolerance": 0.14637555139023334,
    "battery_self_discharge_per_hour": 0.0044555195723811145,
    "pumped_initial_level_fraction": 0.544657710471909,
    "pumped_final_level_tolerance": 0.17755701511482574,
    "pumped_self_discharge_per_hour": 0.0013277450429080655
  },
  "operation_costs": {
    "thermal_fuel_eur_per_mwh": 54.30305545094357,
    "nuclear_fuel_eur_per_mwh": 10.386276329135114,
    "demand_response_cost_eur_per_mwh": 885.4580732606621,
    "value_of_lost_load_eur_per_mwh": 10867.019922405589,
    "renewable_spill_cost_eur_per_mwh": 1681.0252265921288,
    "hydro_spill_cost_eur_per_mwh": 432.8993029450935,
    "overgen_spill_cost_eur_per_mwh": 7648.752951450422,
    "battery_cycle_cost_eur_per_mwh": 102.37930835604698,
    "pumped_cycle_cost_eur_per_mwh": 50.130283509654866
  },
  "exogenous": {
    "weather_profile": "sunny_summer",
    "weather_spread_intensity": 1.130432607331958,
    "demand_profile": "wkend_flat",
    "demand_scale_factor": 0.950310488128726,
    "inflow_factor": 0.7836240504672638,
    "zone_profile_variants": {
      "evening_peak": 0.28,
      "double_peak": 0.16,
      "office_peak": 0.2,
      "industrial": 0.14,
      "night_shift": 0.1,
      "residential_morning": 0.12
    },
    "zone_profile_mix_weight": [
      0.4,
      0.8
    ],
    "zone_profile_phase_shift_hours": [
      -2.5,
      2.5
    ],
    "zone_profile_noise_std": [
      0.02,
      0.06
    ],
    "zone_profile_curvature_exp": [
      0.9,
      1.18
    ],
    "region_weather": {
      "R1": {
        "weather_profile": "sunny_summer",
        "weather_spread_intensity": 1.2937626293288607
      },
      "R2": {
        "weather_profile": "mixed",
        "weather_spread_intensity": 0.9671025853350552
      }
    }
  },
  "mip_gap_target_pct": 0.8948002509137427,
  "estimates": {
    "vars_total": 45888,
    "cons_total": 59654,
    "est_cpu_hours": 0.8921757777777778
  },
  "meta": {
    "regions": 2,
    "zones": 9,
    "sites": 9,
    "intertie_density": 0.5849147262331393,
    "neighbor_nations": 3,
    "assets": {
      "thermal": 14,
      "solar": 19,
      "wind": 18,
      "battery": 9,
      "dr": 9,
      "nuclear": 4,
      "hydro_reservoir": 3,
      "hydro_ror": 4,
      "hydro_pumped": 3
    },
    "demand_scale_factor": 0.950310488128726,
    "zone_profile_variants": {
      "evening_peak": 0.28,
      "double_peak": 0.16,
      "office_peak": 0.2,
      "industrial": 0.14,
      "night_shift": 0.1,
      "residential_morning": 0.12
    },
    "zone_profile_mix_weight": [
      0.4,
      0.8
    ],
    "weather_profile": "sunny_summer",
    "cross_border_policy": "block",
    "price_cap": 1818.1830844035965,
    "co2_price": 36.09489670569281,
    "import_export_caps_factor": 0.8591713456306557,
    "operation_costs": {
      "thermal_fuel_eur_per_mwh": 54.30305545094357,
      "nuclear_fuel_eur_per_mwh": 10.386276329135114,
      "demand_response_cost_eur_per_mwh": 885.4580732606621,
      "value_of_lost_load_eur_per_mwh": 10867.019922405589,
      "renewable_spill_cost_eur_per_mwh": 1681.0252265921288,
      "hydro_spill_cost_eur_per_mwh": 432.8993029450935,
      "overgen_spill_cost_eur_per_mwh": 7648.752951450422,
      "battery_cycle_cost_eur_per_mwh": 102.37930835604698,
      "pumped_cycle_cost_eur_per_mwh": 50.130283509654866
    },
    "tech_scalers": {
      "thermal_marg_cost": 8.857216207890982,
      "thermal_ramp_pct": 0.2051374379668579,
      "battery_roundtrip_eff": 0.8870079528426501,
      "battery_e_to_p_hours": 5.870468117674426,
      "dr_max_shed_share": 0.3035185641025738,
      "dr_duration_hours": 5.751603086769924,
      "hydro_reservoir_head_eff": 0.873160885691394,
      "battery_initial_soc_fraction": 0.5182434223323956,
      "battery_final_soc_tolerance": 0.14637555139023334,
      "battery_self_discharge_per_hour": 0.0044555195723811145,
      "pumped_initial_level_fraction": 0.544657710471909,
      "pumped_final_level_tolerance": 0.17755701511482574,
      "pumped_self_discharge_per_hour": 0.0013277450429080655
    }
  },
  "flexibility_metrics": {
    "total_storage_power_mw": 1050.0,
    "total_storage_capacity_mwh": 7441.7,
    "battery_power_mw": 450.0,
    "battery_capacity_mwh": 2641.7,
    "pumped_power_mw": 600.0,
    "pumped_capacity_mwh": 4800.0,
    "total_dr_capacity_mw": 1298.0,
    "total_ramp_up_mw_per_step": 265.4,
    "total_ramp_down_mw_per_step": 265.4,
    "thermal_flex_ratio": 0.286,
    "dr_duration_hours": 5.75,
    "battery_roundtrip_efficiency": 0.887
  },
  "difficulty_indicators": {
    "vre_penetration_pct": 30.46,
    "net_demand_volatility": 0.234,
    "peak_to_valley_ratio": 1.71,
    "estimated_milp_solve_time_seconds": 3211.8,
    "complexity_score": "medium",
    "n_binary_variables": 1344,
    "n_timesteps": 96,
    "n_zones": 9,
    "weather_profile": "sunny_summer",
    "demand_profile": "wkend_flat"
  }
}