{
  "id": "1ffc770c-ab6b-4b94-92e9-87bcb478c1a2",
  "horizon_hours": 24,
  "dt_minutes": 15,
  "graph": {
    "regions": 3,
    "zones_per_region": [
      6,
      12,
      5
    ],
    "sites_per_zone": [
      9,
      2,
      3,
      4,
      7,
      8,
      7,
      4,
      7,
      8,
      5,
      3,
      9,
      8,
      3,
      8,
      9,
      6,
      3,
      6,
      10,
      5,
      3
    ],
    "intertie_density": 0.3337393893605964,
    "neighbor_nations": 5
  },
  "assets": {
    "thermal_per_site": [
      0,
      2,
      1,
      3,
      0,
      3,
      2,
      2,
      0,
      0,
      1,
      0,
      0,
      3,
      2,
      2,
      3,
      3,
      2,
      3,
      0,
      2,
      3
    ],
    "solar_per_site": [
      3,
      2,
      3,
      1,
      3,
      2,
      2,
      3,
      3,
      3,
      1,
      1,
      1,
      1,
      1,
      2,
      1,
      1,
      2,
      3,
      2,
      3,
      3
    ],
    "wind_per_site": [
      1,
      3,
      1,
      1,
      1,
      2,
      3,
      2,
      2,
      3,
      2,
      3,
      3,
      1,
      1,
      3,
      1,
      2,
      2,
      3,
      1,
      1,
      2
    ],
    "battery_per_site": [
      1,
      2,
      0,
      2,
      2,
      0,
      1,
      1,
      2,
      2,
      1,
      0,
      2,
      1,
      2,
      1,
      0,
      2,
      2,
      2,
      0,
      1,
      1
    ],
    "dr_per_site": [
      2,
      0,
      1,
      2,
      0,
      2,
      1,
      1,
      2,
      1,
      2,
      0,
      2,
      0,
      0,
      2,
      0,
      0,
      0,
      0,
      1,
      1,
      0
    ],
    "nuclear_per_region": [
      0,
      2,
      1
    ],
    "hydro_reservoir_per_region": [
      2,
      2,
      3
    ],
    "hydro_ror_per_zone": [
      2,
      0,
      1,
      0,
      2,
      2,
      0,
      2,
      1,
      2,
      0,
      1,
      0,
      0,
      2,
      0,
      0,
      2,
      2,
      2,
      2,
      0,
      0
    ],
    "hydro_pumped_per_region": [
      0,
      1,
      2
    ]
  },
  "econ_policy": {
    "co2_price": 173.36051883259557,
    "price_cap": 2424.5630887287043,
    "cross_border_policy": "block",
    "import_export_caps_factor": 0.5740564843058202
  },
  "tech": {
    "thermal_marg_cost": 6.524889143610052,
    "thermal_ramp_pct": 0.27107348895658856,
    "battery_roundtrip_eff": 0.9060006189346222,
    "battery_e_to_p_hours": 2.0321398850089674,
    "dr_max_shed_share": 0.09410562032749081,
    "dr_duration_hours": 3.5257846779670374,
    "hydro_reservoir_head_eff": 0.9501608306036166,
    "battery_initial_soc_fraction": 0.5529786003762294,
    "battery_final_soc_tolerance": 0.1562543821610211,
    "battery_self_discharge_per_hour": 0.0057314339518995654,
    "pumped_initial_level_fraction": 0.6055972199311613,
    "pumped_final_level_tolerance": 0.05160200085460311,
    "pumped_self_discharge_per_hour": 0.001415737275503498
  },
  "operation_costs": {
    "thermal_fuel_eur_per_mwh": 83.62844766142996,
    "nuclear_fuel_eur_per_mwh": 22.187668337229326,
    "thermal_startup_cost_eur": 7996.688242849663,
    "nuclear_startup_cost_eur": 22218.25752284214,
    "demand_response_cost_eur_per_mwh": 429.23467409854135,
    "value_of_lost_load_eur_per_mwh": 8918.348206035405,
    "renewable_spill_cost_eur_per_mwh": 884.3132279619167,
    "hydro_spill_cost_eur_per_mwh": 664.5228096193123,
    "overgen_spill_cost_eur_per_mwh": 5659.8798179092755,
    "battery_cycle_cost_eur_per_mwh": 106.69831180200627,
    "pumped_cycle_cost_eur_per_mwh": 55.14348282223019
  },
  "exogenous": {
    "weather_profile": "stormy_winter",
    "weather_spread_intensity": 1.128352337531051,
    "demand_profile": "heatwave",
    "demand_scale_factor": 0.7343531422049369,
    "inflow_factor": 0.6503276137705387,
    "zone_profile_variants": {
      "evening_peak": 0.28,
      "double_peak": 0.16,
      "office_peak": 0.2,
      "industrial": 0.14,
      "night_shift": 0.1,
      "residential_morning": 0.12
    },
    "zone_profile_mix_weight": [
      0.4,
      0.8
    ],
    "zone_profile_phase_shift_hours": [
      -2.5,
      2.5
    ],
    "zone_profile_noise_std": [
      0.02,
      0.06
    ],
    "zone_profile_curvature_exp": [
      0.9,
      1.18
    ],
    "region_weather": {
      "R1": {
        "weather_profile": "mixed",
        "weather_spread_intensity": 1.4220836900184808
      },
      "R2": {
        "weather_profile": "stormy_winter",
        "weather_spread_intensity": 1.0730269758572355
      },
      "R3": {
        "weather_profile": "stormy_winter",
        "weather_spread_intensity": 0.8899463467174367
      }
    }
  },
  "mip_gap_target_pct": 1.4004421742117659,
  "estimates": {
    "vars_total": 115776,
    "cons_total": 150508,
    "est_cpu_hours": 2.139284888888889
  },
  "meta": {
    "regions": 3,
    "zones": 23,
    "sites": 23,
    "intertie_density": 0.3337393893605964,
    "neighbor_nations": 5,
    "assets": {
      "thermal": 37,
      "solar": 47,
      "wind": 44,
      "battery": 28,
      "dr": 20,
      "nuclear": 3,
      "hydro_reservoir": 7,
      "hydro_ror": 23,
      "hydro_pumped": 3
    },
    "demand_scale_factor": 0.7343531422049369,
    "zone_profile_variants": {
      "evening_peak": 0.28,
      "double_peak": 0.16,
      "office_peak": 0.2,
      "industrial": 0.14,
      "night_shift": 0.1,
      "residential_morning": 0.12
    },
    "zone_profile_mix_weight": [
      0.4,
      0.8
    ],
    "weather_profile": "stormy_winter",
    "cross_border_policy": "block",
    "price_cap": 2424.5630887287043,
    "co2_price": 173.36051883259557,
    "import_export_caps_factor": 0.5740564843058202,
    "operation_costs": {
      "thermal_fuel_eur_per_mwh": 83.62844766142996,
      "nuclear_fuel_eur_per_mwh": 22.187668337229326,
      "thermal_startup_cost_eur": 7996.688242849663,
      "nuclear_startup_cost_eur": 22218.25752284214,
      "demand_response_cost_eur_per_mwh": 429.23467409854135,
      "value_of_lost_load_eur_per_mwh": 8918.348206035405,
      "renewable_spill_cost_eur_per_mwh": 884.3132279619167,
      "hydro_spill_cost_eur_per_mwh": 664.5228096193123,
      "overgen_spill_cost_eur_per_mwh": 5659.8798179092755,
      "battery_cycle_cost_eur_per_mwh": 106.69831180200627,
      "pumped_cycle_cost_eur_per_mwh": 55.14348282223019
    },
    "tech_scalers": {
      "thermal_marg_cost": 6.524889143610052,
      "thermal_ramp_pct": 0.27107348895658856,
      "battery_roundtrip_eff": 0.9060006189346222,
      "battery_e_to_p_hours": 2.0321398850089674,
      "dr_max_shed_share": 0.09410562032749081,
      "dr_duration_hours": 3.5257846779670374,
      "hydro_reservoir_head_eff": 0.9501608306036166,
      "battery_initial_soc_fraction": 0.5529786003762294,
      "battery_final_soc_tolerance": 0.1562543821610211,
      "battery_self_discharge_per_hour": 0.0057314339518995654,
      "pumped_initial_level_fraction": 0.6055972199311613,
      "pumped_final_level_tolerance": 0.05160200085460311,
      "pumped_self_discharge_per_hour": 0.001415737275503498
    }
  },
  "flexibility_metrics": {
    "total_storage_power_mw": 2000.0,
    "total_storage_capacity_mwh": 7645.0,
    "battery_power_mw": 1400.0,
    "battery_capacity_mwh": 2845.0,
    "pumped_power_mw": 600.0,
    "pumped_capacity_mwh": 4800.0,
    "total_dr_capacity_mw": 794.7,
    "total_ramp_up_mw_per_step": 789.7,
    "total_ramp_down_mw_per_step": 789.7,
    "thermal_flex_ratio": 0.198,
    "dr_duration_hours": 3.53,
    "battery_roundtrip_efficiency": 0.906
  },
  "difficulty_indicators": {
    "vre_penetration_pct": 33.73,
    "net_demand_volatility": 0.333,
    "peak_to_valley_ratio": 1.32,
    "estimated_milp_solve_time_seconds": 7701.4,
    "complexity_score": "hard",
    "n_binary_variables": 3552,
    "n_timesteps": 96,
    "n_zones": 23,
    "weather_profile": "stormy_winter",
    "demand_profile": "heatwave"
  }
}