{
  "id": "1d5d56bc-bdfa-4273-a726-e490c11cf6d5",
  "horizon_hours": 24,
  "dt_minutes": 15,
  "graph": {
    "regions": 2,
    "zones_per_region": [
      5,
      7
    ],
    "sites_per_zone": [
      3,
      3,
      2,
      8,
      5,
      3,
      5,
      8,
      8,
      3,
      7,
      4
    ],
    "intertie_density": 0.2431062989149968,
    "neighbor_nations": 2
  },
  "assets": {
    "thermal_per_site": [
      0,
      0,
      3,
      3,
      1,
      3,
      0,
      0,
      3,
      3,
      1,
      1
    ],
    "solar_per_site": [
      3,
      1,
      1,
      2,
      3,
      3,
      3,
      2,
      3,
      2,
      2,
      3
    ],
    "wind_per_site": [
      3,
      1,
      2,
      2,
      2,
      2,
      2,
      1,
      1,
      2,
      3,
      3
    ],
    "battery_per_site": [
      2,
      2,
      1,
      2,
      2,
      1,
      2,
      2,
      2,
      2,
      0,
      0
    ],
    "dr_per_site": [
      0,
      2,
      2,
      1,
      2,
      1,
      2,
      0,
      2,
      2,
      0,
      2
    ],
    "nuclear_per_region": [
      2,
      2
    ],
    "hydro_reservoir_per_region": [
      2,
      0
    ],
    "hydro_ror_per_zone": [
      1,
      2,
      1,
      2,
      2,
      2,
      2,
      1,
      2,
      2,
      2,
      1
    ],
    "hydro_pumped_per_region": [
      1,
      0
    ]
  },
  "econ_policy": {
    "co2_price": 147.3869470349785,
    "price_cap": 289.1756502193194,
    "cross_border_policy": "allow",
    "import_export_caps_factor": 0.46367799940932547
  },
  "tech": {
    "thermal_marg_cost": 0.8490716144333499,
    "thermal_ramp_pct": 0.15679130777771777,
    "battery_roundtrip_eff": 0.9056851508151714,
    "battery_e_to_p_hours": 5.917661968120021,
    "dr_max_shed_share": 0.2550170985994361,
    "dr_duration_hours": 1.7321419507034799,
    "hydro_reservoir_head_eff": 0.7686098471818749,
    "battery_initial_soc_fraction": 0.5853072202842099,
    "battery_final_soc_tolerance": 0.07652011743163475,
    "battery_self_discharge_per_hour": 0.005870548786899131,
    "pumped_initial_level_fraction": 0.5076047312036742,
    "pumped_final_level_tolerance": 0.10883728558810353,
    "pumped_self_discharge_per_hour": 0.0026563809181610032
  },
  "operation_costs": {
    "thermal_fuel_eur_per_mwh": 72.02104054078235,
    "nuclear_fuel_eur_per_mwh": 12.495079866936294,
    "demand_response_cost_eur_per_mwh": 540.6612782258602,
    "value_of_lost_load_eur_per_mwh": 9882.716665920789,
    "renewable_spill_cost_eur_per_mwh": 1083.3299931615084,
    "hydro_spill_cost_eur_per_mwh": 735.3761884949491,
    "overgen_spill_cost_eur_per_mwh": 6781.001886672754,
    "battery_cycle_cost_eur_per_mwh": 101.76770983083784,
    "pumped_cycle_cost_eur_per_mwh": 69.2527626324987
  },
  "exogenous": {
    "weather_profile": "overcast_summer",
    "weather_spread_intensity": 1.171525524326729,
    "demand_profile": "cold_snap",
    "demand_scale_factor": 1.3260832494980637,
    "inflow_factor": 0.4699428500000745,
    "zone_profile_variants": {
      "evening_peak": 0.28,
      "double_peak": 0.16,
      "office_peak": 0.2,
      "industrial": 0.14,
      "night_shift": 0.1,
      "residential_morning": 0.12
    },
    "zone_profile_mix_weight": [
      0.4,
      0.8
    ],
    "zone_profile_phase_shift_hours": [
      -2.5,
      2.5
    ],
    "zone_profile_noise_std": [
      0.02,
      0.06
    ],
    "zone_profile_curvature_exp": [
      0.9,
      1.18
    ],
    "region_weather": {
      "R1": {
        "weather_profile": "calm_winter",
        "weather_spread_intensity": 1.4264848111687796
      },
      "R2": {
        "weather_profile": "overcast_summer",
        "weather_spread_intensity": 0.9165662374846784
      }
    }
  },
  "mip_gap_target_pct": 1.218036962870324,
  "estimates": {
    "vars_total": 65184,
    "cons_total": 84739,
    "est_cpu_hours": 1.2365038888888888
  },
  "meta": {
    "regions": 2,
    "zones": 12,
    "sites": 12,
    "intertie_density": 0.2431062989149968,
    "neighbor_nations": 2,
    "assets": {
      "thermal": 18,
      "solar": 28,
      "wind": 24,
      "battery": 18,
      "dr": 16,
      "nuclear": 4,
      "hydro_reservoir": 2,
      "hydro_ror": 20,
      "hydro_pumped": 1
    },
    "demand_scale_factor": 1.3260832494980637,
    "zone_profile_variants": {
      "evening_peak": 0.28,
      "double_peak": 0.16,
      "office_peak": 0.2,
      "industrial": 0.14,
      "night_shift": 0.1,
      "residential_morning": 0.12
    },
    "zone_profile_mix_weight": [
      0.4,
      0.8
    ],
    "weather_profile": "overcast_summer",
    "cross_border_policy": "allow",
    "price_cap": 289.1756502193194,
    "co2_price": 147.3869470349785,
    "import_export_caps_factor": 0.46367799940932547,
    "operation_costs": {
      "thermal_fuel_eur_per_mwh": 72.02104054078235,
      "nuclear_fuel_eur_per_mwh": 12.495079866936294,
      "demand_response_cost_eur_per_mwh": 540.6612782258602,
      "value_of_lost_load_eur_per_mwh": 9882.716665920789,
      "renewable_spill_cost_eur_per_mwh": 1083.3299931615084,
      "hydro_spill_cost_eur_per_mwh": 735.3761884949491,
      "overgen_spill_cost_eur_per_mwh": 6781.001886672754,
      "battery_cycle_cost_eur_per_mwh": 101.76770983083784,
      "pumped_cycle_cost_eur_per_mwh": 69.2527626324987
    },
    "tech_scalers": {
      "thermal_marg_cost": 0.8490716144333499,
      "thermal_ramp_pct": 0.15679130777771777,
      "battery_roundtrip_eff": 0.9056851508151714,
      "battery_e_to_p_hours": 5.917661968120021,
      "dr_max_shed_share": 0.2550170985994361,
      "dr_duration_hours": 1.7321419507034799,
      "hydro_reservoir_head_eff": 0.7686098471818749,
      "battery_initial_soc_fraction": 0.5853072202842099,
      "battery_final_soc_tolerance": 0.07652011743163475,
      "battery_self_discharge_per_hour": 0.005870548786899131,
      "pumped_initial_level_fraction": 0.5076047312036742,
      "pumped_final_level_tolerance": 0.10883728558810353,
      "pumped_self_discharge_per_hour": 0.0026563809181610032
    }
  }
}