{
  "id": "9ec1ab79-39f7-4ac4-8013-438175999c7a",
  "horizon_hours": 24,
  "dt_minutes": 15,
  "graph": {
    "regions": 4,
    "zones_per_region": [
      8,
      4,
      9,
      6
    ],
    "sites_per_zone": [
      7,
      3,
      4,
      5,
      5,
      3,
      4,
      2,
      4,
      4,
      4,
      7,
      2,
      7,
      6,
      2,
      5,
      6,
      5,
      6,
      7,
      4,
      7,
      7,
      6,
      6,
      6
    ],
    "intertie_density": 0.3770580618838144,
    "neighbor_nations": 3
  },
  "assets": {
    "thermal_per_site": [
      0,
      3,
      2,
      3,
      3,
      1,
      1,
      1,
      3,
      1,
      2,
      0,
      2,
      2,
      1,
      2,
      2,
      0,
      1,
      0,
      1,
      0,
      1,
      2,
      2,
      3,
      2
    ],
    "solar_per_site": [
      3,
      2,
      3,
      1,
      1,
      3,
      2,
      2,
      2,
      1,
      1,
      2,
      3,
      1,
      2,
      2,
      2,
      3,
      1,
      3,
      1,
      2,
      3,
      2,
      1,
      2,
      1
    ],
    "wind_per_site": [
      1,
      3,
      1,
      1,
      2,
      1,
      2,
      1,
      1,
      1,
      3,
      1,
      1,
      3,
      2,
      2,
      3,
      1,
      3,
      3,
      2,
      3,
      3,
      2,
      2,
      1,
      3
    ],
    "battery_per_site": [
      0,
      0,
      1,
      0,
      1,
      0,
      2,
      0,
      0,
      1,
      2,
      0,
      2,
      0,
      1,
      0,
      1,
      0,
      1,
      0,
      1,
      1,
      2,
      2,
      1,
      0,
      0
    ],
    "dr_per_site": [
      1,
      2,
      1,
      0,
      2,
      2,
      1,
      1,
      0,
      2,
      2,
      0,
      1,
      2,
      1,
      0,
      2,
      2,
      0,
      1,
      1,
      1,
      1,
      0,
      0,
      2,
      2
    ],
    "nuclear_per_region": [
      2,
      2,
      1,
      2
    ],
    "hydro_reservoir_per_region": [
      3,
      0,
      1,
      0
    ],
    "hydro_ror_per_zone": [
      1,
      2,
      2,
      2,
      0,
      1,
      0,
      0,
      0,
      0,
      1,
      2,
      2,
      2,
      1,
      1,
      2,
      0,
      1,
      0,
      2,
      0,
      0,
      1,
      1,
      0,
      1
    ],
    "hydro_pumped_per_region": [
      2,
      2,
      2,
      2
    ]
  },
  "econ_policy": {
    "co2_price": 104.94229043800364,
    "price_cap": 4037.51548063606,
    "cross_border_policy": "cap",
    "import_export_caps_factor": 0.5397818222683768
  },
  "tech": {
    "thermal_marg_cost": 5.9701201300280005,
    "thermal_ramp_pct": 0.20827871656347036,
    "battery_roundtrip_eff": 0.894092972190932,
    "battery_e_to_p_hours": 2.094359540262211,
    "dr_max_shed_share": 0.26477740438697867,
    "dr_duration_hours": 3.5616543574836403,
    "hydro_reservoir_head_eff": 0.7960308094800405,
    "battery_initial_soc_fraction": 0.5222995654445087,
    "battery_final_soc_tolerance": 0.13426174582892472,
    "battery_self_discharge_per_hour": 0.005407865737814642,
    "pumped_initial_level_fraction": 0.6603880768981837,
    "pumped_final_level_tolerance": 0.1055946568396367,
    "pumped_self_discharge_per_hour": 0.0005612533862179114
  },
  "operation_costs": {
    "thermal_fuel_eur_per_mwh": 79.20178296614253,
    "nuclear_fuel_eur_per_mwh": 12.94211157783399,
    "demand_response_cost_eur_per_mwh": 1170.506620103331,
    "value_of_lost_load_eur_per_mwh": 7976.664920752132,
    "renewable_spill_cost_eur_per_mwh": 1994.629712364776,
    "hydro_spill_cost_eur_per_mwh": 510.11123685149545,
    "overgen_spill_cost_eur_per_mwh": 3669.725070086459,
    "battery_cycle_cost_eur_per_mwh": 76.90803128870465,
    "pumped_cycle_cost_eur_per_mwh": 47.61950560681946
  },
  "exogenous": {
    "weather_profile": "sunny_summer",
    "weather_spread_intensity": 0.9142782385603843,
    "demand_profile": "wkday_peak",
    "demand_scale_factor": 1.1125948801332228,
    "inflow_factor": 0.9422714287960318,
    "zone_profile_variants": {
      "evening_peak": 0.28,
      "double_peak": 0.16,
      "office_peak": 0.2,
      "industrial": 0.14,
      "night_shift": 0.1,
      "residential_morning": 0.12
    },
    "zone_profile_mix_weight": [
      0.4,
      0.8
    ],
    "zone_profile_phase_shift_hours": [
      -2.5,
      2.5
    ],
    "zone_profile_noise_std": [
      0.02,
      0.06
    ],
    "zone_profile_curvature_exp": [
      0.9,
      1.18
    ],
    "region_weather": {
      "R1": {
        "weather_profile": "sunny_summer",
        "weather_spread_intensity": 1.3866241030397726
      },
      "R2": {
        "weather_profile": "overcast_summer",
        "weather_spread_intensity": 0.7903722128767185
      },
      "R3": {
        "weather_profile": "overcast_summer",
        "weather_spread_intensity": 0.5720841691489887
      },
      "R4": {
        "weather_profile": "sunny_summer",
        "weather_spread_intensity": 0.9080324691760573
      }
    }
  },
  "mip_gap_target_pct": 0.44901056163938285,
  "estimates": {
    "vars_total": 133344,
    "cons_total": 173347,
    "est_cpu_hours": 2.4527812222222223
  },
  "meta": {
    "regions": 4,
    "zones": 27,
    "sites": 27,
    "intertie_density": 0.3770580618838144,
    "neighbor_nations": 3,
    "assets": {
      "thermal": 41,
      "solar": 52,
      "wind": 52,
      "battery": 19,
      "dr": 30,
      "nuclear": 7,
      "hydro_reservoir": 4,
      "hydro_ror": 25,
      "hydro_pumped": 8
    },
    "demand_scale_factor": 1.1125948801332228,
    "zone_profile_variants": {
      "evening_peak": 0.28,
      "double_peak": 0.16,
      "office_peak": 0.2,
      "industrial": 0.14,
      "night_shift": 0.1,
      "residential_morning": 0.12
    },
    "zone_profile_mix_weight": [
      0.4,
      0.8
    ],
    "weather_profile": "sunny_summer",
    "cross_border_policy": "cap",
    "price_cap": 4037.51548063606,
    "co2_price": 104.94229043800364,
    "import_export_caps_factor": 0.5397818222683768,
    "operation_costs": {
      "thermal_fuel_eur_per_mwh": 79.20178296614253,
      "nuclear_fuel_eur_per_mwh": 12.94211157783399,
      "demand_response_cost_eur_per_mwh": 1170.506620103331,
      "value_of_lost_load_eur_per_mwh": 7976.664920752132,
      "renewable_spill_cost_eur_per_mwh": 1994.629712364776,
      "hydro_spill_cost_eur_per_mwh": 510.11123685149545,
      "overgen_spill_cost_eur_per_mwh": 3669.725070086459,
      "battery_cycle_cost_eur_per_mwh": 76.90803128870465,
      "pumped_cycle_cost_eur_per_mwh": 47.61950560681946
    },
    "tech_scalers": {
      "thermal_marg_cost": 5.9701201300280005,
      "thermal_ramp_pct": 0.20827871656347036,
      "battery_roundtrip_eff": 0.894092972190932,
      "battery_e_to_p_hours": 2.094359540262211,
      "dr_max_shed_share": 0.26477740438697867,
      "dr_duration_hours": 3.5616543574836403,
      "hydro_reservoir_head_eff": 0.7960308094800405,
      "battery_initial_soc_fraction": 0.5222995654445087,
      "battery_final_soc_tolerance": 0.13426174582892472,
      "battery_self_discharge_per_hour": 0.005407865737814642,
      "pumped_initial_level_fraction": 0.6603880768981837,
      "pumped_final_level_tolerance": 0.1055946568396367,
      "pumped_self_discharge_per_hour": 0.0005612533862179114
    }
  },
  "flexibility_metrics": {
    "total_storage_power_mw": 2550.0,
    "total_storage_capacity_mwh": 14789.6,
    "battery_power_mw": 950.0,
    "battery_capacity_mwh": 1989.6,
    "pumped_power_mw": 1600.0,
    "pumped_capacity_mwh": 12800.0,
    "total_dr_capacity_mw": 3977.0,
    "total_ramp_up_mw_per_step": 728.0,
    "total_ramp_down_mw_per_step": 728.0,
    "thermal_flex_ratio": 0.338,
    "dr_duration_hours": 3.56,
    "battery_roundtrip_efficiency": 0.894
  },
  "difficulty_indicators": {
    "vre_penetration_pct": 33.08,
    "net_demand_volatility": 0.266,
    "peak_to_valley_ratio": 2.0,
    "estimated_milp_solve_time_seconds": 8830.0,