{
  "id": "6b18ebc0-abd3-4f3f-85db-8061f09c3ae3",
  "horizon_hours": 24,
  "dt_minutes": 15,
  "graph": {
    "regions": 3,
    "zones_per_region": [
      7,
      5,
      7
    ],
    "sites_per_zone": [
      3,
      7,
      2,
      5,
      4,
      7,
      7,
      5,
      5,
      4,
      6,
      8,
      2,
      5,
      6,
      3,
      2,
      7,
      7
    ],
    "intertie_density": 0.4911679779236359,
    "neighbor_nations": 2
  },
  "assets": {
    "thermal_per_site": [
      1,
      1,
      1,
      1,
      1,
      1,
      1,
      2,
      0,
      0,
      2,
      1,
      0,
      0,
      0,
      0,
      0,
      1,
      2
    ],
    "solar_per_site": [
      3,
      2,
      1,
      2,
      1,
      3,
      2,
      3,
      3,
      1,
      2,
      1,
      2,
      1,
      2,
      1,
      3,
      2,
      3
    ],
    "wind_per_site": [
      2,
      2,
      1,
      1,
      2,
      3,
      2,
      2,
      2,
      2,
      1,
      2,
      1,
      1,
      3,
      3,
      1,
      2,
      3
    ],
    "battery_per_site": [
      2,
      1,
      2,
      2,
      2,
      2,
      0,
      0,
      0,
      1,
      2,
      2,
      1,
      0,
      1,
      0,
      1,
      0,
      2
    ],
    "dr_per_site": [
      2,
      0,
      1,
      1,
      0,
      0,
      1,
      2,
      2,
      0,
      1,
      1,
      2,
      2,
      1,
      1,
      0,
      2,
      0
    ],
    "nuclear_per_region": [
      2,
      0,
      1
    ],
    "hydro_reservoir_per_region": [
      0,
      3,
      0
    ],
    "hydro_ror_per_zone": [
      0,
      0,
      2,
      1,
      1,
      1,
      2,
      0,
      2,
      2,
      2,
      1,
      2,
      2,
      2,
      2,
      1,
      2,
      0
    ],
    "hydro_pumped_per_region": [
      2,
      1,
      2
    ]
  },
  "econ_policy": {
    "co2_price": 46.16810736940302,
    "price_cap": 638.1086327500799,
    "cross_border_policy": "block",
    "import_export_caps_factor": 0.7832648177330266
  },
  "tech": {
    "thermal_marg_cost": 3.4519717330582953,
    "thermal_ramp_pct": 0.12354901853285921,
    "battery_roundtrip_eff": 0.796676094992358,
    "battery_e_to_p_hours": 4.746589496275171,
    "dr_max_shed_share": 0.19684660942609483,
    "dr_duration_hours": 2.0448927955010463,
    "hydro_reservoir_head_eff": 0.8286697650379928,
    "battery_initial_soc_fraction": 0.6007360320832467,
    "battery_final_soc_tolerance": 0.16370932417555403,
    "battery_self_discharge_per_hour": 0.009396942417330276,
    "pumped_initial_level_fraction": 0.4237498260414298,
    "pumped_final_level_tolerance": 0.15385020507790464,
    "pumped_self_discharge_per_hour": 0.0012579438472319071
  },
  "operation_costs": {
    "thermal_fuel_eur_per_mwh": 71.00999294831107,
    "nuclear_fuel_eur_per_mwh": 8.212695727126333,
    "demand_response_cost_eur_per_mwh": 739.964933299281,
    "value_of_lost_load_eur_per_mwh": 8828.592784417864,
    "renewable_spill_cost_eur_per_mwh": 1625.4607831218268,
    "hydro_spill_cost_eur_per_mwh": 440.603556419012,
    "overgen_spill_cost_eur_per_mwh": 4414.314128537939,
    "battery_cycle_cost_eur_per_mwh": 100.14579979124787,
    "pumped_cycle_cost_eur_per_mwh": 54.37759157539501
  },
  "exogenous": {
    "weather_profile": "sunny_summer",
    "weather_spread_intensity": 1.0964859141654208,
    "demand_profile": "shoulder",
    "demand_scale_factor": 1.2993151031485801,
    "inflow_factor": 1.2320212665366832,
    "zone_profile_variants": {
      "evening_peak": 0.28,
      "double_peak": 0.16,
      "office_peak": 0.2,
      "industrial": 0.14,
      "night_shift": 0.1,
      "residential_morning": 0.12
    },
    "zone_profile_mix_weight": [
      0.4,
      0.8
    ],
    "zone_profile_phase_shift_hours": [
      -2.5,
      2.5
    ],
    "zone_profile_noise_std": [
      0.02,
      0.06
    ],
    "zone_profile_curvature_exp": [
      0.9,
      1.18
    ],
    "region_weather": {
      "R1": {
        "weather_profile": "stormy_winter",
        "weather_spread_intensity": 1.1944351110756672
      },
      "R2": {
        "weather_profile": "mixed",
        "weather_spread_intensity": 1.363380750303107
      },
      "R3": {
        "weather_profile": "sunny_summer",
        "weather_spread_intensity": 0.7316418811174883
      }
    }
  },
  "mip_gap_target_pct": 1.2449259184275325,
  "estimates": {
    "vars_total": 90816,
    "cons_total": 118060,
    "est_cpu_hours": 1.693887555555556
  },
  "meta": {
    "regions": 3,
    "zones": 19,
    "sites": 19,
    "intertie_density": 0.4911679779236359,
    "neighbor_nations": 2,
    "assets": {
      "thermal": 15,
      "solar": 38,
      "wind": 36,
      "battery": 21,
      "dr": 19,
      "nuclear": 3,
      "hydro_reservoir": 3,
      "hydro_ror": 25,
      "hydro_pumped": 5
    },
    "demand_scale_factor": 1.2993151031485801,
    "zone_profile_variants": {
      "evening_peak": 0.28,
      "double_peak": 0.16,
      "office_peak": 0.2,
      "industrial": 0.14,
      "night_shift": 0.1,
      "residential_morning": 0.12
    },
    "zone_profile_mix_weight": [
      0.4,
      0.8
    ],
    "weather_profile": "sunny_summer",
    "cross_border_policy": "block",
    "price_cap": 638.1086327500799,
    "co2_price": 46.16810736940302,
    "import_export_caps_factor": 0.7832648177330266,
    "operation_costs": {
      "thermal_fuel_eur_per_mwh": 71.00999294831107,
      "nuclear_fuel_eur_per_mwh": 8.212695727126333,
      "demand_response_cost_eur_per_mwh": 739.964933299281,
      "value_of_lost_load_eur_per_mwh": 8828.592784417864,
      "renewable_spill_cost_eur_per_mwh": 1625.4607831218268,
      "hydro_spill_cost_eur_per_mwh": 440.603556419012,
      "overgen_spill_cost_eur_per_mwh": 4414.314128537939,
      "battery_cycle_cost_eur_per_mwh": 100.14579979124787,
      "pumped_cycle_cost_eur_per_mwh": 54.37759157539501
    },
    "tech_scalers": {
      "thermal_marg_cost": 3.4519717330582953,
      "thermal_ramp_pct": 0.12354901853285921,
      "battery_roundtrip_eff": 0.796676094992358,
      "battery_e_to_p_hours": 4.746589496275171,
      "dr_max_shed_share": 0.19684660942609483,
      "dr_duration_hours": 2.0448927955010463,
      "hydro_reservoir_head_eff": 0.8286697650379928,
      "battery_initial_soc_fraction": 0.6007360320832467,
      "battery_final_soc_tolerance": 0.16370932417555403,
      "battery_self_discharge_per_hour": 0.009396942417330276,
      "pumped_initial_level_fraction": 0.4237498260414298,
      "pumped_final_level_tolerance": 0.15385020507790464,
      "pumped_self_discharge_per_hour": 0.0012579438472319071
    }
  },
  "flexibility_metrics": {
    "total_storage_power_mw": 2050.0,
    "total_storage_capacity_mwh": 12983.9,
    "battery_power_mw": 1050.0,
    "battery_capacity_mwh": 4983.9,
    "pumped_power_mw": 1000.0,
    "pumped_capacity_mwh": 8000.0,
    "total_dr_capacity_mw": 2429.8,
    "total_ramp_up_mw_per_step": 176.5,
    "total_ramp_down_mw_per_step": 176.5,
    "thermal_flex_ratio": 0.597,
    "dr_duration_hours": 2.04,
    "battery_roundtrip_efficiency": 0.797
  },
  "difficulty_indicators": {
    "vre_penetration_pct": 39.66,
    "net_demand_volatility": 0.242,
    "peak_to_valley_ratio": 2.34,
    "estimated_milp_solve_time_seconds": 6098.0,
    "complexity_score": "hard",
    "n_binary_variables": 1440,
    "n_timesteps": 96,
    "n_zones": 19,
    "weather_profile": "sunny_summer",
    "demand_profile": "shoulder"
  }
}