{
  "id": "2f8188e0-a5c5-4e07-a6aa-b3911e0793b7",
  "horizon_hours": 24,
  "dt_minutes": 15,
  "graph": {
    "regions": 4,
    "zones_per_region": [
      9,
      4,
      7,
      4
    ],
    "sites_per_zone": [
      4,
      5,
      4,
      2,
      2,
      6,
      8,
      2,
      5,
      7,
      4,
      8,
      2,
      2,
      7,
      4,
      7,
      6,
      7,
      8,
      6,
      4,
      8,
      5
    ],
    "intertie_density": 0.5711356099436711,
    "neighbor_nations": 3
  },
  "assets": {
    "thermal_per_site": [
      2,
      2,
      0,
      1,
      0,
      3,
      3,
      3,
      2,
      0,
      2,
      2,
      2,
      0,
      0,
      3,
      1,
      0,
      1,
      0,
      0,
      3,
      1,
      3
    ],
    "solar_per_site": [
      2,
      3,
      3,
      3,
      3,
      3,
      3,
      3,
      3,
      3,
      3,
      1,
      3,
      2,
      3,
      1,
      3,
      1,
      3,
      3,
      1,
      1,
      1,
      1
    ],
    "wind_per_site": [
      3,
      1,
      2,
      3,
      2,
      2,
      3,
      1,
      1,
      3,
      3,
      3,
      2,
      1,
      1,
      2,
      1,
      1,
      2,
      3,
      2,
      1,
      2,
      3
    ],
    "battery_per_site": [
      1,
      0,
      0,
      1,
      2,
      1,
      1,
      0,
      0,
      2,
      2,
      0,
      1,
      1,
      0,
      0,
      0,
      1,
      0,
      1,
      1,
      0,
      2,
      2
    ],
    "dr_per_site": [
      0,
      1,
      2,
      2,
      0,
      2,
      0,
      1,
      2,
      2,
      0,
      0,
      0,
      0,
      1,
      1,
      0,
      1,
      1,
      2,
      1,
      1,
      0,
      2
    ],
    "nuclear_per_region": [
      0,
      1,
      1,
      1
    ],
    "hydro_reservoir_per_region": [
      3,
      3,
      0,
      3
    ],
    "hydro_ror_per_zone": [
      2,
      1,
      1,
      0,
      2,
      2,
      1,
      2,
      1,
      2,
      2,
      1,
      0,
      2,
      0,
      1,
      1,
      1,
      1,
      0,
      2,
      0,
      1,
      1
    ],
    "hydro_pumped_per_region": [
      1,
      2,
      1,
      2
    ]
  },
  "econ_policy": {
    "co2_price": 180.7575737469291,
    "price_cap": 1710.4938903304387,
    "cross_border_policy": "block",
    "import_export_caps_factor": 1.4053733839358982
  },
  "tech": {
    "thermal_marg_cost": 9.65471451335331,
    "thermal_ramp_pct": 0.13274799310965918,
    "battery_roundtrip_eff": 0.8061590518675207,
    "battery_e_to_p_hours": 3.251349168263764,
    "dr_max_shed_share": 0.31551816019330087,
    "dr_duration_hours": 1.5323078786297692,
    "hydro_reservoir_head_eff": 0.8279061491128294,
    "battery_initial_soc_fraction": 0.5227315298779229,
    "battery_final_soc_tolerance": 0.10432575085375037,
    "battery_self_discharge_per_hour": 0.009512990617368954,
    "pumped_initial_level_fraction": 0.42683450910917875,
    "pumped_final_level_tolerance": 0.12335589589727054,
    "pumped_self_discharge_per_hour": 0.0023352582329582263
  },
  "operation_costs": {
    "thermal_fuel_eur_per_mwh": 65.22026854610819,
    "nuclear_fuel_eur_per_mwh": 15.268641044909693,
    "demand_response_cost_eur_per_mwh": 948.5712591565792,
    "value_of_lost_load_eur_per_mwh": 6656.5968184620915,
    "renewable_spill_cost_eur_per_mwh": 1911.2272868266914,
    "hydro_spill_cost_eur_per_mwh": 276.77026974458164,
    "overgen_spill_cost_eur_per_mwh": 4000.214053622297,
    "battery_cycle_cost_eur_per_mwh": 103.91173010898649,
    "pumped_cycle_cost_eur_per_mwh": 50.7909113384732
  },
  "exogenous": {
    "weather_profile": "stormy_winter",
    "weather_spread_intensity": 1.0393196926292443,
    "demand_profile": "cold_snap",
    "demand_scale_factor": 0.7695826873982017,
    "inflow_factor": 1.1861483670738124,
    "zone_profile_variants": {
      "evening_peak": 0.28,
      "double_peak": 0.16,
      "office_peak": 0.2,
      "industrial": 0.14,
      "night_shift": 0.1,
      "residential_morning": 0.12
    },
    "zone_profile_mix_weight": [
      0.4,
      0.8
    ],
    "zone_profile_phase_shift_hours": [
      -2.5,
      2.5
    ],
    "zone_profile_noise_std": [
      0.02,
      0.06
    ],
    "zone_profile_curvature_exp": [
      0.9,
      1.18
    ],
    "region_weather": {
      "R1": {
        "weather_profile": "calm_winter",
        "weather_spread_intensity": 1.2080980804610282
      },
      "R2": {
        "weather_profile": "calm_winter",
        "weather_spread_intensity": 1.1026697563740284
      },
      "R3": {
        "weather_profile": "stormy_winter",
        "weather_spread_intensity": 0.6649541235349646
      },
      "R4": {
        "weather_profile": "stormy_winter",
        "weather_spread_intensity": 1.1815568101469562
      }
    }
  },
  "mip_gap_target_pct": 0.6581530167518488,
  "estimates": {
    "vars_total": 120000,
    "cons_total": 156000,
    "est_cpu_hours": 2.214666666666667
  },
  "meta": {
    "regions": 4,
    "zones": 24,
    "sites": 24,
    "intertie_density": 0.5711356099436711,
    "neighbor_nations": 3,
    "assets": {
      "thermal": 34,
      "solar": 56,
      "wind": 48,
      "battery": 19,
      "dr": 22,
      "nuclear": 3,
      "hydro_reservoir": 9,
      "hydro_ror": 27,
      "hydro_pumped": 6
    },
    "demand_scale_factor": 0.7695826873982017,
    "zone_profile_variants": {
      "evening_peak": 0.28,
      "double_peak": 0.16,
      "office_peak": 0.2,
      "industrial": 0.14,
      "night_shift": 0.1,
      "residential_morning": 0.12
    },
    "zone_profile_mix_weight": [
      0.4,
      0.8
    ],
    "weather_profile": "stormy_winter",
    "cross_border_policy": "block",
    "price_cap": 1710.4938903304387,
    "co2_price": 180.7575737469291,
    "import_export_caps_factor": 1.4053733839358982,
    "operation_costs": {
      "thermal_fuel_eur_per_mwh": 65.22026854610819,
      "nuclear_fuel_eur_per_mwh": 15.268641044909693,
      "demand_response_cost_eur_per_mwh": 948.5712591565792,
      "value_of_lost_load_eur_per_mwh": 6656.5968184620915,
      "renewable_spill_cost_eur_per_mwh": 1911.2272868266914,
      "hydro_spill_cost_eur_per_mwh": 276.77026974458164,
      "overgen_spill_cost_eur_per_mwh": 4000.214053622297,
      "battery_cycle_cost_eur_per_mwh": 103.91173010898649,
      "pumped_cycle_cost_eur_per_mwh": 50.7909113384732
    },
    "tech_scalers": {
      "thermal_marg_cost": 9.65471451335331,
      "thermal_ramp_pct": 0.13274799310965918,
      "battery_roundtrip_eff": 0.8061590518675207,
      "battery_e_to_p_hours": 3.251349168263764,
      "dr_max_shed_share": 0.31551816019330087,
      "dr_duration_hours": 1.5323078786297692,
      "hydro_reservoir_head_eff": 0.8279061491128294,
      "battery_initial_soc_fraction": 0.5227315298779229,
      "battery_final_soc_tolerance": 0.10432575085375037,
      "battery_self_discharge_per_hour": 0.009512990617368954,
      "pumped_initial_level_fraction": 0.42683450910917875,
      "pumped_final_level_tolerance": 0.12335589589727054,
      "pumped_self_discharge_per_hour": 0.0023352582329582263
    }
  },
  "flexibility_metrics": {
    "total_storage_power_mw": 2150.0,
    "total_storage_capacity_mwh": 12688.8,
    "battery_power_mw": 950.0,
    "battery_capacity_mwh": 3088.8,
    "pumped_power_mw": 1200.0,
    "pumped_capacity_mwh": 9600.0,
    "total_dr_capacity_mw": 2913.8,
    "total_ramp_up_mw_per_step": 376.0,
    "total_ramp_down_mw_per_step": 376.0,
    "thermal_flex_ratio": 0.384,
    "dr_duration_hours": 1.53,
    "battery_roundtrip_efficiency": 0.806
  },
  "difficulty_indicators": {
    "vre_penetration_pct": 35.65,
    "net_demand_volatility": 0.32,
    "peak_to_valley_ratio": 1.39,
    "estimated_milp_solve_time_seconds": 7972.8,
    "complexity_score": "very_hard",
    "n_binary_variables": 3264,
    "n_timesteps": 96,
    "n_zones": 24,
    "weather_profile": "stormy_winter",