{
  "id": "a7d454c9-001f-4c2b-b188-777c56155216",
  "horizon_hours": 24,
  "dt_minutes": 15,
  "graph": {
    "regions": 2,
    "zones_per_region": [
      3,
      6
    ],
    "sites_per_zone": [
      8,
      5,
      6,
      8,
      5,
      2,
      4,
      5,
      3
    ],
    "intertie_density": 0.49420781854563406,
    "neighbor_nations": 1
  },
  "assets": {
    "thermal_per_site": [
      1,
      3,
      0,
      1,
      3,
      0,
      3,
      2,
      3
    ],
    "solar_per_site": [
      1,
      2,
      2,
      1,
      2,
      1,
      3,
      2,
      2
    ],
    "wind_per_site": [
      1,
      2,
      1,
      2,
      2,
      3,
      1,
      2,
      1
    ],
    "battery_per_site": [
      0,
      0,
      2,
      2,
      0,
      0,
      0,
      1,
      2
    ],
    "dr_per_site": [
      2,
      1,
      2,
      1,
      2,
      2,
      2,
      2,
      2
    ],
    "nuclear_per_region": [
      0,
      1
    ],
    "hydro_reservoir_per_region": [
      0,
      0
    ],
    "hydro_ror_per_zone": [
      0,
      2,
      1,
      0,
      1,
      0,
      2,
      0,
      2
    ],
    "hydro_pumped_per_region": [
      1,
      0
    ]
  },
  "econ_policy": {
    "co2_price": 194.2931379095942,
    "price_cap": 3729.1578102546478,
    "cross_border_policy": "cap",
    "import_export_caps_factor": 0.5708585678310946
  },
  "tech": {
    "thermal_marg_cost": 14.197415660801687,
    "thermal_ramp_pct": 0.44565326832241625,
    "battery_roundtrip_eff": 0.8040389598596891,
    "battery_e_to_p_hours": 3.0392852480747603,
    "dr_max_shed_share": 0.05478870016806975,
    "dr_duration_hours": 4.727136747409423,
    "hydro_reservoir_head_eff": 0.7992043091564935,
    "battery_initial_soc_fraction": 0.5822588865190117,
    "battery_final_soc_tolerance": 0.13636322297705822,
    "battery_self_discharge_per_hour": 0.006000091325781553,
    "pumped_initial_level_fraction": 0.692151589861109,
    "pumped_final_level_tolerance": 0.11171353045159384,
    "pumped_self_discharge_per_hour": 0.0015487391428624395
  },
  "operation_costs": {
    "thermal_fuel_eur_per_mwh": 46.13452953711847,
    "nuclear_fuel_eur_per_mwh": 10.552442988700932,
    "demand_response_cost_eur_per_mwh": 627.7230679817433,
    "value_of_lost_load_eur_per_mwh": 6799.423044525091,
    "renewable_spill_cost_eur_per_mwh": 783.479046989864,
    "hydro_spill_cost_eur_per_mwh": 524.2667978295798,
    "overgen_spill_cost_eur_per_mwh": 2206.7589796111606,
    "battery_cycle_cost_eur_per_mwh": 77.19378449310928,
    "pumped_cycle_cost_eur_per_mwh": 66.37124346469503
  },
  "exogenous": {
    "weather_profile": "sunny_summer",
    "weather_spread_intensity": 0.7955486694307129,
    "demand_profile": "shoulder",
    "demand_scale_factor": 1.296012831032404,
    "inflow_factor": 0.9652038542359007,
    "zone_profile_variants": {
      "evening_peak": 0.28,
      "double_peak": 0.16,
      "office_peak": 0.2,
      "industrial": 0.14,
      "night_shift": 0.1,
      "residential_morning": 0.12
    },
    "zone_profile_mix_weight": [
      0.4,
      0.8
    ],
    "zone_profile_phase_shift_hours": [
      -2.5,
      2.5
    ],
    "zone_profile_noise_std": [
      0.02,
      0.06
    ],
    "zone_profile_curvature_exp": [
      0.9,
      1.18
    ],
    "region_weather": {
      "R1": {
        "weather_profile": "sunny_summer",
        "weather_spread_intensity": 1.0111596331828818
      },
      "R2": {
        "weather_profile": "stormy_winter",
        "weather_spread_intensity": 0.579937705678544
      }
    }
  },
  "mip_gap_target_pct": 1.1743235900703288,
  "estimates": {
    "vars_total": 45120,
    "cons_total": 58656,
    "est_cpu_hours": 0.8784746666666667
  },
  "meta": {
    "regions": 2,
    "zones": 9,
    "sites": 9,
    "intertie_density": 0.49420781854563406,
    "neighbor_nations": 1,
    "assets": {
      "thermal": 16,
      "solar": 16,
      "wind": 15,
      "battery": 7,
      "dr": 16,
      "nuclear": 1,
      "hydro_reservoir": 0,
      "hydro_ror": 8,
      "hydro_pumped": 1
    },
    "demand_scale_factor": 1.296012831032404,
    "zone_profile_variants": {
      "evening_peak": 0.28,
      "double_peak": 0.16,
      "office_peak": 0.2,
      "industrial": 0.14,
      "night_shift": 0.1,
      "residential_morning": 0.12
    },
    "zone_profile_mix_weight": [
      0.4,
      0.8
    ],
    "weather_profile": "sunny_summer",
    "cross_border_policy": "cap",
    "price_cap": 3729.1578102546478,
    "co2_price": 194.2931379095942,
    "import_export_caps_factor": 0.5708585678310946,
    "operation_costs": {
      "thermal_fuel_eur_per_mwh": 46.13452953711847,
      "nuclear_fuel_eur_per_mwh": 10.552442988700932,
      "demand_response_cost_eur_per_mwh": 627.7230679817433,
      "value_of_lost_load_eur_per_mwh": 6799.423044525091,
      "renewable_spill_cost_eur_per_mwh": 783.479046989864,
      "hydro_spill_cost_eur_per_mwh": 524.2667978295798,
      "overgen_spill_cost_eur_per_mwh": 2206.7589796111606,
      "battery_cycle_cost_eur_per_mwh": 77.19378449310928,
      "pumped_cycle_cost_eur_per_mwh": 66.37124346469503
    },
    "tech_scalers": {
      "thermal_marg_cost": 14.197415660801687,
      "thermal_ramp_pct": 0.44565326832241625,
      "battery_roundtrip_eff": 0.8040389598596891,
      "battery_e_to_p_hours": 3.0392852480747603,
      "dr_max_shed_share": 0.05478870016806975,
      "dr_duration_hours": 4.727136747409423,
      "hydro_reservoir_head_eff": 0.7992043091564935,
      "battery_initial_soc_fraction": 0.5822588865190117,
      "battery_final_soc_tolerance": 0.13636322297705822,
      "battery_self_discharge_per_hour": 0.006000091325781553,
      "pumped_initial_level_fraction": 0.692151589861109,
      "pumped_final_level_tolerance": 0.11171353045159384,
      "pumped_self_discharge_per_hour": 0.0015487391428624395
    }
  },
  "flexibility_metrics": {
    "total_storage_power_mw": 550.0,
    "total_storage_capacity_mwh": 2663.7,
    "battery_power_mw": 350.0,
    "battery_capacity_mwh": 1063.7,
    "pumped_power_mw": 200.0,
    "pumped_capacity_mwh": 1600.0,
    "total_dr_capacity_mw": 319.5,
    "total_ramp_up_mw_per_step": 547.3,
    "total_ramp_down_mw_per_step": 547.3,
    "thermal_flex_ratio": 0.15,
    "dr_duration_hours": 4.73,
    "battery_roundtrip_efficiency": 0.804
  },
  "difficulty_indicators": {
    "vre_penetration_pct": 34.22,
    "net_demand_volatility": 0.242,
    "peak_to_valley_ratio": 2.33,
    "estimated_milp_solve_time_seconds": 3162.5,
    "complexity_score": "medium",
    "n_binary_variables": 1536,
    "n_timesteps": 96,
    "n_zones": 9,
    "weather_profile": "sunny_summer",
    "demand_profile": "shoulder"
  }
}