{
  "id": "440a7e84-c395-4bb3-832f-07c9f444062d",
  "horizon_hours": 24,
  "dt_minutes": 15,
  "graph": {
    "regions": 3,
    "zones_per_region": [
      6,
      5,
      9
    ],
    "sites_per_zone": [
      5,
      3,
      3,
      3,
      5,
      5,
      3,
      2,
      8,
      3,
      2,
      7,
      8,
      5,
      6,
      5,
      8,
      7,
      2,
      8
    ],
    "intertie_density": 0.36004991066756226,
    "neighbor_nations": 3
  },
  "assets": {
    "thermal_per_site": [
      2,
      3,
      3,
      1,
      0,
      2,
      2,
      0,
      3,
      3,
      1,
      0,
      2,
      1,
      3,
      3,
      3,
      1,
      1,
      2
    ],
    "solar_per_site": [
      3,
      3,
      1,
      1,
      1,
      1,
      2,
      3,
      1,
      3,
      2,
      1,
      3,
      3,
      1,
      2,
      3,
      1,
      2,
      1
    ],
    "wind_per_site": [
      3,
      3,
      2,
      1,
      1,
      3,
      2,
      1,
      3,
      2,
      3,
      2,
      3,
      1,
      1,
      2,
      2,
      1,
      3,
      3
    ],
    "battery_per_site": [
      1,
      2,
      1,
      2,
      0,
      1,
      0,
      0,
      0,
      2,
      2,
      1,
      1,
      0,
      2,
      0,
      2,
      0,
      0,
      0
    ],
    "dr_per_site": [
      1,
      1,
      1,
      2,
      1,
      2,
      2,
      0,
      1,
      1,
      2,
      0,
      0,
      0,
      1,
      0,
      0,
      1,
      0,
      0
    ],
    "nuclear_per_region": [
      2,
      2,
      1
    ],
    "hydro_reservoir_per_region": [
      0,
      3,
      3
    ],
    "hydro_ror_per_zone": [
      1,
      2,
      0,
      2,
      0,
      2,
      1,
      2,
      2,
      2,
      1,
      0,
      1,
      0,
      0,
      1,
      0,
      1,
      2,
      2
    ],
    "hydro_pumped_per_region": [
      1,
      1,
      2
    ]
  },
  "econ_policy": {
    "co2_price": 180.30051651021898,
    "price_cap": 2797.0546585759325,
    "cross_border_policy": "allow",
    "import_export_caps_factor": 1.58838106379185
  },
  "tech": {
    "thermal_marg_cost": 2.2366739839878487,
    "thermal_ramp_pct": 0.2667682412753043,
    "battery_roundtrip_eff": 0.7934908738504758,
    "battery_e_to_p_hours": 5.22134436649742,
    "dr_max_shed_share": 0.17973836590237696,
    "dr_duration_hours": 3.817584797015504,
    "hydro_reservoir_head_eff": 0.9806668831374195,
    "battery_initial_soc_fraction": 0.5753160098196093,
    "battery_final_soc_tolerance": 0.11002713870532937,
    "battery_self_discharge_per_hour": 0.0019519246465420147,
    "pumped_initial_level_fraction": 0.41121638835273616,
    "pumped_final_level_tolerance": 0.05827795389461163,
    "pumped_self_discharge_per_hour": 0.0038296400062620595
  },
  "operation_costs": {
    "thermal_fuel_eur_per_mwh": 64.47297249824454,
    "nuclear_fuel_eur_per_mwh": 9.838949695739972,
    "demand_response_cost_eur_per_mwh": 766.995289454836,
    "value_of_lost_load_eur_per_mwh": 9573.086023937823,
    "renewable_spill_cost_eur_per_mwh": 1711.820309433635,
    "hydro_spill_cost_eur_per_mwh": 672.0556445397032,
    "overgen_spill_cost_eur_per_mwh": 6412.9777111304,
    "battery_cycle_cost_eur_per_mwh": 90.21139538747242,
    "pumped_cycle_cost_eur_per_mwh": 76.9972275397161
  },
  "exogenous": {
    "weather_profile": "calm_winter",
    "weather_spread_intensity": 0.6945366918271905,
    "demand_profile": "heatwave",
    "demand_scale_factor": 1.1183418775237701,
    "inflow_factor": 1.054593121848058,
    "zone_profile_variants": {
      "evening_peak": 0.28,
      "double_peak": 0.16,
      "office_peak": 0.2,
      "industrial": 0.14,
      "night_shift": 0.1,
      "residential_morning": 0.12
    },
    "zone_profile_mix_weight": [
      0.4,
      0.8
    ],
    "zone_profile_phase_shift_hours": [
      -2.5,
      2.5
    ],
    "zone_profile_noise_std": [
      0.02,
      0.06
    ],
    "zone_profile_curvature_exp": [
      0.9,
      1.18
    ],
    "region_weather": {
      "R1": {
        "weather_profile": "calm_winter",
        "weather_spread_intensity": 0.7042038752439878
      },
      "R2": {
        "weather_profile": "calm_winter",
        "weather_spread_intensity": 0.8120657116267209
      },
      "R3": {
        "weather_profile": "stormy_winter",
        "weather_spread_intensity": 0.5673404886108626
      }
    }
  },
  "mip_gap_target_pct": 1.369713539127771,
  "estimates": {
    "vars_total": 101472,
    "cons_total": 131913,
    "est_cpu_hours": 1.884039666666667
  },
  "meta": {
    "regions": 3,
    "zones": 20,
    "sites": 20,
    "intertie_density": 0.36004991066756226,
    "neighbor_nations": 3,
    "assets": {
      "thermal": 36,
      "solar": 38,
      "wind": 42,
      "battery": 17,
      "dr": 16,
      "nuclear": 5,
      "hydro_reservoir": 6,
      "hydro_ror": 22,
      "hydro_pumped": 4
    },
    "demand_scale_factor": 1.1183418775237701,
    "zone_profile_variants": {
      "evening_peak": 0.28,
      "double_peak": 0.16,
      "office_peak": 0.2,
      "industrial": 0.14,
      "night_shift": 0.1,
      "residential_morning": 0.12
    },
    "zone_profile_mix_weight": [
      0.4,
      0.8
    ],
    "weather_profile": "calm_winter",
    "cross_border_policy": "allow",
    "price_cap": 2797.0546585759325,
    "co2_price": 180.30051651021898,
    "import_export_caps_factor": 1.58838106379185,
    "operation_costs": {
      "thermal_fuel_eur_per_mwh": 64.47297249824454,
      "nuclear_fuel_eur_per_mwh": 9.838949695739972,
      "demand_response_cost_eur_per_mwh": 766.995289454836,
      "value_of_lost_load_eur_per_mwh": 9573.086023937823,
      "renewable_spill_cost_eur_per_mwh": 1711.820309433635,
      "hydro_spill_cost_eur_per_mwh": 672.0556445397032,
      "overgen_spill_cost_eur_per_mwh": 6412.9777111304,
      "battery_cycle_cost_eur_per_mwh": 90.21139538747242,
      "pumped_cycle_cost_eur_per_mwh": 76.9972275397161
    },
    "tech_scalers": {
      "thermal_marg_cost": 2.2366739839878487,
      "thermal_ramp_pct": 0.2667682412753043,
      "battery_roundtrip_eff": 0.7934908738504758,
      "battery_e_to_p_hours": 5.22134436649742,
      "dr_max_shed_share": 0.17973836590237696,
      "dr_duration_hours": 3.817584797015504,
      "hydro_reservoir_head_eff": 0.9806668831374195,
      "battery_initial_soc_fraction": 0.5753160098196093,
      "battery_final_soc_tolerance": 0.11002713870532937,
      "battery_self_discharge_per_hour": 0.0019519246465420147,
      "pumped_initial_level_fraction": 0.41121638835273616,
      "pumped_final_level_tolerance": 0.05827795389461163,
      "pumped_self_discharge_per_hour": 0.0038296400062620595
    }
  },
  "flexibility_metrics": {
    "total_storage_power_mw": 1650.0,
    "total_storage_capacity_mwh": 10838.1,
    "battery_power_mw": 850.0,
    "battery_capacity_mwh": 4438.1,
    "pumped_power_mw": 800.0,
    "pumped_capacity_mwh": 6400.0,
    "total_dr_capacity_mw": 2010.1,
    "total_ramp_up_mw_per_step": 782.8,
    "total_ramp_down_mw_per_step": 782.8,
    "thermal_flex_ratio": 0.232,
    "dr_duration_hours": 3.82,
    "battery_roundtrip_efficiency": 0.793
  },
  "difficulty_indicators": {
    "vre_penetration_pct": 30.33,
    "net_demand_volatility": 0.251,
    "peak_to_valley_ratio": 2.01,
    "estimated_milp_solve_time_seconds": 6782.5,
    "complexity_score": "hard",
    "n_binary_variables": 3456,
    "n_timesteps": 96,
    "n_zones": 20,
    "weather_profile": "calm_winter",
    "demand_profile": "heatwave"
  }
}