{
  "id": "19632643-7717-49c0-8431-6a8eb0b1711a",
  "horizon_hours": 24,
  "dt_minutes": 15,
  "graph": {
    "regions": 4,
    "zones_per_region": [
      9,
      3,
      9,
      4
    ],
    "sites_per_zone": [
      5,
      5,
      5,
      2,
      4,
      2,
      5,
      5,
      8,
      4,
      7,
      8,
      7,
      6,
      3,
      5,
      5,
      8,
      7,
      7,
      2,
      5,
      2,
      5,
      6
    ],
    "intertie_density": 0.5506585723826622,
    "neighbor_nations": 1
  },
  "assets": {
    "thermal_per_site": [
      3,
      1,
      1,
      3,
      3,
      1,
      0,
      0,
      3,
      1,
      2,
      2,
      1,
      0,
      0,
      0,
      0,
      0,
      0,
      3,
      1,
      3,
      1,
      1,
      0
    ],
    "solar_per_site": [
      1,
      3,
      1,
      3,
      1,
      3,
      2,
      2,
      1,
      1,
      2,
      1,
      3,
      2,
      2,
      2,
      1,
      2,
      2,
      2,
      3,
      3,
      2,
      3,
      2
    ],
    "wind_per_site": [
      1,
      3,
      2,
      2,
      3,
      2,
      1,
      1,
      1,
      1,
      1,
      1,
      3,
      2,
      2,
      1,
      2,
      1,
      2,
      1,
      2,
      2,
      1,
      2,
      1
    ],
    "battery_per_site": [
      1,
      0,
      1,
      2,
      1,
      2,
      0,
      2,
      0,
      0,
      0,
      0,
      1,
      2,
      1,
      1,
      1,
      2,
      2,
      1,
      1,
      2,
      1,
      2,
      0
    ],
    "dr_per_site": [
      1,
      2,
      1,
      2,
      2,
      1,
      0,
      2,
      0,
      0,
      2,
      0,
      2,
      2,
      0,
      1,
      1,
      0,
      1,
      2,
      0,
      0,
      1,
      2,
      0
    ],
    "nuclear_per_region": [
      2,
      2,
      0,
      0
    ],
    "hydro_reservoir_per_region": [
      3,
      1,
      0,
      1
    ],
    "hydro_ror_per_zone": [
      0,
      2,
      0,
      2,
      2,
      0,
      1,
      1,
      0,
      1,
      0,
      2,
      2,
      0,
      2,
      1,
      1,
      0,
      1,
      2,
      1,
      2,
      0,
      0,
      2
    ],
    "hydro_pumped_per_region": [
      2,
      1,
      2,
      0
    ]
  },
  "econ_policy": {
    "co2_price": 241.63252404400384,
    "price_cap": 4166.207842443406,
    "cross_border_policy": "cap",
    "import_export_caps_factor": 1.3271414998258177
  },
  "tech": {
    "thermal_marg_cost": 10.80860762861421,
    "thermal_ramp_pct": 0.2670407268963459,
    "battery_roundtrip_eff": 0.8463797249358568,
    "battery_e_to_p_hours": 2.6731956725546127,
    "dr_max_shed_share": 0.24793766259803224,
    "dr_duration_hours": 3.8489013217312946,
    "hydro_reservoir_head_eff": 1.0486732192477395,
    "battery_initial_soc_fraction": 0.4100965138578127,
    "battery_final_soc_tolerance": 0.08713062203362465,
    "battery_self_discharge_per_hour": 0.007328661452212408,
    "pumped_initial_level_fraction": 0.5566264863307367,
    "pumped_final_level_tolerance": 0.15346927360836887,
    "pumped_self_discharge_per_hour": 0.0009594728703719416
  },
  "operation_costs": {
    "thermal_fuel_eur_per_mwh": 65.35065679319855,
    "nuclear_fuel_eur_per_mwh": 13.071453678417999,
    "demand_response_cost_eur_per_mwh": 620.5667808114902,
    "value_of_lost_load_eur_per_mwh": 6000.008343445307,
    "renewable_spill_cost_eur_per_mwh": 1212.804372704189,
    "hydro_spill_cost_eur_per_mwh": 1186.4352913697026,
    "overgen_spill_cost_eur_per_mwh": 5467.60388021072,
    "battery_cycle_cost_eur_per_mwh": 68.90889519164355,
    "pumped_cycle_cost_eur_per_mwh": 60.17809590075288
  },
  "exogenous": {
    "weather_profile": "mixed",
    "weather_spread_intensity": 1.2776902556878855,
    "demand_profile": "cold_snap",
    "demand_scale_factor": 1.3396318094052209,
    "inflow_factor": 0.49186089841646075,
    "zone_profile_variants": {
      "evening_peak": 0.28,
      "double_peak": 0.16,
      "office_peak": 0.2,
      "industrial": 0.14,
      "night_shift": 0.1,
      "residential_morning": 0.12
    },
    "zone_profile_mix_weight": [
      0.4,
      0.8
    ],
    "zone_profile_phase_shift_hours": [
      -2.5,
      2.5
    ],
    "zone_profile_noise_std": [
      0.02,
      0.06
    ],
    "zone_profile_curvature_exp": [
      0.9,
      1.18
    ],
    "region_weather": {
      "R1": {
        "weather_profile": "sunny_summer",
        "weather_spread_intensity": 1.4122609387453307
      },
      "R2": {
        "weather_profile": "stormy_winter",
        "weather_spread_intensity": 1.2485007974436497
      },
      "R3": {
        "weather_profile": "mixed",
        "weather_spread_intensity": 1.1933778433523374
      },
      "R4": {
        "weather_profile": "mixed",
        "weather_spread_intensity": 1.2566214432102243
      }
    }
  },
  "mip_gap_target_pct": 1.064849452491516,
  "estimates": {
    "vars_total": 120096,
    "cons_total": 156124,
    "est_cpu_hours": 2.216372888888889
  },
  "meta": {
    "regions": 4,
    "zones": 25,
    "sites": 25,
    "intertie_density": 0.5506585723826622,
    "neighbor_nations": 1,
    "assets": {
      "thermal": 30,
      "solar": 50,
      "wind": 41,
      "battery": 26,
      "dr": 25,
      "nuclear": 4,
      "hydro_reservoir": 5,
      "hydro_ror": 25,
      "hydro_pumped": 5
    },
    "demand_scale_factor": 1.3396318094052209,
    "zone_profile_variants": {
      "evening_peak": 0.28,
      "double_peak": 0.16,
      "office_peak": 0.2,
      "industrial": 0.14,
      "night_shift": 0.1,
      "residential_morning": 0.12
    },
    "zone_profile_mix_weight": [
      0.4,
      0.8
    ],
    "weather_profile": "mixed",
    "cross_border_policy": "cap",
    "price_cap": 4166.207842443406,
    "co2_price": 241.63252404400384,
    "import_export_caps_factor": 1.3271414998258177,
    "operation_costs": {
      "thermal_fuel_eur_per_mwh": 65.35065679319855,
      "nuclear_fuel_eur_per_mwh": 13.071453678417999,
      "demand_response_cost_eur_per_mwh": 620.5667808114902,
      "value_of_lost_load_eur_per_mwh": 6000.008343445307,
      "renewable_spill_cost_eur_per_mwh": 1212.804372704189,
      "hydro_spill_cost_eur_per_mwh": 1186.4352913697026,
      "overgen_spill_cost_eur_per_mwh": 5467.60388021072,
      "battery_cycle_cost_eur_per_mwh": 68.90889519164355,
      "pumped_cycle_cost_eur_per_mwh": 60.17809590075288
    },
    "tech_scalers": {
      "thermal_marg_cost": 10.80860762861421,
      "thermal_ramp_pct": 0.2670407268963459,
      "battery_roundtrip_eff": 0.8463797249358568,
      "battery_e_to_p_hours": 2.6731956725546127,
      "dr_max_shed_share": 0.24793766259803224,
      "dr_duration_hours": 3.8489013217312946,
      "hydro_reservoir_head_eff": 1.0486732192477395,
      "battery_initial_soc_fraction": 0.4100965138578127,
      "battery_final_soc_tolerance": 0.08713062203362465,
      "battery_self_discharge_per_hour": 0.007328661452212408,
      "pumped_initial_level_fraction": 0.5566264863307367,
      "pumped_final_level_tolerance": 0.15346927360836887,
      "pumped_self_discharge_per_hour": 0.0009594728703719416
    }
  },
  "flexibility_metrics": {
    "total_storage_power_mw": 2300.0,
    "total_storage_capacity_mwh": 11475.2,
    "battery_power_mw": 1300.0,
    "battery_capacity_mwh": 3475.2,
    "pumped_power_mw": 1000.0,
    "pumped_capacity_mwh": 8000.0,
    "total_dr_capacity_mw": 4151.8,
    "total_ramp_up_mw_per_step": 650.8,
    "total_ramp_down_mw_per_step": 650.8,
    "thermal_flex_ratio": 0.496,
    "dr_duration_hours": 3.85,
    "battery_roundtrip_efficiency": 0.846
  },
  "difficulty_indicators": {
    "vre_penetration_pct": 35.23,
    "net_demand_volatility": 0.269,
    "peak_to_valley_ratio": 2.41,
    "estimated_milp_solve_time_seconds": 7978.9,
    "complexity_score": "very_hard",
    "n_binary_variables": 2880,
    "n_timesteps": 96,
    "n_zones": 25,
    "weather_profile": "mixed",