{
  "id": "f5874d26-d1a3-4780-aa99-888e79b2052e",
  "horizon_hours": 24,
  "dt_minutes": 15,
  "graph": {
    "regions": 4,
    "zones_per_region": [
      9,
      3,
      4,
      7
    ],
    "sites_per_zone": [
      5,
      5,
      7,
      2,
      3,
      8,
      3,
      6,
      6,
      2,
      6,
      6,
      3,
      6,
      5,
      7,
      7,
      8,
      3,
      2,
      4,
      6,
      5
    ],
    "intertie_density": 0.28992986690650835,
    "neighbor_nations": 2
  },
  "assets": {
    "thermal_per_site": [
      2,
      0,
      2,
      2,
      2,
      3,
      0,
      3,
      1,
      2,
      0,
      0,
      3,
      3,
      2,
      0,
      1,
      0,
      2,
      3,
      2,
      2,
      1
    ],
    "solar_per_site": [
      3,
      1,
      3,
      3,
      2,
      1,
      3,
      2,
      3,
      1,
      1,
      2,
      2,
      2,
      3,
      1,
      1,
      3,
      1,
      2,
      1,
      3,
      3
    ],
    "wind_per_site": [
      2,
      2,
      1,
      2,
      1,
      3,
      2,
      2,
      2,
      1,
      1,
      1,
      3,
      2,
      3,
      1,
      2,
      1,
      2,
      3,
      3,
      2,
      1
    ],
    "battery_per_site": [
      0,
      2,
      1,
      1,
      2,
      2,
      1,
      2,
      1,
      0,
      2,
      1,
      1,
      1,
      0,
      1,
      2,
      2,
      2,
      2,
      1,
      1,
      1
    ],
    "dr_per_site": [
      2,
      2,
      2,
      2,
      2,
      0,
      2,
      2,
      2,
      0,
      0,
      0,
      2,
      0,
      1,
      0,
      2,
      2,
      0,
      1,
      0,
      2,
      1
    ],
    "nuclear_per_region": [
      1,
      0,
      0,
      0
    ],
    "hydro_reservoir_per_region": [
      2,
      3,
      0,
      3
    ],
    "hydro_ror_per_zone": [
      1,
      2,
      1,
      2,
      2,
      0,
      1,
      0,
      0,
      2,
      1,
      2,
      1,
      1,
      1,
      0,
      2,
      1,
      1,
      1,
      0,
      1,
      0
    ],
    "hydro_pumped_per_region": [
      1,
      1,
      1,
      0
    ]
  },
  "econ_policy": {
    "co2_price": 184.576387261105,
    "price_cap": 2611.948138251994,
    "cross_border_policy": "cap",
    "import_export_caps_factor": 0.9640227533772371
  },
  "tech": {
    "thermal_marg_cost": 1.7247056370829483,
    "thermal_ramp_pct": 0.056268662153667395,
    "battery_roundtrip_eff": 0.7987952488685616,
    "battery_e_to_p_hours": 3.3159294749126285,
    "dr_max_shed_share": 0.28357647287945387,
    "dr_duration_hours": 2.1546523959259503,
    "hydro_reservoir_head_eff": 0.7971090525231502,
    "battery_initial_soc_fraction": 0.4889731856656628,
    "battery_final_soc_tolerance": 0.05611080534817247,
    "battery_self_discharge_per_hour": 0.003567390128497192,
    "pumped_initial_level_fraction": 0.48812730138926697,
    "pumped_final_level_tolerance": 0.15215793250585558,
    "pumped_self_discharge_per_hour": 0.0006020188377986316
  },
  "operation_costs": {
    "thermal_fuel_eur_per_mwh": 54.770957569659885,
    "nuclear_fuel_eur_per_mwh": 10.463661899573054,
    "demand_response_cost_eur_per_mwh": 669.7767470813988,
    "value_of_lost_load_eur_per_mwh": 8538.867508143685,
    "renewable_spill_cost_eur_per_mwh": 1295.1674003112466,
    "hydro_spill_cost_eur_per_mwh": 1192.2837036318047,
    "overgen_spill_cost_eur_per_mwh": 7249.173230657783,
    "battery_cycle_cost_eur_per_mwh": 99.43611184901391,
    "pumped_cycle_cost_eur_per_mwh": 53.97284638900439
  },
  "exogenous": {
    "weather_profile": "calm_winter",
    "weather_spread_intensity": 1.082942542542767,
    "demand_profile": "heatwave",
    "demand_scale_factor": 1.0870293543961704,
    "inflow_factor": 1.5418555748678155,
    "zone_profile_variants": {
      "evening_peak": 0.28,
      "double_peak": 0.16,
      "office_peak": 0.2,
      "industrial": 0.14,
      "night_shift": 0.1,
      "residential_morning": 0.12
    },
    "zone_profile_mix_weight": [
      0.4,
      0.8
    ],
    "zone_profile_phase_shift_hours": [
      -2.5,
      2.5
    ],
    "zone_profile_noise_std": [
      0.02,
      0.06
    ],
    "zone_profile_curvature_exp": [
      0.9,
      1.18
    ],
    "region_weather": {
      "R1": {
        "weather_profile": "calm_winter",
        "weather_spread_intensity": 1.2547626883818925
      },
      "R2": {
        "weather_profile": "calm_winter",
        "weather_spread_intensity": 0.7607820689536248
      },
      "R3": {
        "weather_profile": "stormy_winter",
        "weather_spread_intensity": 1.0134263931409435
      },
      "R4": {
        "weather_profile": "calm_winter",
        "weather_spread_intensity": 1.3027990196946075
      }
    }
  },
  "mip_gap_target_pct": 0.9502322638545075,
  "estimates": {
    "vars_total": 117024,
    "cons_total": 152131,
    "est_cpu_hours": 2.1615598888888887
  },
  "meta": {
    "regions": 4,
    "zones": 23,
    "sites": 23,
    "intertie_density": 0.28992986690650835,
    "neighbor_nations": 2,
    "assets": {
      "thermal": 36,
      "solar": 47,
      "wind": 43,
      "battery": 29,
      "dr": 27,
      "nuclear": 1,
      "hydro_reservoir": 8,
      "hydro_ror": 23,
      "hydro_pumped": 3
    },
    "demand_scale_factor": 1.0870293543961704,
    "zone_profile_variants": {
      "evening_peak": 0.28,
      "double_peak": 0.16,
      "office_peak": 0.2,
      "industrial": 0.14,
      "night_shift": 0.1,
      "residential_morning": 0.12
    },
    "zone_profile_mix_weight": [
      0.4,
      0.8
    ],
    "weather_profile": "calm_winter",
    "cross_border_policy": "cap",
    "price_cap": 2611.948138251994,
    "co2_price": 184.576387261105,
    "import_export_caps_factor": 0.9640227533772371,
    "operation_costs": {
      "thermal_fuel_eur_per_mwh": 54.770957569659885,
      "nuclear_fuel_eur_per_mwh": 10.463661899573054,
      "demand_response_cost_eur_per_mwh": 669.7767470813988,
      "value_of_lost_load_eur_per_mwh": 8538.867508143685,
      "renewable_spill_cost_eur_per_mwh": 1295.1674003112466,
      "hydro_spill_cost_eur_per_mwh": 1192.2837036318047,
      "overgen_spill_cost_eur_per_mwh": 7249.173230657783,
      "battery_cycle_cost_eur_per_mwh": 99.43611184901391,
      "pumped_cycle_cost_eur_per_mwh": 53.97284638900439
    },
    "tech_scalers": {
      "thermal_marg_cost": 1.7247056370829483,
      "thermal_ramp_pct": 0.056268662153667395,
      "battery_roundtrip_eff": 0.7987952488685616,
      "battery_e_to_p_hours": 3.3159294749126285,
      "dr_max_shed_share": 0.28357647287945387,
      "dr_duration_hours": 2.1546523959259503,
      "hydro_reservoir_head_eff": 0.7971090525231502,
      "battery_initial_soc_fraction": 0.4889731856656628,
      "battery_final_soc_tolerance": 0.05611080534817247,
      "battery_self_discharge_per_hour": 0.003567390128497192,
      "pumped_initial_level_fraction": 0.48812730138926697,
      "pumped_final_level_tolerance": 0.15215793250585558,
      "pumped_self_discharge_per_hour": 0.0006020188377986316
    }
  },
  "flexibility_metrics": {
    "total_storage_power_mw": 2050.0,
    "total_storage_capacity_mwh": 9608.1,
    "battery_power_mw": 1450.0,
    "battery_capacity_mwh": 4808.1,
    "pumped_power_mw": 600.0,
    "pumped_capacity_mwh": 4800.0,
    "total_dr_capacity_mw": 3544.9,
    "total_ramp_up_mw_per_step": 164.4,
    "total_ramp_down_mw_per_step": 164.4,
    "thermal_flex_ratio": 0.474,
    "dr_duration_hours": 2.15,
    "battery_roundtrip_efficiency": 0.799
  },
  "difficulty_indicators": {
    "vre_penetration_pct": 35.34,
    "net_demand_volatility": 0.251,
    "peak_to_valley_ratio": 1.96,
    "estimated_milp_solve_time_seconds": 7781.6,
    "complexity_score": "hard",
    "n_binary_variables": 3456,
    "n_timesteps": 96,
    "n_zones": 23,
    "weather_profile": "calm_winter",
    "demand_profile": "heatwave"
  }
}