{
  "id": "d6da6a88-3d73-40fd-bca3-453e5f5c77bf",
  "horizon_hours": 24,
  "dt_minutes": 15,
  "graph": {
    "regions": 4,
    "zones_per_region": [
      5,
      3,
      8,
      7
    ],
    "sites_per_zone": [
      2,
      2,
      6,
      2,
      2,
      5,
      8,
      8,
      7,
      2,
      7,
      7,
      7,
      3,
      3,
      6,
      4,
      5,
      8,
      8,
      3,
      2,
      7
    ],
    "intertie_density": 0.5692223603932447,
    "neighbor_nations": 2
  },
  "assets": {
    "thermal_per_site": [
      0,
      2,
      0,
      1,
      3,
      1,
      0,
      1,
      1,
      2,
      0,
      2,
      2,
      0,
      2,
      0,
      3,
      3,
      0,
      1,
      3,
      2,
      0
    ],
    "solar_per_site": [
      2,
      3,
      3,
      1,
      1,
      3,
      2,
      3,
      2,
      2,
      2,
      2,
      2,
      2,
      2,
      2,
      3,
      3,
      1,
      2,
      3,
      1,
      2
    ],
    "wind_per_site": [
      3,
      1,
      1,
      2,
      2,
      1,
      2,
      3,
      3,
      2,
      3,
      3,
      3,
      1,
      2,
      2,
      2,
      3,
      1,
      2,
      3,
      1,
      2
    ],
    "battery_per_site": [
      2,
      2,
      1,
      2,
      1,
      2,
      1,
      2,
      2,
      2,
      0,
      1,
      2,
      1,
      2,
      1,
      1,
      2,
      0,
      1,
      0,
      0,
      1
    ],
    "dr_per_site": [
      0,
      0,
      1,
      2,
      0,
      1,
      2,
      0,
      2,
      2,
      2,
      0,
      1,
      0,
      0,
      1,
      1,
      2,
      1,
      0,
      1,
      1,
      2
    ],
    "nuclear_per_region": [
      2,
      1,
      1,
      1
    ],
    "hydro_reservoir_per_region": [
      3,
      2,
      2,
      3
    ],
    "hydro_ror_per_zone": [
      2,
      0,
      2,
      2,
      0,
      1,
      1,
      0,
      0,
      1,
      0,
      2,
      1,
      0,
      0,
      2,
      1,
      0,
      0,
      0,
      1,
      1,
      1
    ],
    "hydro_pumped_per_region": [
      0,
      2,
      2,
      1
    ]
  },
  "econ_policy": {
    "co2_price": 228.29550362203267,
    "price_cap": 4401.022835210418,
    "cross_border_policy": "block",
    "import_export_caps_factor": 0.590772769555732
  },
  "tech": {
    "thermal_marg_cost": 6.895076006123718,
    "thermal_ramp_pct": 0.2803758284834151,
    "battery_roundtrip_eff": 0.9150065952294532,
    "battery_e_to_p_hours": 1.993119342730534,
    "dr_max_shed_share": 0.32722625109319675,
    "dr_duration_hours": 4.926932267355708,
    "hydro_reservoir_head_eff": 0.9148726517191943,
    "battery_initial_soc_fraction": 0.5795176328087102,
    "battery_final_soc_tolerance": 0.09589355242535967,
    "battery_self_discharge_per_hour": 0.004752073868429732,
    "pumped_initial_level_fraction": 0.4700380776351667,
    "pumped_final_level_tolerance": 0.10160162698522546,
    "pumped_self_discharge_per_hour": 0.00276376449109036
  },
  "operation_costs": {
    "thermal_fuel_eur_per_mwh": 47.48623112687652,
    "nuclear_fuel_eur_per_mwh": 15.596842223804888,
    "demand_response_cost_eur_per_mwh": 1066.8582877130896,
    "value_of_lost_load_eur_per_mwh": 7987.530243660798,
    "renewable_spill_cost_eur_per_mwh": 1976.3892242048455,
    "hydro_spill_cost_eur_per_mwh": 922.7804688146923,
    "overgen_spill_cost_eur_per_mwh": 2551.875792115715,
    "battery_cycle_cost_eur_per_mwh": 71.91561800980476,
    "pumped_cycle_cost_eur_per_mwh": 67.90621180969349
  },
  "exogenous": {
    "weather_profile": "stormy_winter",
    "weather_spread_intensity": 1.2207450807271267,
    "demand_profile": "shoulder",
    "demand_scale_factor": 1.3467332572623778,
    "inflow_factor": 1.2417259018605784,
    "zone_profile_variants": {
      "evening_peak": 0.28,
      "double_peak": 0.16,
      "office_peak": 0.2,
      "industrial": 0.14,
      "night_shift": 0.1,
      "residential_morning": 0.12
    },
    "zone_profile_mix_weight": [
      0.4,
      0.8
    ],
    "zone_profile_phase_shift_hours": [
      -2.5,
      2.5
    ],
    "zone_profile_noise_std": [
      0.02,
      0.06
    ],
    "zone_profile_curvature_exp": [
      0.9,
      1.18
    ],
    "region_weather": {
      "R1": {
        "weather_profile": "overcast_summer",
        "weather_spread_intensity": 1.3743560778885584
      },
      "R2": {
        "weather_profile": "calm_winter",
        "weather_spread_intensity": 1.2892213119222204
      },
      "R3": {
        "weather_profile": "stormy_winter",
        "weather_spread_intensity": 1.3760227756748384
      },
      "R4": {
        "weather_profile": "mixed",
        "weather_spread_intensity": 0.8433801574228895
      }
    }
  },
  "mip_gap_target_pct": 0.5504092507997287,
  "estimates": {
    "vars_total": 115968,
    "cons_total": 150758,
    "est_cpu_hours": 2.1427144444444446
  },
  "meta": {
    "regions": 4,
    "zones": 23,
    "sites": 23,
    "intertie_density": 0.5692223603932447,
    "neighbor_nations": 2,
    "assets": {
      "thermal": 29,
      "solar": 49,
      "wind": 48,
      "battery": 29,
      "dr": 22,
      "nuclear": 5,
      "hydro_reservoir": 10,
      "hydro_ror": 18,
      "hydro_pumped": 5
    },
    "demand_scale_factor": 1.3467332572623778,
    "zone_profile_variants": {
      "evening_peak": 0.28,
      "double_peak": 0.16,
      "office_peak": 0.2,
      "industrial": 0.14,
      "night_shift": 0.1,
      "residential_morning": 0.12
    },
    "zone_profile_mix_weight": [
      0.4,
      0.8
    ],
    "weather_profile": "stormy_winter",
    "cross_border_policy": "block",
    "price_cap": 4401.022835210418,
    "co2_price": 228.29550362203267,
    "import_export_caps_factor": 0.590772769555732,
    "operation_costs": {
      "thermal_fuel_eur_per_mwh": 47.48623112687652,
      "nuclear_fuel_eur_per_mwh": 15.596842223804888,
      "demand_response_cost_eur_per_mwh": 1066.8582877130896,
      "value_of_lost_load_eur_per_mwh": 7987.530243660798,
      "renewable_spill_cost_eur_per_mwh": 1976.3892242048455,
      "hydro_spill_cost_eur_per_mwh": 922.7804688146923,
      "overgen_spill_cost_eur_per_mwh": 2551.875792115715,
      "battery_cycle_cost_eur_per_mwh": 71.91561800980476,
      "pumped_cycle_cost_eur_per_mwh": 67.90621180969349
    },
    "tech_scalers": {
      "thermal_marg_cost": 6.895076006123718,
      "thermal_ramp_pct": 0.2803758284834151,
      "battery_roundtrip_eff": 0.9150065952294532,
      "battery_e_to_p_hours": 1.993119342730534,
      "dr_max_shed_share": 0.32722625109319675,
      "dr_duration_hours": 4.926932267355708,
      "hydro_reservoir_head_eff": 0.9148726517191943,
      "battery_initial_soc_fraction": 0.5795176328087102,
      "battery_final_soc_tolerance": 0.09589355242535967,
      "battery_self_discharge_per_hour": 0.004752073868429732,
      "pumped_initial_level_fraction": 0.4700380776351667,
      "pumped_final_level_tolerance": 0.10160162698522546,
      "pumped_self_discharge_per_hour": 0.00276376449109036
    }
  },
  "flexibility_metrics": {
    "total_storage_power_mw": 2450.0,
    "total_storage_capacity_mwh": 10890.0,
    "battery_power_mw": 1450.0,
    "battery_capacity_mwh": 2890.0,
    "pumped_power_mw": 1000.0,
    "pumped_capacity_mwh": 8000.0,
    "total_dr_capacity_mw": 5067.9,
    "total_ramp_up_mw_per_step": 672.3,
    "total_ramp_down_mw_per_step": 672.3,
    "thermal_flex_ratio": 0.549,
    "dr_duration_hours": 4.93,
    "battery_roundtrip_efficiency": 0.915
  },
  "difficulty_indicators": {
    "vre_penetration_pct": 35.17,
    "net_demand_volatility": 0.269,
    "peak_to_valley_ratio": 2.42,
    "estimated_milp_solve_time_seconds": 7713.8,
    "complexity_score": "hard",
    "n_binary_variables": 2784,
    "n_timesteps": 96,
    "n_zones": 23,
    "weather_profile": "stormy_winter",
    "demand_profile": "shoulder"
  }
}