{
  "id": "efcfcd14-aadc-4f37-b93f-02aa93bd3942",
  "horizon_hours": 24,
  "dt_minutes": 15,
  "graph": {
    "regions": 5,
    "zones_per_region": [
      5,
      3,
      3,
      8,
      5
    ],
    "sites_per_zone": [
      6,
      6,
      7,
      2,
      3,
      8,
      4,
      2,
      3,
      6,
      3,
      8,
      8,
      7,
      8,
      5,
      2,
      4,
      3,
      6,
      3,
      6,
      8,
      8
    ],
    "intertie_density": 0.3556626429469435,
    "neighbor_nations": 3
  },
  "assets": {
    "thermal_per_site": [
      2,
      3,
      1,
      0,
      2,
      0,
      0,
      3,
      1,
      0,
      2,
      3,
      2,
      0,
      2,
      3,
      3,
      1,
      2,
      3,
      3,
      1,
      3,
      0
    ],
    "solar_per_site": [
      3,
      2,
      1,
      3,
      1,
      1,
      2,
      1,
      2,
      3,
      3,
      1,
      3,
      2,
      2,
      2,
      1,
      1,
      1,
      2,
      2,
      2,
      2,
      1
    ],
    "wind_per_site": [
      1,
      1,
      1,
      2,
      2,
      3,
      3,
      3,
      2,
      1,
      1,
      1,
      2,
      3,
      1,
      3,
      3,
      2,
      2,
      1,
      2,
      2,
      2,
      1
    ],
    "battery_per_site": [
      2,
      2,
      0,
      2,
      2,
      0,
      2,
      1,
      0,
      0,
      1,
      1,
      1,
      1,
      0,
      0,
      0,
      1,
      1,
      1,
      1,
      1,
      0,
      1
    ],
    "dr_per_site": [
      1,
      0,
      2,
      2,
      1,
      2,
      2,
      0,
      1,
      0,
      0,
      1,
      0,
      1,
      1,
      2,
      1,
      1,
      1,
      1,
      1,
      2,
      2,
      0
    ],
    "nuclear_per_region": [
      1,
      1,
      2,
      2,
      0
    ],
    "hydro_reservoir_per_region": [
      3,
      2,
      1,
      3,
      2
    ],
    "hydro_ror_per_zone": [
      1,
      2,
      2,
      2,
      1,
      2,
      0,
      1,
      1,
      1,
      1,
      1,
      0,
      2,
      0,
      2,
      2,
      0,
      2,
      2,
      0,
      2,
      1,
      2
    ],
    "hydro_pumped_per_region": [
      0,
      1,
      1,
      2,
      0
    ]
  },
  "econ_policy": {
    "co2_price": 211.0775971209586,
    "price_cap": 3617.237531502523,
    "cross_border_policy": "cap",
    "import_export_caps_factor": 1.2075731828746488
  },
  "tech": {
    "thermal_marg_cost": 2.087686840445105,
    "thermal_ramp_pct": 0.1711330570042764,
    "battery_roundtrip_eff": 0.8204290695889747,
    "battery_e_to_p_hours": 1.7707161722792826,
    "dr_max_shed_share": 0.17693838653507105,
    "dr_duration_hours": 2.884954090191615,
    "hydro_reservoir_head_eff": 0.8847200162500901
  },
  "operation_costs": {
    "thermal_fuel_eur_per_mwh": 68.9173541901215,
    "nuclear_fuel_eur_per_mwh": 12.657952153730696,
    "demand_response_cost_eur_per_mwh": 804.2122910217995,
    "value_of_lost_load_eur_per_mwh": 11540.97452403868,
    "renewable_spill_cost_eur_per_mwh": 1804.4505867180474,
    "hydro_spill_cost_eur_per_mwh": 647.3856577013653,
    "overgen_spill_cost_eur_per_mwh": 2220.590984406512
  },
  "exogenous": {
    "weather_profile": "sunny_summer",
    "weather_spread_intensity": 0.9457527587031269,
    "demand_profile": "shoulder",
    "demand_scale_factor": 0.6810076854694948,
    "inflow_factor": 1.6786906677375772,
    "zone_profile_variants": {
      "evening_peak": 0.28,
      "double_peak": 0.16,
      "office_peak": 0.2,
      "industrial": 0.14,
      "night_shift": 0.1,
      "residential_morning": 0.12
    },
    "zone_profile_mix_weight": [
      0.4,
      0.8
    ],
    "zone_profile_phase_shift_hours": [
      -2.5,
      2.5
    ],
    "zone_profile_noise_std": [
      0.02,
      0.06
    ],
    "zone_profile_curvature_exp": [
      0.9,
      1.18
    ],
    "region_weather": {
      "R1": {
        "weather_profile": "sunny_summer",
        "weather_spread_intensity": 1.201634287055593
      },
      "R2": {
        "weather_profile": "mixed",
        "weather_spread_intensity": 1.0938199433548776
      },
      "R3": {
        "weather_profile": "calm_winter",
        "weather_spread_intensity": 0.6093694252442869
      },
      "R4": {
        "weather_profile": "stormy_winter",
        "weather_spread_intensity": 1.1576016445807658
      },
      "R5": {
        "weather_profile": "sunny_summer",
        "weather_spread_intensity": 0.6663384932801115
      }
    }
  },
  "mip_gap_target_pct": 1.1452190854506044,
  "estimates": {
    "vars_total": 122592,
    "cons_total": 159369,
    "est_cpu_hours": 2.2609143333333335
  },
  "meta": {
    "regions": 5,
    "zones": 24,
    "sites": 24,
    "intertie_density": 0.3556626429469435,
    "neighbor_nations": 3,
    "assets": {
      "thermal": 40,
      "solar": 44,
      "wind": 45,
      "battery": 21,
      "dr": 25,
      "nuclear": 6,
      "hydro_reservoir": 11,
      "hydro_ror": 30,
      "hydro_pumped": 4
    },
    "demand_scale_factor": 0.6810076854694948,
    "zone_profile_variants": {
      "evening_peak": 0.28,
      "double_peak": 0.16,
      "office_peak": 0.2,
      "industrial": 0.14,
      "night_shift": 0.1,
      "residential_morning": 0.12
    },
    "zone_profile_mix_weight": [
      0.4,
      0.8
    ],
    "weather_profile": "sunny_summer",
    "cross_border_policy": "cap",
    "price_cap": 3617.237531502523,
    "co2_price": 211.0775971209586,
    "import_export_caps_factor": 1.2075731828746488,
    "operation_costs": {
      "thermal_fuel_eur_per_mwh": 68.9173541901215,
      "nuclear_fuel_eur_per_mwh": 12.657952153730696,
      "demand_response_cost_eur_per_mwh": 804.2122910217995,
      "value_of_lost_load_eur_per_mwh": 11540.97452403868,
      "renewable_spill_cost_eur_per_mwh": 1804.4505867180474,
      "hydro_spill_cost_eur_per_mwh": 647.3856577013653,
      "overgen_spill_cost_eur_per_mwh": 2220.590984406512
    },
    "tech_scalers": {
      "thermal_marg_cost": 2.087686840445105,
      "thermal_ramp_pct": 0.1711330570042764,
      "battery_roundtrip_eff": 0.8204290695889747,
      "battery_e_to_p_hours": 1.7707161722792826,
      "dr_max_shed_share": 0.17693838653507105,
      "dr_duration_hours": 2.884954090191615,
      "hydro_reservoir_head_eff": 0.8847200162500901
    }
  }
}