{
  "id": "98e735fd-4617-46b0-a0b6-f2541b98c2ab",
  "horizon_hours": 24,
  "dt_minutes": 15,
  "graph": {
    "regions": 2,
    "zones_per_region": [
      7,
      6
    ],
    "sites_per_zone": [
      6,
      8,
      7,
      2,
      3,
      4,
      5,
      5,
      4,
      8,
      8,
      4,
      5
    ],
    "intertie_density": 0.26659464067954475,
    "neighbor_nations": 2
  },
  "assets": {
    "thermal_per_site": [
      0,
      1,
      3,
      3,
      0,
      0,
      1,
      1,
      3,
      3,
      2,
      3,
      0
    ],
    "solar_per_site": [
      1,
      2,
      3,
      3,
      1,
      2,
      1,
      2,
      2,
      3,
      3,
      3,
      1
    ],
    "wind_per_site": [
      3,
      3,
      1,
      1,
      1,
      3,
      2,
      3,
      2,
      1,
      3,
      3,
      2
    ],
    "battery_per_site": [
      2,
      2,
      2,
      0,
      1,
      2,
      1,
      0,
      0,
      1,
      2,
      2,
      0
    ],
    "dr_per_site": [
      0,
      0,
      0,
      2,
      0,
      1,
      1,
      1,
      2,
      1,
      1,
      2,
      0
    ],
    "nuclear_per_region": [
      0,
      0
    ],
    "hydro_reservoir_per_region": [
      1,
      0
    ],
    "hydro_ror_per_zone": [
      2,
      1,
      0,
      1,
      1,
      1,
      2,
      0,
      2,
      1,
      0,
      0,
      2
    ],
    "hydro_pumped_per_region": [
      2,
      1
    ]
  },
  "econ_policy": {
    "co2_price": 132.55377403037653,
    "price_cap": 2088.9015616702227,
    "cross_border_policy": "block",
    "import_export_caps_factor": 1.1201225251547071
  },
  "tech": {
    "thermal_marg_cost": 3.6706975715795003,
    "thermal_ramp_pct": 0.26893664383325855,
    "battery_roundtrip_eff": 0.8791625662191336,
    "battery_e_to_p_hours": 3.787743241344444,
    "dr_max_shed_share": 0.29757575141110476,
    "dr_duration_hours": 1.2445939997151485,
    "hydro_reservoir_head_eff": 0.7944768504539071,
    "battery_initial_soc_fraction": 0.5459830634646561,
    "battery_final_soc_tolerance": 0.05477373673691357,
    "battery_self_discharge_per_hour": 0.008684463585107691,
    "pumped_initial_level_fraction": 0.6000989628838584,
    "pumped_final_level_tolerance": 0.15894187665303877,
    "pumped_self_discharge_per_hour": 0.0015445454132474122
  },
  "operation_costs": {
    "thermal_fuel_eur_per_mwh": 81.81538793078144,
    "nuclear_fuel_eur_per_mwh": 8.392250901990392,
    "demand_response_cost_eur_per_mwh": 704.4133852770544,
    "value_of_lost_load_eur_per_mwh": 7069.490350544536,
    "renewable_spill_cost_eur_per_mwh": 1508.1357428921074,
    "hydro_spill_cost_eur_per_mwh": 830.5352682462213,
    "overgen_spill_cost_eur_per_mwh": 6149.081708484,
    "battery_cycle_cost_eur_per_mwh": 95.69813917828318,
    "pumped_cycle_cost_eur_per_mwh": 72.5557652836755
  },
  "exogenous": {
    "weather_profile": "stormy_winter",
    "weather_spread_intensity": 1.1632409557209076,
    "demand_profile": "wkday_peak",
    "demand_scale_factor": 0.7151884014752388,
    "inflow_factor": 0.7890828260754674,
    "zone_profile_variants": {
      "evening_peak": 0.28,
      "double_peak": 0.16,
      "office_peak": 0.2,
      "industrial": 0.14,
      "night_shift": 0.1,
      "residential_morning": 0.12
    },
    "zone_profile_mix_weight": [
      0.4,
      0.8
    ],
    "zone_profile_phase_shift_hours": [
      -2.5,
      2.5
    ],
    "zone_profile_noise_std": [
      0.02,
      0.06
    ],
    "zone_profile_curvature_exp": [
      0.9,
      1.18
    ],
    "region_weather": {
      "R1": {
        "weather_profile": "stormy_winter",
        "weather_spread_intensity": 1.4662932638476627
      },
      "R2": {
        "weather_profile": "mixed",
        "weather_spread_intensity": 0.8601886475941525
      }
    }
  },
  "mip_gap_target_pct": 0.8054263680225815,
  "estimates": {
    "vars_total": 64320,
    "cons_total": 83616,
    "est_cpu_hours": 1.221088
  },
  "meta": {
    "regions": 2,
    "zones": 13,
    "sites": 13,
    "intertie_density": 0.26659464067954475,
    "neighbor_nations": 2,
    "assets": {
      "thermal": 20,
      "solar": 27,
      "wind": 28,
      "battery": 15,
      "dr": 11,
      "nuclear": 0,
      "hydro_reservoir": 1,
      "hydro_ror": 13,
      "hydro_pumped": 3
    },
    "demand_scale_factor": 0.7151884014752388,
    "zone_profile_variants": {
      "evening_peak": 0.28,
      "double_peak": 0.16,
      "office_peak": 0.2,
      "industrial": 0.14,
      "night_shift": 0.1,
      "residential_morning": 0.12
    },
    "zone_profile_mix_weight": [
      0.4,
      0.8
    ],
    "weather_profile": "stormy_winter",
    "cross_border_policy": "block",
    "price_cap": 2088.9015616702227,
    "co2_price": 132.55377403037653,
    "import_export_caps_factor": 1.1201225251547071,
    "operation_costs": {
      "thermal_fuel_eur_per_mwh": 81.81538793078144,
      "nuclear_fuel_eur_per_mwh": 8.392250901990392,
      "demand_response_cost_eur_per_mwh": 704.4133852770544,
      "value_of_lost_load_eur_per_mwh": 7069.490350544536,
      "renewable_spill_cost_eur_per_mwh": 1508.1357428921074,
      "hydro_spill_cost_eur_per_mwh": 830.5352682462213,
      "overgen_spill_cost_eur_per_mwh": 6149.081708484,
      "battery_cycle_cost_eur_per_mwh": 95.69813917828318,
      "pumped_cycle_cost_eur_per_mwh": 72.5557652836755
    },
    "tech_scalers": {
      "thermal_marg_cost": 3.6706975715795003,
      "thermal_ramp_pct": 0.26893664383325855,
      "battery_roundtrip_eff": 0.8791625662191336,
      "battery_e_to_p_hours": 3.787743241344444,
      "dr_max_shed_share": 0.29757575141110476,
      "dr_duration_hours": 1.2445939997151485,
      "hydro_reservoir_head_eff": 0.7944768504539071,
      "battery_initial_soc_fraction": 0.5459830634646561,
      "battery_final_soc_tolerance": 0.05477373673691357,
      "battery_self_discharge_per_hour": 0.008684463585107691,
      "pumped_initial_level_fraction": 0.6000989628838584,
      "pumped_final_level_tolerance": 0.15894187665303877,
      "pumped_self_discharge_per_hour": 0.0015445454132474122
    }
  }
}