{
  "id": "b28fade6-3677-4daa-939d-ed1b235ae925",
  "horizon_hours": 24,
  "dt_minutes": 15,
  "graph": {
    "regions": 2,
    "zones_per_region": [
      4,
      7
    ],
    "sites_per_zone": [
      3,
      4,
      8,
      7,
      3,
      8,
      7,
      2,
      5,
      6,
      2
    ],
    "intertie_density": 0.5132860906351471,
    "neighbor_nations": 2
  },
  "assets": {
    "thermal_per_site": [
      2,
      3,
      2,
      0,
      3,
      3,
      1,
      0,
      0,
      3,
      0
    ],
    "solar_per_site": [
      1,
      1,
      1,
      3,
      3,
      3,
      1,
      1,
      3,
      1,
      2
    ],
    "wind_per_site": [
      1,
      1,
      1,
      1,
      1,
      3,
      3,
      1,
      3,
      3,
      2
    ],
    "battery_per_site": [
      0,
      2,
      2,
      2,
      2,
      1,
      2,
      1,
      0,
      2,
      0
    ],
    "dr_per_site": [
      0,
      0,
      2,
      0,
      2,
      0,
      0,
      1,
      1,
      1,
      1
    ],
    "nuclear_per_region": [
      1,
      1
    ],
    "hydro_reservoir_per_region": [
      1,
      1
    ],
    "hydro_ror_per_zone": [
      1,
      2,
      0,
      2,
      1,
      1,
      2,
      2,
      2,
      2,
      2
    ],
    "hydro_pumped_per_region": [
      1,
      2
    ]
  },
  "econ_policy": {
    "co2_price": 223.03595978655892,
    "price_cap": 3300.3022139018153,
    "cross_border_policy": "cap",
    "import_export_caps_factor": 1.4529522073931567
  },
  "tech": {
    "thermal_marg_cost": 5.9764895811683525,
    "thermal_ramp_pct": 0.3334189314325814,
    "battery_roundtrip_eff": 0.9204489801476534,
    "battery_e_to_p_hours": 4.915221498315027,
    "dr_max_shed_share": 0.32304573783032897,
    "dr_duration_hours": 4.071848791007518,
    "hydro_reservoir_head_eff": 0.9155919017835494,
    "battery_initial_soc_fraction": 0.6043467201476959,
    "battery_final_soc_tolerance": 0.16603534781307525,
    "battery_self_discharge_per_hour": 0.002240641370593189,
    "pumped_initial_level_fraction": 0.6986284343008717,
    "pumped_final_level_tolerance": 0.15087202161695173,
    "pumped_self_discharge_per_hour": 0.001393261168553306
  },
  "operation_costs": {
    "thermal_fuel_eur_per_mwh": 63.19643186511583,
    "nuclear_fuel_eur_per_mwh": 14.291743774058261,
    "demand_response_cost_eur_per_mwh": 865.6417838573466,
    "value_of_lost_load_eur_per_mwh": 7184.5840460257805,
    "renewable_spill_cost_eur_per_mwh": 1130.1176688290238,
    "hydro_spill_cost_eur_per_mwh": 451.4851858962868,
    "overgen_spill_cost_eur_per_mwh": 3235.954441424056,
    "battery_cycle_cost_eur_per_mwh": 100.54833100845349,
    "pumped_cycle_cost_eur_per_mwh": 71.98008864046676
  },
  "exogenous": {
    "weather_profile": "sunny_summer",
    "weather_spread_intensity": 0.9118636938402589,
    "demand_profile": "wkend_flat",
    "demand_scale_factor": 1.0121083095834174,
    "inflow_factor": 1.4842679283526907,
    "zone_profile_variants": {
      "evening_peak": 0.28,
      "double_peak": 0.16,
      "office_peak": 0.2,
      "industrial": 0.14,
      "night_shift": 0.1,
      "residential_morning": 0.12
    },
    "zone_profile_mix_weight": [
      0.4,
      0.8
    ],
    "zone_profile_phase_shift_hours": [
      -2.5,
      2.5
    ],
    "zone_profile_noise_std": [
      0.02,
      0.06
    ],
    "zone_profile_curvature_exp": [
      0.9,
      1.18
    ],
    "region_weather": {
      "R1": {
        "weather_profile": "mixed",
        "weather_spread_intensity": 0.8689346368531359
      },
      "R2": {
        "weather_profile": "sunny_summer",
        "weather_spread_intensity": 0.9547927508273818
      }
    }
  },
  "mip_gap_target_pct": 1.0764399009323251,
  "estimates": {
    "vars_total": 55584,
    "cons_total": 72259,
    "est_cpu_hours": 1.0651972222222221
  },
  "meta": {
    "regions": 2,
    "zones": 11,
    "sites": 11,
    "intertie_density": 0.5132860906351471,
    "neighbor_nations": 2,
    "assets": {
      "thermal": 17,
      "solar": 20,
      "wind": 20,
      "battery": 14,
      "dr": 8,
      "nuclear": 2,
      "hydro_reservoir": 2,
      "hydro_ror": 17,
      "hydro_pumped": 3
    },
    "demand_scale_factor": 1.0121083095834174,
    "zone_profile_variants": {
      "evening_peak": 0.28,
      "double_peak": 0.16,
      "office_peak": 0.2,
      "industrial": 0.14,
      "night_shift": 0.1,
      "residential_morning": 0.12
    },
    "zone_profile_mix_weight": [
      0.4,
      0.8
    ],
    "weather_profile": "sunny_summer",
    "cross_border_policy": "cap",
    "price_cap": 3300.3022139018153,
    "co2_price": 223.03595978655892,
    "import_export_caps_factor": 1.4529522073931567,
    "operation_costs": {
      "thermal_fuel_eur_per_mwh": 63.19643186511583,
      "nuclear_fuel_eur_per_mwh": 14.291743774058261,
      "demand_response_cost_eur_per_mwh": 865.6417838573466,
      "value_of_lost_load_eur_per_mwh": 7184.5840460257805,
      "renewable_spill_cost_eur_per_mwh": 1130.1176688290238,
      "hydro_spill_cost_eur_per_mwh": 451.4851858962868,
      "overgen_spill_cost_eur_per_mwh": 3235.954441424056,
      "battery_cycle_cost_eur_per_mwh": 100.54833100845349,
      "pumped_cycle_cost_eur_per_mwh": 71.98008864046676
    },
    "tech_scalers": {
      "thermal_marg_cost": 5.9764895811683525,
      "thermal_ramp_pct": 0.3334189314325814,
      "battery_roundtrip_eff": 0.9204489801476534,
      "battery_e_to_p_hours": 4.915221498315027,
      "dr_max_shed_share": 0.32304573783032897,
      "dr_duration_hours": 4.071848791007518,
      "hydro_reservoir_head_eff": 0.9155919017835494,
      "battery_initial_soc_fraction": 0.6043467201476959,
      "battery_final_soc_tolerance": 0.16603534781307525,
      "battery_self_discharge_per_hour": 0.002240641370593189,
      "pumped_initial_level_fraction": 0.6986284343008717,
      "pumped_final_level_tolerance": 0.15087202161695173,
      "pumped_self_discharge_per_hour": 0.001393261168553306
    }
  }
}