{
  "id": "8d034dd4-4540-4772-99a5-d415157bc475",
  "horizon_hours": 24,
  "dt_minutes": 15,
  "graph": {
    "regions": 3,
    "zones_per_region": [
      9,
      4,
      5
    ],
    "sites_per_zone": [
      6,
      5,
      5,
      7,
      3,
      2,
      2,
      5,
      2,
      4,
      5,
      6,
      8,
      6,
      2,
      3,
      3,
      3
    ],
    "intertie_density": 0.5266886331936835,
    "neighbor_nations": 3
  },
  "assets": {
    "thermal_per_site": [
      1,
      1,
      3,
      3,
      0,
      2,
      3,
      1,
      2,
      3,
      1,
      0,
      3,
      1,
      0,
      0,
      1,
      0
    ],
    "solar_per_site": [
      1,
      3,
      1,
      3,
      3,
      2,
      1,
      1,
      1,
      1,
      3,
      1,
      1,
      3,
      2,
      2,
      1,
      3
    ],
    "wind_per_site": [
      1,
      3,
      1,
      3,
      1,
      3,
      2,
      2,
      3,
      1,
      1,
      2,
      3,
      1,
      1,
      2,
      3,
      1
    ],
    "battery_per_site": [
      2,
      1,
      2,
      2,
      0,
      1,
      0,
      0,
      1,
      0,
      2,
      2,
      1,
      2,
      0,
      1,
      0,
      1
    ],
    "dr_per_site": [
      1,
      0,
      2,
      2,
      1,
      0,
      2,
      2,
      1,
      1,
      2,
      1,
      0,
      0,
      0,
      0,
      0,
      2
    ],
    "nuclear_per_region": [
      0,
      0,
      0
    ],
    "hydro_reservoir_per_region": [
      3,
      3,
      2
    ],
    "hydro_ror_per_zone": [
      1,
      2,
      1,
      2,
      0,
      2,
      1,
      0,
      1,
      0,
      1,
      0,
      1,
      2,
      1,
      2,
      0,
      0
    ],
    "hydro_pumped_per_region": [
      1,
      2,
      1
    ]
  },
  "econ_policy": {
    "co2_price": 45.49995131881394,
    "price_cap": 824.0654063059784,
    "cross_border_policy": "allow",
    "import_export_caps_factor": 1.5742657259993589
  },
  "tech": {
    "thermal_marg_cost": 4.395430586957713,
    "thermal_ramp_pct": 0.16484290352375663,
    "battery_roundtrip_eff": 0.8488533335998167,
    "battery_e_to_p_hours": 2.4727548148196448,
    "dr_max_shed_share": 0.26730307172383583,
    "dr_duration_hours": 1.5884504555927783,
    "hydro_reservoir_head_eff": 0.9037712853256545,
    "battery_initial_soc_fraction": 0.5045217248172689,
    "battery_final_soc_tolerance": 0.1470729722698489,
    "battery_self_discharge_per_hour": 0.0066889025388634435,
    "pumped_initial_level_fraction": 0.5913615386578288,
    "pumped_final_level_tolerance": 0.059677188320002475,
    "pumped_self_discharge_per_hour": 0.0023036046583103167
  },
  "operation_costs": {
    "thermal_fuel_eur_per_mwh": 47.08469877137767,
    "nuclear_fuel_eur_per_mwh": 13.88349219826881,
    "demand_response_cost_eur_per_mwh": 1015.661046210492,
    "value_of_lost_load_eur_per_mwh": 10024.024816126059,
    "renewable_spill_cost_eur_per_mwh": 736.8590649215746,
    "hydro_spill_cost_eur_per_mwh": 978.7591022728068,
    "overgen_spill_cost_eur_per_mwh": 3806.3362719537063,
    "battery_cycle_cost_eur_per_mwh": 73.24935840584058,
    "pumped_cycle_cost_eur_per_mwh": 65.7539386490427
  },
  "exogenous": {
    "weather_profile": "sunny_summer",
    "weather_spread_intensity": 0.7999199469979169,
    "demand_profile": "shoulder",
    "demand_scale_factor": 0.6792828302078445,
    "inflow_factor": 0.7607993888070921,
    "zone_profile_variants": {
      "evening_peak": 0.28,
      "double_peak": 0.16,
      "office_peak": 0.2,
      "industrial": 0.14,
      "night_shift": 0.1,
      "residential_morning": 0.12
    },
    "zone_profile_mix_weight": [
      0.4,
      0.8
    ],
    "zone_profile_phase_shift_hours": [
      -2.5,
      2.5
    ],
    "zone_profile_noise_std": [
      0.02,
      0.06
    ],
    "zone_profile_curvature_exp": [
      0.9,
      1.18
    ],
    "region_weather": {
      "R1": {
        "weather_profile": "sunny_summer",
        "weather_spread_intensity": 0.7895638185311364
      },
      "R2": {
        "weather_profile": "overcast_summer",
        "weather_spread_intensity": 0.8276655497156145
      },
      "R3": {
        "weather_profile": "mixed",
        "weather_spread_intensity": 0.7825304727469999
      }
    }
  },
  "mip_gap_target_pct": 1.3994519655779452,
  "estimates": {
    "vars_total": 87648,
    "cons_total": 113942,
    "est_cpu_hours": 1.637359777777778
  },
  "meta": {
    "regions": 3,
    "zones": 18,
    "sites": 18,
    "intertie_density": 0.5266886331936835,
    "neighbor_nations": 3,
    "assets": {
      "thermal": 25,
      "solar": 33,
      "wind": 34,
      "battery": 18,
      "dr": 17,
      "nuclear": 0,
      "hydro_reservoir": 8,
      "hydro_ror": 17,
      "hydro_pumped": 4
    },
    "demand_scale_factor": 0.6792828302078445,
    "zone_profile_variants": {
      "evening_peak": 0.28,
      "double_peak": 0.16,
      "office_peak": 0.2,
      "industrial": 0.14,
      "night_shift": 0.1,
      "residential_morning": 0.12
    },
    "zone_profile_mix_weight": [
      0.4,
      0.8
    ],
    "weather_profile": "sunny_summer",
    "cross_border_policy": "allow",
    "price_cap": 824.0654063059784,
    "co2_price": 45.49995131881394,
    "import_export_caps_factor": 1.5742657259993589,
    "operation_costs": {
      "thermal_fuel_eur_per_mwh": 47.08469877137767,
      "nuclear_fuel_eur_per_mwh": 13.88349219826881,
      "demand_response_cost_eur_per_mwh": 1015.661046210492,
      "value_of_lost_load_eur_per_mwh": 10024.024816126059,
      "renewable_spill_cost_eur_per_mwh": 736.8590649215746,
      "hydro_spill_cost_eur_per_mwh": 978.7591022728068,
      "overgen_spill_cost_eur_per_mwh": 3806.3362719537063,
      "battery_cycle_cost_eur_per_mwh": 73.24935840584058,
      "pumped_cycle_cost_eur_per_mwh": 65.7539386490427
    },
    "tech_scalers": {
      "thermal_marg_cost": 4.395430586957713,
      "thermal_ramp_pct": 0.16484290352375663,
      "battery_roundtrip_eff": 0.8488533335998167,
      "battery_e_to_p_hours": 2.4727548148196448,
      "dr_max_shed_share": 0.26730307172383583,
      "dr_duration_hours": 1.5884504555927783,
      "hydro_reservoir_head_eff": 0.9037712853256545,
      "battery_initial_soc_fraction": 0.5045217248172689,
      "battery_final_soc_tolerance": 0.1470729722698489,
      "battery_self_discharge_per_hour": 0.0066889025388634435,
      "pumped_initial_level_fraction": 0.5913615386578288,
      "pumped_final_level_tolerance": 0.059677188320002475,
      "pumped_self_discharge_per_hour": 0.0023036046583103167
    }
  },
  "flexibility_metrics": {
    "total_storage_power_mw": 1700.0,
    "total_storage_capacity_mwh": 8625.5,
    "battery_power_mw": 900.0,
    "battery_capacity_mwh": 2225.5,
    "pumped_power_mw": 800.0,
    "pumped_capacity_mwh": 6400.0,
    "total_dr_capacity_mw": 1634.2,
    "total_ramp_up_mw_per_step": 309.1,
    "total_ramp_down_mw_per_step": 309.1,
    "thermal_flex_ratio": 0.445,
    "dr_duration_hours": 1.59,
    "battery_roundtrip_efficiency": 0.849
  },
  "difficulty_indicators": {
    "vre_penetration_pct": 36.05,
    "net_demand_volatility": 0.242,
    "peak_to_valley_ratio": 1.22,
    "estimated_milp_solve_time_seconds": 5894.5,
    "complexity_score": "hard",
    "n_binary_variables": 2400,
    "n_timesteps": 96,
    "n_zones": 18,
    "weather_profile": "sunny_summer",
    "demand_profile": "shoulder"
  }
}