{
  "id": "d1ca027b-9bde-4647-8e5b-9e9eb83a6170",
  "horizon_hours": 24,
  "dt_minutes": 15,
  "graph": {
    "regions": 4,
    "zones_per_region": [
      9,
      3,
      4,
      8
    ],
    "sites_per_zone": [
      3,
      3,
      7,
      7,
      7,
      8,
      4,
      7,
      5,
      2,
      4,
      4,
      8,
      5,
      5,
      3,
      5,
      5,
      3,
      7,
      3,
      2,
      4,
      7
    ],
    "intertie_density": 0.24417999408131352,
    "neighbor_nations": 2
  },
  "assets": {
    "thermal_per_site": [
      3,
      0,
      2,
      1,
      0,
      2,
      1,
      2,
      1,
      0,
      3,
      3,
      1,
      3,
      2,
      3,
      0,
      2,
      3,
      2,
      3,
      3,
      3,
      0
    ],
    "solar_per_site": [
      1,
      2,
      3,
      3,
      1,
      1,
      1,
      2,
      3,
      1,
      2,
      3,
      3,
      3,
      1,
      2,
      3,
      1,
      3,
      1,
      2,
      3,
      1,
      3
    ],
    "wind_per_site": [
      1,
      3,
      3,
      1,
      3,
      3,
      1,
      2,
      1,
      2,
      2,
      3,
      1,
      2,
      1,
      1,
      2,
      1,
      2,
      3,
      3,
      1,
      3,
      1
    ],
    "battery_per_site": [
      0,
      2,
      1,
      0,
      0,
      2,
      0,
      1,
      1,
      0,
      2,
      0,
      0,
      0,
      2,
      0,
      1,
      2,
      2,
      1,
      2,
      0,
      1,
      1
    ],
    "dr_per_site": [
      2,
      1,
      2,
      2,
      2,
      2,
      2,
      2,
      1,
      2,
      1,
      1,
      2,
      2,
      1,
      2,
      2,
      0,
      1,
      0,
      0,
      0,
      1,
      0
    ],
    "nuclear_per_region": [
      0,
      1,
      2,
      1
    ],
    "hydro_reservoir_per_region": [
      2,
      3,
      2,
      0
    ],
    "hydro_ror_per_zone": [
      2,
      2,
      2,
      2,
      0,
      0,
      1,
      0,
      1,
      0,
      2,
      2,
      2,
      1,
      1,
      0,
      0,
      1,
      0,
      0,
      0,
      2,
      1,
      1
    ],
    "hydro_pumped_per_region": [
      1,
      1,
      0,
      2
    ]
  },
  "econ_policy": {
    "co2_price": 221.34781879900626,
    "price_cap": 1970.284623850113,
    "cross_border_policy": "cap",
    "import_export_caps_factor": 1.1160201874830271
  },
  "tech": {
    "thermal_marg_cost": 9.132036389096161,
    "thermal_ramp_pct": 0.13716744031907185,
    "battery_roundtrip_eff": 0.9262169522768899,
    "battery_e_to_p_hours": 3.5355828579899145,
    "dr_max_shed_share": 0.07660398760577751,
    "dr_duration_hours": 5.195901002423352,
    "hydro_reservoir_head_eff": 0.8133777458791935,
    "battery_initial_soc_fraction": 0.6058836803355996,
    "battery_final_soc_tolerance": 0.14236855452282032,
    "battery_self_discharge_per_hour": 0.006834432283243969,
    "pumped_initial_level_fraction": 0.6661178363529907,
    "pumped_final_level_tolerance": 0.05696175575968103,
    "pumped_self_discharge_per_hour": 0.0023564044603936692
  },
  "operation_costs": {
    "thermal_fuel_eur_per_mwh": 82.91038160523465,
    "nuclear_fuel_eur_per_mwh": 13.581595125637122,
    "demand_response_cost_eur_per_mwh": 446.7543523689235,
    "value_of_lost_load_eur_per_mwh": 7243.088929787365,
    "renewable_spill_cost_eur_per_mwh": 1734.947279240579,
    "hydro_spill_cost_eur_per_mwh": 724.6115287618096,
    "overgen_spill_cost_eur_per_mwh": 4556.109472711749,
    "battery_cycle_cost_eur_per_mwh": 89.62509751978175,
    "pumped_cycle_cost_eur_per_mwh": 51.59837959585384
  },
  "exogenous": {
    "weather_profile": "stormy_winter",
    "weather_spread_intensity": 1.0353292825281413,
    "demand_profile": "wkend_flat",
    "demand_scale_factor": 0.7038172180141845,
    "inflow_factor": 1.1980963030403677,
    "zone_profile_variants": {
      "evening_peak": 0.28,
      "double_peak": 0.16,
      "office_peak": 0.2,
      "industrial": 0.14,
      "night_shift": 0.1,
      "residential_morning": 0.12
    },
    "zone_profile_mix_weight": [
      0.4,
      0.8
    ],
    "zone_profile_phase_shift_hours": [
      -2.5,
      2.5
    ],
    "zone_profile_noise_std": [
      0.02,
      0.06
    ],
    "zone_profile_curvature_exp": [
      0.9,
      1.18
    ],
    "region_weather": {
      "R1": {
        "weather_profile": "stormy_winter",
        "weather_spread_intensity": 0.6149192704932203
      },
      "R2": {
        "weather_profile": "stormy_winter",
        "weather_spread_intensity": 1.3024757279729071
      },
      "R3": {
        "weather_profile": "stormy_winter",
        "weather_spread_intensity": 0.9215916985342145
      },
      "R4": {
        "weather_profile": "calm_winter",
        "weather_spread_intensity": 1.3023304331122232
      }
    }
  },
  "mip_gap_target_pct": 0.9795717437741549,
  "estimates": {
    "vars_total": 123360,
    "cons_total": 160368,
    "est_cpu_hours": 2.274624
  },
  "meta": {
    "regions": 4,
    "zones": 24,
    "sites": 24,
    "intertie_density": 0.24417999408131352,
    "neighbor_nations": 2,
    "assets": {
      "thermal": 43,
      "solar": 49,
      "wind": 46,
      "battery": 21,
      "dr": 31,
      "nuclear": 4,
      "hydro_reservoir": 7,
      "hydro_ror": 23,
      "hydro_pumped": 4
    },
    "demand_scale_factor": 0.7038172180141845,
    "zone_profile_variants": {
      "evening_peak": 0.28,
      "double_peak": 0.16,
      "office_peak": 0.2,
      "industrial": 0.14,
      "night_shift": 0.1,
      "residential_morning": 0.12
    },
    "zone_profile_mix_weight": [
      0.4,
      0.8
    ],
    "weather_profile": "stormy_winter",
    "cross_border_policy": "cap",
    "price_cap": 1970.284623850113,
    "co2_price": 221.34781879900626,
    "import_export_caps_factor": 1.1160201874830271,
    "operation_costs": {
      "thermal_fuel_eur_per_mwh": 82.91038160523465,
      "nuclear_fuel_eur_per_mwh": 13.581595125637122,
      "demand_response_cost_eur_per_mwh": 446.7543523689235,
      "value_of_lost_load_eur_per_mwh": 7243.088929787365,
      "renewable_spill_cost_eur_per_mwh": 1734.947279240579,
      "hydro_spill_cost_eur_per_mwh": 724.6115287618096,
      "overgen_spill_cost_eur_per_mwh": 4556.109472711749,
      "battery_cycle_cost_eur_per_mwh": 89.62509751978175,
      "pumped_cycle_cost_eur_per_mwh": 51.59837959585384
    },
    "tech_scalers": {
      "thermal_marg_cost": 9.132036389096161,
      "thermal_ramp_pct": 0.13716744031907185,
      "battery_roundtrip_eff": 0.9262169522768899,
      "battery_e_to_p_hours": 3.5355828579899145,
      "dr_max_shed_share": 0.07660398760577751,
      "dr_duration_hours": 5.195901002423352,
      "hydro_reservoir_head_eff": 0.8133777458791935,
      "battery_initial_soc_fraction": 0.6058836803355996,
      "battery_final_soc_tolerance": 0.14236855452282032,
      "battery_self_discharge_per_hour": 0.006834432283243969,
      "pumped_initial_level_fraction": 0.6661178363529907,
      "pumped_final_level_tolerance": 0.05696175575968103,
      "pumped_self_discharge_per_hour": 0.0023564044603936692
    }
  }
}