{
  "id": "92ba8e07-1c1c-4298-a829-5692d4272bf1",
  "horizon_hours": 24,
  "dt_minutes": 15,
  "graph": {
    "regions": 3,
    "zones_per_region": [
      6,
      7,
      6
    ],
    "sites_per_zone": [
      5,
      2,
      6,
      2,
      5,
      4,
      2,
      4,
      5,
      2,
      2,
      7,
      4,
      8,
      4,
      4,
      8,
      2,
      2
    ],
    "intertie_density": 0.39749170521151633,
    "neighbor_nations": 2
  },
  "assets": {
    "thermal_per_site": [
      0,
      3,
      3,
      0,
      0,
      2,
      0,
      0,
      3,
      0,
      3,
      1,
      3,
      0,
      0,
      1,
      3,
      1,
      0
    ],
    "solar_per_site": [
      2,
      2,
      1,
      3,
      2,
      1,
      1,
      2,
      1,
      2,
      3,
      1,
      1,
      2,
      3,
      2,
      2,
      3,
      1
    ],
    "wind_per_site": [
      2,
      2,
      1,
      2,
      1,
      2,
      3,
      1,
      3,
      1,
      3,
      2,
      3,
      2,
      1,
      3,
      3,
      1,
      3
    ],
    "battery_per_site": [
      0,
      2,
      0,
      0,
      1,
      2,
      0,
      0,
      2,
      1,
      0,
      0,
      1,
      1,
      1,
      2,
      0,
      0,
      0
    ],
    "dr_per_site": [
      0,
      0,
      0,
      1,
      2,
      2,
      2,
      2,
      0,
      1,
      1,
      2,
      1,
      0,
      0,
      1,
      0,
      0,
      2
    ],
    "nuclear_per_region": [
      0,
      2,
      2
    ],
    "hydro_reservoir_per_region": [
      2,
      3,
      1
    ],
    "hydro_ror_per_zone": [
      0,
      0,
      2,
      2,
      1,
      2,
      1,
      0,
      2,
      0,
      2,
      2,
      1,
      2,
      0,
      1,
      0,
      2,
      1
    ],
    "hydro_pumped_per_region": [
      1,
      1,
      1
    ]
  },
  "econ_policy": {
    "co2_price": 168.17069799270254,
    "price_cap": 651.9518170060092,
    "cross_border_policy": "allow",
    "import_export_caps_factor": 0.6668153074900451
  },
  "tech": {
    "thermal_marg_cost": 1.426794284801064,
    "thermal_ramp_pct": 0.19360484269948047,
    "battery_roundtrip_eff": 0.924332832626388,
    "battery_e_to_p_hours": 1.017806699833292,
    "dr_max_shed_share": 0.329222993353082,
    "dr_duration_hours": 3.9008506424586624,
    "hydro_reservoir_head_eff": 0.8079275390265362,
    "battery_initial_soc_fraction": 0.5969256261810586,
    "battery_final_soc_tolerance": 0.0806751934925028,
    "battery_self_discharge_per_hour": 0.0068615993232938296,
    "pumped_initial_level_fraction": 0.6403921247006272,
    "pumped_final_level_tolerance": 0.17121214020596992,
    "pumped_self_discharge_per_hour": 0.0014740496085859293
  },
  "operation_costs": {
    "thermal_fuel_eur_per_mwh": 45.25204880523028,
    "nuclear_fuel_eur_per_mwh": 15.187330714119586,
    "demand_response_cost_eur_per_mwh": 700.0020389708149,
    "value_of_lost_load_eur_per_mwh": 10507.27199994286,
    "renewable_spill_cost_eur_per_mwh": 1224.1907690789808,
    "hydro_spill_cost_eur_per_mwh": 867.2760246599737,
    "overgen_spill_cost_eur_per_mwh": 7016.675651746602,
    "battery_cycle_cost_eur_per_mwh": 83.07521791389718,
    "pumped_cycle_cost_eur_per_mwh": 49.54635521060088
  },
  "exogenous": {
    "weather_profile": "overcast_summer",
    "weather_spread_intensity": 0.8359332406768528,
    "demand_profile": "cold_snap",
    "demand_scale_factor": 1.2643787528062391,
    "inflow_factor": 1.5760335543442925,
    "zone_profile_variants": {
      "evening_peak": 0.28,
      "double_peak": 0.16,
      "office_peak": 0.2,
      "industrial": 0.14,
      "night_shift": 0.1,
      "residential_morning": 0.12
    },
    "zone_profile_mix_weight": [
      0.4,
      0.8
    ],
    "zone_profile_phase_shift_hours": [
      -2.5,
      2.5
    ],
    "zone_profile_noise_std": [
      0.02,
      0.06
    ],
    "zone_profile_curvature_exp": [
      0.9,
      1.18
    ],
    "region_weather": {
      "R1": {
        "weather_profile": "mixed",
        "weather_spread_intensity": 0.7700190334906476
      },
      "R2": {
        "weather_profile": "overcast_summer",
        "weather_spread_intensity": 1.0483275554325642
      },
      "R3": {
        "weather_profile": "calm_winter",
        "weather_spread_intensity": 0.6894531331073467
      }
    }
  },
  "mip_gap_target_pct": 1.4370622013307663,
  "estimates": {
    "vars_total": 90912,
    "cons_total": 118185,
    "est_cpu_hours": 1.6956023333333337
  },
  "meta": {
    "regions": 3,
    "zones": 19,
    "sites": 19,
    "intertie_density": 0.39749170521151633,
    "neighbor_nations": 2,
    "assets": {
      "thermal": 23,
      "solar": 35,
      "wind": 39,
      "battery": 13,
      "dr": 17,
      "nuclear": 4,
      "hydro_reservoir": 6,
      "hydro_ror": 21,
      "hydro_pumped": 3
    },
    "demand_scale_factor": 1.2643787528062391,
    "zone_profile_variants": {
      "evening_peak": 0.28,
      "double_peak": 0.16,
      "office_peak": 0.2,
      "industrial": 0.14,
      "night_shift": 0.1,
      "residential_morning": 0.12
    },
    "zone_profile_mix_weight": [
      0.4,
      0.8
    ],
    "weather_profile": "overcast_summer",
    "cross_border_policy": "allow",
    "price_cap": 651.9518170060092,
    "co2_price": 168.17069799270254,
    "import_export_caps_factor": 0.6668153074900451,
    "operation_costs": {
      "thermal_fuel_eur_per_mwh": 45.25204880523028,
      "nuclear_fuel_eur_per_mwh": 15.187330714119586,
      "demand_response_cost_eur_per_mwh": 700.0020389708149,
      "value_of_lost_load_eur_per_mwh": 10507.27199994286,
      "renewable_spill_cost_eur_per_mwh": 1224.1907690789808,
      "hydro_spill_cost_eur_per_mwh": 867.2760246599737,
      "overgen_spill_cost_eur_per_mwh": 7016.675651746602,
      "battery_cycle_cost_eur_per_mwh": 83.07521791389718,
      "pumped_cycle_cost_eur_per_mwh": 49.54635521060088
    },
    "tech_scalers": {
      "thermal_marg_cost": 1.426794284801064,
      "thermal_ramp_pct": 0.19360484269948047,
      "battery_roundtrip_eff": 0.924332832626388,
      "battery_e_to_p_hours": 1.017806699833292,
      "dr_max_shed_share": 0.329222993353082,
      "dr_duration_hours": 3.9008506424586624,
      "hydro_reservoir_head_eff": 0.8079275390265362,
      "battery_initial_soc_fraction": 0.5969256261810586,
      "battery_final_soc_tolerance": 0.0806751934925028,
      "battery_self_discharge_per_hour": 0.0068615993232938296,
      "pumped_initial_level_fraction": 0.6403921247006272,
      "pumped_final_level_tolerance": 0.17121214020596992,
      "pumped_self_discharge_per_hour": 0.0014740496085859293
    }
  },
  "flexibility_metrics": {
    "total_storage_power_mw": 1250.0,
    "total_storage_capacity_mwh": 5461.6,
    "battery_power_mw": 650.0,
    "battery_capacity_mwh": 661.6,
    "pumped_power_mw": 600.0,
    "pumped_capacity_mwh": 4800.0,
    "total_dr_capacity_mw": 3954.5,
    "total_ramp_up_mw_per_step": 384.0,
    "total_ramp_down_mw_per_step": 384.0,
    "thermal_flex_ratio": 0.477,
    "dr_duration_hours": 3.9,
    "battery_roundtrip_efficiency": 0.924
  },
  "difficulty_indicators": {
    "vre_penetration_pct": 34.06,
    "net_demand_volatility": 0.224,
    "peak_to_valley_ratio": 2.28,
    "estimated_milp_solve_time_seconds": 6104.2,
    "complexity_score": "hard",
    "n_binary_variables": 2208,
    "n_timesteps": 96,
    "n_zones": 19,
    "weather_profile": "overcast_summer",
    "demand_profile": "cold_snap"
  }
}