{
  "id": "eec6a83f-1451-42b3-aea4-fcd04b1d4edc",
  "horizon_hours": 24,
  "dt_minutes": 15,
  "graph": {
    "regions": 2,
    "zones_per_region": [
      6,
      11
    ],
    "sites_per_zone": [
      9,
      3,
      9,
      5,
      2,
      9,
      8,
      2,
      10,
      2,
      5,
      7,
      5,
      2,
      4,
      10,
      3
    ],
    "intertie_density": 0.3051976011574358,
    "neighbor_nations": 2
  },
  "assets": {
    "thermal_per_site": [
      2,
      3,
      1,
      3,
      3,
      1,
      2,
      3,
      0,
      0,
      2,
      2,
      3,
      2,
      0,
      1,
      1
    ],
    "solar_per_site": [
      3,
      3,
      1,
      3,
      2,
      2,
      1,
      2,
      2,
      2,
      3,
      2,
      3,
      1,
      2,
      2,
      3
    ],
    "wind_per_site": [
      3,
      3,
      3,
      3,
      3,
      3,
      3,
      2,
      1,
      2,
      3,
      1,
      1,
      1,
      3,
      3,
      3
    ],
    "battery_per_site": [
      1,
      2,
      1,
      2,
      1,
      1,
      2,
      1,
      0,
      0,
      1,
      0,
      2,
      2,
      0,
      1,
      2
    ],
    "dr_per_site": [
      2,
      2,
      1,
      1,
      2,
      1,
      2,
      2,
      1,
      1,
      2,
      2,
      1,
      1,
      0,
      0,
      1
    ],
    "nuclear_per_region": [
      1,
      0
    ],
    "hydro_reservoir_per_region": [
      2,
      2
    ],
    "hydro_ror_per_zone": [
      1,
      0,
      2,
      1,
      2,
      0,
      0,
      1,
      2,
      1,
      2,
      0,
      1,
      1,
      0,
      0,
      1
    ],
    "hydro_pumped_per_region": [
      1,
      1
    ]
  },
  "econ_policy": {
    "co2_price": 68.2295861673191,
    "price_cap": 2729.159992413597,
    "cross_border_policy": "cap",
    "import_export_caps_factor": 0.5789839806771574
  },
  "tech": {
    "thermal_marg_cost": 2.971715549511509,
    "thermal_ramp_pct": 0.30876488067280705,
    "battery_roundtrip_eff": 0.8662097097297958,
    "battery_e_to_p_hours": 2.2823045648831184,
    "dr_max_shed_share": 0.2449760824966617,
    "dr_duration_hours": 1.8306607375595338,
    "hydro_reservoir_head_eff": 0.9045508008122466,
    "battery_initial_soc_fraction": 0.4951641471285675,
    "battery_final_soc_tolerance": 0.12328197375454618,
    "battery_self_discharge_per_hour": 0.0011664106871010962,
    "pumped_initial_level_fraction": 0.532637425579807,
    "pumped_final_level_tolerance": 0.07982293374629815,
    "pumped_self_discharge_per_hour": 0.001877287637974972
  },
  "operation_costs": {
    "thermal_fuel_eur_per_mwh": 55.84501695162942,
    "nuclear_fuel_eur_per_mwh": 27.390398758046512,
    "thermal_startup_cost_eur": 2819.502079568276,
    "nuclear_startup_cost_eur": 35679.76803688207,
    "demand_response_cost_eur_per_mwh": 220.14073859237016,
    "value_of_lost_load_eur_per_mwh": 9658.878720069748,
    "renewable_spill_cost_eur_per_mwh": 1408.3371136402031,
    "hydro_spill_cost_eur_per_mwh": 661.1086586539204,
    "overgen_spill_cost_eur_per_mwh": 7989.376804430327,
    "battery_cycle_cost_eur_per_mwh": 97.690168556472,
    "pumped_cycle_cost_eur_per_mwh": 72.6455365681166
  },
  "exogenous": {
    "weather_profile": "calm_winter",
    "weather_spread_intensity": 1.4428682057685385,
    "demand_profile": "wkend_flat",
    "demand_scale_factor": 0.9470287264409543,
    "inflow_factor": 1.3090944822137218,
    "zone_profile_variants": {
      "evening_peak": 0.28,
      "double_peak": 0.16,
      "office_peak": 0.2,
      "industrial": 0.14,
      "night_shift": 0.1,
      "residential_morning": 0.12
    },
    "zone_profile_mix_weight": [
      0.4,
      0.8
    ],
    "zone_profile_phase_shift_hours": [
      -2.5,
      2.5
    ],
    "zone_profile_noise_std": [
      0.02,
      0.06
    ],
    "zone_profile_curvature_exp": [
      0.9,
      1.18
    ],
    "region_weather": {
      "R1": {
        "weather_profile": "calm_winter",
        "weather_spread_intensity": 1.456872676789835
      },
      "R2": {
        "weather_profile": "calm_winter",
        "weather_spread_intensity": 1.428863734747242
      }
    }
  },
  "mip_gap_target_pct": 0.6584094308270453,
  "estimates": {
    "vars_total": 88608,
    "cons_total": 115190,
    "est_cpu_hours": 1.6544904444444446
  },
  "meta": {
    "regions": 2,
    "zones": 17,
    "sites": 17,
    "intertie_density": 0.3051976011574358,
    "neighbor_nations": 2,
    "assets": {
      "thermal": 29,
      "solar": 37,
      "wind": 41,
      "battery": 19,
      "dr": 22,
      "nuclear": 1,
      "hydro_reservoir": 4,
      "hydro_ror": 15,
      "hydro_pumped": 2
    },
    "demand_scale_factor": 0.9470287264409543,
    "zone_profile_variants": {
      "evening_peak": 0.28,
      "double_peak": 0.16,
      "office_peak": 0.2,
      "industrial": 0.14,
      "night_shift": 0.1,
      "residential_morning": 0.12
    },
    "zone_profile_mix_weight": [
      0.4,
      0.8
    ],
    "weather_profile": "calm_winter",
    "cross_border_policy": "cap",
    "price_cap": 2729.159992413597,
    "co2_price": 68.2295861673191,
    "import_export_caps_factor": 0.5789839806771574,
    "operation_costs": {
      "thermal_fuel_eur_per_mwh": 55.84501695162942,
      "nuclear_fuel_eur_per_mwh": 27.390398758046512,
      "thermal_startup_cost_eur": 2819.502079568276,
      "nuclear_startup_cost_eur": 35679.76803688207,
      "demand_response_cost_eur_per_mwh": 220.14073859237016,
      "value_of_lost_load_eur_per_mwh": 9658.878720069748,
      "renewable_spill_cost_eur_per_mwh": 1408.3371136402031,
      "hydro_spill_cost_eur_per_mwh": 661.1086586539204,
      "overgen_spill_cost_eur_per_mwh": 7989.376804430327,
      "battery_cycle_cost_eur_per_mwh": 97.690168556472,
      "pumped_cycle_cost_eur_per_mwh": 72.6455365681166
    },
    "tech_scalers": {
      "thermal_marg_cost": 2.971715549511509,
      "thermal_ramp_pct": 0.30876488067280705,
      "battery_roundtrip_eff": 0.8662097097297958,
      "battery_e_to_p_hours": 2.2823045648831184,
      "dr_max_shed_share": 0.2449760824966617,
      "dr_duration_hours": 1.8306607375595338,
      "hydro_reservoir_head_eff": 0.9045508008122466,
      "battery_initial_soc_fraction": 0.4951641471285675,
      "battery_final_soc_tolerance": 0.12328197375454618,
      "battery_self_discharge_per_hour": 0.0011664106871010962,
      "pumped_initial_level_fraction": 0.532637425579807,
      "pumped_final_level_tolerance": 0.07982293374629815,
      "pumped_self_discharge_per_hour": 0.001877287637974972
    }
  },
  "flexibility_metrics": {
    "total_storage_power_mw": 1350.0,
    "total_storage_capacity_mwh": 5368.2,
    "battery_power_mw": 950.0,
    "battery_capacity_mwh": 2168.2,
    "pumped_power_mw": 400.0,
    "pumped_capacity_mwh": 3200.0,
    "total_dr_capacity_mw": 1972.0,
    "total_ramp_up_mw_per_step": 684.1,
    "total_ramp_down_mw_per_step": 684.1,
    "thermal_flex_ratio": 0.342,
    "dr_duration_hours": 1.83,
    "battery_roundtrip_efficiency": 0.866
  },
  "difficulty_indicators": {
    "vre_penetration_pct": 40.12,
    "net_demand_volatility": 0.144,
    "peak_to_valley_ratio": 1.7,
    "estimated_milp_solve_time_seconds": 5956.2,
    "complexity_score": "hard",
    "n_binary_variables": 2784,
    "n_timesteps": 96,
    "n_zones": 17,
    "weather_profile": "calm_winter",
    "demand_profile": "wkend_flat"
  }
}