{
  "id": "ec0c8a99-b10c-4958-aac0-a8bf2e744fb8",
  "horizon_hours": 24,
  "dt_minutes": 15,
  "graph": {
    "regions": 2,
    "zones_per_region": [
      9,
      7
    ],
    "sites_per_zone": [
      5,
      3,
      6,
      4,
      2,
      8,
      2,
      5,
      2,
      6,
      4,
      5,
      2,
      4,
      7,
      2
    ],
    "intertie_density": 0.5649229124998005,
    "neighbor_nations": 3
  },
  "assets": {
    "thermal_per_site": [
      2,
      2,
      0,
      1,
      0,
      2,
      1,
      2,
      1,
      1,
      0,
      2,
      0,
      1,
      1,
      3
    ],
    "solar_per_site": [
      2,
      3,
      3,
      3,
      2,
      1,
      1,
      2,
      1,
      1,
      3,
      3,
      1,
      3,
      1,
      3
    ],
    "wind_per_site": [
      2,
      1,
      2,
      1,
      1,
      2,
      3,
      3,
      1,
      3,
      3,
      2,
      1,
      2,
      2,
      2
    ],
    "battery_per_site": [
      0,
      0,
      0,
      1,
      2,
      2,
      0,
      1,
      0,
      2,
      0,
      2,
      2,
      1,
      1,
      2
    ],
    "dr_per_site": [
      1,
      0,
      0,
      0,
      0,
      1,
      1,
      0,
      1,
      2,
      1,
      2,
      1,
      2,
      0,
      0
    ],
    "nuclear_per_region": [
      1,
      2
    ],
    "hydro_reservoir_per_region": [
      0,
      1
    ],
    "hydro_ror_per_zone": [
      0,
      0,
      1,
      1,
      0,
      0,
      0,
      2,
      2,
      2,
      2,
      2,
      2,
      2,
      0,
      0
    ],
    "hydro_pumped_per_region": [
      2,
      1
    ]
  },
  "econ_policy": {
    "co2_price": 157.5154735995651,
    "price_cap": 954.1073883591455,
    "cross_border_policy": "block",
    "import_export_caps_factor": 1.4035145611392155
  },
  "tech": {
    "thermal_marg_cost": 6.8174924907359,
    "thermal_ramp_pct": 0.20317768316871,
    "battery_roundtrip_eff": 0.8540324424214688,
    "battery_e_to_p_hours": 4.956166990859066,
    "dr_max_shed_share": 0.0595650699443904,
    "dr_duration_hours": 1.4956794779320317,
    "hydro_reservoir_head_eff": 1.0273533902869425,
    "battery_initial_soc_fraction": 0.570454173529485,
    "battery_final_soc_tolerance": 0.1226095863054881,
    "battery_self_discharge_per_hour": 0.0046726743000283875,
    "pumped_initial_level_fraction": 0.6736598473375748,
    "pumped_final_level_tolerance": 0.13250508887400242,
    "pumped_self_discharge_per_hour": 0.0013794261959429752
  },
  "operation_costs": {
    "thermal_fuel_eur_per_mwh": 53.7672477209469,
    "nuclear_fuel_eur_per_mwh": 14.781821184422078,
    "demand_response_cost_eur_per_mwh": 792.7159033732557,
    "value_of_lost_load_eur_per_mwh": 8432.437463255737,
    "renewable_spill_cost_eur_per_mwh": 1957.0118556360205,
    "hydro_spill_cost_eur_per_mwh": 1014.6919040539707,
    "overgen_spill_cost_eur_per_mwh": 7358.246796409399,
    "battery_cycle_cost_eur_per_mwh": 108.94273545750404,
    "pumped_cycle_cost_eur_per_mwh": 79.36917280928347
  },
  "exogenous": {
    "weather_profile": "stormy_winter",
    "weather_spread_intensity": 1.2141847171066245,
    "demand_profile": "wkday_peak",
    "demand_scale_factor": 1.3123145950480792,
    "inflow_factor": 0.4090348120028294,
    "zone_profile_variants": {
      "evening_peak": 0.28,
      "double_peak": 0.16,
      "office_peak": 0.2,
      "industrial": 0.14,
      "night_shift": 0.1,
      "residential_morning": 0.12
    },
    "zone_profile_mix_weight": [
      0.4,
      0.8
    ],
    "zone_profile_phase_shift_hours": [
      -2.5,
      2.5
    ],
    "zone_profile_noise_std": [
      0.02,
      0.06
    ],
    "zone_profile_curvature_exp": [
      0.9,
      1.18
    ],
    "region_weather": {
      "R1": {
        "weather_profile": "calm_winter",
        "weather_spread_intensity": 1.434472254252873
      },
      "R2": {
        "weather_profile": "stormy_winter",
        "weather_spread_intensity": 0.9938971799603759
      }
    }
  },
  "mip_gap_target_pct": 0.7735123575193759,
  "estimates": {
    "vars_total": 76032,
    "cons_total": 98841,
    "est_cpu_hours": 1.4300769999999998
  },
  "meta": {
    "regions": 2,
    "zones": 16,
    "sites": 16,
    "intertie_density": 0.5649229124998005,
    "neighbor_nations": 3,
    "assets": {
      "thermal": 19,
      "solar": 33,
      "wind": 31,
      "battery": 16,
      "dr": 12,
      "nuclear": 3,
      "hydro_reservoir": 1,
      "hydro_ror": 16,
      "hydro_pumped": 3
    },
    "demand_scale_factor": 1.3123145950480792,
    "zone_profile_variants": {
      "evening_peak": 0.28,
      "double_peak": 0.16,
      "office_peak": 0.2,
      "industrial": 0.14,
      "night_shift": 0.1,
      "residential_morning": 0.12
    },
    "zone_profile_mix_weight": [
      0.4,
      0.8
    ],
    "weather_profile": "stormy_winter",
    "cross_border_policy": "block",
    "price_cap": 954.1073883591455,
    "co2_price": 157.5154735995651,
    "import_export_caps_factor": 1.4035145611392155,
    "operation_costs": {
      "thermal_fuel_eur_per_mwh": 53.7672477209469,
      "nuclear_fuel_eur_per_mwh": 14.781821184422078,
      "demand_response_cost_eur_per_mwh": 792.7159033732557,
      "value_of_lost_load_eur_per_mwh": 8432.437463255737,
      "renewable_spill_cost_eur_per_mwh": 1957.0118556360205,
      "hydro_spill_cost_eur_per_mwh": 1014.6919040539707,
      "overgen_spill_cost_eur_per_mwh": 7358.246796409399,
      "battery_cycle_cost_eur_per_mwh": 108.94273545750404,
      "pumped_cycle_cost_eur_per_mwh": 79.36917280928347
    },
    "tech_scalers": {
      "thermal_marg_cost": 6.8174924907359,
      "thermal_ramp_pct": 0.20317768316871,
      "battery_roundtrip_eff": 0.8540324424214688,
      "battery_e_to_p_hours": 4.956166990859066,
      "dr_max_shed_share": 0.0595650699443904,
      "dr_duration_hours": 1.4956794779320317,
      "hydro_reservoir_head_eff": 1.0273533902869425,
      "battery_initial_soc_fraction": 0.570454173529485,
      "battery_final_soc_tolerance": 0.1226095863054881,
      "battery_self_discharge_per_hour": 0.0046726743000283875,
      "pumped_initial_level_fraction": 0.6736598473375748,
      "pumped_final_level_tolerance": 0.13250508887400242,
      "pumped_self_discharge_per_hour": 0.0013794261959429752
    }
  },
  "flexibility_metrics": {
    "total_storage_power_mw": 1400.0,
    "total_storage_capacity_mwh": 8764.9,
    "battery_power_mw": 800.0,
    "battery_capacity_mwh": 3964.9,
    "pumped_power_mw": 600.0,
    "pumped_capacity_mwh": 4800.0,
    "total_dr_capacity_mw": 625.3,
    "total_ramp_up_mw_per_step": 327.0,
    "total_ramp_down_mw_per_step": 327.0,
    "thermal_flex_ratio": 0.233,
    "dr_duration_hours": 1.5,
    "battery_roundtrip_efficiency": 0.854
  },
  "difficulty_indicators": {
    "vre_penetration_pct": 39.07,
    "net_demand_volatility": 0.292,
    "peak_to_valley_ratio": 2.36,
    "estimated_milp_solve_time_seconds": 5148.3,
    "complexity_score": "hard",
    "n_binary_variables": 1824,
    "n_timesteps": 96,
    "n_zones": 16,
    "weather_profile": "stormy_winter",
    "demand_profile": "wkday_peak"
  }
}