{
  "id": "51fc3e72-3e90-4afd-94c1-7c3bf0e086f7",
  "horizon_hours": 24,
  "dt_minutes": 15,
  "graph": {
    "regions": 2,
    "zones_per_region": [
      5,
      3
    ],
    "sites_per_zone": [
      5,
      8,
      3,
      8,
      8,
      10,
      9,
      5
    ],
    "intertie_density": 0.5372329541340719,
    "neighbor_nations": 4
  },
  "assets": {
    "thermal_per_site": [
      3,
      3,
      0,
      3,
      1,
      2,
      2,
      1
    ],
    "solar_per_site": [
      2,
      3,
      1,
      2,
      3,
      3,
      1,
      2
    ],
    "wind_per_site": [
      3,
      2,
      3,
      3,
      2,
      3,
      2,
      1
    ],
    "battery_per_site": [
      1,
      1,
      2,
      2,
      1,
      1,
      0,
      0
    ],
    "dr_per_site": [
      0,
      2,
      2,
      2,
      0,
      1,
      2,
      0
    ],
    "nuclear_per_region": [
      1,
      0
    ],
    "hydro_reservoir_per_region": [
      0,
      2
    ],
    "hydro_ror_per_zone": [
      1,
      0,
      0,
      2,
      1,
      1,
      1,
      2
    ],
    "hydro_pumped_per_region": [
      0,
      1
    ]
  },
  "econ_policy": {
    "co2_price": 37.591042448197115,
    "price_cap": 3644.6188856912136,
    "cross_border_policy": "block",
    "import_export_caps_factor": 0.8484923351653302
  },
  "tech": {
    "thermal_marg_cost": 6.004969771598989,
    "thermal_ramp_pct": 0.3691260688010149,
    "battery_roundtrip_eff": 0.83601210372549,
    "battery_e_to_p_hours": 2.693182635395299,
    "dr_max_shed_share": 0.11286100486455594,
    "dr_duration_hours": 5.346014077809646,
    "hydro_reservoir_head_eff": 0.8660506943590623,
    "battery_initial_soc_fraction": 0.5550636381539599,
    "battery_final_soc_tolerance": 0.14651664371932738,
    "battery_self_discharge_per_hour": 0.00844664643358212,
    "pumped_initial_level_fraction": 0.4313424690992801,
    "pumped_final_level_tolerance": 0.10936729769191254,
    "pumped_self_discharge_per_hour": 0.0038763797999770344
  },
  "operation_costs": {
    "thermal_fuel_eur_per_mwh": 59.066390786350524,
    "nuclear_fuel_eur_per_mwh": 20.870775859958126,
    "thermal_startup_cost_eur": 1637.7343784289003,
    "nuclear_startup_cost_eur": 20443.704472692487,
    "demand_response_cost_eur_per_mwh": 876.9549665591724,
    "value_of_lost_load_eur_per_mwh": 11167.22608391079,
    "renewable_spill_cost_eur_per_mwh": 1812.100145433501,
    "hydro_spill_cost_eur_per_mwh": 1102.7742626671243,
    "overgen_spill_cost_eur_per_mwh": 4634.238214492394,
    "battery_cycle_cost_eur_per_mwh": 133.1930646160622,
    "pumped_cycle_cost_eur_per_mwh": 60.46473907134547
  },
  "exogenous": {
    "weather_profile": "sunny_summer",
    "weather_spread_intensity": 1.0036327090999366,
    "demand_profile": "cold_snap",
    "demand_scale_factor": 0.6846900554683633,
    "inflow_factor": 1.6542985010005897,
    "zone_profile_variants": {
      "evening_peak": 0.28,
      "double_peak": 0.16,
      "office_peak": 0.2,
      "industrial": 0.14,
      "night_shift": 0.1,
      "residential_morning": 0.12
    },
    "zone_profile_mix_weight": [
      0.4,
      0.8
    ],
    "zone_profile_phase_shift_hours": [
      -2.5,
      2.5
    ],
    "zone_profile_noise_std": [
      0.02,
      0.06
    ],
    "zone_profile_curvature_exp": [
      0.9,
      1.18
    ],
    "region_weather": {
      "R1": {
        "weather_profile": "sunny_summer",
        "weather_spread_intensity": 0.9529298336352072
      },
      "R2": {
        "weather_profile": "calm_winter",
        "weather_spread_intensity": 1.054335584564666
      }
    }
  },
  "mip_gap_target_pct": 0.7046517436661747,
  "estimates": {
    "vars_total": 41856,
    "cons_total": 54412,
    "est_cpu_hours": 0.8202235555555557
  },
  "meta": {
    "regions": 2,
    "zones": 8,
    "sites": 8,
    "intertie_density": 0.5372329541340719,
    "neighbor_nations": 4,
    "assets": {
      "thermal": 15,
      "solar": 17,
      "wind": 19,
      "battery": 8,
      "dr": 9,
      "nuclear": 1,
      "hydro_reservoir": 2,
      "hydro_ror": 8,
      "hydro_pumped": 1
    },
    "demand_scale_factor": 0.6846900554683633,
    "zone_profile_variants": {
      "evening_peak": 0.28,
      "double_peak": 0.16,
      "office_peak": 0.2,
      "industrial": 0.14,
      "night_shift": 0.1,
      "residential_morning": 0.12
    },
    "zone_profile_mix_weight": [
      0.4,
      0.8
    ],
    "weather_profile": "sunny_summer",
    "cross_border_policy": "block",
    "price_cap": 3644.6188856912136,
    "co2_price": 37.591042448197115,
    "import_export_caps_factor": 0.8484923351653302,
    "operation_costs": {
      "thermal_fuel_eur_per_mwh": 59.066390786350524,
      "nuclear_fuel_eur_per_mwh": 20.870775859958126,
      "thermal_startup_cost_eur": 1637.7343784289003,
      "nuclear_startup_cost_eur": 20443.704472692487,
      "demand_response_cost_eur_per_mwh": 876.9549665591724,
      "value_of_lost_load_eur_per_mwh": 11167.22608391079,
      "renewable_spill_cost_eur_per_mwh": 1812.100145433501,
      "hydro_spill_cost_eur_per_mwh": 1102.7742626671243,
      "overgen_spill_cost_eur_per_mwh": 4634.238214492394,
      "battery_cycle_cost_eur_per_mwh": 133.1930646160622,
      "pumped_cycle_cost_eur_per_mwh": 60.46473907134547
    },
    "tech_scalers": {
      "thermal_marg_cost": 6.004969771598989,
      "thermal_ramp_pct": 0.3691260688010149,
      "battery_roundtrip_eff": 0.83601210372549,
      "battery_e_to_p_hours": 2.693182635395299,
      "dr_max_shed_share": 0.11286100486455594,
      "dr_duration_hours": 5.346014077809646,
      "hydro_reservoir_head_eff": 0.8660506943590623,
      "battery_initial_soc_fraction": 0.5550636381539599,
      "battery_final_soc_tolerance": 0.14651664371932738,
      "battery_self_discharge_per_hour": 0.00844664643358212,
      "pumped_initial_level_fraction": 0.4313424690992801,
      "pumped_final_level_tolerance": 0.10936729769191254,
      "pumped_self_discharge_per_hour": 0.0038763797999770344
    }
  },
  "flexibility_metrics": {
    "total_storage_power_mw": 600.0,
    "total_storage_capacity_mwh": 2677.3,
    "battery_power_mw": 400.0,
    "battery_capacity_mwh": 1077.3,
    "pumped_power_mw": 200.0,
    "pumped_capacity_mwh": 1600.0,
    "total_dr_capacity_mw": 309.1,
    "total_ramp_up_mw_per_step": 427.8,
    "total_ramp_down_mw_per_step": 427.8,
    "thermal_flex_ratio": 0.165,
    "dr_duration_hours": 5.35,
    "battery_roundtrip_efficiency": 0.836
  },
  "difficulty_indicators": {
    "vre_penetration_pct": 35.97,
    "net_demand_volatility": 0.297,
    "peak_to_valley_ratio": 1.23,
    "estimated_milp_solve_time_seconds": 2952.8,
    "complexity_score": "medium",
    "n_binary_variables": 1440,
    "n_timesteps": 96,
    "n_zones": 8,
    "weather_profile": "sunny_summer",
    "demand_profile": "cold_snap"
  }
}