{
  "id": "6f777ca2-5bff-48b7-a111-cc500ab8477b",
  "horizon_hours": 24,
  "dt_minutes": 15,
  "graph": {
    "regions": 3,
    "zones_per_region": [
      6,
      8,
      8
    ],
    "sites_per_zone": [
      6,
      4,
      8,
      5,
      3,
      5,
      8,
      5,
      8,
      7,
      7,
      7,
      3,
      4,
      3,
      4,
      4,
      6,
      6,
      7,
      3,
      4
    ],
    "intertie_density": 0.3846075642310256,
    "neighbor_nations": 3
  },
  "assets": {
    "thermal_per_site": [
      3,
      3,
      1,
      0,
      3,
      2,
      2,
      2,
      0,
      2,
      2,
      0,
      1,
      2,
      3,
      2,
      2,
      2,
      2,
      2,
      3,
      3
    ],
    "solar_per_site": [
      3,
      3,
      1,
      3,
      3,
      2,
      2,
      1,
      2,
      2,
      2,
      3,
      1,
      2,
      1,
      2,
      2,
      3,
      3,
      1,
      2,
      3
    ],
    "wind_per_site": [
      2,
      2,
      1,
      2,
      2,
      1,
      2,
      1,
      2,
      2,
      1,
      1,
      2,
      2,
      3,
      3,
      2,
      2,
      3,
      2,
      2,
      1
    ],
    "battery_per_site": [
      1,
      1,
      0,
      1,
      1,
      0,
      0,
      1,
      1,
      1,
      0,
      1,
      0,
      2,
      1,
      2,
      0,
      2,
      2,
      1,
      2,
      1
    ],
    "dr_per_site": [
      0,
      2,
      1,
      0,
      2,
      1,
      2,
      2,
      0,
      2,
      2,
      2,
      0,
      2,
      0,
      0,
      1,
      1,
      0,
      0,
      0,
      2
    ],
    "nuclear_per_region": [
      2,
      0,
      2
    ],
    "hydro_reservoir_per_region": [
      2,
      1,
      3
    ],
    "hydro_ror_per_zone": [
      0,
      1,
      2,
      2,
      0,
      1,
      0,
      2,
      1,
      0,
      1,
      2,
      2,
      2,
      2,
      2,
      1,
      1,
      1,
      0,
      0,
      2
    ],
    "hydro_pumped_per_region": [
      2,
      1,
      0
    ]
  },
  "econ_policy": {
    "co2_price": 81.70827226329207,
    "price_cap": 1320.564795319746,
    "cross_border_policy": "cap",
    "import_export_caps_factor": 1.3216867001632613
  },
  "tech": {
    "thermal_marg_cost": 0.324827562609476,
    "thermal_ramp_pct": 0.2593665128135577,
    "battery_roundtrip_eff": 0.8704243951635778,
    "battery_e_to_p_hours": 5.455750431888114,
    "dr_max_shed_share": 0.1749805329715961,
    "dr_duration_hours": 3.653620823207544,
    "hydro_reservoir_head_eff": 0.9398510334345389,
    "battery_initial_soc_fraction": 0.4817582805410281,
    "battery_final_soc_tolerance": 0.08442380227913115,
    "battery_self_discharge_per_hour": 0.009622904753496326,
    "pumped_initial_level_fraction": 0.44815715198692035,
    "pumped_final_level_tolerance": 0.1285584373782327,
    "pumped_self_discharge_per_hour": 0.00311335221820083
  },
  "operation_costs": {
    "thermal_fuel_eur_per_mwh": 63.1719325110091,
    "nuclear_fuel_eur_per_mwh": 14.626453272644525,
    "demand_response_cost_eur_per_mwh": 763.05952131339,
    "value_of_lost_load_eur_per_mwh": 11639.825998118575,
    "renewable_spill_cost_eur_per_mwh": 759.8932181898754,
    "hydro_spill_cost_eur_per_mwh": 930.3192069560737,
    "overgen_spill_cost_eur_per_mwh": 7940.057365965279,
    "battery_cycle_cost_eur_per_mwh": 89.41571762446912,
    "pumped_cycle_cost_eur_per_mwh": 70.9327822728211
  },
  "exogenous": {
    "weather_profile": "overcast_summer",
    "weather_spread_intensity": 0.8331290468413276,
    "demand_profile": "wkday_peak",
    "demand_scale_factor": 0.8947691346441328,
    "inflow_factor": 0.4745639965442481,
    "zone_profile_variants": {
      "evening_peak": 0.28,
      "double_peak": 0.16,
      "office_peak": 0.2,
      "industrial": 0.14,
      "night_shift": 0.1,
      "residential_morning": 0.12
    },
    "zone_profile_mix_weight": [
      0.4,
      0.8
    ],
    "zone_profile_phase_shift_hours": [
      -2.5,
      2.5
    ],
    "zone_profile_noise_std": [
      0.02,
      0.06
    ],
    "zone_profile_curvature_exp": [
      0.9,
      1.18
    ],
    "region_weather": {
      "R1": {
        "weather_profile": "mixed",
        "weather_spread_intensity": 0.6846419263800644
      },
      "R2": {
        "weather_profile": "overcast_summer",
        "weather_spread_intensity": 0.6685244122684687
      },
      "R3": {
        "weather_profile": "calm_winter",
        "weather_spread_intensity": 1.1462208018754496
      }
    }
  },
  "mip_gap_target_pct": 0.7034132512283013,
  "estimates": {
    "vars_total": 113472,
    "cons_total": 147513,
    "est_cpu_hours": 2.0981730000000005
  },
  "meta": {
    "regions": 3,
    "zones": 22,
    "sites": 22,
    "intertie_density": 0.3846075642310256,
    "neighbor_nations": 3,
    "assets": {
      "thermal": 42,
      "solar": 47,
      "wind": 41,
      "battery": 21,
      "dr": 22,
      "nuclear": 4,
      "hydro_reservoir": 6,
      "hydro_ror": 25,
      "hydro_pumped": 3
    },
    "demand_scale_factor": 0.8947691346441328,
    "zone_profile_variants": {
      "evening_peak": 0.28,
      "double_peak": 0.16,
      "office_peak": 0.2,
      "industrial": 0.14,
      "night_shift": 0.1,
      "residential_morning": 0.12
    },
    "zone_profile_mix_weight": [
      0.4,
      0.8
    ],
    "weather_profile": "overcast_summer",
    "cross_border_policy": "cap",
    "price_cap": 1320.564795319746,
    "co2_price": 81.70827226329207,
    "import_export_caps_factor": 1.3216867001632613,
    "operation_costs": {
      "thermal_fuel_eur_per_mwh": 63.1719325110091,
      "nuclear_fuel_eur_per_mwh": 14.626453272644525,
      "demand_response_cost_eur_per_mwh": 763.05952131339,
      "value_of_lost_load_eur_per_mwh": 11639.825998118575,
      "renewable_spill_cost_eur_per_mwh": 759.8932181898754,
      "hydro_spill_cost_eur_per_mwh": 930.3192069560737,
      "overgen_spill_cost_eur_per_mwh": 7940.057365965279,
      "battery_cycle_cost_eur_per_mwh": 89.41571762446912,
      "pumped_cycle_cost_eur_per_mwh": 70.9327822728211
    },
    "tech_scalers": {
      "thermal_marg_cost": 0.324827562609476,
      "thermal_ramp_pct": 0.2593665128135577,
      "battery_roundtrip_eff": 0.8704243951635778,
      "battery_e_to_p_hours": 5.455750431888114,
      "dr_max_shed_share": 0.1749805329715961,
      "dr_duration_hours": 3.653620823207544,
      "hydro_reservoir_head_eff": 0.9398510334345389,
      "battery_initial_soc_fraction": 0.4817582805410281,
      "battery_final_soc_tolerance": 0.08442380227913115,
      "battery_self_discharge_per_hour": 0.009622904753496326,
      "pumped_initial_level_fraction": 0.44815715198692035,
      "pumped_final_level_tolerance": 0.1285584373782327,
      "pumped_self_discharge_per_hour": 0.00311335221820083
    }
  },
  "flexibility_metrics": {
    "total_storage_power_mw": 1650.0,
    "total_storage_capacity_mwh": 10528.5,
    "battery_power_mw": 1050.0,
    "battery_capacity_mwh": 5728.5,
    "pumped_power_mw": 600.0,
    "pumped_capacity_mwh": 4800.0,
    "total_dr_capacity_mw": 1722.2,
    "total_ramp_up_mw_per_step": 867.0,
    "total_ramp_down_mw_per_step": 867.0,
    "thermal_flex_ratio": 0.203,
    "dr_duration_hours": 3.65,
    "battery_roundtrip_efficiency": 0.87
  },
  "difficulty_indicators": {
    "vre_penetration_pct": 30.61,
    "net_demand_volatility": 0.18,
    "peak_to_valley_ratio": 1.61,
    "estimated_milp_solve_time_seconds": 7553.4,
    "complexity_score": "hard",
    "n_binary_variables": 4032,
    "n_timesteps": 96,
    "n_zones": 22,
    "weather_profile": "overcast_summer",
    "demand_profile": "wkday_peak"
  }
}