{
  "id": "8ea8bf46-98dd-495f-b68e-0847d3159064",
  "horizon_hours": 24,
  "dt_minutes": 15,
  "graph": {
    "regions": 3,
    "zones_per_region": [
      4,
      5,
      8
    ],
    "sites_per_zone": [
      6,
      2,
      5,
      2,
      4,
      6,
      2,
      3,
      4,
      8,
      5,
      5,
      3,
      2,
      3,
      6,
      5
    ],
    "intertie_density": 0.39130045695049387,
    "neighbor_nations": 1
  },
  "assets": {
    "thermal_per_site": [
      3,
      1,
      1,
      1,
      2,
      3,
      3,
      1,
      2,
      1,
      3,
      2,
      1,
      0,
      1,
      3,
      0
    ],
    "solar_per_site": [
      2,
      3,
      1,
      3,
      2,
      3,
      2,
      2,
      2,
      3,
      1,
      3,
      1,
      2,
      3,
      2,
      2
    ],
    "wind_per_site": [
      3,
      3,
      2,
      2,
      3,
      1,
      2,
      1,
      1,
      3,
      3,
      2,
      2,
      2,
      3,
      1,
      3
    ],
    "battery_per_site": [
      2,
      0,
      1,
      2,
      0,
      0,
      0,
      1,
      2,
      2,
      1,
      2,
      0,
      2,
      2,
      2,
      0
    ],
    "dr_per_site": [
      1,
      1,
      2,
      0,
      1,
      0,
      0,
      2,
      1,
      1,
      1,
      0,
      1,
      0,
      2,
      0,
      1
    ],
    "nuclear_per_region": [
      0,
      0,
      2
    ],
    "hydro_reservoir_per_region": [
      3,
      3,
      2
    ],
    "hydro_ror_per_zone": [
      2,
      1,
      0,
      1,
      0,
      0,
      1,
      0,
      2,
      0,
      1,
      2,
      2,
      1,
      1,
      1,
      0
    ],
    "hydro_pumped_per_region": [
      0,
      2,
      2
    ]
  },
  "econ_policy": {
    "co2_price": 87.09312594249866,
    "price_cap": 4284.079592011617,
    "cross_border_policy": "allow",
    "import_export_caps_factor": 0.9649452789464
  },
  "tech": {
    "thermal_marg_cost": 4.187128302629574,
    "thermal_ramp_pct": 0.11454661241349307,
    "battery_roundtrip_eff": 0.9141593361116244,
    "battery_e_to_p_hours": 4.034942787159798,
    "dr_max_shed_share": 0.10317098117056037,
    "dr_duration_hours": 1.6207569142674592,
    "hydro_reservoir_head_eff": 0.972433944920114,
    "battery_initial_soc_fraction": 0.4005360120778947,
    "battery_final_soc_tolerance": 0.1372809802686168,
    "battery_self_discharge_per_hour": 0.001100895561996462,
    "pumped_initial_level_fraction": 0.48197567944265113,
    "pumped_final_level_tolerance": 0.1072855388116189,
    "pumped_self_discharge_per_hour": 0.001122790800469767
  },
  "operation_costs": {
    "thermal_fuel_eur_per_mwh": 73.57649088932419,
    "nuclear_fuel_eur_per_mwh": 15.141501645746477,
    "demand_response_cost_eur_per_mwh": 802.4539841990286,
    "value_of_lost_load_eur_per_mwh": 8652.348862442777,
    "renewable_spill_cost_eur_per_mwh": 571.6340337302663,
    "hydro_spill_cost_eur_per_mwh": 853.0508910934345,
    "overgen_spill_cost_eur_per_mwh": 5137.24678640122,
    "battery_cycle_cost_eur_per_mwh": 99.75239651638736,
    "pumped_cycle_cost_eur_per_mwh": 68.101414266194
  },
  "exogenous": {
    "weather_profile": "sunny_summer",
    "weather_spread_intensity": 0.7797569354162283,
    "demand_profile": "heatwave",
    "demand_scale_factor": 1.1869799669177579,
    "inflow_factor": 1.607466717992795,
    "zone_profile_variants": {
      "evening_peak": 0.28,
      "double_peak": 0.16,
      "office_peak": 0.2,
      "industrial": 0.14,
      "night_shift": 0.1,
      "residential_morning": 0.12
    },
    "zone_profile_mix_weight": [
      0.4,
      0.8
    ],
    "zone_profile_phase_shift_hours": [
      -2.5,
      2.5
    ],
    "zone_profile_noise_std": [
      0.02,
      0.06
    ],
    "zone_profile_curvature_exp": [
      0.9,
      1.18
    ],
    "region_weather": {
      "R1": {
        "weather_profile": "calm_winter",
        "weather_spread_intensity": 0.8906183890279137
      },
      "R2": {
        "weather_profile": "sunny_summer",
        "weather_spread_intensity": 0.9439866844744627
      },
      "R3": {
        "weather_profile": "mixed",
        "weather_spread_intensity": 0.5046657327463082
      }
    }
  },
  "mip_gap_target_pct": 0.8121091738315822,
  "estimates": {
    "vars_total": 87264,
    "cons_total": 113443,
    "est_cpu_hours": 1.6305092222222222
  },
  "meta": {
    "regions": 3,
    "zones": 17,
    "sites": 17,
    "intertie_density": 0.39130045695049387,
    "neighbor_nations": 1,
    "assets": {
      "thermal": 28,
      "solar": 37,
      "wind": 37,
      "battery": 19,
      "dr": 14,
      "nuclear": 2,
      "hydro_reservoir": 8,
      "hydro_ror": 15,
      "hydro_pumped": 4
    },
    "demand_scale_factor": 1.1869799669177579,
    "zone_profile_variants": {
      "evening_peak": 0.28,
      "double_peak": 0.16,
      "office_peak": 0.2,
      "industrial": 0.14,
      "night_shift": 0.1,
      "residential_morning": 0.12
    },
    "zone_profile_mix_weight": [
      0.4,
      0.8
    ],
    "weather_profile": "sunny_summer",
    "cross_border_policy": "allow",
    "price_cap": 4284.079592011617,
    "co2_price": 87.09312594249866,
    "import_export_caps_factor": 0.9649452789464,
    "operation_costs": {
      "thermal_fuel_eur_per_mwh": 73.57649088932419,
      "nuclear_fuel_eur_per_mwh": 15.141501645746477,
      "demand_response_cost_eur_per_mwh": 802.4539841990286,
      "value_of_lost_load_eur_per_mwh": 8652.348862442777,
      "renewable_spill_cost_eur_per_mwh": 571.6340337302663,
      "hydro_spill_cost_eur_per_mwh": 853.0508910934345,
      "overgen_spill_cost_eur_per_mwh": 5137.24678640122,
      "battery_cycle_cost_eur_per_mwh": 99.75239651638736,
      "pumped_cycle_cost_eur_per_mwh": 68.101414266194
    },
    "tech_scalers": {
      "thermal_marg_cost": 4.187128302629574,
      "thermal_ramp_pct": 0.11454661241349307,
      "battery_roundtrip_eff": 0.9141593361116244,
      "battery_e_to_p_hours": 4.034942787159798,
      "dr_max_shed_share": 0.10317098117056037,
      "dr_duration_hours": 1.6207569142674592,
      "hydro_reservoir_head_eff": 0.972433944920114,
      "battery_initial_soc_fraction": 0.4005360120778947,
      "battery_final_soc_tolerance": 0.1372809802686168,
      "battery_self_discharge_per_hour": 0.001100895561996462,
      "pumped_initial_level_fraction": 0.48197567944265113,
      "pumped_final_level_tolerance": 0.1072855388116189,
      "pumped_self_discharge_per_hour": 0.001122790800469767
    }
  },
  "flexibility_metrics": {
    "total_storage_power_mw": 1750.0,
    "total_storage_capacity_mwh": 10233.2,
    "battery_power_mw": 950.0,
    "battery_capacity_mwh": 3833.2,
    "pumped_power_mw": 800.0,
    "pumped_capacity_mwh": 6400.0,
    "total_dr_capacity_mw": 1040.9,
    "total_ramp_up_mw_per_step": 265.5,
    "total_ramp_down_mw_per_step": 265.5,
    "thermal_flex_ratio": 0.268,
    "dr_duration_hours": 1.62,
    "battery_roundtrip_efficiency": 0.914
  },
  "difficulty_indicators": {
    "vre_penetration_pct": 34.71,
    "net_demand_volatility": 0.311,
    "peak_to_valley_ratio": 2.14,
    "estimated_milp_solve_time_seconds": 5869.8,
    "complexity_score": "hard",
    "n_binary_variables": 2688,
    "n_timesteps": 96,
    "n_zones": 17,
    "weather_profile": "sunny_summer",
    "demand_profile": "heatwave"
  }
}