{
  "id": "58d47a8a-7f54-4d9c-8329-88632ffd6ce0",
  "horizon_hours": 24,
  "dt_minutes": 15,
  "graph": {
    "regions": 4,
    "zones_per_region": [
      6,
      4,
      7,
      9
    ],
    "sites_per_zone": [
      3,
      3,
      3,
      2,
      6,
      6,
      7,
      5,
      8,
      7,
      5,
      2,
      5,
      2,
      6,
      3,
      5,
      3,
      5,
      8,
      2,
      5,
      5,
      4,
      4,
      5
    ],
    "intertie_density": 0.37723750457992206,
    "neighbor_nations": 3
  },
  "assets": {
    "thermal_per_site": [
      2,
      3,
      2,
      1,
      1,
      3,
      2,
      3,
      3,
      2,
      0,
      0,
      0,
      2,
      0,
      3,
      1,
      0,
      1,
      0,
      1,
      0,
      2,
      0,
      3,
      3
    ],
    "solar_per_site": [
      2,
      1,
      3,
      3,
      3,
      2,
      1,
      3,
      2,
      3,
      1,
      3,
      1,
      1,
      3,
      2,
      1,
      1,
      3,
      1,
      2,
      2,
      2,
      1,
      3,
      3
    ],
    "wind_per_site": [
      2,
      1,
      3,
      1,
      1,
      2,
      3,
      3,
      3,
      3,
      2,
      1,
      1,
      2,
      3,
      1,
      3,
      3,
      3,
      3,
      1,
      2,
      3,
      1,
      1,
      1
    ],
    "battery_per_site": [
      0,
      1,
      1,
      0,
      0,
      0,
      0,
      1,
      2,
      1,
      0,
      2,
      1,
      1,
      2,
      2,
      2,
      2,
      2,
      1,
      2,
      1,
      1,
      2,
      2,
      0
    ],
    "dr_per_site": [
      2,
      2,
      0,
      0,
      2,
      0,
      0,
      1,
      2,
      2,
      0,
      2,
      1,
      2,
      1,
      0,
      1,
      2,
      0,
      2,
      1,
      1,
      2,
      0,
      1,
      2
    ],
    "nuclear_per_region": [
      0,
      2,
      1,
      2
    ],
    "hydro_reservoir_per_region": [
      1,
      2,
      0,
      0
    ],
    "hydro_ror_per_zone": [
      1,
      0,
      1,
      2,
      2,
      0,
      1,
      2,
      2,
      0,
      1,
      1,
      2,
      0,
      2,
      2,
      0,
      1,
      0,
      2,
      2,
      0,
      0,
      1,
      1,
      0
    ],
    "hydro_pumped_per_region": [
      2,
      2,
      2,
      0
    ]
  },
  "econ_policy": {
    "co2_price": 236.65075705288916,
    "price_cap": 1097.849574663069,
    "cross_border_policy": "block",
    "import_export_caps_factor": 1.351631300388093
  },
  "tech": {
    "thermal_marg_cost": 0.9021097768516778,
    "thermal_ramp_pct": 0.3538019069001304,
    "battery_roundtrip_eff": 0.9347695285307621,
    "battery_e_to_p_hours": 4.306782239940599,
    "dr_max_shed_share": 0.23122880878480706,
    "dr_duration_hours": 4.461652152586736,
    "hydro_reservoir_head_eff": 1.0436709945219258,
    "battery_initial_soc_fraction": 0.4872745112119874,
    "battery_final_soc_tolerance": 0.17296335990921363,
    "battery_self_discharge_per_hour": 0.006053644849357676,
    "pumped_initial_level_fraction": 0.5008486377696175,
    "pumped_final_level_tolerance": 0.05599872165489006,
    "pumped_self_discharge_per_hour": 0.0013937279221852977
  },
  "operation_costs": {
    "thermal_fuel_eur_per_mwh": 50.544090421872504,
    "nuclear_fuel_eur_per_mwh": 11.887618124385078,
    "demand_response_cost_eur_per_mwh": 998.688485112161,
    "value_of_lost_load_eur_per_mwh": 8441.983072892212,
    "renewable_spill_cost_eur_per_mwh": 1694.1747851072535,
    "hydro_spill_cost_eur_per_mwh": 766.344942250926,
    "overgen_spill_cost_eur_per_mwh": 5422.106329423762,
    "battery_cycle_cost_eur_per_mwh": 101.90956281667788,
    "pumped_cycle_cost_eur_per_mwh": 72.73454375375296
  },
  "exogenous": {
    "weather_profile": "sunny_summer",
    "weather_spread_intensity": 0.7497960915693597,
    "demand_profile": "shoulder",
    "demand_scale_factor": 0.652889121645435,
    "inflow_factor": 0.5996716069218895,
    "zone_profile_variants": {
      "evening_peak": 0.28,
      "double_peak": 0.16,
      "office_peak": 0.2,
      "industrial": 0.14,
      "night_shift": 0.1,
      "residential_morning": 0.12
    },
    "zone_profile_mix_weight": [
      0.4,
      0.8
    ],
    "zone_profile_phase_shift_hours": [
      -2.5,
      2.5
    ],
    "zone_profile_noise_std": [
      0.02,
      0.06
    ],
    "zone_profile_curvature_exp": [
      0.9,
      1.18
    ],
    "region_weather": {
      "R1": {
        "weather_profile": "sunny_summer",
        "weather_spread_intensity": 0.7716962934702198
      },
      "R2": {
        "weather_profile": "stormy_winter",
        "weather_spread_intensity": 0.8265998303091295
      },
      "R3": {
        "weather_profile": "mixed",
        "weather_spread_intensity": 0.6115526888587208
      },
      "R4": {
        "weather_profile": "sunny_summer",
        "weather_spread_intensity": 0.7893355536393684
      }
    }
  },
  "mip_gap_target_pct": 0.8485785484947896,
  "estimates": {
    "vars_total": 131040,
    "cons_total": 170352,
    "est_cpu_hours": 2.411669333333333
  },
  "meta": {
    "regions": 4,
    "zones": 26,
    "sites": 26,
    "intertie_density": 0.37723750457992206,
    "neighbor_nations": 3,
    "assets": {
      "thermal": 38,
      "solar": 53,
      "wind": 53,
      "battery": 29,
      "dr": 29,
      "nuclear": 5,
      "hydro_reservoir": 3,
      "hydro_ror": 26,
      "hydro_pumped": 6
    },
    "demand_scale_factor": 0.652889121645435,
    "zone_profile_variants": {
      "evening_peak": 0.28,
      "double_peak": 0.16,
      "office_peak": 0.2,
      "industrial": 0.14,
      "night_shift": 0.1,
      "residential_morning": 0.12
    },
    "zone_profile_mix_weight": [
      0.4,
      0.8
    ],
    "weather_profile": "sunny_summer",
    "cross_border_policy": "block",
    "price_cap": 1097.849574663069,
    "co2_price": 236.65075705288916,
    "import_export_caps_factor": 1.351631300388093,
    "operation_costs": {
      "thermal_fuel_eur_per_mwh": 50.544090421872504,
      "nuclear_fuel_eur_per_mwh": 11.887618124385078,
      "demand_response_cost_eur_per_mwh": 998.688485112161,
      "value_of_lost_load_eur_per_mwh": 8441.983072892212,
      "renewable_spill_cost_eur_per_mwh": 1694.1747851072535,
      "hydro_spill_cost_eur_per_mwh": 766.344942250926,
      "overgen_spill_cost_eur_per_mwh": 5422.106329423762,
      "battery_cycle_cost_eur_per_mwh": 101.90956281667788,
      "pumped_cycle_cost_eur_per_mwh": 72.73454375375296
    },
    "tech_scalers": {
      "thermal_marg_cost": 0.9021097768516778,
      "thermal_ramp_pct": 0.3538019069001304,
      "battery_roundtrip_eff": 0.9347695285307621,
      "battery_e_to_p_hours": 4.306782239940599,
      "dr_max_shed_share": 0.23122880878480706,
      "dr_duration_hours": 4.461652152586736,
      "hydro_reservoir_head_eff": 1.0436709945219258,
      "battery_initial_soc_fraction": 0.4872745112119874,
      "battery_final_soc_tolerance": 0.17296335990921363,
      "battery_self_discharge_per_hour": 0.006053644849357676,
      "pumped_initial_level_fraction": 0.5008486377696175,
      "pumped_final_level_tolerance": 0.05599872165489006,
      "pumped_self_discharge_per_hour": 0.0013937279221852977
    }
  },
  "flexibility_metrics": {
    "total_storage_power_mw": 2650.0,
    "total_storage_capacity_mwh": 15844.8,
    "battery_power_mw": 1450.0,
    "battery_capacity_mwh": 6244.8,
    "pumped_power_mw": 1200.0,
    "pumped_capacity_mwh": 9600.0,
    "total_dr_capacity_mw": 1962.6,
    "total_ramp_up_mw_per_step": 1070.8,
    "total_ramp_down_mw_per_step": 1070.8,
    "thermal_flex_ratio": 0.281,
    "dr_duration_hours": 4.46,
    "battery_roundtrip_efficiency": 0.935
  },
  "difficulty_indicators": {
    "vre_penetration_pct": 36.45,
    "net_demand_volatility": 0.242,
    "peak_to_valley_ratio": 1.18,
    "estimated_milp_solve_time_seconds": 8682.0,
    "complexity_score": "very_hard",
    "n_binary_variables": 3648,