{
  "id": "9813c3ae-4812-4d3b-ba01-fb8198254fb3",
  "horizon_hours": 24,
  "dt_minutes": 15,
  "graph": {
    "regions": 3,
    "zones_per_region": [
      6,
      5,
      5
    ],
    "sites_per_zone": [
      2,
      4,
      8,
      7,
      8,
      7,
      6,
      2,
      7,
      5,
      3,
      7,
      5,
      7,
      4,
      6
    ],
    "intertie_density": 0.26770946823760544,
    "neighbor_nations": 1
  },
  "assets": {
    "thermal_per_site": [
      1,
      2,
      0,
      0,
      0,
      1,
      2,
      1,
      1,
      1,
      2,
      1,
      0,
      3,
      0,
      2
    ],
    "solar_per_site": [
      1,
      1,
      3,
      2,
      1,
      2,
      2,
      2,
      2,
      2,
      2,
      2,
      1,
      3,
      2,
      2
    ],
    "wind_per_site": [
      3,
      2,
      3,
      1,
      3,
      2,
      3,
      3,
      2,
      2,
      1,
      2,
      2,
      1,
      2,
      3
    ],
    "battery_per_site": [
      0,
      0,
      0,
      0,
      2,
      0,
      0,
      0,
      2,
      0,
      1,
      1,
      2,
      2,
      1,
      2
    ],
    "dr_per_site": [
      2,
      0,
      2,
      1,
      1,
      2,
      0,
      1,
      1,
      2,
      2,
      1,
      1,
      1,
      2,
      0
    ],
    "nuclear_per_region": [
      2,
      1,
      2
    ],
    "hydro_reservoir_per_region": [
      1,
      1,
      2
    ],
    "hydro_ror_per_zone": [
      0,
      1,
      2,
      0,
      0,
      0,
      0,
      2,
      0,
      2,
      2,
      0,
      2,
      2,
      2,
      0
    ],
    "hydro_pumped_per_region": [
      1,
      1,
      2
    ]
  },
  "econ_policy": {
    "co2_price": 63.44995286175897,
    "price_cap": 1473.3480355983493,
    "cross_border_policy": "block",
    "import_export_caps_factor": 1.4602758830548357
  },
  "tech": {
    "thermal_marg_cost": 3.0965000215855856,
    "thermal_ramp_pct": 0.13253934574023357,
    "battery_roundtrip_eff": 0.9319302482701077,
    "battery_e_to_p_hours": 1.5025570974195293,
    "dr_max_shed_share": 0.27473696538612313,
    "dr_duration_hours": 4.054250948041966,
    "hydro_reservoir_head_eff": 0.7936398237534478,
    "battery_initial_soc_fraction": 0.5198508462886584,
    "battery_final_soc_tolerance": 0.1192579006323966,
    "battery_self_discharge_per_hour": 0.009903077376107825,
    "pumped_initial_level_fraction": 0.4614916121661786,
    "pumped_final_level_tolerance": 0.13236662665791282,
    "pumped_self_discharge_per_hour": 0.0023674214883586163
  },
  "operation_costs": {
    "thermal_fuel_eur_per_mwh": 62.64027444517634,
    "nuclear_fuel_eur_per_mwh": 9.07999038203766,
    "demand_response_cost_eur_per_mwh": 824.9249257738361,
    "value_of_lost_load_eur_per_mwh": 11840.567920035646,
    "renewable_spill_cost_eur_per_mwh": 976.4981274713855,
    "hydro_spill_cost_eur_per_mwh": 285.32910083568294,
    "overgen_spill_cost_eur_per_mwh": 3526.118056004206,
    "battery_cycle_cost_eur_per_mwh": 111.85250269989814,
    "pumped_cycle_cost_eur_per_mwh": 70.71762115080068
  },
  "exogenous": {
    "weather_profile": "calm_winter",
    "weather_spread_intensity": 1.0508837552295074,
    "demand_profile": "wkday_peak",
    "demand_scale_factor": 0.6570953427771998,
    "inflow_factor": 1.3584315911720521,
    "zone_profile_variants": {
      "evening_peak": 0.28,
      "double_peak": 0.16,
      "office_peak": 0.2,
      "industrial": 0.14,
      "night_shift": 0.1,
      "residential_morning": 0.12
    },
    "zone_profile_mix_weight": [
      0.4,
      0.8
    ],
    "zone_profile_phase_shift_hours": [
      -2.5,
      2.5
    ],
    "zone_profile_noise_std": [
      0.02,
      0.06
    ],
    "zone_profile_curvature_exp": [
      0.9,
      1.18
    ],
    "region_weather": {
      "R1": {
        "weather_profile": "calm_winter",
        "weather_spread_intensity": 1.4937019430659617
      },
      "R2": {
        "weather_profile": "mixed",
        "weather_spread_intensity": 0.9354207923630397
      },
      "R3": {
        "weather_profile": "calm_winter",
        "weather_spread_intensity": 0.7235285302595206
      }
    }
  },
  "mip_gap_target_pct": 0.5171181967321169,
  "estimates": {
    "vars_total": 78336,
    "cons_total": 101836,
    "est_cpu_hours": 1.471188888888889
  },
  "meta": {
    "regions": 3,
    "zones": 16,
    "sites": 16,
    "intertie_density": 0.26770946823760544,
    "neighbor_nations": 1,
    "assets": {
      "thermal": 17,
      "solar": 30,
      "wind": 35,
      "battery": 13,
      "dr": 19,
      "nuclear": 5,
      "hydro_reservoir": 4,
      "hydro_ror": 15,
      "hydro_pumped": 4
    },
    "demand_scale_factor": 0.6570953427771998,
    "zone_profile_variants": {
      "evening_peak": 0.28,
      "double_peak": 0.16,
      "office_peak": 0.2,
      "industrial": 0.14,
      "night_shift": 0.1,
      "residential_morning": 0.12
    },
    "zone_profile_mix_weight": [
      0.4,
      0.8
    ],
    "weather_profile": "calm_winter",
    "cross_border_policy": "block",
    "price_cap": 1473.3480355983493,
    "co2_price": 63.44995286175897,
    "import_export_caps_factor": 1.4602758830548357,
    "operation_costs": {
      "thermal_fuel_eur_per_mwh": 62.64027444517634,
      "nuclear_fuel_eur_per_mwh": 9.07999038203766,
      "demand_response_cost_eur_per_mwh": 824.9249257738361,
      "value_of_lost_load_eur_per_mwh": 11840.567920035646,
      "renewable_spill_cost_eur_per_mwh": 976.4981274713855,
      "hydro_spill_cost_eur_per_mwh": 285.32910083568294,
      "overgen_spill_cost_eur_per_mwh": 3526.118056004206,
      "battery_cycle_cost_eur_per_mwh": 111.85250269989814,
      "pumped_cycle_cost_eur_per_mwh": 70.71762115080068
    },
    "tech_scalers": {
      "thermal_marg_cost": 3.0965000215855856,
      "thermal_ramp_pct": 0.13253934574023357,
      "battery_roundtrip_eff": 0.9319302482701077,
      "battery_e_to_p_hours": 1.5025570974195293,
      "dr_max_shed_share": 0.27473696538612313,
      "dr_duration_hours": 4.054250948041966,
      "hydro_reservoir_head_eff": 0.7936398237534478,
      "battery_initial_soc_fraction": 0.5198508462886584,
      "battery_final_soc_tolerance": 0.1192579006323966,
      "battery_self_discharge_per_hour": 0.009903077376107825,
      "pumped_initial_level_fraction": 0.4614916121661786,
      "pumped_final_level_tolerance": 0.13236662665791282,
      "pumped_self_discharge_per_hour": 0.0023674214883586163
    }
  },
  "flexibility_metrics": {
    "total_storage_power_mw": 1450.0,
    "total_storage_capacity_mwh": 7376.7,
    "battery_power_mw": 650.0,
    "battery_capacity_mwh": 976.7,
    "pumped_power_mw": 800.0,
    "pumped_capacity_mwh": 6400.0,
    "total_dr_capacity_mw": 1444.2,
    "total_ramp_up_mw_per_step": 231.5,
    "total_ramp_down_mw_per_step": 231.5,
    "thermal_flex_ratio": 0.287,
    "dr_duration_hours": 4.05,
    "battery_roundtrip_efficiency": 0.932
  },
  "difficulty_indicators": {
    "vre_penetration_pct": 35.33,
    "net_demand_volatility": 0.192,
    "peak_to_valley_ratio": 1.18,
    "estimated_milp_solve_time_seconds": 5296.3,
    "complexity_score": "hard",
    "n_binary_variables": 1632,
    "n_timesteps": 96,
    "n_zones": 16,
    "weather_profile": "calm_winter",
    "demand_profile": "wkday_peak"
  }
}