{
  "id": "c61c5d9c-e02f-4f69-b427-8a2c3fc7c3f7",
  "horizon_hours": 24,
  "dt_minutes": 15,
  "graph": {
    "regions": 2,
    "zones_per_region": [
      4,
      7
    ],
    "sites_per_zone": [
      7,
      7,
      2,
      3,
      5,
      7,
      6,
      7,
      2,
      5,
      8
    ],
    "intertie_density": 0.432358105493467,
    "neighbor_nations": 5
  },
  "assets": {
    "thermal_per_site": [
      2,
      1,
      1,
      1,
      1,
      1,
      2,
      1,
      3,
      1,
      3
    ],
    "solar_per_site": [
      1,
      1,
      3,
      1,
      2,
      3,
      3,
      3,
      3,
      3,
      1
    ],
    "wind_per_site": [
      1,
      1,
      2,
      2,
      1,
      1,
      3,
      1,
      2,
      2,
      3
    ],
    "battery_per_site": [
      1,
      1,
      2,
      2,
      2,
      0,
      0,
      0,
      0,
      0,
      1
    ],
    "dr_per_site": [
      1,
      0,
      0,
      1,
      1,
      1,
      2,
      1,
      1,
      0,
      0
    ],
    "nuclear_per_region": [
      0,
      1
    ],
    "hydro_reservoir_per_region": [
      1,
      2
    ],
    "hydro_ror_per_zone": [
      2,
      0,
      2,
      0,
      1,
      1,
      2,
      0,
      2,
      0,
      0
    ],
    "hydro_pumped_per_region": [
      1,
      1
    ]
  },
  "econ_policy": {
    "co2_price": 51.34290800350147,
    "price_cap": 1169.6256312091505,
    "cross_border_policy": "cap",
    "import_export_caps_factor": 0.8468524476777238
  },
  "tech": {
    "thermal_marg_cost": 10.838206864980862,
    "thermal_ramp_pct": 0.10124353451774751,
    "battery_roundtrip_eff": 0.8477683518588196,
    "battery_e_to_p_hours": 5.75395326592287,
    "dr_max_shed_share": 0.19203576442264447,
    "dr_duration_hours": 1.755723851463936,
    "hydro_reservoir_head_eff": 1.0059141118273793,
    "battery_initial_soc_fraction": 0.5388665942500744,
    "battery_final_soc_tolerance": 0.1018234364892817,
    "battery_self_discharge_per_hour": 0.0044478562468735165,
    "pumped_initial_level_fraction": 0.6691897308208933,
    "pumped_final_level_tolerance": 0.06844271221129997,
    "pumped_self_discharge_per_hour": 0.0005889169396180421
  },
  "operation_costs": {
    "thermal_fuel_eur_per_mwh": 69.8324332909952,
    "nuclear_fuel_eur_per_mwh": 17.445586334040957,
    "thermal_startup_cost_eur": 6756.235074117344,
    "nuclear_startup_cost_eur": 22999.902001960123,
    "demand_response_cost_eur_per_mwh": 104.96041497729779,
    "value_of_lost_load_eur_per_mwh": 9558.548934385442,
    "renewable_spill_cost_eur_per_mwh": 1489.7671536560358,
    "hydro_spill_cost_eur_per_mwh": 1085.391534540011,
    "overgen_spill_cost_eur_per_mwh": 7414.314550246881,
    "battery_cycle_cost_eur_per_mwh": 98.65537856215235,
    "pumped_cycle_cost_eur_per_mwh": 51.18428593256842
  },
  "exogenous": {
    "weather_profile": "calm_winter",
    "weather_spread_intensity": 0.6269232314826854,
    "demand_profile": "wkend_flat",
    "demand_scale_factor": 1.2520418914579259,
    "inflow_factor": 0.8610134513148144,
    "zone_profile_variants": {
      "evening_peak": 0.28,
      "double_peak": 0.16,
      "office_peak": 0.2,
      "industrial": 0.14,
      "night_shift": 0.1,
      "residential_morning": 0.12
    },
    "zone_profile_mix_weight": [
      0.4,
      0.8
    ],
    "zone_profile_phase_shift_hours": [
      -2.5,
      2.5
    ],
    "zone_profile_noise_std": [
      0.02,
      0.06
    ],
    "zone_profile_curvature_exp": [
      0.9,
      1.18
    ],
    "region_weather": {
      "R1": {
        "weather_profile": "calm_winter",
        "weather_spread_intensity": 0.691051864372308
      },
      "R2": {
        "weather_profile": "calm_winter",
        "weather_spread_intensity": 0.5627945985930627
      }
    }
  },
  "mip_gap_target_pct": 0.7495745592079748,
  "estimates": {
    "vars_total": 52992,
    "cons_total": 68889,
    "est_cpu_hours": 1.0189409999999999
  },
  "meta": {
    "regions": 2,
    "zones": 11,
    "sites": 11,
    "intertie_density": 0.432358105493467,
    "neighbor_nations": 5,
    "assets": {
      "thermal": 17,
      "solar": 24,
      "wind": 19,
      "battery": 9,
      "dr": 8,
      "nuclear": 1,
      "hydro_reservoir": 3,
      "hydro_ror": 10,
      "hydro_pumped": 2
    },
    "demand_scale_factor": 1.2520418914579259,
    "zone_profile_variants": {
      "evening_peak": 0.28,
      "double_peak": 0.16,
      "office_peak": 0.2,
      "industrial": 0.14,
      "night_shift": 0.1,
      "residential_morning": 0.12
    },
    "zone_profile_mix_weight": [
      0.4,
      0.8
    ],
    "weather_profile": "calm_winter",
    "cross_border_policy": "cap",
    "price_cap": 1169.6256312091505,
    "co2_price": 51.34290800350147,
    "import_export_caps_factor": 0.8468524476777238,
    "operation_costs": {
      "thermal_fuel_eur_per_mwh": 69.8324332909952,
      "nuclear_fuel_eur_per_mwh": 17.445586334040957,
      "thermal_startup_cost_eur": 6756.235074117344,
      "nuclear_startup_cost_eur": 22999.902001960123,
      "demand_response_cost_eur_per_mwh": 104.96041497729779,
      "value_of_lost_load_eur_per_mwh": 9558.548934385442,
      "renewable_spill_cost_eur_per_mwh": 1489.7671536560358,
      "hydro_spill_cost_eur_per_mwh": 1085.391534540011,
      "overgen_spill_cost_eur_per_mwh": 7414.314550246881,
      "battery_cycle_cost_eur_per_mwh": 98.65537856215235,
      "pumped_cycle_cost_eur_per_mwh": 51.18428593256842
    },
    "tech_scalers": {
      "thermal_marg_cost": 10.838206864980862,
      "thermal_ramp_pct": 0.10124353451774751,
      "battery_roundtrip_eff": 0.8477683518588196,
      "battery_e_to_p_hours": 5.75395326592287,
      "dr_max_shed_share": 0.19203576442264447,
      "dr_duration_hours": 1.755723851463936,
      "hydro_reservoir_head_eff": 1.0059141118273793,
      "battery_initial_soc_fraction": 0.5388665942500744,
      "battery_final_soc_tolerance": 0.1018234364892817,
      "battery_self_discharge_per_hour": 0.0044478562468735165,
      "pumped_initial_level_fraction": 0.6691897308208933,
      "pumped_final_level_tolerance": 0.06844271221129997,
      "pumped_self_discharge_per_hour": 0.0005889169396180421
    }
  },
  "flexibility_metrics": {
    "total_storage_power_mw": 850.0,
    "total_storage_capacity_mwh": 5789.3,
    "battery_power_mw": 450.0,
    "battery_capacity_mwh": 2589.3,
    "pumped_power_mw": 400.0,
    "pumped_capacity_mwh": 3200.0,
    "total_dr_capacity_mw": 1322.4,
    "total_ramp_up_mw_per_step": 141.6,
    "total_ramp_down_mw_per_step": 141.6,
    "thermal_flex_ratio": 0.356,
    "dr_duration_hours": 1.76,
    "battery_roundtrip_efficiency": 0.848
  },
  "difficulty_indicators": {
    "vre_penetration_pct": 35.35,
    "net_demand_volatility": 0.144,
    "peak_to_valley_ratio": 2.25,
    "estimated_milp_solve_time_seconds": 3668.2,
    "complexity_score": "medium",
    "n_binary_variables": 1632,
    "n_timesteps": 96,
    "n_zones": 11,
    "weather_profile": "calm_winter",
    "demand_profile": "wkend_flat"
  }
}