{
  "id": "58fa1a90-4f53-4365-bf3c-e7e3b2b95738",
  "horizon_hours": 24,
  "dt_minutes": 15,
  "graph": {
    "regions": 4,
    "zones_per_region": [
      9,
      4,
      3,
      8
    ],
    "sites_per_zone": [
      2,
      2,
      2,
      3,
      6,
      2,
      5,
      6,
      2,
      3,
      6,
      4,
      4,
      2,
      7,
      2,
      5,
      7,
      5,
      8,
      3,
      2,
      8,
      8
    ],
    "intertie_density": 0.40132445368726044,
    "neighbor_nations": 3
  },
  "assets": {
    "thermal_per_site": [
      1,
      1,
      2,
      3,
      0,
      3,
      1,
      2,
      0,
      2,
      0,
      2,
      2,
      0,
      3,
      0,
      1,
      3,
      1,
      3,
      1,
      3,
      3,
      2
    ],
    "solar_per_site": [
      3,
      3,
      1,
      2,
      3,
      1,
      1,
      1,
      3,
      1,
      1,
      3,
      2,
      1,
      3,
      3,
      1,
      2,
      3,
      1,
      2,
      2,
      1,
      3
    ],
    "wind_per_site": [
      3,
      2,
      1,
      2,
      3,
      1,
      1,
      3,
      3,
      2,
      2,
      1,
      3,
      2,
      2,
      1,
      3,
      1,
      1,
      1,
      1,
      1,
      1,
      2
    ],
    "battery_per_site": [
      2,
      0,
      1,
      1,
      1,
      0,
      2,
      1,
      0,
      0,
      0,
      0,
      1,
      1,
      2,
      1,
      1,
      1,
      2,
      2,
      1,
      1,
      0,
      2
    ],
    "dr_per_site": [
      1,
      2,
      0,
      1,
      2,
      0,
      2,
      2,
      1,
      1,
      1,
      1,
      1,
      1,
      0,
      2,
      0,
      2,
      2,
      1,
      1,
      2,
      2,
      1
    ],
    "nuclear_per_region": [
      1,
      1,
      1,
      0
    ],
    "hydro_reservoir_per_region": [
      1,
      0,
      3,
      3
    ],
    "hydro_ror_per_zone": [
      2,
      2,
      0,
      0,
      2,
      0,
      2,
      1,
      0,
      1,
      0,
      1,
      2,
      1,
      0,
      2,
      1,
      1,
      2,
      0,
      0,
      2,
      0,
      1
    ],
    "hydro_pumped_per_region": [
      2,
      0,
      2,
      0
    ]
  },
  "econ_policy": {
    "co2_price": 223.09784892349137,
    "price_cap": 4144.027014080243,
    "cross_border_policy": "cap",
    "import_export_caps_factor": 1.207313464919316
  },
  "tech": {
    "thermal_marg_cost": 1.2182676914535011,
    "thermal_ramp_pct": 0.283174397527332,
    "battery_roundtrip_eff": 0.8868854523077263,
    "battery_e_to_p_hours": 4.752641611359586,
    "dr_max_shed_share": 0.26357981097742983,
    "dr_duration_hours": 1.834905237507908,
    "hydro_reservoir_head_eff": 0.9368611725872431,
    "battery_initial_soc_fraction": 0.43103520504047926,
    "battery_final_soc_tolerance": 0.15961823010973497,
    "battery_self_discharge_per_hour": 0.00927583726975124,
    "pumped_initial_level_fraction": 0.5642832733840571,
    "pumped_final_level_tolerance": 0.15222357561154398,
    "pumped_self_discharge_per_hour": 0.0038309618572010215
  },
  "operation_costs": {
    "thermal_fuel_eur_per_mwh": 63.2891119060278,
    "nuclear_fuel_eur_per_mwh": 14.811169170983376,
    "demand_response_cost_eur_per_mwh": 469.04198877339917,
    "value_of_lost_load_eur_per_mwh": 6864.1897971096905,
    "renewable_spill_cost_eur_per_mwh": 1316.4797325832824,
    "hydro_spill_cost_eur_per_mwh": 1157.827369823916,
    "overgen_spill_cost_eur_per_mwh": 4063.7058583829826,
    "battery_cycle_cost_eur_per_mwh": 118.88472119921883,
    "pumped_cycle_cost_eur_per_mwh": 73.80737418264343
  },
  "exogenous": {
    "weather_profile": "mixed",
    "weather_spread_intensity": 1.179060647712323,
    "demand_profile": "shoulder",
    "demand_scale_factor": 0.8351114283994895,
    "inflow_factor": 0.8991829638590842,
    "zone_profile_variants": {
      "evening_peak": 0.28,
      "double_peak": 0.16,
      "office_peak": 0.2,
      "industrial": 0.14,
      "night_shift": 0.1,
      "residential_morning": 0.12
    },
    "zone_profile_mix_weight": [
      0.4,
      0.8
    ],
    "zone_profile_phase_shift_hours": [
      -2.5,
      2.5
    ],
    "zone_profile_noise_std": [
      0.02,
      0.06
    ],
    "zone_profile_curvature_exp": [
      0.9,
      1.18
    ],
    "region_weather": {
      "R1": {
        "weather_profile": "mixed",
        "weather_spread_intensity": 1.3813731527151352
      },
      "R2": {
        "weather_profile": "calm_winter",
        "weather_spread_intensity": 1.3654458646179664
      },
      "R3": {
        "weather_profile": "mixed",
        "weather_spread_intensity": 1.126999601528055
      },
      "R4": {
        "weather_profile": "overcast_summer",
        "weather_spread_intensity": 0.8424239719881362
      }
    }
  },
  "mip_gap_target_pct": 1.4496066792517048,
  "estimates": {
    "vars_total": 120480,
    "cons_total": 156624,
    "est_cpu_hours": 2.223232
  },
  "meta": {
    "regions": 4,
    "zones": 24,
    "sites": 24,
    "intertie_density": 0.40132445368726044,
    "neighbor_nations": 3,
    "assets": {
      "thermal": 39,
      "solar": 47,
      "wind": 43,
      "battery": 23,
      "dr": 29,
      "nuclear": 3,
      "hydro_reservoir": 7,
      "hydro_ror": 23,
      "hydro_pumped": 4
    },
    "demand_scale_factor": 0.8351114283994895,
    "zone_profile_variants": {
      "evening_peak": 0.28,
      "double_peak": 0.16,
      "office_peak": 0.2,
      "industrial": 0.14,
      "night_shift": 0.1,
      "residential_morning": 0.12
    },
    "zone_profile_mix_weight": [
      0.4,
      0.8
    ],
    "weather_profile": "mixed",
    "cross_border_policy": "cap",
    "price_cap": 4144.027014080243,
    "co2_price": 223.09784892349137,
    "import_export_caps_factor": 1.207313464919316,
    "operation_costs": {
      "thermal_fuel_eur_per_mwh": 63.2891119060278,
      "nuclear_fuel_eur_per_mwh": 14.811169170983376,
      "demand_response_cost_eur_per_mwh": 469.04198877339917,
      "value_of_lost_load_eur_per_mwh": 6864.1897971096905,
      "renewable_spill_cost_eur_per_mwh": 1316.4797325832824,
      "hydro_spill_cost_eur_per_mwh": 1157.827369823916,
      "overgen_spill_cost_eur_per_mwh": 4063.7058583829826,
      "battery_cycle_cost_eur_per_mwh": 118.88472119921883,
      "pumped_cycle_cost_eur_per_mwh": 73.80737418264343
    },
    "tech_scalers": {
      "thermal_marg_cost": 1.2182676914535011,
      "thermal_ramp_pct": 0.283174397527332,
      "battery_roundtrip_eff": 0.8868854523077263,
      "battery_e_to_p_hours": 4.752641611359586,
      "dr_max_shed_share": 0.26357981097742983,
      "dr_duration_hours": 1.834905237507908,
      "hydro_reservoir_head_eff": 0.9368611725872431,
      "battery_initial_soc_fraction": 0.43103520504047926,
      "battery_final_soc_tolerance": 0.15961823010973497,
      "battery_self_discharge_per_hour": 0.00927583726975124,
      "pumped_initial_level_fraction": 0.5642832733840571,
      "pumped_final_level_tolerance": 0.15222357561154398,
      "pumped_self_discharge_per_hour": 0.0038309618572010215
    }
  },
  "flexibility_metrics": {
    "total_storage_power_mw": 1950.0,
    "total_storage_capacity_mwh": 11865.5,
    "battery_power_mw": 1150.0,
    "battery_capacity_mwh": 5465.5,
    "pumped_power_mw": 800.0,
    "pumped_capacity_mwh": 6400.0,
    "total_dr_capacity_mw": 2641.4,
    "total_ramp_up_mw_per_step": 865.8,
    "total_ramp_down_mw_per_step": 865.8,
    "thermal_flex_ratio": 0.312,
    "dr_duration_hours": 1.83,
    "battery_roundtrip_efficiency": 0.887
  },
  "difficulty_indicators": {
    "vre_penetration_pct": 32.84,
    "net_demand_volatility": 0.206,
    "peak_to_valley_ratio": 1.5,
    "estimated_milp_solve_time_seconds": 8003.6,
    "complexity_score": "very_hard",
    "n_binary_variables": 3744,
    "n_timesteps": 96,
    "n_zones": 24,
    "weather_profile": "mixed",
    "demand_profile": "shoulder"
  }
}