{
  "id": "9e1a381f-a87b-4f15-ac53-14620fb3a592",
  "horizon_hours": 24,
  "dt_minutes": 15,
  "graph": {
    "regions": 5,
    "zones_per_region": [
      3,
      3,
      4,
      6,
      6
    ],
    "sites_per_zone": [
      7,
      7,
      5,
      2,
      5,
      6,
      4,
      2,
      4,
      8,
      3,
      6,
      3,
      4,
      6,
      6,
      3,
      2,
      4,
      4,
      7,
      5
    ],
    "intertie_density": 0.4130007153263603,
    "neighbor_nations": 3
  },
  "assets": {
    "thermal_per_site": [
      0,
      2,
      0,
      0,
      0,
      3,
      2,
      0,
      0,
      3,
      2,
      2,
      1,
      2,
      3,
      2,
      3,
      3,
      2,
      0,
      1,
      3
    ],
    "solar_per_site": [
      1,
      1,
      1,
      1,
      1,
      1,
      1,
      1,
      2,
      3,
      1,
      3,
      1,
      1,
      2,
      2,
      1,
      2,
      3,
      1,
      1,
      3
    ],
    "wind_per_site": [
      1,
      2,
      2,
      1,
      3,
      2,
      3,
      2,
      1,
      3,
      2,
      3,
      3,
      2,
      3,
      1,
      2,
      1,
      1,
      3,
      3,
      2
    ],
    "battery_per_site": [
      0,
      0,
      1,
      1,
      2,
      2,
      1,
      1,
      0,
      1,
      0,
      2,
      1,
      2,
      2,
      1,
      2,
      1,
      1,
      2,
      2,
      1
    ],
    "dr_per_site": [
      0,
      1,
      2,
      0,
      0,
      1,
      1,
      1,
      2,
      2,
      0,
      0,
      0,
      1,
      2,
      0,
      1,
      2,
      0,
      1,
      0,
      2
    ],
    "nuclear_per_region": [
      2,
      1,
      1,
      0,
      0
    ],
    "hydro_reservoir_per_region": [
      0,
      1,
      3,
      3,
      2
    ],
    "hydro_ror_per_zone": [
      1,
      1,
      2,
      1,
      2,
      2,
      2,
      1,
      2,
      2,
      1,
      1,
      1,
      2,
      0,
      2,
      2,
      2,
      2,
      1,
      0,
      2
    ],
    "hydro_pumped_per_region": [
      0,
      0,
      2,
      1,
      1
    ]
  },
  "econ_policy": {
    "co2_price": 121.10624692637073,
    "price_cap": 1369.468205308292,
    "cross_border_policy": "cap",
    "import_export_caps_factor": 1.3835198005217695
  },
  "tech": {
    "thermal_marg_cost": 12.783266460915497,
    "thermal_ramp_pct": 0.23699797119663163,
    "battery_roundtrip_eff": 0.8760296306096375,
    "battery_e_to_p_hours": 5.942137258612217,
    "dr_max_shed_share": 0.3171339650094403,
    "dr_duration_hours": 5.0985951968078265,
    "hydro_reservoir_head_eff": 0.8724910638039203,
    "battery_initial_soc_fraction": 0.45029315828393224,
    "battery_final_soc_tolerance": 0.1427942206486463,
    "battery_self_discharge_per_hour": 0.0013564249369704463,
    "pumped_initial_level_fraction": 0.446599014724725,
    "pumped_final_level_tolerance": 0.10156955726371425,
    "pumped_self_discharge_per_hour": 0.0037932824532841657
  },
  "operation_costs": {
    "thermal_fuel_eur_per_mwh": 59.6655671784507,
    "nuclear_fuel_eur_per_mwh": 14.831868452570514,
    "demand_response_cost_eur_per_mwh": 674.4627995217174,
    "value_of_lost_load_eur_per_mwh": 9037.792185499153,
    "renewable_spill_cost_eur_per_mwh": 537.2910800559208,
    "hydro_spill_cost_eur_per_mwh": 318.68322577450965,
    "overgen_spill_cost_eur_per_mwh": 7989.256180386367,
    "battery_cycle_cost_eur_per_mwh": 97.80148368124892,
    "pumped_cycle_cost_eur_per_mwh": 55.623062222908175
  },
  "exogenous": {
    "weather_profile": "mixed",
    "weather_spread_intensity": 1.1281706531434168,
    "demand_profile": "heatwave",
    "demand_scale_factor": 1.1197912302193256,
    "inflow_factor": 1.0671751614207512,
    "zone_profile_variants": {
      "evening_peak": 0.28,
      "double_peak": 0.16,
      "office_peak": 0.2,
      "industrial": 0.14,
      "night_shift": 0.1,
      "residential_morning": 0.12
    },
    "zone_profile_mix_weight": [
      0.4,
      0.8
    ],
    "zone_profile_phase_shift_hours": [
      -2.5,
      2.5
    ],
    "zone_profile_noise_std": [
      0.02,
      0.06
    ],
    "zone_profile_curvature_exp": [
      0.9,
      1.18
    ],
    "region_weather": {
      "R1": {
        "weather_profile": "stormy_winter",
        "weather_spread_intensity": 0.817527746104999
      },
      "R2": {
        "weather_profile": "mixed",
        "weather_spread_intensity": 1.2411489731749659
      },
      "R3": {
        "weather_profile": "mixed",
        "weather_spread_intensity": 0.9435132429402024
      },
      "R4": {
        "weather_profile": "overcast_summer",
        "weather_spread_intensity": 1.2245570896961333
      },
      "R5": {
        "weather_profile": "calm_winter",
        "weather_spread_intensity": 1.4141062138007827
      }
    }
  },
  "mip_gap_target_pct": 0.6470630763455416,
  "estimates": {
    "vars_total": 111936,
    "cons_total": 145516,
    "est_cpu_hours": 2.070762222222222
  },
  "meta": {
    "regions": 5,
    "zones": 22,
    "sites": 22,
    "intertie_density": 0.4130007153263603,
    "neighbor_nations": 3,
    "assets": {
      "thermal": 34,
      "solar": 34,
      "wind": 46,
      "battery": 26,
      "dr": 19,
      "nuclear": 4,
      "hydro_reservoir": 9,
      "hydro_ror": 32,
      "hydro_pumped": 4
    },
    "demand_scale_factor": 1.1197912302193256,
    "zone_profile_variants": {
      "evening_peak": 0.28,
      "double_peak": 0.16,
      "office_peak": 0.2,
      "industrial": 0.14,
      "night_shift": 0.1,
      "residential_morning": 0.12
    },
    "zone_profile_mix_weight": [
      0.4,
      0.8
    ],
    "weather_profile": "mixed",
    "cross_border_policy": "cap",
    "price_cap": 1369.468205308292,
    "co2_price": 121.10624692637073,
    "import_export_caps_factor": 1.3835198005217695,
    "operation_costs": {
      "thermal_fuel_eur_per_mwh": 59.6655671784507,
      "nuclear_fuel_eur_per_mwh": 14.831868452570514,
      "demand_response_cost_eur_per_mwh": 674.4627995217174,
      "value_of_lost_load_eur_per_mwh": 9037.792185499153,
      "renewable_spill_cost_eur_per_mwh": 537.2910800559208,
      "hydro_spill_cost_eur_per_mwh": 318.68322577450965,
      "overgen_spill_cost_eur_per_mwh": 7989.256180386367,
      "battery_cycle_cost_eur_per_mwh": 97.80148368124892,
      "pumped_cycle_cost_eur_per_mwh": 55.623062222908175
    },
    "tech_scalers": {
      "thermal_marg_cost": 12.783266460915497,
      "thermal_ramp_pct": 0.23699797119663163,
      "battery_roundtrip_eff": 0.8760296306096375,
      "battery_e_to_p_hours": 5.942137258612217,
      "dr_max_shed_share": 0.3171339650094403,
      "dr_duration_hours": 5.0985951968078265,
      "hydro_reservoir_head_eff": 0.8724910638039203,
      "battery_initial_soc_fraction": 0.45029315828393224,
      "battery_final_soc_tolerance": 0.1427942206486463,
      "battery_self_discharge_per_hour": 0.0013564249369704463,
      "pumped_initial_level_fraction": 0.446599014724725,
      "pumped_final_level_tolerance": 0.10156955726371425,
      "pumped_self_discharge_per_hour": 0.0037932824532841657
    }
  }
}