{
  "id": "9feff45b-e0f0-4f8f-8ea7-0b19a19edfcf",
  "horizon_hours": 24,
  "dt_minutes": 15,
  "graph": {
    "regions": 4,
    "zones_per_region": [
      5,
      3,
      7,
      6
    ],
    "sites_per_zone": [
      3,
      5,
      2,
      4,
      8,
      2,
      4,
      4,
      6,
      7,
      4,
      7,
      2,
      3,
      8,
      7,
      2,
      4,
      4,
      4,
      2
    ],
    "intertie_density": 0.2898460954258075,
    "neighbor_nations": 1
  },
  "assets": {
    "thermal_per_site": [
      1,
      1,
      1,
      0,
      3,
      0,
      0,
      2,
      0,
      0,
      3,
      0,
      1,
      1,
      0,
      2,
      3,
      2,
      1,
      0,
      0
    ],
    "solar_per_site": [
      3,
      1,
      3,
      2,
      2,
      2,
      2,
      3,
      2,
      3,
      2,
      1,
      2,
      1,
      2,
      2,
      2,
      1,
      2,
      3,
      2
    ],
    "wind_per_site": [
      3,
      2,
      3,
      1,
      3,
      1,
      1,
      3,
      1,
      3,
      3,
      1,
      3,
      2,
      1,
      2,
      2,
      3,
      2,
      3,
      3
    ],
    "battery_per_site": [
      2,
      2,
      2,
      0,
      0,
      1,
      2,
      2,
      1,
      1,
      0,
      0,
      2,
      1,
      1,
      2,
      2,
      2,
      1,
      0,
      1
    ],
    "dr_per_site": [
      0,
      0,
      2,
      0,
      0,
      1,
      1,
      2,
      2,
      1,
      2,
      1,
      0,
      2,
      2,
      1,
      2,
      0,
      1,
      0,
      1
    ],
    "nuclear_per_region": [
      0,
      2,
      2,
      2
    ],
    "hydro_reservoir_per_region": [
      3,
      3,
      1,
      2
    ],
    "hydro_ror_per_zone": [
      1,
      0,
      2,
      1,
      2,
      0,
      2,
      1,
      0,
      2,
      1,
      1,
      0,
      1,
      1,
      0,
      0,
      2,
      1,
      1,
      0
    ],
    "hydro_pumped_per_region": [
      1,
      1,
      1,
      2
    ]
  },
  "econ_policy": {
    "co2_price": 79.71632192100645,
    "price_cap": 2290.4362625308804,
    "cross_border_policy": "block",
    "import_export_caps_factor": 0.4084815032888747
  },
  "tech": {
    "thermal_marg_cost": 11.41546686101404,
    "thermal_ramp_pct": 0.11561981269997293,
    "battery_roundtrip_eff": 0.863251690310551,
    "battery_e_to_p_hours": 4.533166757349037,
    "dr_max_shed_share": 0.24963402225536835,
    "dr_duration_hours": 3.537834630909165,
    "hydro_reservoir_head_eff": 0.8796005339096931,
    "battery_initial_soc_fraction": 0.583979860513874,
    "battery_final_soc_tolerance": 0.10167785214884402,
    "battery_self_discharge_per_hour": 0.001993179764778809,
    "pumped_initial_level_fraction": 0.4654735995101207,
    "pumped_final_level_tolerance": 0.08580511295642175,
    "pumped_self_discharge_per_hour": 0.0005801954034167016
  },
  "operation_costs": {
    "thermal_fuel_eur_per_mwh": 63.86036609185619,
    "nuclear_fuel_eur_per_mwh": 8.619415180386987,
    "demand_response_cost_eur_per_mwh": 1143.6494282109584,
    "value_of_lost_load_eur_per_mwh": 7798.580536915083,
    "renewable_spill_cost_eur_per_mwh": 1122.7929119146006,
    "hydro_spill_cost_eur_per_mwh": 281.9701272305159,
    "overgen_spill_cost_eur_per_mwh": 7307.358458326833,
    "battery_cycle_cost_eur_per_mwh": 91.79549156590515,
    "pumped_cycle_cost_eur_per_mwh": 53.123300458441335
  },
  "exogenous": {
    "weather_profile": "calm_winter",
    "weather_spread_intensity": 0.9198302296785907,
    "demand_profile": "shoulder",
    "demand_scale_factor": 1.273993206917851,
    "inflow_factor": 1.5248749313833798,
    "zone_profile_variants": {
      "evening_peak": 0.28,
      "double_peak": 0.16,
      "office_peak": 0.2,
      "industrial": 0.14,
      "night_shift": 0.1,
      "residential_morning": 0.12
    },
    "zone_profile_mix_weight": [
      0.4,
      0.8
    ],
    "zone_profile_phase_shift_hours": [
      -2.5,
      2.5
    ],
    "zone_profile_noise_std": [
      0.02,
      0.06
    ],
    "zone_profile_curvature_exp": [
      0.9,
      1.18
    ],
    "region_weather": {
      "R1": {
        "weather_profile": "calm_winter",
        "weather_spread_intensity": 0.7686872532511528
      },
      "R2": {
        "weather_profile": "stormy_winter",
        "weather_spread_intensity": 0.5319274984277657
      },
      "R3": {
        "weather_profile": "calm_winter",
        "weather_spread_intensity": 1.495141315267045
      },
      "R4": {
        "weather_profile": "calm_winter",
        "weather_spread_intensity": 0.8835648517683996
      }
    }
  },
  "mip_gap_target_pct": 0.9939142432994698,
  "estimates": {
    "vars_total": 104832,
    "cons_total": 136281,
    "est_cpu_hours": 1.9439970000000004
  },
  "meta": {
    "regions": 4,
    "zones": 21,
    "sites": 21,
    "intertie_density": 0.2898460954258075,
    "neighbor_nations": 1,
    "assets": {
      "thermal": 21,
      "solar": 43,
      "wind": 46,
      "battery": 25,
      "dr": 21,
      "nuclear": 6,
      "hydro_reservoir": 9,
      "hydro_ror": 19,
      "hydro_pumped": 5
    },
    "demand_scale_factor": 1.273993206917851,
    "zone_profile_variants": {
      "evening_peak": 0.28,
      "double_peak": 0.16,
      "office_peak": 0.2,
      "industrial": 0.14,
      "night_shift": 0.1,
      "residential_morning": 0.12
    },
    "zone_profile_mix_weight": [
      0.4,
      0.8
    ],
    "weather_profile": "calm_winter",
    "cross_border_policy": "block",
    "price_cap": 2290.4362625308804,
    "co2_price": 79.71632192100645,
    "import_export_caps_factor": 0.4084815032888747,
    "operation_costs": {
      "thermal_fuel_eur_per_mwh": 63.86036609185619,
      "nuclear_fuel_eur_per_mwh": 8.619415180386987,
      "demand_response_cost_eur_per_mwh": 1143.6494282109584,
      "value_of_lost_load_eur_per_mwh": 7798.580536915083,
      "renewable_spill_cost_eur_per_mwh": 1122.7929119146006,
      "hydro_spill_cost_eur_per_mwh": 281.9701272305159,
      "overgen_spill_cost_eur_per_mwh": 7307.358458326833,
      "battery_cycle_cost_eur_per_mwh": 91.79549156590515,
      "pumped_cycle_cost_eur_per_mwh": 53.123300458441335
    },
    "tech_scalers": {
      "thermal_marg_cost": 11.41546686101404,
      "thermal_ramp_pct": 0.11561981269997293,
      "battery_roundtrip_eff": 0.863251690310551,
      "battery_e_to_p_hours": 4.533166757349037,
      "dr_max_shed_share": 0.24963402225536835,
      "dr_duration_hours": 3.537834630909165,
      "hydro_reservoir_head_eff": 0.8796005339096931,
      "battery_initial_soc_fraction": 0.583979860513874,
      "battery_final_soc_tolerance": 0.10167785214884402,
      "battery_self_discharge_per_hour": 0.001993179764778809,
      "pumped_initial_level_fraction": 0.4654735995101207,
      "pumped_final_level_tolerance": 0.08580511295642175,
      "pumped_self_discharge_per_hour": 0.0005801954034167016
    }
  },
  "flexibility_metrics": {
    "total_storage_power_mw": 2250.0,
    "total_storage_capacity_mwh": 13666.5,
    "battery_power_mw": 1250.0,
    "battery_capacity_mwh": 5666.5,
    "pumped_power_mw": 1000.0,
    "pumped_capacity_mwh": 8000.0,
    "total_dr_capacity_mw": 3339.3,
    "total_ramp_up_mw_per_step": 257.1,
    "total_ramp_down_mw_per_step": 257.1,
    "thermal_flex_ratio": 0.454,
    "dr_duration_hours": 3.54,
    "battery_roundtrip_efficiency": 0.863
  },
  "difficulty_indicators": {
    "vre_penetration_pct": 35.22,
    "net_demand_volatility": 0.156,
    "peak_to_valley_ratio": 2.29,
    "estimated_milp_solve_time_seconds": 6998.4,
    "complexity_score": "hard",
    "n_binary_variables": 2016,
    "n_timesteps": 96,
    "n_zones": 21,
    "weather_profile": "calm_winter",
    "demand_profile": "shoulder"
  }
}