{
  "id": "dd3aff11-50fd-4cbc-8b14-4ff2a46a83c8",
  "horizon_hours": 24,
  "dt_minutes": 15,
  "graph": {
    "regions": 5,
    "zones_per_region": [
      5,
      7,
      4,
      3,
      7
    ],
    "sites_per_zone": [
      4,
      2,
      7,
      2,
      3,
      7,
      4,
      4,
      2,
      5,
      5,
      6,
      6,
      5,
      3,
      3,
      7,
      5,
      4,
      4,
      7,
      5,
      5,
      3,
      3,
      2
    ],
    "intertie_density": 0.5135686797773622,
    "neighbor_nations": 2
  },
  "assets": {
    "thermal_per_site": [
      1,
      0,
      3,
      3,
      0,
      3,
      1,
      3,
      3,
      1,
      1,
      0,
      2,
      3,
      3,
      1,
      2,
      2,
      3,
      0,
      1,
      0,
      2,
      2,
      0,
      2
    ],
    "solar_per_site": [
      2,
      2,
      3,
      3,
      3,
      3,
      2,
      3,
      2,
      3,
      2,
      2,
      3,
      3,
      2,
      1,
      1,
      1,
      1,
      1,
      1,
      2,
      2,
      2,
      3,
      1
    ],
    "wind_per_site": [
      2,
      1,
      3,
      3,
      2,
      3,
      2,
      3,
      3,
      2,
      3,
      3,
      3,
      2,
      2,
      2,
      3,
      2,
      2,
      1,
      2,
      2,
      1,
      2,
      3,
      1
    ],
    "battery_per_site": [
      0,
      2,
      0,
      1,
      0,
      1,
      2,
      0,
      1,
      0,
      2,
      1,
      0,
      2,
      2,
      0,
      2,
      0,
      0,
      0,
      1,
      2,
      1,
      2,
      1,
      1
    ],
    "dr_per_site": [
      2,
      2,
      0,
      1,
      1,
      0,
      1,
      1,
      0,
      0,
      1,
      0,
      2,
      0,
      2,
      2,
      2,
      2,
      2,
      2,
      0,
      2,
      0,
      1,
      0,
      0
    ],
    "nuclear_per_region": [
      1,
      0,
      0,
      0,
      2
    ],
    "hydro_reservoir_per_region": [
      3,
      1,
      3,
      2,
      2
    ],
    "hydro_ror_per_zone": [
      0,
      2,
      0,
      0,
      1,
      0,
      0,
      2,
      1,
      1,
      2,
      1,
      2,
      0,
      0,
      1,
      2,
      2,
      2,
      1,
      2,
      1,
      1,
      1,
      0,
      1
    ],
    "hydro_pumped_per_region": [
      2,
      2,
      0,
      1,
      0
    ]
  },
  "econ_policy": {
    "co2_price": 216.688478858893,
    "price_cap": 1122.516253202928,
    "cross_border_policy": "allow",
    "import_export_caps_factor": 1.1776367243004386
  },
  "tech": {
    "thermal_marg_cost": 0.2645690149445201,
    "thermal_ramp_pct": 0.15895846842389372,
    "battery_roundtrip_eff": 0.8138479574677083,
    "battery_e_to_p_hours": 2.9916790261860093,
    "dr_max_shed_share": 0.21658437020908505,
    "dr_duration_hours": 2.5418820067153893,
    "hydro_reservoir_head_eff": 0.8475788394836504,
    "battery_initial_soc_fraction": 0.5684371698169131,
    "battery_final_soc_tolerance": 0.05143031305638984,
    "battery_self_discharge_per_hour": 0.009779083918818064,
    "pumped_initial_level_fraction": 0.48959011050895357,
    "pumped_final_level_tolerance": 0.1769067349585302,
    "pumped_self_discharge_per_hour": 0.0033656456419913616
  },
  "operation_costs": {
    "thermal_fuel_eur_per_mwh": 46.72636739514515,
    "nuclear_fuel_eur_per_mwh": 15.015720377882682,
    "demand_response_cost_eur_per_mwh": 1063.2885382130498,
    "value_of_lost_load_eur_per_mwh": 9667.953339610425,
    "renewable_spill_cost_eur_per_mwh": 1810.6466416200465,
    "hydro_spill_cost_eur_per_mwh": 1033.0484627518213,
    "overgen_spill_cost_eur_per_mwh": 5653.7063729549955,
    "battery_cycle_cost_eur_per_mwh": 94.35031005875516,
    "pumped_cycle_cost_eur_per_mwh": 57.67343708954555
  },
  "exogenous": {
    "weather_profile": "calm_winter",
    "weather_spread_intensity": 0.9782614820138814,
    "demand_profile": "wkend_flat",
    "demand_scale_factor": 0.9593568470846144,
    "inflow_factor": 1.3978099567362263,
    "zone_profile_variants": {
      "evening_peak": 0.28,
      "double_peak": 0.16,
      "office_peak": 0.2,
      "industrial": 0.14,
      "night_shift": 0.1,
      "residential_morning": 0.12
    },
    "zone_profile_mix_weight": [
      0.4,
      0.8
    ],
    "zone_profile_phase_shift_hours": [
      -2.5,
      2.5
    ],
    "zone_profile_noise_std": [
      0.02,
      0.06
    ],
    "zone_profile_curvature_exp": [
      0.9,
      1.18
    ],
    "region_weather": {
      "R1": {
        "weather_profile": "stormy_winter",
        "weather_spread_intensity": 0.9850709068977889
      },
      "R2": {
        "weather_profile": "calm_winter",
        "weather_spread_intensity": 1.1977887888235452
      },
      "R3": {
        "weather_profile": "calm_winter",
        "weather_spread_intensity": 0.6088998597743951
      },
      "R4": {
        "weather_profile": "calm_winter",
        "weather_spread_intensity": 1.0947195844518993
      },
      "R5": {
        "weather_profile": "sunny_summer",
        "weather_spread_intensity": 1.0048282701217786
      }
    }
  },
  "mip_gap_target_pct": 0.8012017752481654,
  "estimates": {
    "vars_total": 132672,
    "cons_total": 172473,
    "est_cpu_hours": 2.440786333333334
  },
  "meta": {
    "regions": 5,
    "zones": 26,
    "sites": 26,
    "intertie_density": 0.5135686797773622,
    "neighbor_nations": 2,
    "assets": {
      "thermal": 42,
      "solar": 54,
      "wind": 58,
      "battery": 24,
      "dr": 26,
      "nuclear": 3,
      "hydro_reservoir": 11,
      "hydro_ror": 26,
      "hydro_pumped": 5
    },
    "demand_scale_factor": 0.9593568470846144,
    "zone_profile_variants": {
      "evening_peak": 0.28,
      "double_peak": 0.16,
      "office_peak": 0.2,
      "industrial": 0.14,
      "night_shift": 0.1,
      "residential_morning": 0.12
    },
    "zone_profile_mix_weight": [
      0.4,
      0.8
    ],
    "weather_profile": "calm_winter",
    "cross_border_policy": "allow",
    "price_cap": 1122.516253202928,
    "co2_price": 216.688478858893,
    "import_export_caps_factor": 1.1776367243004386,
    "operation_costs": {
      "thermal_fuel_eur_per_mwh": 46.72636739514515,
      "nuclear_fuel_eur_per_mwh": 15.015720377882682,
      "demand_response_cost_eur_per_mwh": 1063.2885382130498,
      "value_of_lost_load_eur_per_mwh": 9667.953339610425,
      "renewable_spill_cost_eur_per_mwh": 1810.6466416200465,
      "hydro_spill_cost_eur_per_mwh": 1033.0484627518213,
      "overgen_spill_cost_eur_per_mwh": 5653.7063729549955,
      "battery_cycle_cost_eur_per_mwh": 94.35031005875516,
      "pumped_cycle_cost_eur_per_mwh": 57.67343708954555
    },
    "tech_scalers": {
      "thermal_marg_cost": 0.2645690149445201,
      "thermal_ramp_pct": 0.15895846842389372,
      "battery_roundtrip_eff": 0.8138479574677083,
      "battery_e_to_p_hours": 2.9916790261860093,
      "dr_max_shed_share": 0.21658437020908505,
      "dr_duration_hours": 2.5418820067153893,
      "hydro_reservoir_head_eff": 0.8475788394836504,
      "battery_initial_soc_fraction": 0.5684371698169131,
      "battery_final_soc_tolerance": 0.05143031305638984,
      "battery_self_discharge_per_hour": 0.009779083918818064,
      "pumped_initial_level_fraction": 0.48959011050895357,
      "pumped_final_level_tolerance": 0.1769067349585302,
      "pumped_self_discharge_per_hour": 0.0033656456419913616
    }
  },
  "flexibility_metrics": {
    "total_storage_power_mw": 2200.0,
    "total_storage_capacity_mwh": 11590.0,
    "battery_power_mw": 1200.0,
    "battery_capacity_mwh": 3590.0,
    "pumped_power_mw": 1000.0,
    "pumped_capacity_mwh": 8000.0,
    "total_dr_capacity_mw": 2701.2,
    "total_ramp_up_mw_per_step": 538.2,
    "total_ramp_down_mw_per_step": 538.2,
    "thermal_flex_ratio": 0.314,
    "dr_duration_hours": 2.54,
    "battery_roundtrip_efficiency": 0.814
  },
  "difficulty_indicators": {
    "vre_penetration_pct": 34.9,