{
  "id": "a0a54cc8-b537-46b7-8a69-eba2ecf2da4e",
  "horizon_hours": 24,
  "dt_minutes": 15,
  "graph": {
    "regions": 3,
    "zones_per_region": [
      4,
      5,
      9
    ],
    "sites_per_zone": [
      5,
      7,
      3,
      8,
      3,
      8,
      5,
      7,
      3,
      7,
      7,
      8,
      4,
      7,
      6,
      3,
      8,
      7
    ],
    "intertie_density": 0.35827649065069656,
    "neighbor_nations": 2
  },
  "assets": {
    "thermal_per_site": [
      2,
      0,
      1,
      0,
      2,
      0,
      0,
      1,
      0,
      0,
      3,
      3,
      3,
      1,
      0,
      0,
      0,
      3
    ],
    "solar_per_site": [
      1,
      1,
      2,
      1,
      1,
      3,
      2,
      1,
      3,
      3,
      1,
      1,
      1,
      3,
      2,
      3,
      1,
      1
    ],
    "wind_per_site": [
      2,
      2,
      2,
      1,
      3,
      1,
      2,
      2,
      3,
      2,
      1,
      2,
      2,
      3,
      2,
      1,
      2,
      3
    ],
    "battery_per_site": [
      2,
      2,
      2,
      1,
      1,
      0,
      2,
      0,
      1,
      0,
      2,
      2,
      2,
      1,
      1,
      2,
      2,
      2
    ],
    "dr_per_site": [
      1,
      1,
      0,
      2,
      0,
      1,
      1,
      1,
      0,
      0,
      0,
      0,
      1,
      0,
      0,
      0,
      0,
      0
    ],
    "nuclear_per_region": [
      1,
      2,
      1
    ],
    "hydro_reservoir_per_region": [
      1,
      3,
      2
    ],
    "hydro_ror_per_zone": [
      1,
      1,
      0,
      1,
      2,
      0,
      2,
      1,
      1,
      0,
      2,
      1,
      2,
      1,
      1,
      0,
      0,
      2
    ],
    "hydro_pumped_per_region": [
      0,
      1,
      0
    ]
  },
  "econ_policy": {
    "co2_price": 179.4549267994188,
    "price_cap": 2303.562080834437,
    "cross_border_policy": "allow",
    "import_export_caps_factor": 1.0788633596167796
  },
  "tech": {
    "thermal_marg_cost": 1.764098605251223,
    "thermal_ramp_pct": 0.3541310621413342,
    "battery_roundtrip_eff": 0.8888168359645967,
    "battery_e_to_p_hours": 1.5241872267578844,
    "dr_max_shed_share": 0.27386613356874473,
    "dr_duration_hours": 2.488630704544909,
    "hydro_reservoir_head_eff": 0.8111791440300774,
    "battery_initial_soc_fraction": 0.5284138386913722,
    "battery_final_soc_tolerance": 0.13500528341759893,
    "battery_self_discharge_per_hour": 0.008400867874174382,
    "pumped_initial_level_fraction": 0.635490639512116,
    "pumped_final_level_tolerance": 0.160703931064344,
    "pumped_self_discharge_per_hour": 0.0014970256691363183
  },
  "operation_costs": {
    "thermal_fuel_eur_per_mwh": 53.552944536232516,
    "nuclear_fuel_eur_per_mwh": 14.487818103171993,
    "demand_response_cost_eur_per_mwh": 1161.291467650851,
    "value_of_lost_load_eur_per_mwh": 7292.147157800155,
    "renewable_spill_cost_eur_per_mwh": 1267.0545192224859,
    "hydro_spill_cost_eur_per_mwh": 557.1068274733891,
    "overgen_spill_cost_eur_per_mwh": 6551.085410835462,
    "battery_cycle_cost_eur_per_mwh": 69.0545656169868,
    "pumped_cycle_cost_eur_per_mwh": 51.69747472691052
  },
  "exogenous": {
    "weather_profile": "calm_winter",
    "weather_spread_intensity": 1.146481234517947,
    "demand_profile": "shoulder",
    "demand_scale_factor": 1.1629621953370721,
    "inflow_factor": 0.821690910524048,
    "zone_profile_variants": {
      "evening_peak": 0.28,
      "double_peak": 0.16,
      "office_peak": 0.2,
      "industrial": 0.14,
      "night_shift": 0.1,
      "residential_morning": 0.12
    },
    "zone_profile_mix_weight": [
      0.4,
      0.8
    ],
    "zone_profile_phase_shift_hours": [
      -2.5,
      2.5
    ],
    "zone_profile_noise_std": [
      0.02,
      0.06
    ],
    "zone_profile_curvature_exp": [
      0.9,
      1.18
    ],
    "region_weather": {
      "R1": {
        "weather_profile": "calm_winter",
        "weather_spread_intensity": 0.8595761764348406
      },
      "R2": {
        "weather_profile": "overcast_summer",
        "weather_spread_intensity": 1.0807975401793337
      },
      "R3": {
        "weather_profile": "calm_winter",
        "weather_spread_intensity": 1.4990699869396664
      }
    }
  },
  "mip_gap_target_pct": 1.0193287674333718,
  "estimates": {
    "vars_total": 85056,
    "cons_total": 110572,
    "est_cpu_hours": 1.5911035555555557
  },
  "meta": {
    "regions": 3,
    "zones": 18,
    "sites": 18,
    "intertie_density": 0.35827649065069656,
    "neighbor_nations": 2,
    "assets": {
      "thermal": 19,
      "solar": 31,
      "wind": 36,
      "battery": 25,
      "dr": 8,
      "nuclear": 4,
      "hydro_reservoir": 6,
      "hydro_ror": 18,
      "hydro_pumped": 1
    },
    "demand_scale_factor": 1.1629621953370721,
    "zone_profile_variants": {
      "evening_peak": 0.28,
      "double_peak": 0.16,
      "office_peak": 0.2,
      "industrial": 0.14,
      "night_shift": 0.1,
      "residential_morning": 0.12
    },
    "zone_profile_mix_weight": [
      0.4,
      0.8
    ],
    "weather_profile": "calm_winter",
    "cross_border_policy": "allow",
    "price_cap": 2303.562080834437,
    "co2_price": 179.4549267994188,
    "import_export_caps_factor": 1.0788633596167796,
    "operation_costs": {
      "thermal_fuel_eur_per_mwh": 53.552944536232516,
      "nuclear_fuel_eur_per_mwh": 14.487818103171993,
      "demand_response_cost_eur_per_mwh": 1161.291467650851,
      "value_of_lost_load_eur_per_mwh": 7292.147157800155,
      "renewable_spill_cost_eur_per_mwh": 1267.0545192224859,
      "hydro_spill_cost_eur_per_mwh": 557.1068274733891,
      "overgen_spill_cost_eur_per_mwh": 6551.085410835462,
      "battery_cycle_cost_eur_per_mwh": 69.0545656169868,
      "pumped_cycle_cost_eur_per_mwh": 51.69747472691052
    },
    "tech_scalers": {
      "thermal_marg_cost": 1.764098605251223,
      "thermal_ramp_pct": 0.3541310621413342,
      "battery_roundtrip_eff": 0.8888168359645967,
      "battery_e_to_p_hours": 1.5241872267578844,
      "dr_max_shed_share": 0.27386613356874473,
      "dr_duration_hours": 2.488630704544909,
      "hydro_reservoir_head_eff": 0.8111791440300774,
      "battery_initial_soc_fraction": 0.5284138386913722,
      "battery_final_soc_tolerance": 0.13500528341759893,
      "battery_self_discharge_per_hour": 0.008400867874174382,
      "pumped_initial_level_fraction": 0.635490639512116,
      "pumped_final_level_tolerance": 0.160703931064344,
      "pumped_self_discharge_per_hour": 0.0014970256691363183
    }
  },
  "flexibility_metrics": {
    "total_storage_power_mw": 1450.0,
    "total_storage_capacity_mwh": 3505.2,
    "battery_power_mw": 1250.0,
    "battery_capacity_mwh": 1905.2,
    "pumped_power_mw": 200.0,
    "pumped_capacity_mwh": 1600.0,
    "total_dr_capacity_mw": 2866.5,
    "total_ramp_up_mw_per_step": 554.6,
    "total_ramp_down_mw_per_step": 554.6,
    "thermal_flex_ratio": 0.445,
    "dr_duration_hours": 2.49,
    "battery_roundtrip_efficiency": 0.889
  },
  "difficulty_indicators": {
    "vre_penetration_pct": 34.27,
    "net_demand_volatility": 0.156,
    "peak_to_valley_ratio": 2.09,
    "estimated_milp_solve_time_seconds": 5728.0,
    "complexity_score": "hard",
    "n_binary_variables": 1824,
    "n_timesteps": 96,
    "n_zones": 18,
    "weather_profile": "calm_winter",
    "demand_profile": "shoulder"
  }
}