{
  "id": "49996f58-5b6f-4798-bee3-d8c38a5935ed",
  "horizon_hours": 24,
  "dt_minutes": 15,
  "graph": {
    "regions": 3,
    "zones_per_region": [
      9,
      4,
      9
    ],
    "sites_per_zone": [
      5,
      3,
      8,
      3,
      7,
      7,
      6,
      7,
      6,
      5,
      7,
      5,
      2,
      8,
      2,
      5,
      2,
      4,
      2,
      3,
      7,
      5
    ],
    "intertie_density": 0.36685870942594845,
    "neighbor_nations": 3
  },
  "assets": {
    "thermal_per_site": [
      3,
      3,
      3,
      0,
      3,
      3,
      3,
      0,
      3,
      2,
      3,
      1,
      2,
      0,
      0,
      3,
      3,
      1,
      0,
      1,
      2,
      3
    ],
    "solar_per_site": [
      1,
      2,
      1,
      1,
      3,
      3,
      2,
      1,
      2,
      3,
      2,
      2,
      2,
      3,
      1,
      1,
      3,
      1,
      2,
      2,
      2,
      1
    ],
    "wind_per_site": [
      3,
      3,
      1,
      3,
      1,
      1,
      3,
      3,
      1,
      3,
      2,
      2,
      2,
      1,
      3,
      3,
      1,
      1,
      3,
      2,
      1,
      3
    ],
    "battery_per_site": [
      0,
      2,
      0,
      1,
      0,
      2,
      0,
      0,
      0,
      1,
      2,
      2,
      0,
      1,
      1,
      0,
      2,
      1,
      0,
      2,
      0,
      0
    ],
    "dr_per_site": [
      0,
      2,
      2,
      2,
      2,
      0,
      1,
      2,
      1,
      0,
      2,
      0,
      2,
      1,
      2,
      0,
      1,
      2,
      1,
      2,
      0,
      1
    ],
    "nuclear_per_region": [
      2,
      2,
      2
    ],
    "hydro_reservoir_per_region": [
      2,
      3,
      0
    ],
    "hydro_ror_per_zone": [
      2,
      2,
      1,
      0,
      0,
      0,
      1,
      2,
      2,
      0,
      2,
      1,
      2,
      1,
      2,
      0,
      0,
      2,
      1,
      1,
      1,
      0
    ],
    "hydro_pumped_per_region": [
      2,
      2,
      1
    ]
  },
  "econ_policy": {
    "co2_price": 89.13435854748445,
    "price_cap": 1354.418931617804,
    "cross_border_policy": "cap",
    "import_export_caps_factor": 0.9779503186005281
  },
  "tech": {
    "thermal_marg_cost": 7.492115326006928,
    "thermal_ramp_pct": 0.09201105954206015,
    "battery_roundtrip_eff": 0.8773752135303561,
    "battery_e_to_p_hours": 5.323346879394878,
    "dr_max_shed_share": 0.05104242891383375,
    "dr_duration_hours": 4.735876373916253,
    "hydro_reservoir_head_eff": 0.8499723846638788,
    "battery_initial_soc_fraction": 0.3836202745774881,
    "battery_final_soc_tolerance": 0.12233527457958128,
    "battery_self_discharge_per_hour": 0.004932316919298149,
    "pumped_initial_level_fraction": 0.6683470553550026,
    "pumped_final_level_tolerance": 0.05977148912131252,
    "pumped_self_discharge_per_hour": 0.0007075115982909798
  },
  "operation_costs": {
    "thermal_fuel_eur_per_mwh": 64.79749893504925,
    "nuclear_fuel_eur_per_mwh": 11.802077074189306,
    "demand_response_cost_eur_per_mwh": 1001.1437057704384,
    "value_of_lost_load_eur_per_mwh": 6155.035161866992,
    "renewable_spill_cost_eur_per_mwh": 1281.5438190115774,
    "hydro_spill_cost_eur_per_mwh": 996.0134337830409,
    "overgen_spill_cost_eur_per_mwh": 4563.469415618788,
    "battery_cycle_cost_eur_per_mwh": 98.31398718070517,
    "pumped_cycle_cost_eur_per_mwh": 77.96634821410186
  },
  "exogenous": {
    "weather_profile": "stormy_winter",
    "weather_spread_intensity": 1.023291012157533,
    "demand_profile": "wkday_peak",
    "demand_scale_factor": 1.0574546238054359,
    "inflow_factor": 1.4265329765694705,
    "zone_profile_variants": {
      "evening_peak": 0.28,
      "double_peak": 0.16,
      "office_peak": 0.2,
      "industrial": 0.14,
      "night_shift": 0.1,
      "residential_morning": 0.12
    },
    "zone_profile_mix_weight": [
      0.4,
      0.8
    ],
    "zone_profile_phase_shift_hours": [
      -2.5,
      2.5
    ],
    "zone_profile_noise_std": [
      0.02,
      0.06
    ],
    "zone_profile_curvature_exp": [
      0.9,
      1.18
    ],
    "region_weather": {
      "R1": {
        "weather_profile": "calm_winter",
        "weather_spread_intensity": 0.8500098218737744
      },
      "R2": {
        "weather_profile": "stormy_winter",
        "weather_spread_intensity": 1.222828318480012
      },
      "R3": {
        "weather_profile": "overcast_summer",
        "weather_spread_intensity": 0.9970348961188126
      }
    }
  },
  "mip_gap_target_pct": 1.0885777970168191,
  "estimates": {
    "vars_total": 113952,
    "cons_total": 148137,
    "est_cpu_hours": 2.106738333333334
  },
  "meta": {
    "regions": 3,
    "zones": 22,
    "sites": 22,
    "intertie_density": 0.36685870942594845,
    "neighbor_nations": 3,
    "assets": {
      "thermal": 42,
      "solar": 41,
      "wind": 46,
      "battery": 17,
      "dr": 26,
      "nuclear": 6,
      "hydro_reservoir": 5,
      "hydro_ror": 23,
      "hydro_pumped": 5
    },
    "demand_scale_factor": 1.0574546238054359,
    "zone_profile_variants": {
      "evening_peak": 0.28,
      "double_peak": 0.16,
      "office_peak": 0.2,
      "industrial": 0.14,
      "night_shift": 0.1,
      "residential_morning": 0.12
    },
    "zone_profile_mix_weight": [
      0.4,
      0.8
    ],
    "weather_profile": "stormy_winter",
    "cross_border_policy": "cap",
    "price_cap": 1354.418931617804,
    "co2_price": 89.13435854748445,
    "import_export_caps_factor": 0.9779503186005281,
    "operation_costs": {
      "thermal_fuel_eur_per_mwh": 64.79749893504925,
      "nuclear_fuel_eur_per_mwh": 11.802077074189306,
      "demand_response_cost_eur_per_mwh": 1001.1437057704384,
      "value_of_lost_load_eur_per_mwh": 6155.035161866992,
      "renewable_spill_cost_eur_per_mwh": 1281.5438190115774,
      "hydro_spill_cost_eur_per_mwh": 996.0134337830409,
      "overgen_spill_cost_eur_per_mwh": 4563.469415618788,
      "battery_cycle_cost_eur_per_mwh": 98.31398718070517,
      "pumped_cycle_cost_eur_per_mwh": 77.96634821410186
    },
    "tech_scalers": {
      "thermal_marg_cost": 7.492115326006928,
      "thermal_ramp_pct": 0.09201105954206015,
      "battery_roundtrip_eff": 0.8773752135303561,
      "battery_e_to_p_hours": 5.323346879394878,
      "dr_max_shed_share": 0.05104242891383375,
      "dr_duration_hours": 4.735876373916253,
      "hydro_reservoir_head_eff": 0.8499723846638788,
      "battery_initial_soc_fraction": 0.3836202745774881,
      "battery_final_soc_tolerance": 0.12233527457958128,
      "battery_self_discharge_per_hour": 0.004932316919298149,
      "pumped_initial_level_fraction": 0.6683470553550026,
      "pumped_final_level_tolerance": 0.05977148912131252,
      "pumped_self_discharge_per_hour": 0.0007075115982909798
    }
  },
  "flexibility_metrics": {
    "total_storage_power_mw": 1850.0,
    "total_storage_capacity_mwh": 12524.8,
    "battery_power_mw": 850.0,
    "battery_capacity_mwh": 4524.8,
    "pumped_power_mw": 1000.0,
    "pumped_capacity_mwh": 8000.0,
    "total_dr_capacity_mw": 593.7,
    "total_ramp_up_mw_per_step": 364.8,
    "total_ramp_down_mw_per_step": 364.8,
    "thermal_flex_ratio": 0.131,
    "dr_duration_hours": 4.74,
    "battery_roundtrip_efficiency": 0.877
  },
  "difficulty_indicators": {
    "vre_penetration_pct": 29.97,
    "net_demand_volatility": 0.292,
    "peak_to_valley_ratio": 1.9,
    "estimated_milp_solve_time_seconds": 7584.3,
    "complexity_score": "hard",
    "n_binary_variables": 4032,
    "n_timesteps": 96,
    "n_zones": 22,
    "weather_profile": "stormy_winter",
    "demand_profile": "wkday_peak"
  }
}