{
  "id": "a002468d-6327-48d4-a5a7-078798f6c7a0",
  "horizon_hours": 24,
  "dt_minutes": 15,
  "graph": {
    "regions": 3,
    "zones_per_region": [
      11,
      12,
      3
    ],
    "sites_per_zone": [
      3,
      2,
      8,
      3,
      9,
      2,
      5,
      8,
      7,
      5,
      6,
      2,
      4,
      9,
      6,
      4,
      3,
      9,
      7,
      7,
      4,
      7,
      4,
      4,
      3,
      10
    ],
    "intertie_density": 0.2532079235054,
    "neighbor_nations": 2
  },
  "assets": {
    "thermal_per_site": [
      0,
      0,
      1,
      3,
      1,
      3,
      2,
      0,
      1,
      2,
      1,
      3,
      2,
      0,
      1,
      3,
      3,
      0,
      3,
      3,
      3,
      1,
      1,
      2,
      3,
      0
    ],
    "solar_per_site": [
      1,
      1,
      3,
      2,
      1,
      1,
      2,
      1,
      1,
      3,
      3,
      3,
      1,
      2,
      3,
      3,
      1,
      3,
      1,
      3,
      2,
      1,
      3,
      3,
      1,
      3
    ],
    "wind_per_site": [
      3,
      1,
      3,
      3,
      1,
      3,
      3,
      1,
      2,
      2,
      1,
      1,
      3,
      1,
      3,
      3,
      1,
      3,
      1,
      2,
      1,
      1,
      2,
      1,
      1,
      2
    ],
    "battery_per_site": [
      2,
      1,
      1,
      1,
      0,
      0,
      1,
      2,
      0,
      2,
      0,
      0,
      0,
      2,
      1,
      1,
      0,
      2,
      2,
      1,
      2,
      1,
      0,
      0,
      2,
      2
    ],
    "dr_per_site": [
      1,
      2,
      0,
      2,
      2,
      0,
      1,
      0,
      0,
      1,
      2,
      0,
      0,
      0,
      0,
      0,
      2,
      2,
      2,
      2,
      1,
      2,
      2,
      0,
      2,
      0
    ],
    "nuclear_per_region": [
      1,
      2,
      0
    ],
    "hydro_reservoir_per_region": [
      2,
      1,
      2
    ],
    "hydro_ror_per_zone": [
      1,
      1,
      2,
      0,
      2,
      1,
      1,
      2,
      2,
      1,
      1,
      2,
      0,
      1,
      2,
      2,
      2,
      0,
      2,
      0,
      1,
      2,
      0,
      0,
      1,
      0
    ],
    "hydro_pumped_per_region": [
      0,
      0,
      2
    ]
  },
  "econ_policy": {
    "co2_price": 122.54027381730369,
    "price_cap": 1380.105046500426,
    "cross_border_policy": "block",
    "import_export_caps_factor": 1.0752894008260607
  },
  "tech": {
    "thermal_marg_cost": 3.1572107216849234,
    "thermal_ramp_pct": 0.17387739236591263,
    "battery_roundtrip_eff": 0.8739243610232488,
    "battery_e_to_p_hours": 5.256045825481349,
    "dr_max_shed_share": 0.17734657501491563,
    "dr_duration_hours": 4.174715131604593,
    "hydro_reservoir_head_eff": 0.944800660185793,
    "battery_initial_soc_fraction": 0.5333535562035474,
    "battery_final_soc_tolerance": 0.12748894067870056,
    "battery_self_discharge_per_hour": 0.009964090093808164,
    "pumped_initial_level_fraction": 0.41641640327903334,
    "pumped_final_level_tolerance": 0.07798242724594069,
    "pumped_self_discharge_per_hour": 0.002813446313411497
  },
  "operation_costs": {
    "thermal_fuel_eur_per_mwh": 54.407410045319224,
    "nuclear_fuel_eur_per_mwh": 23.960182920488474,
    "thermal_startup_cost_eur": 4219.074383676325,
    "nuclear_startup_cost_eur": 33066.8258337964,
    "demand_response_cost_eur_per_mwh": 999.8630862225863,
    "value_of_lost_load_eur_per_mwh": 7486.2381334078145,
    "renewable_spill_cost_eur_per_mwh": 1030.1221006906126,
    "hydro_spill_cost_eur_per_mwh": 820.0743459472742,
    "overgen_spill_cost_eur_per_mwh": 5177.49868693244,
    "battery_cycle_cost_eur_per_mwh": 101.18837619984166,
    "pumped_cycle_cost_eur_per_mwh": 89.30676527724508
  },
  "exogenous": {
    "weather_profile": "sunny_summer",
    "weather_spread_intensity": 1.0381836403783815,
    "demand_profile": "shoulder",
    "demand_scale_factor": 0.784676575628036,
    "inflow_factor": 1.697327253898623,
    "zone_profile_variants": {
      "evening_peak": 0.28,
      "double_peak": 0.16,
      "office_peak": 0.2,
      "industrial": 0.14,
      "night_shift": 0.1,
      "residential_morning": 0.12
    },
    "zone_profile_mix_weight": [
      0.4,
      0.8
    ],
    "zone_profile_phase_shift_hours": [
      -2.5,
      2.5
    ],
    "zone_profile_noise_std": [
      0.02,
      0.06
    ],
    "zone_profile_curvature_exp": [
      0.9,
      1.18
    ],
    "region_weather": {
      "R1": {
        "weather_profile": "overcast_summer",
        "weather_spread_intensity": 1.2519747262843623
      },
      "R2": {
        "weather_profile": "sunny_summer",
        "weather_spread_intensity": 0.7915077862056856
      },
      "R3": {
        "weather_profile": "mixed",
        "weather_spread_intensity": 1.0710684086450963
      }
    }
  },
  "mip_gap_target_pct": 0.4239731393840509,
  "estimates": {
    "vars_total": 129120,
    "cons_total": 167856,
    "est_cpu_hours": 2.3774080000000004
  },
  "meta": {
    "regions": 3,
    "zones": 26,
    "sites": 26,
    "intertie_density": 0.2532079235054,
    "neighbor_nations": 2,
    "assets": {
      "thermal": 42,
      "solar": 52,
      "wind": 49,
      "battery": 26,
      "dr": 26,
      "nuclear": 3,
      "hydro_reservoir": 5,
      "hydro_ror": 29,
      "hydro_pumped": 2
    },
    "demand_scale_factor": 0.784676575628036,
    "zone_profile_variants": {
      "evening_peak": 0.28,
      "double_peak": 0.16,
      "office_peak": 0.2,
      "industrial": 0.14,
      "night_shift": 0.1,
      "residential_morning": 0.12
    },
    "zone_profile_mix_weight": [
      0.4,
      0.8
    ],
    "weather_profile": "sunny_summer",
    "cross_border_policy": "block",
    "price_cap": 1380.105046500426,
    "co2_price": 122.54027381730369,
    "import_export_caps_factor": 1.0752894008260607,
    "operation_costs": {
      "thermal_fuel_eur_per_mwh": 54.407410045319224,
      "nuclear_fuel_eur_per_mwh": 23.960182920488474,
      "thermal_startup_cost_eur": 4219.074383676325,
      "nuclear_startup_cost_eur": 33066.8258337964,
      "demand_response_cost_eur_per_mwh": 999.8630862225863,
      "value_of_lost_load_eur_per_mwh": 7486.2381334078145,
      "renewable_spill_cost_eur_per_mwh": 1030.1221006906126,
      "hydro_spill_cost_eur_per_mwh": 820.0743459472742,
      "overgen_spill_cost_eur_per_mwh": 5177.49868693244,
      "battery_cycle_cost_eur_per_mwh": 101.18837619984166,
      "pumped_cycle_cost_eur_per_mwh": 89.30676527724508
    },
    "tech_scalers": {
      "thermal_marg_cost": 3.1572107216849234,
      "thermal_ramp_pct": 0.17387739236591263,
      "battery_roundtrip_eff": 0.8739243610232488,
      "battery_e_to_p_hours": 5.256045825481349,
      "dr_max_shed_share": 0.17734657501491563,
      "dr_duration_hours": 4.174715131604593,
      "hydro_reservoir_head_eff": 0.944800660185793,
      "battery_initial_soc_fraction": 0.5333535562035474,
      "battery_final_soc_tolerance": 0.12748894067870056,
      "battery_self_discharge_per_hour": 0.009964090093808164,
      "pumped_initial_level_fraction": 0.41641640327903334,
      "pumped_final_level_tolerance": 0.07798242724594069,
      "pumped_self_discharge_per_hour": 0.002813446313411497
    }
  },
  "flexibility_metrics": {
    "total_storage_power_mw": 1700.0,
    "total_storage_capacity_mwh": 10032.9,
    "battery_power_mw": 1300.0,
    "battery_capacity_mwh": 6832.9,
    "pumped_power_mw": 400.0,
    "pumped_capacity_mwh": 3200.0,
    "total_dr_capacity_mw": 1809.1,
    "total_ramp_up_mw_per_step": 585.2,
    "total_ramp_down_mw_per_step": 585.2,
    "thermal_flex_ratio": 0.225,
    "dr_duration_hours": 4.17,
    "battery_roundtrip_efficiency": 0.874
  },
  "difficulty_indicators": {
    "vre_penetration_pct": 34.43,
    "net_demand_volatility": 0.242,
    "peak_to_valley_ratio": 1.41,
    "estimated_milp_solve_time_seconds": 8558.7,