{
  "id": "cdeaef91-163f-4ff6-94b3-49b30ce2898b",
  "horizon_hours": 24,
  "dt_minutes": 15,
  "graph": {
    "regions": 5,
    "zones_per_region": [
      6,
      4,
      5,
      6,
      5
    ],
    "sites_per_zone": [
      4,
      5,
      3,
      2,
      5,
      6,
      7,
      6,
      5,
      6,
      8,
      5,
      5,
      8,
      8,
      6,
      6,
      8,
      4,
      5,
      6,
      5,
      5,
      2,
      7,
      2
    ],
    "intertie_density": 0.2775793714100066,
    "neighbor_nations": 1
  },
  "assets": {
    "thermal_per_site": [
      0,
      1,
      1,
      2,
      3,
      1,
      3,
      2,
      2,
      2,
      3,
      0,
      1,
      3,
      2,
      0,
      1,
      2,
      0,
      3,
      3,
      1,
      1,
      0,
      0,
      2
    ],
    "solar_per_site": [
      2,
      1,
      3,
      1,
      3,
      3,
      1,
      1,
      3,
      1,
      1,
      2,
      1,
      2,
      1,
      2,
      3,
      3,
      2,
      2,
      2,
      1,
      3,
      1,
      1,
      2
    ],
    "wind_per_site": [
      2,
      2,
      3,
      1,
      3,
      2,
      3,
      2,
      3,
      1,
      1,
      2,
      2,
      1,
      3,
      1,
      2,
      1,
      2,
      2,
      1,
      2,
      3,
      3,
      3,
      2
    ],
    "battery_per_site": [
      0,
      0,
      1,
      2,
      1,
      1,
      2,
      2,
      0,
      0,
      1,
      0,
      0,
      2,
      0,
      1,
      2,
      1,
      1,
      2,
      0,
      0,
      2,
      2,
      0,
      2
    ],
    "dr_per_site": [
      0,
      2,
      1,
      2,
      0,
      2,
      2,
      1,
      0,
      2,
      1,
      1,
      1,
      1,
      2,
      1,
      0,
      1,
      0,
      1,
      2,
      2,
      2,
      1,
      2,
      2
    ],
    "nuclear_per_region": [
      2,
      2,
      2,
      0,
      0
    ],
    "hydro_reservoir_per_region": [
      0,
      1,
      3,
      0,
      3
    ],
    "hydro_ror_per_zone": [
      0,
      1,
      1,
      1,
      1,
      1,
      0,
      0,
      1,
      0,
      0,
      2,
      2,
      2,
      0,
      1,
      0,
      0,
      1,
      2,
      1,
      0,
      0,
      1,
      0,
      2
    ],
    "hydro_pumped_per_region": [
      1,
      0,
      1,
      1,
      2
    ]
  },
  "econ_policy": {
    "co2_price": 150.5390024387888,
    "price_cap": 3733.5976096292634,
    "cross_border_policy": "cap",
    "import_export_caps_factor": 1.4991710060857129
  },
  "tech": {
    "thermal_marg_cost": 14.035282384768406,
    "thermal_ramp_pct": 0.41883637749344166,
    "battery_roundtrip_eff": 0.8637945842334894,
    "battery_e_to_p_hours": 4.384905351381738,
    "dr_max_shed_share": 0.2018041613624722,
    "dr_duration_hours": 3.820882212025265,
    "hydro_reservoir_head_eff": 0.7897520178919655,
    "battery_initial_soc_fraction": 0.5393703128025495,
    "battery_final_soc_tolerance": 0.0725871840979168,
    "battery_self_discharge_per_hour": 0.0051962738390032865,
    "pumped_initial_level_fraction": 0.6601160050293777,
    "pumped_final_level_tolerance": 0.17573447753229737,
    "pumped_self_discharge_per_hour": 0.0020899866262501033
  },
  "operation_costs": {
    "thermal_fuel_eur_per_mwh": 66.82392483386207,
    "nuclear_fuel_eur_per_mwh": 11.992863641665867,
    "demand_response_cost_eur_per_mwh": 828.5815684218094,
    "value_of_lost_load_eur_per_mwh": 8231.331607411774,
    "renewable_spill_cost_eur_per_mwh": 1405.757241990932,
    "hydro_spill_cost_eur_per_mwh": 403.70738959386,
    "overgen_spill_cost_eur_per_mwh": 6839.437773033666,
    "battery_cycle_cost_eur_per_mwh": 95.27057381100569,
    "pumped_cycle_cost_eur_per_mwh": 57.15321388084274
  },
  "exogenous": {
    "weather_profile": "stormy_winter",
    "weather_spread_intensity": 0.7656900807350435,
    "demand_profile": "wkday_peak",
    "demand_scale_factor": 1.0463064207419281,
    "inflow_factor": 0.6404827229317748,
    "zone_profile_variants": {
      "evening_peak": 0.28,
      "double_peak": 0.16,
      "office_peak": 0.2,
      "industrial": 0.14,
      "night_shift": 0.1,
      "residential_morning": 0.12
    },
    "zone_profile_mix_weight": [
      0.4,
      0.8
    ],
    "zone_profile_phase_shift_hours": [
      -2.5,
      2.5
    ],
    "zone_profile_noise_std": [
      0.02,
      0.06
    ],
    "zone_profile_curvature_exp": [
      0.9,
      1.18
    ],
    "region_weather": {
      "R1": {
        "weather_profile": "stormy_winter",
        "weather_spread_intensity": 0.7122540104255362
      },
      "R2": {
        "weather_profile": "stormy_winter",
        "weather_spread_intensity": 0.5192810550519867
      },
      "R3": {
        "weather_profile": "overcast_summer",
        "weather_spread_intensity": 1.0623750323408403
      },
      "R4": {
        "weather_profile": "sunny_summer",
        "weather_spread_intensity": 0.8091086458714982
      },
      "R5": {
        "weather_profile": "mixed",
        "weather_spread_intensity": 0.7254316599853559
      }
    }
  },
  "mip_gap_target_pct": 1.0759653818747061,
  "estimates": {
    "vars_total": 130272,
    "cons_total": 169353,
    "est_cpu_hours": 2.397959666666667
  },
  "meta": {
    "regions": 5,
    "zones": 26,
    "sites": 26,
    "intertie_density": 0.2775793714100066,
    "neighbor_nations": 1,
    "assets": {
      "thermal": 39,
      "solar": 48,
      "wind": 53,
      "battery": 25,
      "dr": 32,
      "nuclear": 6,
      "hydro_reservoir": 7,
      "hydro_ror": 20,
      "hydro_pumped": 5
    },
    "demand_scale_factor": 1.0463064207419281,
    "zone_profile_variants": {
      "evening_peak": 0.28,
      "double_peak": 0.16,
      "office_peak": 0.2,
      "industrial": 0.14,
      "night_shift": 0.1,
      "residential_morning": 0.12
    },
    "zone_profile_mix_weight": [
      0.4,
      0.8
    ],
    "weather_profile": "stormy_winter",
    "cross_border_policy": "cap",
    "price_cap": 3733.5976096292634,
    "co2_price": 150.5390024387888,
    "import_export_caps_factor": 1.4991710060857129,
    "operation_costs": {
      "thermal_fuel_eur_per_mwh": 66.82392483386207,
      "nuclear_fuel_eur_per_mwh": 11.992863641665867,
      "demand_response_cost_eur_per_mwh": 828.5815684218094,
      "value_of_lost_load_eur_per_mwh": 8231.331607411774,
      "renewable_spill_cost_eur_per_mwh": 1405.757241990932,
      "hydro_spill_cost_eur_per_mwh": 403.70738959386,
      "overgen_spill_cost_eur_per_mwh": 6839.437773033666,
      "battery_cycle_cost_eur_per_mwh": 95.27057381100569,
      "pumped_cycle_cost_eur_per_mwh": 57.15321388084274
    },
    "tech_scalers": {
      "thermal_marg_cost": 14.035282384768406,
      "thermal_ramp_pct": 0.41883637749344166,
      "battery_roundtrip_eff": 0.8637945842334894,
      "battery_e_to_p_hours": 4.384905351381738,
      "dr_max_shed_share": 0.2018041613624722,
      "dr_duration_hours": 3.820882212025265,
      "hydro_reservoir_head_eff": 0.7897520178919655,
      "battery_initial_soc_fraction": 0.5393703128025495,
      "battery_final_soc_tolerance": 0.0725871840979168,
      "battery_self_discharge_per_hour": 0.0051962738390032865,
      "pumped_initial_level_fraction": 0.6601160050293777,
      "pumped_final_level_tolerance": 0.17573447753229737,
      "pumped_self_discharge_per_hour": 0.0020899866262501033
    }
  },
  "flexibility_metrics": {
    "total_storage_power_mw": 2250.0,
    "total_storage_capacity_mwh": 13481.1,
    "battery_power_mw": 1250.0,
    "battery_capacity_mwh": 5481.1,
    "pumped_power_mw": 1000.0,
    "pumped_capacity_mwh": 8000.0,
    "total_dr_capacity_mw": 2744.9,
    "total_ramp_up_mw_per_step": 1300.1,
    "total_ramp_down_mw_per_step": 1300.1,
    "thermal_flex_ratio": 0.282,
    "dr_duration_hours": 3.82,
    "battery_roundtrip_efficiency": 0.864
  },
  "difficulty_indicators": {
    "vre_penetration_pct": 33.6,