{
  "id": "52c9c69e-2b3d-421e-b746-8a0e96ab1aba",
  "horizon_hours": 24,
  "dt_minutes": 15,
  "graph": {
    "regions": 2,
    "zones_per_region": [
      3,
      6
    ],
    "sites_per_zone": [
      5,
      8,
      4,
      5,
      3,
      3,
      7,
      4,
      4
    ],
    "intertie_density": 0.5639962572481401,
    "neighbor_nations": 1
  },
  "assets": {
    "thermal_per_site": [
      2,
      3,
      3,
      2,
      2,
      2,
      2,
      0,
      0
    ],
    "solar_per_site": [
      2,
      2,
      1,
      3,
      3,
      1,
      1,
      2,
      1
    ],
    "wind_per_site": [
      3,
      1,
      3,
      3,
      1,
      3,
      3,
      3,
      2
    ],
    "battery_per_site": [
      0,
      0,
      0,
      0,
      0,
      2,
      2,
      0,
      1
    ],
    "dr_per_site": [
      0,
      0,
      2,
      0,
      2,
      1,
      1,
      2,
      1
    ],
    "nuclear_per_region": [
      2,
      1
    ],
    "hydro_reservoir_per_region": [
      2,
      0
    ],
    "hydro_ror_per_zone": [
      1,
      0,
      2,
      0,
      0,
      0,
      1,
      0,
      2
    ],
    "hydro_pumped_per_region": [
      0,
      2
    ]
  },
  "econ_policy": {
    "co2_price": 73.44223895465666,
    "price_cap": 3756.0606470203966,
    "cross_border_policy": "allow",
    "import_export_caps_factor": 0.55127126739278
  },
  "tech": {
    "thermal_marg_cost": 10.271356833756494,
    "thermal_ramp_pct": 0.29938626139739916,
    "battery_roundtrip_eff": 0.8091314671270534,
    "battery_e_to_p_hours": 4.874146337837535,
    "dr_max_shed_share": 0.08439330518832938,
    "dr_duration_hours": 3.975396533703859,
    "hydro_reservoir_head_eff": 0.8875305038239778,
    "battery_initial_soc_fraction": 0.4516639659770344,
    "battery_final_soc_tolerance": 0.10250190404749315,
    "battery_self_discharge_per_hour": 0.008091774495408297,
    "pumped_initial_level_fraction": 0.5433761197410498,
    "pumped_final_level_tolerance": 0.13799810572153287,
    "pumped_self_discharge_per_hour": 0.0013060775810013125
  },
  "operation_costs": {
    "thermal_fuel_eur_per_mwh": 52.179571097050406,
    "nuclear_fuel_eur_per_mwh": 9.821113758795894,
    "demand_response_cost_eur_per_mwh": 893.9508891305529,
    "value_of_lost_load_eur_per_mwh": 11925.115567125233,
    "renewable_spill_cost_eur_per_mwh": 503.051158502189,
    "hydro_spill_cost_eur_per_mwh": 363.0913179444921,
    "overgen_spill_cost_eur_per_mwh": 4187.932833468769,
    "battery_cycle_cost_eur_per_mwh": 68.9361653494028,
    "pumped_cycle_cost_eur_per_mwh": 57.447969527250706
  },
  "exogenous": {
    "weather_profile": "stormy_winter",
    "weather_spread_intensity": 1.3444729218348588,
    "demand_profile": "wkday_peak",
    "demand_scale_factor": 0.8199307623438177,
    "inflow_factor": 1.1944038154662795,
    "zone_profile_variants": {
      "evening_peak": 0.28,
      "double_peak": 0.16,
      "office_peak": 0.2,
      "industrial": 0.14,
      "night_shift": 0.1,
      "residential_morning": 0.12
    },
    "zone_profile_mix_weight": [
      0.4,
      0.8
    ],
    "zone_profile_phase_shift_hours": [
      -2.5,
      2.5
    ],
    "zone_profile_noise_std": [
      0.02,
      0.06
    ],
    "zone_profile_curvature_exp": [
      0.9,
      1.18
    ],
    "region_weather": {
      "R1": {
        "weather_profile": "stormy_winter",
        "weather_spread_intensity": 1.2383993227355266
      },
      "R2": {
        "weather_profile": "calm_winter",
        "weather_spread_intensity": 1.450546520934191
      }
    }
  },
  "mip_gap_target_pct": 1.148638617906387,
  "estimates": {
    "vars_total": 45120,
    "cons_total": 58656,
    "est_cpu_hours": 0.8784746666666667
  },
  "meta": {
    "regions": 2,
    "zones": 9,
    "sites": 9,
    "intertie_density": 0.5639962572481401,
    "neighbor_nations": 1,
    "assets": {
      "thermal": 16,
      "solar": 16,
      "wind": 22,
      "battery": 5,
      "dr": 9,
      "nuclear": 3,
      "hydro_reservoir": 2,
      "hydro_ror": 6,
      "hydro_pumped": 2
    },
    "demand_scale_factor": 0.8199307623438177,
    "zone_profile_variants": {
      "evening_peak": 0.28,
      "double_peak": 0.16,
      "office_peak": 0.2,
      "industrial": 0.14,
      "night_shift": 0.1,
      "residential_morning": 0.12
    },
    "zone_profile_mix_weight": [
      0.4,
      0.8
    ],
    "weather_profile": "stormy_winter",
    "cross_border_policy": "allow",
    "price_cap": 3756.0606470203966,
    "co2_price": 73.44223895465666,
    "import_export_caps_factor": 0.55127126739278,
    "operation_costs": {
      "thermal_fuel_eur_per_mwh": 52.179571097050406,
      "nuclear_fuel_eur_per_mwh": 9.821113758795894,
      "demand_response_cost_eur_per_mwh": 893.9508891305529,
      "value_of_lost_load_eur_per_mwh": 11925.115567125233,
      "renewable_spill_cost_eur_per_mwh": 503.051158502189,
      "hydro_spill_cost_eur_per_mwh": 363.0913179444921,
      "overgen_spill_cost_eur_per_mwh": 4187.932833468769,
      "battery_cycle_cost_eur_per_mwh": 68.9361653494028,
      "pumped_cycle_cost_eur_per_mwh": 57.447969527250706
    },
    "tech_scalers": {
      "thermal_marg_cost": 10.271356833756494,
      "thermal_ramp_pct": 0.29938626139739916,
      "battery_roundtrip_eff": 0.8091314671270534,
      "battery_e_to_p_hours": 4.874146337837535,
      "dr_max_shed_share": 0.08439330518832938,
      "dr_duration_hours": 3.975396533703859,
      "hydro_reservoir_head_eff": 0.8875305038239778,
      "battery_initial_soc_fraction": 0.4516639659770344,
      "battery_final_soc_tolerance": 0.10250190404749315,
      "battery_self_discharge_per_hour": 0.008091774495408297,
      "pumped_initial_level_fraction": 0.5433761197410498,
      "pumped_final_level_tolerance": 0.13799810572153287,
      "pumped_self_discharge_per_hour": 0.0013060775810013125
    }
  },
  "flexibility_metrics": {
    "total_storage_power_mw": 650.0,
    "total_storage_capacity_mwh": 4418.5,
    "battery_power_mw": 250.0,
    "battery_capacity_mwh": 1218.5,
    "pumped_power_mw": 400.0,
    "pumped_capacity_mwh": 3200.0,
    "total_dr_capacity_mw": 311.4,
    "total_ramp_up_mw_per_step": 396.8,
    "total_ramp_down_mw_per_step": 396.8,
    "thermal_flex_ratio": 0.123,
    "dr_duration_hours": 3.98,
    "battery_roundtrip_efficiency": 0.809
  },
  "difficulty_indicators": {
    "vre_penetration_pct": 32.89,
    "net_demand_volatility": 0.292,
    "peak_to_valley_ratio": 1.48,
    "estimated_milp_solve_time_seconds": 3162.5,
    "complexity_score": "medium",
    "n_binary_variables": 1536,
    "n_timesteps": 96,
    "n_zones": 9,
    "weather_profile": "stormy_winter",
    "demand_profile": "wkday_peak"
  }
}