{
  "id": "af044cf8-356c-44f9-a3c6-aa245276fd64",
  "horizon_hours": 24,
  "dt_minutes": 15,
  "graph": {
    "regions": 4,
    "zones_per_region": [
      3,
      5,
      3,
      4
    ],
    "sites_per_zone": [
      3,
      2,
      7,
      4,
      6,
      8,
      5,
      6,
      3,
      5,
      6,
      6,
      3,
      8,
      2
    ],
    "intertie_density": 0.32286467300949806,
    "neighbor_nations": 1
  },
  "assets": {
    "thermal_per_site": [
      2,
      0,
      1,
      0,
      1,
      0,
      1,
      1,
      1,
      3,
      2,
      2,
      1,
      1,
      1
    ],
    "solar_per_site": [
      3,
      3,
      1,
      1,
      3,
      2,
      1,
      1,
      3,
      1,
      1,
      1,
      1,
      2,
      1
    ],
    "wind_per_site": [
      3,
      1,
      2,
      1,
      2,
      2,
      1,
      3,
      1,
      3,
      2,
      1,
      2,
      1,
      1
    ],
    "battery_per_site": [
      2,
      1,
      0,
      2,
      0,
      2,
      1,
      0,
      2,
      2,
      0,
      0,
      0,
      2,
      1
    ],
    "dr_per_site": [
      2,
      2,
      0,
      2,
      1,
      0,
      1,
      2,
      1,
      1,
      0,
      2,
      0,
      2,
      0
    ],
    "nuclear_per_region": [
      0,
      2,
      2,
      2
    ],
    "hydro_reservoir_per_region": [
      0,
      3,
      0,
      1
    ],
    "hydro_ror_per_zone": [
      2,
      1,
      2,
      0,
      2,
      0,
      2,
      0,
      1,
      0,
      2,
      1,
      2,
      2,
      2
    ],
    "hydro_pumped_per_region": [
      0,
      0,
      2,
      0
    ]
  },
  "econ_policy": {
    "co2_price": 206.1254573492238,
    "price_cap": 4138.485515144288,
    "cross_border_policy": "block",
    "import_export_caps_factor": 0.7052663499163268
  },
  "tech": {
    "thermal_marg_cost": 12.403484619114582,
    "thermal_ramp_pct": 0.35502768102849364,
    "battery_roundtrip_eff": 0.8947333212366435,
    "battery_e_to_p_hours": 2.7372445836452126,
    "dr_max_shed_share": 0.19959811189770643,
    "dr_duration_hours": 1.9692535886112885,
    "hydro_reservoir_head_eff": 0.7922475164094104,
    "battery_initial_soc_fraction": 0.5592773649696704,
    "battery_final_soc_tolerance": 0.15014022418778347,
    "battery_self_discharge_per_hour": 0.008718580854250476,
    "pumped_initial_level_fraction": 0.4482625125842999,
    "pumped_final_level_tolerance": 0.05600828008134409,
    "pumped_self_discharge_per_hour": 0.0013152950146155377
  },
  "operation_costs": {
    "thermal_fuel_eur_per_mwh": 73.71369611082007,
    "nuclear_fuel_eur_per_mwh": 15.543604817500508,
    "demand_response_cost_eur_per_mwh": 385.5158577359304,
    "value_of_lost_load_eur_per_mwh": 8143.649692026267,
    "renewable_spill_cost_eur_per_mwh": 1472.1126394983235,
    "hydro_spill_cost_eur_per_mwh": 1129.9207371499947,
    "overgen_spill_cost_eur_per_mwh": 3574.75170162648,
    "battery_cycle_cost_eur_per_mwh": 108.93015667454767,
    "pumped_cycle_cost_eur_per_mwh": 73.85409750563468
  },
  "exogenous": {
    "weather_profile": "mixed",
    "weather_spread_intensity": 0.7045158856421259,
    "demand_profile": "wkday_peak",
    "demand_scale_factor": 0.9118794135178827,
    "inflow_factor": 0.7418479150766022,
    "zone_profile_variants": {
      "evening_peak": 0.28,
      "double_peak": 0.16,
      "office_peak": 0.2,
      "industrial": 0.14,
      "night_shift": 0.1,
      "residential_morning": 0.12
    },
    "zone_profile_mix_weight": [
      0.4,
      0.8
    ],
    "zone_profile_phase_shift_hours": [
      -2.5,
      2.5
    ],
    "zone_profile_noise_std": [
      0.02,
      0.06
    ],
    "zone_profile_curvature_exp": [
      0.9,
      1.18
    ],
    "region_weather": {
      "R1": {
        "weather_profile": "mixed",
        "weather_spread_intensity": 0.6546199045380398
      },
      "R2": {
        "weather_profile": "calm_winter",
        "weather_spread_intensity": 0.7192121133196495
      },
      "R3": {
        "weather_profile": "mixed",
        "weather_spread_intensity": 0.5328422048704424
      },
      "R4": {
        "weather_profile": "overcast_summer",
        "weather_spread_intensity": 0.9113893198403719
      }
    }
  },
  "mip_gap_target_pct": 0.5168911408292713,
  "estimates": {
    "vars_total": 73248,
    "cons_total": 95222,
    "est_cpu_hours": 1.380399777777778
  },
  "meta": {
    "regions": 4,
    "zones": 15,
    "sites": 15,
    "intertie_density": 0.32286467300949806,
    "neighbor_nations": 1,
    "assets": {
      "thermal": 17,
      "solar": 25,
      "wind": 26,
      "battery": 15,
      "dr": 16,
      "nuclear": 6,
      "hydro_reservoir": 4,
      "hydro_ror": 19,
      "hydro_pumped": 2
    },
    "demand_scale_factor": 0.9118794135178827,
    "zone_profile_variants": {
      "evening_peak": 0.28,
      "double_peak": 0.16,
      "office_peak": 0.2,
      "industrial": 0.14,
      "night_shift": 0.1,
      "residential_morning": 0.12
    },
    "zone_profile_mix_weight": [
      0.4,
      0.8
    ],
    "weather_profile": "mixed",
    "cross_border_policy": "block",
    "price_cap": 4138.485515144288,
    "co2_price": 206.1254573492238,
    "import_export_caps_factor": 0.7052663499163268,
    "operation_costs": {
      "thermal_fuel_eur_per_mwh": 73.71369611082007,
      "nuclear_fuel_eur_per_mwh": 15.543604817500508,
      "demand_response_cost_eur_per_mwh": 385.5158577359304,
      "value_of_lost_load_eur_per_mwh": 8143.649692026267,
      "renewable_spill_cost_eur_per_mwh": 1472.1126394983235,
      "hydro_spill_cost_eur_per_mwh": 1129.9207371499947,
      "overgen_spill_cost_eur_per_mwh": 3574.75170162648,
      "battery_cycle_cost_eur_per_mwh": 108.93015667454767,
      "pumped_cycle_cost_eur_per_mwh": 73.85409750563468
    },
    "tech_scalers": {
      "thermal_marg_cost": 12.403484619114582,
      "thermal_ramp_pct": 0.35502768102849364,
      "battery_roundtrip_eff": 0.8947333212366435,
      "battery_e_to_p_hours": 2.7372445836452126,
      "dr_max_shed_share": 0.19959811189770643,
      "dr_duration_hours": 1.9692535886112885,
      "hydro_reservoir_head_eff": 0.7922475164094104,
      "battery_initial_soc_fraction": 0.5592773649696704,
      "battery_final_soc_tolerance": 0.15014022418778347,
      "battery_self_discharge_per_hour": 0.008718580854250476,
      "pumped_initial_level_fraction": 0.4482625125842999,
      "pumped_final_level_tolerance": 0.05600828008134409,
      "pumped_self_discharge_per_hour": 0.0013152950146155377
    }
  },
  "flexibility_metrics": {
    "total_storage_power_mw": 1150.0,
    "total_storage_capacity_mwh": 5252.9,
    "battery_power_mw": 750.0,
    "battery_capacity_mwh": 2052.9,
    "pumped_power_mw": 400.0,
    "pumped_capacity_mwh": 3200.0,
    "total_dr_capacity_mw": 1365.1,
    "total_ramp_up_mw_per_step": 527.7,
    "total_ramp_down_mw_per_step": 527.7,
    "thermal_flex_ratio": 0.227,
    "dr_duration_hours": 1.97,
    "battery_roundtrip_efficiency": 0.895
  },
  "difficulty_indicators": {
    "vre_penetration_pct": 27.47,
    "net_demand_volatility": 0.234,
    "peak_to_valley_ratio": 1.64,
    "estimated_milp_solve_time_seconds": 4969.4,
    "complexity_score": "hard",
    "n_binary_variables": 1632,
    "n_timesteps": 96,
    "n_zones": 15,
    "weather_profile": "mixed",
    "demand_profile": "wkday_peak"
  }
}