{
  "id": "6ad547a2-1be8-4e19-8bec-4ffe5c826696",
  "horizon_hours": 24,
  "dt_minutes": 15,
  "graph": {
    "regions": 2,
    "zones_per_region": [
      9,
      7
    ],
    "sites_per_zone": [
      6,
      8,
      2,
      4,
      6,
      4,
      6,
      7,
      6,
      4,
      5,
      7,
      8,
      4,
      4,
      2
    ],
    "intertie_density": 0.4798555644395969,
    "neighbor_nations": 1
  },
  "assets": {
    "thermal_per_site": [
      2,
      1,
      1,
      3,
      0,
      3,
      0,
      1,
      1,
      0,
      3,
      1,
      2,
      1,
      0,
      3
    ],
    "solar_per_site": [
      2,
      2,
      3,
      1,
      1,
      3,
      3,
      2,
      2,
      2,
      2,
      3,
      2,
      2,
      3,
      2
    ],
    "wind_per_site": [
      3,
      2,
      3,
      3,
      2,
      1,
      2,
      3,
      2,
      3,
      3,
      3,
      2,
      2,
      3,
      3
    ],
    "battery_per_site": [
      1,
      0,
      0,
      2,
      2,
      1,
      2,
      0,
      1,
      2,
      2,
      0,
      2,
      2,
      1,
      0
    ],
    "dr_per_site": [
      1,
      0,
      0,
      1,
      2,
      2,
      1,
      1,
      1,
      0,
      2,
      1,
      1,
      2,
      0,
      0
    ],
    "nuclear_per_region": [
      1,
      2
    ],
    "hydro_reservoir_per_region": [
      0,
      1
    ],
    "hydro_ror_per_zone": [
      1,
      0,
      1,
      2,
      2,
      2,
      0,
      1,
      1,
      0,
      1,
      2,
      1,
      0,
      0,
      2
    ],
    "hydro_pumped_per_region": [
      2,
      0
    ]
  },
  "econ_policy": {
    "co2_price": 238.70892844767297,
    "price_cap": 2506.6875257197034,
    "cross_border_policy": "block",
    "import_export_caps_factor": 0.43465756012446366
  },
  "tech": {
    "thermal_marg_cost": 4.611816849093565,
    "thermal_ramp_pct": 0.4479915517188426,
    "battery_roundtrip_eff": 0.9380684422114326,
    "battery_e_to_p_hours": 2.6095472391688057,
    "dr_max_shed_share": 0.23514830263405218,
    "dr_duration_hours": 1.9080689676488773,
    "hydro_reservoir_head_eff": 1.003329103317836,
    "battery_initial_soc_fraction": 0.37673040250120127,
    "battery_final_soc_tolerance": 0.0819712729736394,
    "battery_self_discharge_per_hour": 0.008026919918413658,
    "pumped_initial_level_fraction": 0.48390989454885097,
    "pumped_final_level_tolerance": 0.127991513458622,
    "pumped_self_discharge_per_hour": 0.0030651202006639995
  },
  "operation_costs": {
    "thermal_fuel_eur_per_mwh": 74.02104739218896,
    "nuclear_fuel_eur_per_mwh": 9.921101014461225,
    "demand_response_cost_eur_per_mwh": 1045.9463489202299,
    "value_of_lost_load_eur_per_mwh": 7713.375344590532,
    "renewable_spill_cost_eur_per_mwh": 1524.6985266054091,
    "hydro_spill_cost_eur_per_mwh": 506.0961590030092,
    "overgen_spill_cost_eur_per_mwh": 2490.8893918203526,
    "battery_cycle_cost_eur_per_mwh": 81.08953871754254,
    "pumped_cycle_cost_eur_per_mwh": 50.186657883174185
  },
  "exogenous": {
    "weather_profile": "sunny_summer",
    "weather_spread_intensity": 1.3467353603082741,
    "demand_profile": "wkday_peak",
    "demand_scale_factor": 0.825723294566407,
    "inflow_factor": 0.7977303928369825,
    "zone_profile_variants": {
      "evening_peak": 0.28,
      "double_peak": 0.16,
      "office_peak": 0.2,
      "industrial": 0.14,
      "night_shift": 0.1,
      "residential_morning": 0.12
    },
    "zone_profile_mix_weight": [
      0.4,
      0.8
    ],
    "zone_profile_phase_shift_hours": [
      -2.5,
      2.5
    ],
    "zone_profile_noise_std": [
      0.02,
      0.06
    ],
    "zone_profile_curvature_exp": [
      0.9,
      1.18
    ],
    "region_weather": {
      "R1": {
        "weather_profile": "sunny_summer",
        "weather_spread_intensity": 1.4575472829998015
      },
      "R2": {
        "weather_profile": "sunny_summer",
        "weather_spread_intensity": 1.2359234376167467
      }
    }
  },
  "mip_gap_target_pct": 0.9960567513622641,
  "estimates": {
    "vars_total": 80448,
    "cons_total": 104582,
    "est_cpu_hours": 1.5088797777777778
  },
  "meta": {
    "regions": 2,
    "zones": 16,
    "sites": 16,
    "intertie_density": 0.4798555644395969,
    "neighbor_nations": 1,
    "assets": {
      "thermal": 22,
      "solar": 35,
      "wind": 40,
      "battery": 18,
      "dr": 15,
      "nuclear": 3,
      "hydro_reservoir": 1,
      "hydro_ror": 16,
      "hydro_pumped": 2
    },
    "demand_scale_factor": 0.825723294566407,
    "zone_profile_variants": {
      "evening_peak": 0.28,
      "double_peak": 0.16,
      "office_peak": 0.2,
      "industrial": 0.14,
      "night_shift": 0.1,
      "residential_morning": 0.12
    },
    "zone_profile_mix_weight": [
      0.4,
      0.8
    ],
    "weather_profile": "sunny_summer",
    "cross_border_policy": "block",
    "price_cap": 2506.6875257197034,
    "co2_price": 238.70892844767297,
    "import_export_caps_factor": 0.43465756012446366,
    "operation_costs": {
      "thermal_fuel_eur_per_mwh": 74.02104739218896,
      "nuclear_fuel_eur_per_mwh": 9.921101014461225,
      "demand_response_cost_eur_per_mwh": 1045.9463489202299,
      "value_of_lost_load_eur_per_mwh": 7713.375344590532,
      "renewable_spill_cost_eur_per_mwh": 1524.6985266054091,
      "hydro_spill_cost_eur_per_mwh": 506.0961590030092,
      "overgen_spill_cost_eur_per_mwh": 2490.8893918203526,
      "battery_cycle_cost_eur_per_mwh": 81.08953871754254,
      "pumped_cycle_cost_eur_per_mwh": 50.186657883174185
    },
    "tech_scalers": {
      "thermal_marg_cost": 4.611816849093565,
      "thermal_ramp_pct": 0.4479915517188426,
      "battery_roundtrip_eff": 0.9380684422114326,
      "battery_e_to_p_hours": 2.6095472391688057,
      "dr_max_shed_share": 0.23514830263405218,
      "dr_duration_hours": 1.9080689676488773,
      "hydro_reservoir_head_eff": 1.003329103317836,
      "battery_initial_soc_fraction": 0.37673040250120127,
      "battery_final_soc_tolerance": 0.0819712729736394,
      "battery_self_discharge_per_hour": 0.008026919918413658,
      "pumped_initial_level_fraction": 0.48390989454885097,
      "pumped_final_level_tolerance": 0.127991513458622,
      "pumped_self_discharge_per_hour": 0.0030651202006639995
    }
  },
  "flexibility_metrics": {
    "total_storage_power_mw": 1300.0,
    "total_storage_capacity_mwh": 5548.6,
    "battery_power_mw": 900.0,
    "battery_capacity_mwh": 2348.6,
    "pumped_power_mw": 400.0,
    "pumped_capacity_mwh": 3200.0,
    "total_dr_capacity_mw": 1553.3,
    "total_ramp_up_mw_per_step": 776.7,
    "total_ramp_down_mw_per_step": 776.7,
    "thermal_flex_ratio": 0.297,
    "dr_duration_hours": 1.91,
    "battery_roundtrip_efficiency": 0.938
  },
  "difficulty_indicators": {
    "vre_penetration_pct": 41.67,
    "net_demand_volatility": 0.266,
    "peak_to_valley_ratio": 1.49,
    "estimated_milp_solve_time_seconds": 5432.0,
    "complexity_score": "hard",
    "n_binary_variables": 2112,
    "n_timesteps": 96,
    "n_zones": 16,
    "weather_profile": "sunny_summer",
    "demand_profile": "wkday_peak"
  }
}