{
  "id": "48538d12-37a2-4c27-926c-88b0c73a6695",
  "horizon_hours": 24,
  "dt_minutes": 15,
  "graph": {
    "regions": 2,
    "zones_per_region": [
      4,
      6
    ],
    "sites_per_zone": [
      9,
      9,
      6,
      5,
      3,
      4,
      4,
      6,
      9,
      10
    ],
    "intertie_density": 0.2963175080482622,
    "neighbor_nations": 1
  },
  "assets": {
    "thermal_per_site": [
      0,
      2,
      0,
      1,
      2,
      3,
      3,
      3,
      2,
      0
    ],
    "solar_per_site": [
      1,
      3,
      2,
      3,
      1,
      1,
      1,
      2,
      2,
      2
    ],
    "wind_per_site": [
      3,
      2,
      2,
      1,
      3,
      1,
      1,
      1,
      2,
      3
    ],
    "battery_per_site": [
      0,
      1,
      1,
      2,
      0,
      1,
      0,
      1,
      1,
      2
    ],
    "dr_per_site": [
      2,
      1,
      1,
      2,
      0,
      2,
      1,
      2,
      1,
      0
    ],
    "nuclear_per_region": [
      0,
      2
    ],
    "hydro_reservoir_per_region": [
      2,
      0
    ],
    "hydro_ror_per_zone": [
      1,
      2,
      2,
      0,
      0,
      2,
      1,
      2,
      0,
      0
    ],
    "hydro_pumped_per_region": [
      1,
      2
    ]
  },
  "econ_policy": {
    "co2_price": 80.26818013063372,
    "price_cap": 3793.415926649323,
    "cross_border_policy": "cap",
    "import_export_caps_factor": 1.5477161875303733
  },
  "tech": {
    "thermal_marg_cost": 8.950760297807744,
    "thermal_ramp_pct": 0.2580753737508365,
    "battery_roundtrip_eff": 0.8938889600787586,
    "battery_e_to_p_hours": 2.062550090915917,
    "dr_max_shed_share": 0.22398162682259315,
    "dr_duration_hours": 4.572129389079835,
    "hydro_reservoir_head_eff": 0.9158728959390481,
    "battery_initial_soc_fraction": 0.6299999334129994,
    "battery_final_soc_tolerance": 0.10408610191202608,
    "battery_self_discharge_per_hour": 0.009130434415970671,
    "pumped_initial_level_fraction": 0.44712851768323153,
    "pumped_final_level_tolerance": 0.17947620181890434,
    "pumped_self_discharge_per_hour": 0.001203503394196549
  },
  "operation_costs": {
    "thermal_fuel_eur_per_mwh": 46.255578114316116,
    "nuclear_fuel_eur_per_mwh": 16.607143029433413,
    "thermal_startup_cost_eur": 1949.5027610929542,
    "nuclear_startup_cost_eur": 37398.62821149262,
    "demand_response_cost_eur_per_mwh": 965.6044689852957,
    "value_of_lost_load_eur_per_mwh": 10889.3045959304,
    "renewable_spill_cost_eur_per_mwh": 814.2776376153031,
    "hydro_spill_cost_eur_per_mwh": 957.7690919047046,
    "overgen_spill_cost_eur_per_mwh": 6867.072371277205,
    "battery_cycle_cost_eur_per_mwh": 135.25517317040482,
    "pumped_cycle_cost_eur_per_mwh": 72.98234972547759
  },
  "exogenous": {
    "weather_profile": "stormy_winter",
    "weather_spread_intensity": 0.7891712207854689,
    "demand_profile": "shoulder",
    "demand_scale_factor": 0.9429953111246603,
    "inflow_factor": 0.6016022221676207,
    "zone_profile_variants": {
      "evening_peak": 0.28,
      "double_peak": 0.16,
      "office_peak": 0.2,
      "industrial": 0.14,
      "night_shift": 0.1,
      "residential_morning": 0.12
    },
    "zone_profile_mix_weight": [
      0.4,
      0.8
    ],
    "zone_profile_phase_shift_hours": [
      -2.5,
      2.5
    ],
    "zone_profile_noise_std": [
      0.02,
      0.06
    ],
    "zone_profile_curvature_exp": [
      0.9,
      1.18
    ],
    "region_weather": {
      "R1": {
        "weather_profile": "overcast_summer",
        "weather_spread_intensity": 0.6974621626304294
      },
      "R2": {
        "weather_profile": "stormy_winter",
        "weather_spread_intensity": 0.8808802789405082
      }
    }
  },
  "mip_gap_target_pct": 1.2459254808476683,
  "estimates": {
    "vars_total": 50304,
    "cons_total": 65395,
    "est_cpu_hours": 0.9709785555555556
  },
  "meta": {
    "regions": 2,
    "zones": 10,
    "sites": 10,
    "intertie_density": 0.2963175080482622,
    "neighbor_nations": 1,
    "assets": {
      "thermal": 16,
      "solar": 18,
      "wind": 19,
      "battery": 9,
      "dr": 12,
      "nuclear": 2,
      "hydro_reservoir": 2,
      "hydro_ror": 10,
      "hydro_pumped": 3
    },
    "demand_scale_factor": 0.9429953111246603,
    "zone_profile_variants": {
      "evening_peak": 0.28,
      "double_peak": 0.16,
      "office_peak": 0.2,
      "industrial": 0.14,
      "night_shift": 0.1,
      "residential_morning": 0.12
    },
    "zone_profile_mix_weight": [
      0.4,
      0.8
    ],
    "weather_profile": "stormy_winter",
    "cross_border_policy": "cap",
    "price_cap": 3793.415926649323,
    "co2_price": 80.26818013063372,
    "import_export_caps_factor": 1.5477161875303733,
    "operation_costs": {
      "thermal_fuel_eur_per_mwh": 46.255578114316116,
      "nuclear_fuel_eur_per_mwh": 16.607143029433413,
      "thermal_startup_cost_eur": 1949.5027610929542,
      "nuclear_startup_cost_eur": 37398.62821149262,
      "demand_response_cost_eur_per_mwh": 965.6044689852957,
      "value_of_lost_load_eur_per_mwh": 10889.3045959304,
      "renewable_spill_cost_eur_per_mwh": 814.2776376153031,
      "hydro_spill_cost_eur_per_mwh": 957.7690919047046,
      "overgen_spill_cost_eur_per_mwh": 6867.072371277205,
      "battery_cycle_cost_eur_per_mwh": 135.25517317040482,
      "pumped_cycle_cost_eur_per_mwh": 72.98234972547759
    },
    "tech_scalers": {
      "thermal_marg_cost": 8.950760297807744,
      "thermal_ramp_pct": 0.2580753737508365,
      "battery_roundtrip_eff": 0.8938889600787586,
      "battery_e_to_p_hours": 2.062550090915917,
      "dr_max_shed_share": 0.22398162682259315,
      "dr_duration_hours": 4.572129389079835,
      "hydro_reservoir_head_eff": 0.9158728959390481,
      "battery_initial_soc_fraction": 0.6299999334129994,
      "battery_final_soc_tolerance": 0.10408610191202608,
      "battery_self_discharge_per_hour": 0.009130434415970671,
      "pumped_initial_level_fraction": 0.44712851768323153,
      "pumped_final_level_tolerance": 0.17947620181890434,
      "pumped_self_discharge_per_hour": 0.001203503394196549
    }
  },
  "flexibility_metrics": {
    "total_storage_power_mw": 1050.0,
    "total_storage_capacity_mwh": 5728.1,
    "battery_power_mw": 450.0,
    "battery_capacity_mwh": 928.1,
    "pumped_power_mw": 600.0,
    "pumped_capacity_mwh": 4800.0,
    "total_dr_capacity_mw": 1056.1,
    "total_ramp_up_mw_per_step": 334.7,
    "total_ramp_down_mw_per_step": 334.7,
    "thermal_flex_ratio": 0.31,
    "dr_duration_hours": 4.57,
    "battery_roundtrip_efficiency": 0.894
  },
  "difficulty_indicators": {
    "vre_penetration_pct": 32.18,
    "net_demand_volatility": 0.269,
    "peak_to_valley_ratio": 1.7,
    "estimated_milp_solve_time_seconds": 3495.5,
    "complexity_score": "medium",
    "n_binary_variables": 1536,
    "n_timesteps": 96,
    "n_zones": 10,
    "weather_profile": "stormy_winter",
    "demand_profile": "shoulder"
  }
}