{
  "id": "8345a2dd-1262-42bd-9429-d339bc73c5f3",
  "horizon_hours": 24,
  "dt_minutes": 15,
  "graph": {
    "regions": 3,
    "zones_per_region": [
      8,
      5,
      8
    ],
    "sites_per_zone": [
      6,
      4,
      2,
      8,
      4,
      4,
      5,
      6,
      8,
      7,
      6,
      6,
      2,
      6,
      7,
      8,
      2,
      8,
      7,
      6,
      4
    ],
    "intertie_density": 0.5152932861214876,
    "neighbor_nations": 2
  },
  "assets": {
    "thermal_per_site": [
      1,
      3,
      1,
      0,
      0,
      2,
      2,
      1,
      3,
      0,
      0,
      3,
      0,
      2,
      1,
      1,
      0,
      0,
      1,
      1,
      1
    ],
    "solar_per_site": [
      2,
      1,
      1,
      1,
      3,
      3,
      2,
      3,
      1,
      1,
      3,
      3,
      2,
      2,
      2,
      2,
      3,
      2,
      3,
      3,
      3
    ],
    "wind_per_site": [
      1,
      3,
      2,
      2,
      2,
      1,
      1,
      2,
      3,
      3,
      2,
      3,
      1,
      3,
      2,
      3,
      2,
      1,
      1,
      2,
      1
    ],
    "battery_per_site": [
      1,
      2,
      1,
      1,
      1,
      2,
      0,
      0,
      0,
      0,
      1,
      1,
      0,
      0,
      1,
      2,
      0,
      2,
      0,
      0,
      2
    ],
    "dr_per_site": [
      1,
      2,
      1,
      1,
      1,
      2,
      1,
      1,
      2,
      0,
      1,
      2,
      1,
      0,
      0,
      2,
      0,
      0,
      0,
      2,
      1
    ],
    "nuclear_per_region": [
      0,
      2,
      2
    ],
    "hydro_reservoir_per_region": [
      1,
      3,
      2
    ],
    "hydro_ror_per_zone": [
      2,
      0,
      0,
      0,
      2,
      1,
      0,
      0,
      2,
      2,
      2,
      1,
      1,
      1,
      0,
      0,
      2,
      0,
      2,
      0,
      1
    ],
    "hydro_pumped_per_region": [
      1,
      0,
      0
    ]
  },
  "econ_policy": {
    "co2_price": 155.64874626002867,
    "price_cap": 2814.2963489472213,
    "cross_border_policy": "allow",
    "import_export_caps_factor": 1.0206172434316305
  },
  "tech": {
    "thermal_marg_cost": 14.909718364868459,
    "thermal_ramp_pct": 0.24983054103463326,
    "battery_roundtrip_eff": 0.8797833163819349,
    "battery_e_to_p_hours": 1.5801324936431107,
    "dr_max_shed_share": 0.11361076812483596,
    "dr_duration_hours": 5.785088472850177,
    "hydro_reservoir_head_eff": 0.9068756666240051,
    "battery_initial_soc_fraction": 0.636638194223371,
    "battery_final_soc_tolerance": 0.17532375399240774,
    "battery_self_discharge_per_hour": 0.003368186009345893,
    "pumped_initial_level_fraction": 0.41443851925138203,
    "pumped_final_level_tolerance": 0.14244778607062444,
    "pumped_self_discharge_per_hour": 0.001925383608169153
  },
  "operation_costs": {
    "thermal_fuel_eur_per_mwh": 55.42597259159042,
    "nuclear_fuel_eur_per_mwh": 14.312704712725093,
    "demand_response_cost_eur_per_mwh": 942.8465939639017,
    "value_of_lost_load_eur_per_mwh": 10967.719230170127,
    "renewable_spill_cost_eur_per_mwh": 777.1642606392443,
    "hydro_spill_cost_eur_per_mwh": 543.9649200947733,
    "overgen_spill_cost_eur_per_mwh": 2282.1941769100195,
    "battery_cycle_cost_eur_per_mwh": 77.10649134266926,
    "pumped_cycle_cost_eur_per_mwh": 66.24915249678799
  },
  "exogenous": {
    "weather_profile": "sunny_summer",
    "weather_spread_intensity": 1.1256866254215498,
    "demand_profile": "wkend_flat",
    "demand_scale_factor": 0.7825815921039607,
    "inflow_factor": 0.7080931914044062,
    "zone_profile_variants": {
      "evening_peak": 0.28,
      "double_peak": 0.16,
      "office_peak": 0.2,
      "industrial": 0.14,
      "night_shift": 0.1,
      "residential_morning": 0.12
    },
    "zone_profile_mix_weight": [
      0.4,
      0.8
    ],
    "zone_profile_phase_shift_hours": [
      -2.5,
      2.5
    ],
    "zone_profile_noise_std": [
      0.02,
      0.06
    ],
    "zone_profile_curvature_exp": [
      0.9,
      1.18
    ],
    "region_weather": {
      "R1": {
        "weather_profile": "overcast_summer",
        "weather_spread_intensity": 1.4291308931873696
      },
      "R2": {
        "weather_profile": "sunny_summer",
        "weather_spread_intensity": 1.1575299526507472
      },
      "R3": {
        "weather_profile": "calm_winter",
        "weather_spread_intensity": 0.790399030426533
      }
    }
  },
  "mip_gap_target_pct": 1.2660708257878435,
  "estimates": {
    "vars_total": 100128,
    "cons_total": 130166,
    "est_cpu_hours": 1.8600584444444446
  },
  "meta": {
    "regions": 3,
    "zones": 21,
    "sites": 21,
    "intertie_density": 0.5152932861214876,
    "neighbor_nations": 2,
    "assets": {
      "thermal": 23,
      "solar": 46,
      "wind": 41,
      "battery": 17,
      "dr": 21,
      "nuclear": 4,
      "hydro_reservoir": 6,
      "hydro_ror": 19,
      "hydro_pumped": 1
    },
    "demand_scale_factor": 0.7825815921039607,
    "zone_profile_variants": {
      "evening_peak": 0.28,
      "double_peak": 0.16,
      "office_peak": 0.2,
      "industrial": 0.14,
      "night_shift": 0.1,
      "residential_morning": 0.12
    },
    "zone_profile_mix_weight": [
      0.4,
      0.8
    ],
    "weather_profile": "sunny_summer",
    "cross_border_policy": "allow",
    "price_cap": 2814.2963489472213,
    "co2_price": 155.64874626002867,
    "import_export_caps_factor": 1.0206172434316305,
    "operation_costs": {
      "thermal_fuel_eur_per_mwh": 55.42597259159042,
      "nuclear_fuel_eur_per_mwh": 14.312704712725093,
      "demand_response_cost_eur_per_mwh": 942.8465939639017,
      "value_of_lost_load_eur_per_mwh": 10967.719230170127,
      "renewable_spill_cost_eur_per_mwh": 777.1642606392443,
      "hydro_spill_cost_eur_per_mwh": 543.9649200947733,
      "overgen_spill_cost_eur_per_mwh": 2282.1941769100195,
      "battery_cycle_cost_eur_per_mwh": 77.10649134266926,
      "pumped_cycle_cost_eur_per_mwh": 66.24915249678799
    },
    "tech_scalers": {
      "thermal_marg_cost": 14.909718364868459,
      "thermal_ramp_pct": 0.24983054103463326,
      "battery_roundtrip_eff": 0.8797833163819349,
      "battery_e_to_p_hours": 1.5801324936431107,
      "dr_max_shed_share": 0.11361076812483596,
      "dr_duration_hours": 5.785088472850177,
      "hydro_reservoir_head_eff": 0.9068756666240051,
      "battery_initial_soc_fraction": 0.636638194223371,
      "battery_final_soc_tolerance": 0.17532375399240774,
      "battery_self_discharge_per_hour": 0.003368186009345893,
      "pumped_initial_level_fraction": 0.41443851925138203,
      "pumped_final_level_tolerance": 0.14244778607062444,
      "pumped_self_discharge_per_hour": 0.001925383608169153
    }
  },
  "flexibility_metrics": {
    "total_storage_power_mw": 1050.0,
    "total_storage_capacity_mwh": 2943.1,
    "battery_power_mw": 850.0,
    "battery_capacity_mwh": 1343.1,
    "pumped_power_mw": 200.0,
    "pumped_capacity_mwh": 1600.0,
    "total_dr_capacity_mw": 933.6,
    "total_ramp_up_mw_per_step": 481.0,
    "total_ramp_down_mw_per_step": 481.0,
    "thermal_flex_ratio": 0.182,
    "dr_duration_hours": 5.79,
    "battery_roundtrip_efficiency": 0.88
  },
  "difficulty_indicators": {
    "vre_penetration_pct": 37.79,
    "net_demand_volatility": 0.234,
    "peak_to_valley_ratio": 1.41,
    "estimated_milp_solve_time_seconds": 6696.2,
    "complexity_score": "hard",
    "n_binary_variables": 2208,
    "n_timesteps": 96,
    "n_zones": 21,
    "weather_profile": "sunny_summer",
    "demand_profile": "wkend_flat"
  }
}