{
  "id": "d020f77e-69c5-4852-82a2-a6e0d30078c3",
  "horizon_hours": 24,
  "dt_minutes": 15,
  "graph": {
    "regions": 3,
    "zones_per_region": [
      7,
      7,
      9
    ],
    "sites_per_zone": [
      7,
      2,
      4,
      5,
      3,
      4,
      5,
      6,
      6,
      4,
      2,
      4,
      2,
      3,
      6,
      4,
      2,
      8,
      2,
      2,
      7,
      4,
      3
    ],
    "intertie_density": 0.3751668004507023,
    "neighbor_nations": 2
  },
  "assets": {
    "thermal_per_site": [
      1,
      0,
      0,
      3,
      2,
      0,
      2,
      3,
      2,
      0,
      2,
      3,
      1,
      3,
      3,
      0,
      0,
      0,
      0,
      3,
      1,
      3,
      1
    ],
    "solar_per_site": [
      3,
      2,
      3,
      3,
      2,
      2,
      3,
      2,
      3,
      3,
      3,
      2,
      1,
      2,
      3,
      3,
      3,
      3,
      3,
      3,
      3,
      2,
      1
    ],
    "wind_per_site": [
      3,
      1,
      2,
      3,
      3,
      2,
      2,
      3,
      3,
      2,
      3,
      2,
      2,
      3,
      3,
      2,
      1,
      3,
      3,
      2,
      2,
      1,
      1
    ],
    "battery_per_site": [
      2,
      1,
      2,
      1,
      2,
      2,
      2,
      2,
      2,
      0,
      2,
      2,
      1,
      1,
      1,
      0,
      0,
      0,
      0,
      0,
      1,
      1,
      0
    ],
    "dr_per_site": [
      2,
      2,
      2,
      1,
      0,
      1,
      1,
      2,
      1,
      2,
      1,
      1,
      2,
      0,
      2,
      1,
      1,
      1,
      1,
      0,
      0,
      1,
      2
    ],
    "nuclear_per_region": [
      0,
      2,
      1
    ],
    "hydro_reservoir_per_region": [
      1,
      0,
      1
    ],
    "hydro_ror_per_zone": [
      1,
      1,
      0,
      0,
      2,
      2,
      0,
      1,
      1,
      0,
      0,
      0,
      0,
      1,
      1,
      1,
      0,
      0,
      1,
      0,
      2,
      1,
      1
    ],
    "hydro_pumped_per_region": [
      0,
      2,
      1
    ]
  },
  "econ_policy": {
    "co2_price": 237.7887328727467,
    "price_cap": 3088.999760935376,
    "cross_border_policy": "block",
    "import_export_caps_factor": 1.1885043784962321
  },
  "tech": {
    "thermal_marg_cost": 13.73203787230557,
    "thermal_ramp_pct": 0.15126670333914422,
    "battery_roundtrip_eff": 0.8291794013852912,
    "battery_e_to_p_hours": 3.496521263795554,
    "dr_max_shed_share": 0.1284438653654822,
    "dr_duration_hours": 2.204500554131282,
    "hydro_reservoir_head_eff": 1.0158046953228865,
    "battery_initial_soc_fraction": 0.6058859617186643,
    "battery_final_soc_tolerance": 0.07918322367579071,
    "battery_self_discharge_per_hour": 0.0075418464224768725,
    "pumped_initial_level_fraction": 0.5023154376951866,
    "pumped_final_level_tolerance": 0.09589846750387998,
    "pumped_self_discharge_per_hour": 0.003742949499316676
  },
  "operation_costs": {
    "thermal_fuel_eur_per_mwh": 79.19483321325393,
    "nuclear_fuel_eur_per_mwh": 8.381270349724605,
    "demand_response_cost_eur_per_mwh": 555.8705317751237,
    "value_of_lost_load_eur_per_mwh": 6368.065195338789,
    "renewable_spill_cost_eur_per_mwh": 554.9702477012266,
    "hydro_spill_cost_eur_per_mwh": 874.6578187628352,
    "overgen_spill_cost_eur_per_mwh": 5563.617789587766,
    "battery_cycle_cost_eur_per_mwh": 89.28674390629124,
    "pumped_cycle_cost_eur_per_mwh": 75.62004520418913
  },
  "exogenous": {
    "weather_profile": "sunny_summer",
    "weather_spread_intensity": 0.6963265028191317,
    "demand_profile": "cold_snap",
    "demand_scale_factor": 1.0711100475007456,
    "inflow_factor": 1.5387704486750113,
    "zone_profile_variants": {
      "evening_peak": 0.28,
      "double_peak": 0.16,
      "office_peak": 0.2,
      "industrial": 0.14,
      "night_shift": 0.1,
      "residential_morning": 0.12
    },
    "zone_profile_mix_weight": [
      0.4,
      0.8
    ],
    "zone_profile_phase_shift_hours": [
      -2.5,
      2.5
    ],
    "zone_profile_noise_std": [
      0.02,
      0.06
    ],
    "zone_profile_curvature_exp": [
      0.9,
      1.18
    ],
    "region_weather": {
      "R1": {
        "weather_profile": "calm_winter",
        "weather_spread_intensity": 0.8227882672149767
      },
      "R2": {
        "weather_profile": "stormy_winter",
        "weather_spread_intensity": 0.657121339394524
      },
      "R3": {
        "weather_profile": "sunny_summer",
        "weather_spread_intensity": 0.6090699018478943
      }
    }
  },
  "mip_gap_target_pct": 0.49316642811723715,
  "estimates": {
    "vars_total": 116256,
    "cons_total": 151132,
    "est_cpu_hours": 2.1478502222222224
  },
  "meta": {
    "regions": 3,
    "zones": 23,
    "sites": 23,
    "intertie_density": 0.3751668004507023,
    "neighbor_nations": 2,
    "assets": {
      "thermal": 33,
      "solar": 58,
      "wind": 52,
      "battery": 25,
      "dr": 27,
      "nuclear": 3,
      "hydro_reservoir": 2,
      "hydro_ror": 16,
      "hydro_pumped": 3
    },
    "demand_scale_factor": 1.0711100475007456,
    "zone_profile_variants": {
      "evening_peak": 0.28,
      "double_peak": 0.16,
      "office_peak": 0.2,
      "industrial": 0.14,
      "night_shift": 0.1,
      "residential_morning": 0.12
    },
    "zone_profile_mix_weight": [
      0.4,
      0.8
    ],
    "weather_profile": "sunny_summer",
    "cross_border_policy": "block",
    "price_cap": 3088.999760935376,
    "co2_price": 237.7887328727467,
    "import_export_caps_factor": 1.1885043784962321,
    "operation_costs": {
      "thermal_fuel_eur_per_mwh": 79.19483321325393,
      "nuclear_fuel_eur_per_mwh": 8.381270349724605,
      "demand_response_cost_eur_per_mwh": 555.8705317751237,
      "value_of_lost_load_eur_per_mwh": 6368.065195338789,
      "renewable_spill_cost_eur_per_mwh": 554.9702477012266,
      "hydro_spill_cost_eur_per_mwh": 874.6578187628352,
      "overgen_spill_cost_eur_per_mwh": 5563.617789587766,
      "battery_cycle_cost_eur_per_mwh": 89.28674390629124,
      "pumped_cycle_cost_eur_per_mwh": 75.62004520418913
    },
    "tech_scalers": {
      "thermal_marg_cost": 13.73203787230557,
      "thermal_ramp_pct": 0.15126670333914422,
      "battery_roundtrip_eff": 0.8291794013852912,
      "battery_e_to_p_hours": 3.496521263795554,
      "dr_max_shed_share": 0.1284438653654822,
      "dr_duration_hours": 2.204500554131282,
      "hydro_reservoir_head_eff": 1.0158046953228865,
      "battery_initial_soc_fraction": 0.6058859617186643,
      "battery_final_soc_tolerance": 0.07918322367579071,
      "battery_self_discharge_per_hour": 0.0075418464224768725,
      "pumped_initial_level_fraction": 0.5023154376951866,
      "pumped_final_level_tolerance": 0.09589846750387998,
      "pumped_self_discharge_per_hour": 0.003742949499316676
    }
  },
  "flexibility_metrics": {
    "total_storage_power_mw": 1850.0,
    "total_storage_capacity_mwh": 9170.7,
    "battery_power_mw": 1250.0,
    "battery_capacity_mwh": 4370.7,
    "pumped_power_mw": 600.0,
    "pumped_capacity_mwh": 4800.0,
    "total_dr_capacity_mw": 1582.1,
    "total_ramp_up_mw_per_step": 411.9,
    "total_ramp_down_mw_per_step": 411.9,
    "thermal_flex_ratio": 0.266,
    "dr_duration_hours": 2.2,
    "battery_roundtrip_efficiency": 0.829
  },
  "difficulty_indicators": {
    "vre_penetration_pct": 44.3,
    "net_demand_volatility": 0.297,
    "peak_to_valley_ratio": 1.93,
    "estimated_milp_solve_time_seconds": 7732.3,
    "complexity_score": "hard",
    "n_binary_variables": 3168,
    "n_timesteps": 96,
    "n_zones": 23,
    "weather_profile": "sunny_summer",
    "demand_profile": "cold_snap"
  }
}