{
  "id": "16a51d17-877c-4dfd-b6b8-dc7ee0400cda",
  "horizon_hours": 24,
  "dt_minutes": 15,
  "graph": {
    "regions": 3,
    "zones_per_region": [
      7,
      6,
      5
    ],
    "sites_per_zone": [
      8,
      5,
      4,
      2,
      4,
      6,
      6,
      8,
      3,
      3,
      7,
      8,
      2,
      3,
      5,
      2,
      5,
      5
    ],
    "intertie_density": 0.3955213234718574,
    "neighbor_nations": 2
  },
  "assets": {
    "thermal_per_site": [
      0,
      1,
      2,
      3,
      1,
      3,
      2,
      2,
      3,
      0,
      1,
      3,
      2,
      3,
      3,
      2,
      2,
      0
    ],
    "solar_per_site": [
      3,
      3,
      2,
      2,
      1,
      2,
      2,
      1,
      2,
      2,
      3,
      2,
      2,
      3,
      3,
      3,
      1,
      2
    ],
    "wind_per_site": [
      1,
      3,
      2,
      3,
      3,
      3,
      1,
      3,
      1,
      3,
      2,
      1,
      1,
      1,
      2,
      3,
      2,
      2
    ],
    "battery_per_site": [
      0,
      0,
      2,
      1,
      0,
      1,
      1,
      1,
      1,
      2,
      1,
      1,
      0,
      2,
      1,
      0,
      2,
      1
    ],
    "dr_per_site": [
      2,
      0,
      2,
      2,
      0,
      2,
      2,
      0,
      0,
      2,
      0,
      1,
      1,
      1,
      2,
      0,
      0,
      1
    ],
    "nuclear_per_region": [
      1,
      2,
      1
    ],
    "hydro_reservoir_per_region": [
      0,
      1,
      2
    ],
    "hydro_ror_per_zone": [
      2,
      2,
      1,
      1,
      0,
      2,
      0,
      0,
      2,
      2,
      0,
      0,
      1,
      2,
      1,
      0,
      1,
      1
    ],
    "hydro_pumped_per_region": [
      1,
      0,
      1
    ]
  },
  "econ_policy": {
    "co2_price": 51.58302041225403,
    "price_cap": 3910.6458160603597,
    "cross_border_policy": "cap",
    "import_export_caps_factor": 1.266960839663525
  },
  "tech": {
    "thermal_marg_cost": 12.798448934830652,
    "thermal_ramp_pct": 0.4254268466016448,
    "battery_roundtrip_eff": 0.8820748712223492,
    "battery_e_to_p_hours": 3.012142508938106,
    "dr_max_shed_share": 0.21062434288244536,
    "dr_duration_hours": 1.0377812915998466,
    "hydro_reservoir_head_eff": 0.9419508625623504,
    "battery_initial_soc_fraction": 0.5912294927973777,
    "battery_final_soc_tolerance": 0.17499685656290254,
    "battery_self_discharge_per_hour": 0.009958332062476115,
    "pumped_initial_level_fraction": 0.621695683614588,
    "pumped_final_level_tolerance": 0.16803960784446226,
    "pumped_self_discharge_per_hour": 0.0021239554160114842
  },
  "operation_costs": {
    "thermal_fuel_eur_per_mwh": 60.10144266787222,
    "nuclear_fuel_eur_per_mwh": 13.320740433057232,
    "demand_response_cost_eur_per_mwh": 985.3249059689109,
    "value_of_lost_load_eur_per_mwh": 8338.102285842531,
    "renewable_spill_cost_eur_per_mwh": 741.0571729606745,
    "hydro_spill_cost_eur_per_mwh": 1133.1892639668213,
    "overgen_spill_cost_eur_per_mwh": 5067.493404862634,
    "battery_cycle_cost_eur_per_mwh": 97.91623341046287,
    "pumped_cycle_cost_eur_per_mwh": 65.30019628065358
  },
  "exogenous": {
    "weather_profile": "sunny_summer",
    "weather_spread_intensity": 1.2975531693450375,
    "demand_profile": "wkend_flat",
    "demand_scale_factor": 1.0928167233509947,
    "inflow_factor": 0.4319610943783304,
    "zone_profile_variants": {
      "evening_peak": 0.28,
      "double_peak": 0.16,
      "office_peak": 0.2,
      "industrial": 0.14,
      "night_shift": 0.1,
      "residential_morning": 0.12
    },
    "zone_profile_mix_weight": [
      0.4,
      0.8
    ],
    "zone_profile_phase_shift_hours": [
      -2.5,
      2.5
    ],
    "zone_profile_noise_std": [
      0.02,
      0.06
    ],
    "zone_profile_curvature_exp": [
      0.9,
      1.18
    ],
    "region_weather": {
      "R1": {
        "weather_profile": "overcast_summer",
        "weather_spread_intensity": 1.4585833753335216
      },
      "R2": {
        "weather_profile": "sunny_summer",
        "weather_spread_intensity": 0.9814015211013454
      },
      "R3": {
        "weather_profile": "stormy_winter",
        "weather_spread_intensity": 1.4526746116002454
      }
    }
  },
  "mip_gap_target_pct": 1.1529828214061273,
  "estimates": {
    "vars_total": 92160,
    "cons_total": 119808,
    "est_cpu_hours": 1.7178773333333337
  },
  "meta": {
    "regions": 3,
    "zones": 18,
    "sites": 18,
    "intertie_density": 0.3955213234718574,
    "neighbor_nations": 2,
    "assets": {
      "thermal": 33,
      "solar": 39,
      "wind": 37,
      "battery": 17,
      "dr": 18,
      "nuclear": 4,
      "hydro_reservoir": 3,
      "hydro_ror": 18,
      "hydro_pumped": 2
    },
    "demand_scale_factor": 1.0928167233509947,
    "zone_profile_variants": {
      "evening_peak": 0.28,
      "double_peak": 0.16,
      "office_peak": 0.2,
      "industrial": 0.14,
      "night_shift": 0.1,
      "residential_morning": 0.12
    },
    "zone_profile_mix_weight": [
      0.4,
      0.8
    ],
    "weather_profile": "sunny_summer",
    "cross_border_policy": "cap",
    "price_cap": 3910.6458160603597,
    "co2_price": 51.58302041225403,
    "import_export_caps_factor": 1.266960839663525,
    "operation_costs": {
      "thermal_fuel_eur_per_mwh": 60.10144266787222,
      "nuclear_fuel_eur_per_mwh": 13.320740433057232,
      "demand_response_cost_eur_per_mwh": 985.3249059689109,
      "value_of_lost_load_eur_per_mwh": 8338.102285842531,
      "renewable_spill_cost_eur_per_mwh": 741.0571729606745,
      "hydro_spill_cost_eur_per_mwh": 1133.1892639668213,
      "overgen_spill_cost_eur_per_mwh": 5067.493404862634,
      "battery_cycle_cost_eur_per_mwh": 97.91623341046287,
      "pumped_cycle_cost_eur_per_mwh": 65.30019628065358
    },
    "tech_scalers": {
      "thermal_marg_cost": 12.798448934830652,
      "thermal_ramp_pct": 0.4254268466016448,
      "battery_roundtrip_eff": 0.8820748712223492,
      "battery_e_to_p_hours": 3.012142508938106,
      "dr_max_shed_share": 0.21062434288244536,
      "dr_duration_hours": 1.0377812915998466,
      "hydro_reservoir_head_eff": 0.9419508625623504,
      "battery_initial_soc_fraction": 0.5912294927973777,
      "battery_final_soc_tolerance": 0.17499685656290254,
      "battery_self_discharge_per_hour": 0.009958332062476115,
      "pumped_initial_level_fraction": 0.621695683614588,
      "pumped_final_level_tolerance": 0.16803960784446226,
      "pumped_self_discharge_per_hour": 0.0021239554160114842
    }
  },
  "flexibility_metrics": {
    "total_storage_power_mw": 1250.0,
    "total_storage_capacity_mwh": 5760.3,
    "battery_power_mw": 850.0,
    "battery_capacity_mwh": 2560.3,
    "pumped_power_mw": 400.0,
    "pumped_capacity_mwh": 3200.0,
    "total_dr_capacity_mw": 2071.6,
    "total_ramp_up_mw_per_step": 1102.9,
    "total_ramp_down_mw_per_step": 1102.9,
    "thermal_flex_ratio": 0.239,
    "dr_duration_hours": 1.04,
    "battery_roundtrip_efficiency": 0.882
  },
  "difficulty_indicators": {
    "vre_penetration_pct": 33.22,
    "net_demand_volatility": 0.234,
    "peak_to_valley_ratio": 1.97,
    "estimated_milp_solve_time_seconds": 6184.4,
    "complexity_score": "hard",
    "n_binary_variables": 3168,
    "n_timesteps": 96,
    "n_zones": 18,
    "weather_profile": "sunny_summer",
    "demand_profile": "wkend_flat"
  }
}