{
  "id": "14919ad2-7dd6-4395-ba63-09c2137883b8",
  "horizon_hours": 24,
  "dt_minutes": 15,
  "graph": {
    "regions": 4,
    "zones_per_region": [
      6,
      8,
      4,
      6
    ],
    "sites_per_zone": [
      2,
      8,
      2,
      4,
      5,
      8,
      7,
      6,
      2,
      2,
      4,
      2,
      7,
      7,
      2,
      2,
      2,
      5,
      7,
      8,
      3,
      5,
      2,
      2
    ],
    "intertie_density": 0.401567745306184,
    "neighbor_nations": 1
  },
  "assets": {
    "thermal_per_site": [
      3,
      2,
      1,
      2,
      3,
      2,
      3,
      1,
      1,
      2,
      2,
      1,
      2,
      3,
      0,
      1,
      0,
      2,
      3,
      3,
      0,
      2,
      3,
      1
    ],
    "solar_per_site": [
      3,
      3,
      2,
      3,
      2,
      2,
      3,
      1,
      1,
      1,
      1,
      1,
      2,
      3,
      1,
      3,
      2,
      2,
      2,
      1,
      3,
      1,
      2,
      2
    ],
    "wind_per_site": [
      3,
      2,
      2,
      3,
      1,
      3,
      2,
      3,
      1,
      2,
      1,
      1,
      1,
      3,
      3,
      3,
      3,
      1,
      1,
      3,
      2,
      3,
      1,
      1
    ],
    "battery_per_site": [
      1,
      2,
      2,
      1,
      0,
      1,
      0,
      2,
      0,
      2,
      1,
      1,
      0,
      0,
      1,
      0,
      1,
      2,
      0,
      2,
      0,
      2,
      2,
      2
    ],
    "dr_per_site": [
      0,
      0,
      1,
      1,
      2,
      0,
      1,
      2,
      2,
      0,
      0,
      0,
      0,
      0,
      2,
      0,
      2,
      0,
      2,
      2,
      2,
      0,
      0,
      2
    ],
    "nuclear_per_region": [
      1,
      2,
      0,
      2
    ],
    "hydro_reservoir_per_region": [
      0,
      2,
      0,
      1
    ],
    "hydro_ror_per_zone": [
      2,
      2,
      0,
      1,
      2,
      1,
      0,
      1,
      2,
      2,
      0,
      2,
      2,
      0,
      2,
      2,
      0,
      0,
      1,
      2,
      0,
      2,
      1,
      1
    ],
    "hydro_pumped_per_region": [
      1,
      0,
      0,
      1
    ]
  },
  "econ_policy": {
    "co2_price": 119.69024301793158,
    "price_cap": 2485.9710261072273,
    "cross_border_policy": "block",
    "import_export_caps_factor": 0.42967904965738896
  },
  "tech": {
    "thermal_marg_cost": 11.833044828188548,
    "thermal_ramp_pct": 0.08293896955350197,
    "battery_roundtrip_eff": 0.9376072491849724,
    "battery_e_to_p_hours": 4.371895575344168,
    "dr_max_shed_share": 0.178726806908651,
    "dr_duration_hours": 1.333899123549093,
    "hydro_reservoir_head_eff": 1.0059148549679118,
    "battery_initial_soc_fraction": 0.6095651084803766,
    "battery_final_soc_tolerance": 0.12437021448763444,
    "battery_self_discharge_per_hour": 0.008018288188649532,
    "pumped_initial_level_fraction": 0.6682388403208722,
    "pumped_final_level_tolerance": 0.1775810527305044,
    "pumped_self_discharge_per_hour": 0.0031918624349161597
  },
  "operation_costs": {
    "thermal_fuel_eur_per_mwh": 78.87216717116411,
    "nuclear_fuel_eur_per_mwh": 14.974519511907255,
    "demand_response_cost_eur_per_mwh": 1124.6564884493991,
    "value_of_lost_load_eur_per_mwh": 7321.7278751872545,
    "renewable_spill_cost_eur_per_mwh": 1990.2622606032573,
    "hydro_spill_cost_eur_per_mwh": 1070.0059417484113,
    "overgen_spill_cost_eur_per_mwh": 2529.661671951526,
    "battery_cycle_cost_eur_per_mwh": 118.76869008638778,
    "pumped_cycle_cost_eur_per_mwh": 68.83082292375568
  },
  "exogenous": {
    "weather_profile": "stormy_winter",
    "weather_spread_intensity": 0.9300052124761643,
    "demand_profile": "shoulder",
    "demand_scale_factor": 1.0026867233451542,
    "inflow_factor": 1.6723515784841818,
    "zone_profile_variants": {
      "evening_peak": 0.28,
      "double_peak": 0.16,
      "office_peak": 0.2,
      "industrial": 0.14,
      "night_shift": 0.1,
      "residential_morning": 0.12
    },
    "zone_profile_mix_weight": [
      0.4,
      0.8
    ],
    "zone_profile_phase_shift_hours": [
      -2.5,
      2.5
    ],
    "zone_profile_noise_std": [
      0.02,
      0.06
    ],
    "zone_profile_curvature_exp": [
      0.9,
      1.18
    ],
    "region_weather": {
      "R1": {
        "weather_profile": "stormy_winter",
        "weather_spread_intensity": 1.1743431819957115
      },
      "R2": {
        "weather_profile": "stormy_winter",
        "weather_spread_intensity": 0.5083669935317184
      },
      "R3": {
        "weather_profile": "mixed",
        "weather_spread_intensity": 0.9326503909915288
      },
      "R4": {
        "weather_profile": "stormy_winter",
        "weather_spread_intensity": 1.1046602833856984
      }
    }
  },
  "mip_gap_target_pct": 0.504130937259417,
  "estimates": {
    "vars_total": 121440,
    "cons_total": 157872,
    "est_cpu_hours": 2.240362666666667
  },
  "meta": {
    "regions": 4,
    "zones": 24,
    "sites": 24,
    "intertie_density": 0.401567745306184,
    "neighbor_nations": 1,
    "assets": {
      "thermal": 43,
      "solar": 47,
      "wind": 49,
      "battery": 25,
      "dr": 21,
      "nuclear": 5,
      "hydro_reservoir": 3,
      "hydro_ror": 28,
      "hydro_pumped": 2
    },
    "demand_scale_factor": 1.0026867233451542,
    "zone_profile_variants": {
      "evening_peak": 0.28,
      "double_peak": 0.16,
      "office_peak": 0.2,
      "industrial": 0.14,
      "night_shift": 0.1,
      "residential_morning": 0.12
    },
    "zone_profile_mix_weight": [
      0.4,
      0.8
    ],
    "weather_profile": "stormy_winter",
    "cross_border_policy": "block",
    "price_cap": 2485.9710261072273,
    "co2_price": 119.69024301793158,
    "import_export_caps_factor": 0.42967904965738896,
    "operation_costs": {
      "thermal_fuel_eur_per_mwh": 78.87216717116411,
      "nuclear_fuel_eur_per_mwh": 14.974519511907255,
      "demand_response_cost_eur_per_mwh": 1124.6564884493991,
      "value_of_lost_load_eur_per_mwh": 7321.7278751872545,
      "renewable_spill_cost_eur_per_mwh": 1990.2622606032573,
      "hydro_spill_cost_eur_per_mwh": 1070.0059417484113,
      "overgen_spill_cost_eur_per_mwh": 2529.661671951526,
      "battery_cycle_cost_eur_per_mwh": 118.76869008638778,
      "pumped_cycle_cost_eur_per_mwh": 68.83082292375568
    },
    "tech_scalers": {
      "thermal_marg_cost": 11.833044828188548,
      "thermal_ramp_pct": 0.08293896955350197,
      "battery_roundtrip_eff": 0.9376072491849724,
      "battery_e_to_p_hours": 4.371895575344168,
      "dr_max_shed_share": 0.178726806908651,
      "dr_duration_hours": 1.333899123549093,
      "hydro_reservoir_head_eff": 1.0059148549679118,
      "battery_initial_soc_fraction": 0.6095651084803766,
      "battery_final_soc_tolerance": 0.12437021448763444,
      "battery_self_discharge_per_hour": 0.008018288188649532,
      "pumped_initial_level_fraction": 0.6682388403208722,
      "pumped_final_level_tolerance": 0.1775810527305044,
      "pumped_self_discharge_per_hour": 0.0031918624349161597
    }
  }
}