{
  "id": "227bce4c-3693-4f9f-b7ec-96ebdf7e8c2a",
  "horizon_hours": 24,
  "dt_minutes": 15,
  "graph": {
    "regions": 2,
    "zones_per_region": [
      3,
      7
    ],
    "sites_per_zone": [
      7,
      7,
      4,
      8,
      5,
      2,
      2,
      4,
      4,
      8
    ],
    "intertie_density": 0.3222302137280474,
    "neighbor_nations": 1
  },
  "assets": {
    "thermal_per_site": [
      0,
      3,
      0,
      1,
      2,
      0,
      3,
      2,
      3,
      2
    ],
    "solar_per_site": [
      3,
      2,
      2,
      1,
      2,
      3,
      2,
      1,
      2,
      1
    ],
    "wind_per_site": [
      3,
      2,
      1,
      3,
      1,
      1,
      1,
      3,
      2,
      1
    ],
    "battery_per_site": [
      1,
      1,
      1,
      0,
      1,
      1,
      1,
      2,
      1,
      1
    ],
    "dr_per_site": [
      2,
      2,
      0,
      1,
      2,
      2,
      1,
      2,
      0,
      0
    ],
    "nuclear_per_region": [
      2,
      2
    ],
    "hydro_reservoir_per_region": [
      0,
      2
    ],
    "hydro_ror_per_zone": [
      2,
      1,
      1,
      1,
      0,
      2,
      0,
      1,
      0,
      1
    ],
    "hydro_pumped_per_region": [
      0,
      0
    ]
  },
  "econ_policy": {
    "co2_price": 45.71153657433595,
    "price_cap": 3545.013539483121,
    "cross_border_policy": "cap",
    "import_export_caps_factor": 0.721595423957927
  },
  "tech": {
    "thermal_marg_cost": 6.280024019863524,
    "thermal_ramp_pct": 0.2751313756852076,
    "battery_roundtrip_eff": 0.9350952143608542,
    "battery_e_to_p_hours": 4.250160913955282,
    "dr_max_shed_share": 0.054222460607661,
    "dr_duration_hours": 1.1779058794318722,
    "hydro_reservoir_head_eff": 0.8558568372278073,
    "battery_initial_soc_fraction": 0.37655660179562594,
    "battery_final_soc_tolerance": 0.11025249388497818,
    "battery_self_discharge_per_hour": 0.008469825415525895,
    "pumped_initial_level_fraction": 0.5796774021644637,
    "pumped_final_level_tolerance": 0.14647053107930097,
    "pumped_self_discharge_per_hour": 0.003195365271178529
  },
  "operation_costs": {
    "thermal_fuel_eur_per_mwh": 75.9113621814123,
    "nuclear_fuel_eur_per_mwh": 11.002258727953322,
    "demand_response_cost_eur_per_mwh": 651.638333991784,
    "value_of_lost_load_eur_per_mwh": 8343.877194956873,
    "renewable_spill_cost_eur_per_mwh": 514.218234676598,
    "hydro_spill_cost_eur_per_mwh": 518.0097663224642,
    "overgen_spill_cost_eur_per_mwh": 5058.754768476394,
    "battery_cycle_cost_eur_per_mwh": 100.13886754429515,
    "pumped_cycle_cost_eur_per_mwh": 63.77520945723005
  },
  "exogenous": {
    "weather_profile": "stormy_winter",
    "weather_spread_intensity": 1.129145995231269,
    "demand_profile": "wkday_peak",
    "demand_scale_factor": 0.7166186633299013,
    "inflow_factor": 0.8325882058740299,
    "zone_profile_variants": {
      "evening_peak": 0.28,
      "double_peak": 0.16,
      "office_peak": 0.2,
      "industrial": 0.14,
      "night_shift": 0.1,
      "residential_morning": 0.12
    },
    "zone_profile_mix_weight": [
      0.4,
      0.8
    ],
    "zone_profile_phase_shift_hours": [
      -2.5,
      2.5
    ],
    "zone_profile_noise_std": [
      0.02,
      0.06
    ],
    "zone_profile_curvature_exp": [
      0.9,
      1.18
    ],
    "region_weather": {
      "R1": {
        "weather_profile": "stormy_winter",
        "weather_spread_intensity": 1.1592264303498179
      },
      "R2": {
        "weather_profile": "mixed",
        "weather_spread_intensity": 1.0990655601127202
      }
    }
  },
  "mip_gap_target_pct": 0.7353814213447862,
  "estimates": {
    "vars_total": 50304,
    "cons_total": 65395,
    "est_cpu_hours": 0.9709785555555556
  },
  "meta": {
    "regions": 2,
    "zones": 10,
    "sites": 10,
    "intertie_density": 0.3222302137280474,
    "neighbor_nations": 1,
    "assets": {
      "thermal": 16,
      "solar": 19,
      "wind": 18,
      "battery": 10,
      "dr": 12,
      "nuclear": 4,
      "hydro_reservoir": 2,
      "hydro_ror": 9,
      "hydro_pumped": 0
    },
    "demand_scale_factor": 0.7166186633299013,
    "zone_profile_variants": {
      "evening_peak": 0.28,
      "double_peak": 0.16,
      "office_peak": 0.2,
      "industrial": 0.14,
      "night_shift": 0.1,
      "residential_morning": 0.12
    },
    "zone_profile_mix_weight": [
      0.4,
      0.8
    ],
    "weather_profile": "stormy_winter",
    "cross_border_policy": "cap",
    "price_cap": 3545.013539483121,
    "co2_price": 45.71153657433595,
    "import_export_caps_factor": 0.721595423957927,
    "operation_costs": {
      "thermal_fuel_eur_per_mwh": 75.9113621814123,
      "nuclear_fuel_eur_per_mwh": 11.002258727953322,
      "demand_response_cost_eur_per_mwh": 651.638333991784,
      "value_of_lost_load_eur_per_mwh": 8343.877194956873,
      "renewable_spill_cost_eur_per_mwh": 514.218234676598,
      "hydro_spill_cost_eur_per_mwh": 518.0097663224642,
      "overgen_spill_cost_eur_per_mwh": 5058.754768476394,
      "battery_cycle_cost_eur_per_mwh": 100.13886754429515,
      "pumped_cycle_cost_eur_per_mwh": 63.77520945723005
    },
    "tech_scalers": {
      "thermal_marg_cost": 6.280024019863524,
      "thermal_ramp_pct": 0.2751313756852076,
      "battery_roundtrip_eff": 0.9350952143608542,
      "battery_e_to_p_hours": 4.250160913955282,
      "dr_max_shed_share": 0.054222460607661,
      "dr_duration_hours": 1.1779058794318722,
      "hydro_reservoir_head_eff": 0.8558568372278073,
      "battery_initial_soc_fraction": 0.37655660179562594,
      "battery_final_soc_tolerance": 0.11025249388497818,
      "battery_self_discharge_per_hour": 0.008469825415525895,
      "pumped_initial_level_fraction": 0.5796774021644637,
      "pumped_final_level_tolerance": 0.14647053107930097,
      "pumped_self_discharge_per_hour": 0.003195365271178529
    }
  },
  "flexibility_metrics": {
    "total_storage_power_mw": 500.0,
    "total_storage_capacity_mwh": 2125.1,
    "battery_power_mw": 500.0,
    "battery_capacity_mwh": 2125.1,
    "pumped_power_mw": 0.0,
    "pumped_capacity_mwh": 0.0,
    "total_dr_capacity_mw": 194.3,
    "total_ramp_up_mw_per_step": 380.2,
    "total_ramp_down_mw_per_step": 380.2,
    "thermal_flex_ratio": 0.079,
    "dr_duration_hours": 1.18,
    "battery_roundtrip_efficiency": 0.935
  },
  "difficulty_indicators": {
    "vre_penetration_pct": 28.4,
    "net_demand_volatility": 0.292,
    "peak_to_valley_ratio": 1.29,
    "estimated_milp_solve_time_seconds": 3495.5,
    "complexity_score": "medium",
    "n_binary_variables": 1536,
    "n_timesteps": 96,
    "n_zones": 10,
    "weather_profile": "stormy_winter",
    "demand_profile": "wkday_peak"
  }
}