{
  "id": "79f7fab4-3850-4f0f-a420-3b84aa10e821",
  "horizon_hours": 24,
  "dt_minutes": 15,
  "graph": {
    "regions": 3,
    "zones_per_region": [
      9,
      9,
      9
    ],
    "sites_per_zone": [
      8,
      4,
      5,
      5,
      6,
      2,
      4,
      8,
      5,
      2,
      3,
      2,
      6,
      3,
      7,
      6,
      4,
      5,
      7,
      6,
      6,
      8,
      3,
      5,
      3,
      5,
      5
    ],
    "intertie_density": 0.5016876288409371,
    "neighbor_nations": 1
  },
  "assets": {
    "thermal_per_site": [
      0,
      3,
      3,
      1,
      0,
      0,
      0,
      2,
      2,
      0,
      3,
      3,
      3,
      0,
      2,
      2,
      2,
      2,
      3,
      2,
      1,
      3,
      3,
      0,
      2,
      0,
      0
    ],
    "solar_per_site": [
      2,
      1,
      2,
      1,
      3,
      2,
      1,
      1,
      1,
      2,
      1,
      3,
      3,
      1,
      3,
      2,
      3,
      1,
      2,
      3,
      1,
      3,
      3,
      3,
      3,
      3,
      2
    ],
    "wind_per_site": [
      2,
      1,
      2,
      1,
      1,
      1,
      2,
      1,
      2,
      2,
      1,
      2,
      2,
      1,
      3,
      1,
      3,
      2,
      2,
      2,
      1,
      2,
      2,
      3,
      2,
      1,
      3
    ],
    "battery_per_site": [
      0,
      2,
      0,
      0,
      2,
      1,
      0,
      0,
      2,
      1,
      1,
      1,
      2,
      0,
      2,
      1,
      2,
      1,
      0,
      0,
      1,
      1,
      2,
      0,
      2,
      0,
      2
    ],
    "dr_per_site": [
      1,
      2,
      1,
      2,
      1,
      1,
      2,
      1,
      2,
      1,
      0,
      2,
      2,
      1,
      0,
      0,
      1,
      0,
      0,
      0,
      0,
      1,
      1,
      2,
      1,
      1,
      2
    ],
    "nuclear_per_region": [
      0,
      1,
      1
    ],
    "hydro_reservoir_per_region": [
      3,
      3,
      1
    ],
    "hydro_ror_per_zone": [
      1,
      0,
      1,
      2,
      2,
      1,
      2,
      2,
      0,
      1,
      2,
      2,
      2,
      0,
      1,
      0,
      2,
      2,
      0,
      1,
      0,
      1,
      1,
      1,
      2,
      1,
      0
    ],
    "hydro_pumped_per_region": [
      1,
      0,
      0
    ]
  },
  "econ_policy": {
    "co2_price": 231.983816012919,
    "price_cap": 4458.963493442839,
    "cross_border_policy": "block",
    "import_export_caps_factor": 0.4564943446532441
  },
  "tech": {
    "thermal_marg_cost": 12.203623859247292,
    "thermal_ramp_pct": 0.08856587642896528,
    "battery_roundtrip_eff": 0.8931953658633053,
    "battery_e_to_p_hours": 1.889246837598352,
    "dr_max_shed_share": 0.07122461113530325,
    "dr_duration_hours": 5.031475533596266,
    "hydro_reservoir_head_eff": 0.9516456551492526,
    "battery_initial_soc_fraction": 0.5918313942150835,
    "battery_final_soc_tolerance": 0.05280713677090159,
    "battery_self_discharge_per_hour": 0.004388366418302264,
    "pumped_initial_level_fraction": 0.6326155587460272,
    "pumped_final_level_tolerance": 0.09396265656520034,
    "pumped_self_discharge_per_hour": 0.0010134878309982528
  },
  "operation_costs": {
    "thermal_fuel_eur_per_mwh": 47.172317196352914,
    "nuclear_fuel_eur_per_mwh": 15.501176320614498,
    "demand_response_cost_eur_per_mwh": 829.9379529546032,
    "value_of_lost_load_eur_per_mwh": 10391.399340696602,
    "renewable_spill_cost_eur_per_mwh": 1161.7078559365468,
    "hydro_spill_cost_eur_per_mwh": 316.4439912898463,
    "overgen_spill_cost_eur_per_mwh": 2989.8852253886967,
    "battery_cycle_cost_eur_per_mwh": 105.63657289038332,
    "pumped_cycle_cost_eur_per_mwh": 55.92619228803261
  },
  "exogenous": {
    "weather_profile": "calm_winter",
    "weather_spread_intensity": 1.0275783708243873,
    "demand_profile": "wkend_flat",
    "demand_scale_factor": 0.9277996429459825,
    "inflow_factor": 1.3151207978249757,
    "zone_profile_variants": {
      "evening_peak": 0.28,
      "double_peak": 0.16,
      "office_peak": 0.2,
      "industrial": 0.14,
      "night_shift": 0.1,
      "residential_morning": 0.12
    },
    "zone_profile_mix_weight": [
      0.4,
      0.8
    ],
    "zone_profile_phase_shift_hours": [
      -2.5,
      2.5
    ],
    "zone_profile_noise_std": [
      0.02,
      0.06
    ],
    "zone_profile_curvature_exp": [
      0.9,
      1.18
    ],
    "region_weather": {
      "R1": {
        "weather_profile": "calm_winter",
        "weather_spread_intensity": 0.9613712271340014
      },
      "R2": {
        "weather_profile": "calm_winter",
        "weather_spread_intensity": 0.897243391108866
      },
      "R3": {
        "weather_profile": "sunny_summer",
        "weather_spread_intensity": 1.2241204942302946
      }
    }
  },
  "mip_gap_target_pct": 0.7961310174545221,
  "estimates": {
    "vars_total": 133056,
    "cons_total": 172972,
    "est_cpu_hours": 2.4476368888888893
  },
  "meta": {
    "regions": 3,
    "zones": 27,
    "sites": 27,
    "intertie_density": 0.5016876288409371,
    "neighbor_nations": 1,
    "assets": {
      "thermal": 42,
      "solar": 56,
      "wind": 48,
      "battery": 26,
      "dr": 28,
      "nuclear": 2,
      "hydro_reservoir": 7,
      "hydro_ror": 30,
      "hydro_pumped": 1
    },
    "demand_scale_factor": 0.9277996429459825,
    "zone_profile_variants": {
      "evening_peak": 0.28,
      "double_peak": 0.16,
      "office_peak": 0.2,
      "industrial": 0.14,
      "night_shift": 0.1,
      "residential_morning": 0.12
    },
    "zone_profile_mix_weight": [
      0.4,
      0.8
    ],
    "weather_profile": "calm_winter",
    "cross_border_policy": "block",
    "price_cap": 4458.963493442839,
    "co2_price": 231.983816012919,
    "import_export_caps_factor": 0.4564943446532441,
    "operation_costs": {
      "thermal_fuel_eur_per_mwh": 47.172317196352914,
      "nuclear_fuel_eur_per_mwh": 15.501176320614498,
      "demand_response_cost_eur_per_mwh": 829.9379529546032,
      "value_of_lost_load_eur_per_mwh": 10391.399340696602,
      "renewable_spill_cost_eur_per_mwh": 1161.7078559365468,
      "hydro_spill_cost_eur_per_mwh": 316.4439912898463,
      "overgen_spill_cost_eur_per_mwh": 2989.8852253886967,
      "battery_cycle_cost_eur_per_mwh": 105.63657289038332,
      "pumped_cycle_cost_eur_per_mwh": 55.92619228803261
    },
    "tech_scalers": {
      "thermal_marg_cost": 12.203623859247292,
      "thermal_ramp_pct": 0.08856587642896528,
      "battery_roundtrip_eff": 0.8931953658633053,
      "battery_e_to_p_hours": 1.889246837598352,
      "dr_max_shed_share": 0.07122461113530325,
      "dr_duration_hours": 5.031475533596266,
      "hydro_reservoir_head_eff": 0.9516456551492526,
      "battery_initial_soc_fraction": 0.5918313942150835,
      "battery_final_soc_tolerance": 0.05280713677090159,
      "battery_self_discharge_per_hour": 0.004388366418302264,
      "pumped_initial_level_fraction": 0.6326155587460272,
      "pumped_final_level_tolerance": 0.09396265656520034,
      "pumped_self_discharge_per_hour": 0.0010134878309982528
    }
  },
  "flexibility_metrics": {
    "total_storage_power_mw": 1500.0,
    "total_storage_capacity_mwh": 4056.0,
    "battery_power_mw": 1300.0,
    "battery_capacity_mwh": 2456.0,
    "pumped_power_mw": 200.0,
    "pumped_capacity_mwh": 1600.0,
    "total_dr_capacity_mw": 892.1,
    "total_ramp_up_mw_per_step": 304.0,
    "total_ramp_down_mw_per_step": 304.0,
    "thermal_flex_ratio": 0.164,
    "dr_duration_hours": 5.03,
    "battery_roundtrip_efficiency": 0.893
  },
  "difficulty_indicators": {
    "vre_penetration_pct": 34.69,
    "net_demand_volatility": 0.144,
    "peak_to_valley_ratio": 1.67,
    "estimated_milp_solve_time_seconds": 8811.5,
    "complexity_score": "very_hard",
    "n_binary_variables": 4032,
    "n_timesteps": 96,
    "n_zones": 27,
    "weather_profile": "calm_winter",