{
  "id": "ede3981d-ac86-4318-8a1c-c80a1b004704",
  "horizon_hours": 24,
  "dt_minutes": 15,
  "graph": {
    "regions": 4,
    "zones_per_region": [
      7,
      4,
      5,
      7
    ],
    "sites_per_zone": [
      5,
      6,
      5,
      4,
      7,
      5,
      8,
      2,
      6,
      6,
      7,
      3,
      2,
      6,
      3,
      5,
      4,
      3,
      2,
      5,
      6,
      2,
      2
    ],
    "intertie_density": 0.4915312585201486,
    "neighbor_nations": 2
  },
  "assets": {
    "thermal_per_site": [
      0,
      3,
      1,
      1,
      2,
      0,
      0,
      3,
      1,
      1,
      0,
      0,
      3,
      2,
      1,
      2,
      2,
      2,
      3,
      0,
      3,
      0,
      1
    ],
    "solar_per_site": [
      2,
      3,
      1,
      2,
      2,
      3,
      2,
      1,
      2,
      1,
      3,
      3,
      1,
      3,
      2,
      1,
      2,
      1,
      3,
      3,
      2,
      1,
      3
    ],
    "wind_per_site": [
      3,
      2,
      2,
      1,
      2,
      1,
      3,
      3,
      2,
      1,
      2,
      2,
      2,
      1,
      3,
      1,
      1,
      2,
      2,
      1,
      2,
      1,
      3
    ],
    "battery_per_site": [
      2,
      2,
      0,
      0,
      2,
      2,
      0,
      0,
      0,
      2,
      0,
      0,
      0,
      0,
      1,
      1,
      2,
      0,
      2,
      0,
      1,
      0,
      0
    ],
    "dr_per_site": [
      0,
      0,
      1,
      1,
      2,
      0,
      1,
      0,
      1,
      2,
      1,
      2,
      1,
      1,
      1,
      0,
      2,
      2,
      2,
      1,
      2,
      0,
      1
    ],
    "nuclear_per_region": [
      1,
      1,
      2,
      1
    ],
    "hydro_reservoir_per_region": [
      3,
      0,
      3,
      1
    ],
    "hydro_ror_per_zone": [
      1,
      0,
      2,
      0,
      2,
      1,
      0,
      2,
      2,
      0,
      0,
      0,
      0,
      2,
      2,
      1,
      1,
      1,
      0,
      0,
      1,
      1,
      0
    ],
    "hydro_pumped_per_region": [
      0,
      1,
      1,
      1
    ]
  },
  "econ_policy": {
    "co2_price": 205.9025926540723,
    "price_cap": 2756.784602361386,
    "cross_border_policy": "block",
    "import_export_caps_factor": 1.577341259114248
  },
  "tech": {
    "thermal_marg_cost": 7.252589416693002,
    "thermal_ramp_pct": 0.3892057147605256,
    "battery_roundtrip_eff": 0.8949701422185606,
    "battery_e_to_p_hours": 2.4055509115769746,
    "dr_max_shed_share": 0.18891773908586762,
    "dr_duration_hours": 3.9823081475350017,
    "hydro_reservoir_head_eff": 0.9735131396916074,
    "battery_initial_soc_fraction": 0.3516500113214679,
    "battery_final_soc_tolerance": 0.1288681318409321,
    "battery_self_discharge_per_hour": 0.009522897364441434,
    "pumped_initial_level_fraction": 0.4218509873652323,
    "pumped_final_level_tolerance": 0.13145362010591977,
    "pumped_self_discharge_per_hour": 0.002156802759209205
  },
  "operation_costs": {
    "thermal_fuel_eur_per_mwh": 70.75149946690699,
    "nuclear_fuel_eur_per_mwh": 11.343118459605233,
    "demand_response_cost_eur_per_mwh": 420.09371379987164,
    "value_of_lost_load_eur_per_mwh": 8178.742088209703,
    "renewable_spill_cost_eur_per_mwh": 1511.2939608132656,
    "hydro_spill_cost_eur_per_mwh": 1142.3368712640918,
    "overgen_spill_cost_eur_per_mwh": 6313.890650695787,
    "battery_cycle_cost_eur_per_mwh": 97.04913461605017,
    "pumped_cycle_cost_eur_per_mwh": 56.77690880897979
  },
  "exogenous": {
    "weather_profile": "stormy_winter",
    "weather_spread_intensity": 0.9988599910500162,
    "demand_profile": "wkday_peak",
    "demand_scale_factor": 0.6742883633029824,
    "inflow_factor": 1.4025845783416502,
    "zone_profile_variants": {
      "evening_peak": 0.28,
      "double_peak": 0.16,
      "office_peak": 0.2,
      "industrial": 0.14,
      "night_shift": 0.1,
      "residential_morning": 0.12
    },
    "zone_profile_mix_weight": [
      0.4,
      0.8
    ],
    "zone_profile_phase_shift_hours": [
      -2.5,
      2.5
    ],
    "zone_profile_noise_std": [
      0.02,
      0.06
    ],
    "zone_profile_curvature_exp": [
      0.9,
      1.18
    ],
    "region_weather": {
      "R1": {
        "weather_profile": "stormy_winter",
        "weather_spread_intensity": 0.9887450091704653
      },
      "R2": {
        "weather_profile": "overcast_summer",
        "weather_spread_intensity": 0.7738127946284905
      },
      "R3": {
        "weather_profile": "stormy_winter",
        "weather_spread_intensity": 0.8102622881051845
      },
      "R4": {
        "weather_profile": "overcast_summer",
        "weather_spread_intensity": 1.4226198722959245
      }
    }
  },
  "mip_gap_target_pct": 0.9956295268475326,
  "estimates": {
    "vars_total": 111264,
    "cons_total": 144643,
    "est_cpu_hours": 2.058775888888889
  },
  "meta": {
    "regions": 4,
    "zones": 23,
    "sites": 23,
    "intertie_density": 0.4915312585201486,
    "neighbor_nations": 2,
    "assets": {
      "thermal": 31,
      "solar": 47,
      "wind": 43,
      "battery": 17,
      "dr": 24,
      "nuclear": 5,
      "hydro_reservoir": 7,
      "hydro_ror": 19,
      "hydro_pumped": 3
    },
    "demand_scale_factor": 0.6742883633029824,
    "zone_profile_variants": {
      "evening_peak": 0.28,
      "double_peak": 0.16,
      "office_peak": 0.2,
      "industrial": 0.14,
      "night_shift": 0.1,
      "residential_morning": 0.12
    },
    "zone_profile_mix_weight": [
      0.4,
      0.8
    ],
    "weather_profile": "stormy_winter",
    "cross_border_policy": "block",
    "price_cap": 2756.784602361386,
    "co2_price": 205.9025926540723,
    "import_export_caps_factor": 1.577341259114248,
    "operation_costs": {
      "thermal_fuel_eur_per_mwh": 70.75149946690699,
      "nuclear_fuel_eur_per_mwh": 11.343118459605233,
      "demand_response_cost_eur_per_mwh": 420.09371379987164,
      "value_of_lost_load_eur_per_mwh": 8178.742088209703,
      "renewable_spill_cost_eur_per_mwh": 1511.2939608132656,
      "hydro_spill_cost_eur_per_mwh": 1142.3368712640918,
      "overgen_spill_cost_eur_per_mwh": 6313.890650695787,
      "battery_cycle_cost_eur_per_mwh": 97.04913461605017,
      "pumped_cycle_cost_eur_per_mwh": 56.77690880897979
    },
    "tech_scalers": {
      "thermal_marg_cost": 7.252589416693002,
      "thermal_ramp_pct": 0.3892057147605256,
      "battery_roundtrip_eff": 0.8949701422185606,
      "battery_e_to_p_hours": 2.4055509115769746,
      "dr_max_shed_share": 0.18891773908586762,
      "dr_duration_hours": 3.9823081475350017,
      "hydro_reservoir_head_eff": 0.9735131396916074,
      "battery_initial_soc_fraction": 0.3516500113214679,
      "battery_final_soc_tolerance": 0.1288681318409321,
      "battery_self_discharge_per_hour": 0.009522897364441434,
      "pumped_initial_level_fraction": 0.4218509873652323,
      "pumped_final_level_tolerance": 0.13145362010591977,
      "pumped_self_discharge_per_hour": 0.002156802759209205
    }
  },
  "flexibility_metrics": {
    "total_storage_power_mw": 1450.0,
    "total_storage_capacity_mwh": 6844.7,
    "battery_power_mw": 850.0,
    "battery_capacity_mwh": 2044.7,
    "pumped_power_mw": 600.0,
    "pumped_capacity_mwh": 4800.0,
    "total_dr_capacity_mw": 1464.9,
    "total_ramp_up_mw_per_step": 967.4,
    "total_ramp_down_mw_per_step": 967.4,
    "thermal_flex_ratio": 0.204,
    "dr_duration_hours": 3.98,
    "battery_roundtrip_efficiency": 0.895
  },
  "difficulty_indicators": {
    "vre_penetration_pct": 34.05,
    "net_demand_volatility": 0.292,
    "peak_to_valley_ratio": 1.21,
    "estimated_milp_solve_time_seconds": 7411.6,
    "complexity_score": "hard",
    "n_binary_variables": 2976,
    "n_timesteps": 96,
    "n_zones": 23,
    "weather_profile": "stormy_winter",
    "demand_profile": "wkday_peak"
  }
}