{
  "id": "0e9d6c63-f0d5-4d16-a125-65e791d4d5c4",
  "horizon_hours": 24,
  "dt_minutes": 15,
  "graph": {
    "regions": 2,
    "zones_per_region": [
      5,
      9
    ],
    "sites_per_zone": [
      7,
      8,
      5,
      8,
      2,
      3,
      8,
      8,
      6,
      6,
      5,
      8,
      8,
      3
    ],
    "intertie_density": 0.22417078144706948,
    "neighbor_nations": 2
  },
  "assets": {
    "thermal_per_site": [
      3,
      0,
      0,
      2,
      2,
      3,
      3,
      3,
      1,
      1,
      1,
      1,
      3,
      0
    ],
    "solar_per_site": [
      1,
      2,
      1,
      3,
      3,
      2,
      3,
      1,
      1,
      3,
      2,
      1,
      2,
      3
    ],
    "wind_per_site": [
      1,
      3,
      2,
      1,
      1,
      1,
      1,
      2,
      1,
      1,
      2,
      2,
      3,
      2
    ],
    "battery_per_site": [
      1,
      1,
      2,
      2,
      2,
      2,
      2,
      0,
      2,
      2,
      0,
      0,
      1,
      1
    ],
    "dr_per_site": [
      2,
      2,
      0,
      2,
      1,
      0,
      0,
      2,
      1,
      2,
      2,
      0,
      2,
      1
    ],
    "nuclear_per_region": [
      2,
      1
    ],
    "hydro_reservoir_per_region": [
      2,
      2
    ],
    "hydro_ror_per_zone": [
      1,
      0,
      0,
      2,
      0,
      2,
      1,
      0,
      0,
      1,
      2,
      0,
      0,
      1
    ],
    "hydro_pumped_per_region": [
      1,
      2
    ]
  },
  "econ_policy": {
    "co2_price": 155.57064969396788,
    "price_cap": 1070.7484028228655,
    "cross_border_policy": "block",
    "import_export_caps_factor": 0.9868468778918867
  },
  "tech": {
    "thermal_marg_cost": 5.945688919503364,
    "thermal_ramp_pct": 0.2750369156634446,
    "battery_roundtrip_eff": 0.8815849437624317,
    "battery_e_to_p_hours": 1.7268507016020824,
    "dr_max_shed_share": 0.1221561868456507,
    "dr_duration_hours": 1.0849698123537586,
    "hydro_reservoir_head_eff": 0.827429284963437,
    "battery_initial_soc_fraction": 0.420615700061309,
    "battery_final_soc_tolerance": 0.08319370096226666,
    "battery_self_discharge_per_hour": 0.0042768300449098386,
    "pumped_initial_level_fraction": 0.49336028042427127,
    "pumped_final_level_tolerance": 0.10474191193890706,
    "pumped_self_discharge_per_hour": 0.003298471439310499
  },
  "operation_costs": {
    "thermal_fuel_eur_per_mwh": 65.69042635879742,
    "nuclear_fuel_eur_per_mwh": 13.904434173083784,
    "demand_response_cost_eur_per_mwh": 1152.1706283461642,
    "value_of_lost_load_eur_per_mwh": 7594.4936915456465,
    "renewable_spill_cost_eur_per_mwh": 1089.3422428245276,
    "hydro_spill_cost_eur_per_mwh": 716.5390936910192,
    "overgen_spill_cost_eur_per_mwh": 2530.0191699088846,
    "battery_cycle_cost_eur_per_mwh": 62.31546762600156,
    "pumped_cycle_cost_eur_per_mwh": 52.97947327567429
  },
  "exogenous": {
    "weather_profile": "stormy_winter",
    "weather_spread_intensity": 0.9540018803904659,
    "demand_profile": "heatwave",
    "demand_scale_factor": 0.9297450961628666,
    "inflow_factor": 0.5583767573400775,
    "zone_profile_variants": {
      "evening_peak": 0.28,
      "double_peak": 0.16,
      "office_peak": 0.2,
      "industrial": 0.14,
      "night_shift": 0.1,
      "residential_morning": 0.12
    },
    "zone_profile_mix_weight": [
      0.4,
      0.8
    ],
    "zone_profile_phase_shift_hours": [
      -2.5,
      2.5
    ],
    "zone_profile_noise_std": [
      0.02,
      0.06
    ],
    "zone_profile_curvature_exp": [
      0.9,
      1.18
    ],
    "region_weather": {
      "R1": {
        "weather_profile": "overcast_summer",
        "weather_spread_intensity": 0.8329163517445861
      },
      "R2": {
        "weather_profile": "stormy_winter",
        "weather_spread_intensity": 1.0750874090363456
      }
    }
  },
  "mip_gap_target_pct": 0.7941852760666918,
  "estimates": {
    "vars_total": 71424,
    "cons_total": 92851,
    "est_cpu_hours": 1.3478532222222221
  },
  "meta": {
    "regions": 2,
    "zones": 14,
    "sites": 14,
    "intertie_density": 0.22417078144706948,
    "neighbor_nations": 2,
    "assets": {
      "thermal": 23,
      "solar": 28,
      "wind": 23,
      "battery": 18,
      "dr": 17,
      "nuclear": 3,
      "hydro_reservoir": 4,
      "hydro_ror": 10,
      "hydro_pumped": 3
    },
    "demand_scale_factor": 0.9297450961628666,
    "zone_profile_variants": {
      "evening_peak": 0.28,
      "double_peak": 0.16,
      "office_peak": 0.2,
      "industrial": 0.14,
      "night_shift": 0.1,
      "residential_morning": 0.12
    },
    "zone_profile_mix_weight": [
      0.4,
      0.8
    ],
    "weather_profile": "stormy_winter",
    "cross_border_policy": "block",
    "price_cap": 1070.7484028228655,
    "co2_price": 155.57064969396788,
    "import_export_caps_factor": 0.9868468778918867,
    "operation_costs": {
      "thermal_fuel_eur_per_mwh": 65.69042635879742,
      "nuclear_fuel_eur_per_mwh": 13.904434173083784,
      "demand_response_cost_eur_per_mwh": 1152.1706283461642,
      "value_of_lost_load_eur_per_mwh": 7594.4936915456465,
      "renewable_spill_cost_eur_per_mwh": 1089.3422428245276,
      "hydro_spill_cost_eur_per_mwh": 716.5390936910192,
      "overgen_spill_cost_eur_per_mwh": 2530.0191699088846,
      "battery_cycle_cost_eur_per_mwh": 62.31546762600156,
      "pumped_cycle_cost_eur_per_mwh": 52.97947327567429
    },
    "tech_scalers": {
      "thermal_marg_cost": 5.945688919503364,
      "thermal_ramp_pct": 0.2750369156634446,
      "battery_roundtrip_eff": 0.8815849437624317,
      "battery_e_to_p_hours": 1.7268507016020824,
      "dr_max_shed_share": 0.1221561868456507,
      "dr_duration_hours": 1.0849698123537586,
      "hydro_reservoir_head_eff": 0.827429284963437,
      "battery_initial_soc_fraction": 0.420615700061309,
      "battery_final_soc_tolerance": 0.08319370096226666,
      "battery_self_discharge_per_hour": 0.0042768300449098386,
      "pumped_initial_level_fraction": 0.49336028042427127,
      "pumped_final_level_tolerance": 0.10474191193890706,
      "pumped_self_discharge_per_hour": 0.003298471439310499
    }
  },
  "flexibility_metrics": {
    "total_storage_power_mw": 1500.0,
    "total_storage_capacity_mwh": 6354.2,
    "battery_power_mw": 900.0,
    "battery_capacity_mwh": 1554.2,
    "pumped_power_mw": 600.0,
    "pumped_capacity_mwh": 4800.0,
    "total_dr_capacity_mw": 795.0,
    "total_ramp_up_mw_per_step": 511.9,
    "total_ramp_down_mw_per_step": 511.9,
    "thermal_flex_ratio": 0.232,
    "dr_duration_hours": 1.08,
    "battery_roundtrip_efficiency": 0.882
  },
  "difficulty_indicators": {
    "vre_penetration_pct": 31.02,
    "net_demand_volatility": 0.333,
    "peak_to_valley_ratio": 1.67,
    "estimated_milp_solve_time_seconds": 4852.3,
    "complexity_score": "hard",
    "n_binary_variables": 2208,
    "n_timesteps": 96,
    "n_zones": 14,
    "weather_profile": "stormy_winter",
    "demand_profile": "heatwave"
  }
}