{
  "id": "6e6c37a2-5fd9-46f2-81c1-76a184f33d1f",
  "horizon_hours": 24,
  "dt_minutes": 15,
  "graph": {
    "regions": 4,
    "zones_per_region": [
      3,
      3,
      6,
      4
    ],
    "sites_per_zone": [
      6,
      5,
      2,
      2,
      2,
      2,
      6,
      3,
      2,
      2,
      4,
      3,
      4,
      8,
      7,
      7
    ],
    "intertie_density": 0.2552081431895464,
    "neighbor_nations": 2
  },
  "assets": {
    "thermal_per_site": [
      0,
      0,
      2,
      3,
      0,
      3,
      1,
      2,
      0,
      3,
      1,
      2,
      0,
      2,
      2,
      3
    ],
    "solar_per_site": [
      2,
      2,
      3,
      1,
      3,
      2,
      2,
      3,
      1,
      1,
      1,
      3,
      3,
      1,
      3,
      1
    ],
    "wind_per_site": [
      3,
      2,
      2,
      2,
      3,
      3,
      2,
      1,
      3,
      3,
      1,
      1,
      2,
      2,
      1,
      3
    ],
    "battery_per_site": [
      1,
      0,
      2,
      1,
      0,
      1,
      2,
      1,
      0,
      0,
      2,
      2,
      2,
      0,
      1,
      2
    ],
    "dr_per_site": [
      1,
      2,
      2,
      2,
      1,
      1,
      2,
      1,
      2,
      2,
      1,
      2,
      1,
      2,
      0,
      1
    ],
    "nuclear_per_region": [
      2,
      2,
      2,
      2
    ],
    "hydro_reservoir_per_region": [
      2,
      3,
      0,
      2
    ],
    "hydro_ror_per_zone": [
      2,
      2,
      2,
      2,
      1,
      1,
      1,
      0,
      0,
      1,
      0,
      2,
      2,
      2,
      1,
      2
    ],
    "hydro_pumped_per_region": [
      1,
      2,
      1,
      2
    ]
  },
  "econ_policy": {
    "co2_price": 92.82361414184899,
    "price_cap": 3923.1201170435156,
    "cross_border_policy": "block",
    "import_export_caps_factor": 0.42857034616147416
  },
  "tech": {
    "thermal_marg_cost": 0.7714674990387793,
    "thermal_ramp_pct": 0.421044978846079,
    "battery_roundtrip_eff": 0.8839721072826475,
    "battery_e_to_p_hours": 3.5283147500658147,
    "dr_max_shed_share": 0.2900280079074298,
    "dr_duration_hours": 1.693604598248128,
    "hydro_reservoir_head_eff": 0.9734752889076637,
    "battery_initial_soc_fraction": 0.4625446295507738,
    "battery_final_soc_tolerance": 0.08957353201565729,
    "battery_self_discharge_per_hour": 0.007668497793698556,
    "pumped_initial_level_fraction": 0.44708915907089236,
    "pumped_final_level_tolerance": 0.15544838692963156,
    "pumped_self_discharge_per_hour": 0.0006767386069894046
  },
  "operation_costs": {
    "thermal_fuel_eur_per_mwh": 66.37897647598514,
    "nuclear_fuel_eur_per_mwh": 10.57661888469056,
    "demand_response_cost_eur_per_mwh": 1062.8374616563005,
    "value_of_lost_load_eur_per_mwh": 7938.549472505872,
    "renewable_spill_cost_eur_per_mwh": 1214.7713725097829,
    "hydro_spill_cost_eur_per_mwh": 775.1873954912384,
    "overgen_spill_cost_eur_per_mwh": 2128.654913410419,
    "battery_cycle_cost_eur_per_mwh": 91.97412962765739,
    "pumped_cycle_cost_eur_per_mwh": 57.1246024198263
  },
  "exogenous": {
    "weather_profile": "overcast_summer",
    "weather_spread_intensity": 1.06309333144667,
    "demand_profile": "wkday_peak",
    "demand_scale_factor": 0.9554221674582459,
    "inflow_factor": 1.3028274841057832,
    "zone_profile_variants": {
      "evening_peak": 0.28,
      "double_peak": 0.16,
      "office_peak": 0.2,
      "industrial": 0.14,
      "night_shift": 0.1,
      "residential_morning": 0.12
    },
    "zone_profile_mix_weight": [
      0.4,
      0.8
    ],
    "zone_profile_phase_shift_hours": [
      -2.5,
      2.5
    ],
    "zone_profile_noise_std": [
      0.02,
      0.06
    ],
    "zone_profile_curvature_exp": [
      0.9,
      1.18
    ],
    "region_weather": {
      "R1": {
        "weather_profile": "overcast_summer",
        "weather_spread_intensity": 1.356604301728725
      },
      "R2": {
        "weather_profile": "overcast_summer",
        "weather_spread_intensity": 0.7443005439146109
      },
      "R3": {
        "weather_profile": "mixed",
        "weather_spread_intensity": 0.6802207115433544
      },
      "R4": {
        "weather_profile": "overcast_summer",
        "weather_spread_intensity": 1.4712477685999898
      }
    }
  },
  "mip_gap_target_pct": 0.4396244573425042,
  "estimates": {
    "vars_total": 87264,
    "cons_total": 113443,
    "est_cpu_hours": 1.6305092222222222
  },
  "meta": {
    "regions": 4,
    "zones": 16,
    "sites": 16,
    "intertie_density": 0.2552081431895464,
    "neighbor_nations": 2,
    "assets": {
      "thermal": 24,
      "solar": 32,
      "wind": 34,
      "battery": 17,
      "dr": 23,
      "nuclear": 8,
      "hydro_reservoir": 7,
      "hydro_ror": 21,
      "hydro_pumped": 6
    },
    "demand_scale_factor": 0.9554221674582459,
    "zone_profile_variants": {
      "evening_peak": 0.28,
      "double_peak": 0.16,
      "office_peak": 0.2,
      "industrial": 0.14,
      "night_shift": 0.1,
      "residential_morning": 0.12
    },
    "zone_profile_mix_weight": [
      0.4,
      0.8
    ],
    "weather_profile": "overcast_summer",
    "cross_border_policy": "block",
    "price_cap": 3923.1201170435156,
    "co2_price": 92.82361414184899,
    "import_export_caps_factor": 0.42857034616147416,
    "operation_costs": {
      "thermal_fuel_eur_per_mwh": 66.37897647598514,
      "nuclear_fuel_eur_per_mwh": 10.57661888469056,
      "demand_response_cost_eur_per_mwh": 1062.8374616563005,
      "value_of_lost_load_eur_per_mwh": 7938.549472505872,
      "renewable_spill_cost_eur_per_mwh": 1214.7713725097829,
      "hydro_spill_cost_eur_per_mwh": 775.1873954912384,
      "overgen_spill_cost_eur_per_mwh": 2128.654913410419,
      "battery_cycle_cost_eur_per_mwh": 91.97412962765739,
      "pumped_cycle_cost_eur_per_mwh": 57.1246024198263
    },
    "tech_scalers": {
      "thermal_marg_cost": 0.7714674990387793,
      "thermal_ramp_pct": 0.421044978846079,
      "battery_roundtrip_eff": 0.8839721072826475,
      "battery_e_to_p_hours": 3.5283147500658147,
      "dr_max_shed_share": 0.2900280079074298,
      "dr_duration_hours": 1.693604598248128,
      "hydro_reservoir_head_eff": 0.9734752889076637,
      "battery_initial_soc_fraction": 0.4625446295507738,
      "battery_final_soc_tolerance": 0.08957353201565729,
      "battery_self_discharge_per_hour": 0.007668497793698556,
      "pumped_initial_level_fraction": 0.44708915907089236,
      "pumped_final_level_tolerance": 0.15544838692963156,
      "pumped_self_discharge_per_hour": 0.0006767386069894046
    }
  }
}