{
  "id": "43f1c201-3318-4c9e-b137-866b3101a1ab",
  "horizon_hours": 24,
  "dt_minutes": 15,
  "graph": {
    "regions": 3,
    "zones_per_region": [
      5,
      9,
      6
    ],
    "sites_per_zone": [
      8,
      7,
      6,
      6,
      2,
      6,
      4,
      7,
      7,
      2,
      8,
      4,
      5,
      7,
      4,
      6,
      5,
      6,
      4,
      8
    ],
    "intertie_density": 0.23781718223437298,
    "neighbor_nations": 3
  },
  "assets": {
    "thermal_per_site": [
      1,
      3,
      2,
      2,
      1,
      0,
      3,
      1,
      3,
      1,
      0,
      3,
      0,
      0,
      3,
      2,
      1,
      3,
      1,
      2
    ],
    "solar_per_site": [
      3,
      3,
      1,
      3,
      1,
      2,
      2,
      1,
      3,
      2,
      3,
      1,
      3,
      1,
      3,
      2,
      3,
      2,
      2,
      2
    ],
    "wind_per_site": [
      2,
      3,
      2,
      3,
      3,
      1,
      3,
      2,
      3,
      3,
      3,
      2,
      1,
      2,
      1,
      2,
      2,
      2,
      1,
      3
    ],
    "battery_per_site": [
      2,
      0,
      1,
      2,
      1,
      0,
      0,
      0,
      2,
      2,
      1,
      0,
      1,
      0,
      1,
      0,
      0,
      1,
      0,
      0
    ],
    "dr_per_site": [
      2,
      0,
      2,
      1,
      1,
      2,
      2,
      2,
      1,
      0,
      0,
      1,
      2,
      0,
      0,
      1,
      2,
      0,
      0,
      0
    ],
    "nuclear_per_region": [
      1,
      2,
      1
    ],
    "hydro_reservoir_per_region": [
      1,
      2,
      3
    ],
    "hydro_ror_per_zone": [
      0,
      1,
      0,
      0,
      2,
      1,
      0,
      0,
      0,
      1,
      2,
      2,
      0,
      2,
      0,
      1,
      1,
      2,
      0,
      2
    ],
    "hydro_pumped_per_region": [
      1,
      1,
      1
    ]
  },
  "econ_policy": {
    "co2_price": 249.20122901946561,
    "price_cap": 1586.2541738839968,
    "cross_border_policy": "allow",
    "import_export_caps_factor": 1.1895605374127225
  },
  "tech": {
    "thermal_marg_cost": 5.238605915821263,
    "thermal_ramp_pct": 0.41009183420984247,
    "battery_roundtrip_eff": 0.8174438837227458,
    "battery_e_to_p_hours": 3.315181938910111,
    "dr_max_shed_share": 0.05495271680426708,
    "dr_duration_hours": 2.447227826609568,
    "hydro_reservoir_head_eff": 1.0352886397720709,
    "battery_initial_soc_fraction": 0.6312586584553733,
    "battery_final_soc_tolerance": 0.07172693682243729,
    "battery_self_discharge_per_hour": 0.009905477143444662,
    "pumped_initial_level_fraction": 0.4955250367707926,
    "pumped_final_level_tolerance": 0.09184103583031229,
    "pumped_self_discharge_per_hour": 0.0028156455005945175
  },
  "operation_costs": {
    "thermal_fuel_eur_per_mwh": 57.064894154258084,
    "nuclear_fuel_eur_per_mwh": 9.90892019450922,
    "demand_response_cost_eur_per_mwh": 1152.1561601772296,
    "value_of_lost_load_eur_per_mwh": 11099.496960853383,
    "renewable_spill_cost_eur_per_mwh": 845.2629559925083,
    "hydro_spill_cost_eur_per_mwh": 793.0264109234612,
    "overgen_spill_cost_eur_per_mwh": 5974.88176892893,
    "battery_cycle_cost_eur_per_mwh": 99.09468511698327,
    "pumped_cycle_cost_eur_per_mwh": 74.54881321642628
  },
  "exogenous": {
    "weather_profile": "overcast_summer",
    "weather_spread_intensity": 1.1275448299654134,
    "demand_profile": "wkday_peak",
    "demand_scale_factor": 1.3100337729319187,
    "inflow_factor": 1.091973187125782,
    "zone_profile_variants": {
      "evening_peak": 0.28,
      "double_peak": 0.16,
      "office_peak": 0.2,
      "industrial": 0.14,
      "night_shift": 0.1,
      "residential_morning": 0.12
    },
    "zone_profile_mix_weight": [
      0.4,
      0.8
    ],
    "zone_profile_phase_shift_hours": [
      -2.5,
      2.5
    ],
    "zone_profile_noise_std": [
      0.02,
      0.06
    ],
    "zone_profile_curvature_exp": [
      0.9,
      1.18
    ],
    "region_weather": {
      "R1": {
        "weather_profile": "overcast_summer",
        "weather_spread_intensity": 1.2657898759642094
      },
      "R2": {
        "weather_profile": "sunny_summer",
        "weather_spread_intensity": 0.7307464373406878
      },
      "R3": {
        "weather_profile": "overcast_summer",
        "weather_spread_intensity": 1.386098176591343
      }
    }
  },
  "mip_gap_target_pct": 0.5982523625137854,
  "estimates": {
    "vars_total": 99648,
    "cons_total": 129542,
    "est_cpu_hours": 1.8514931111111113
  },
  "meta": {
    "regions": 3,
    "zones": 20,
    "sites": 20,
    "intertie_density": 0.23781718223437298,
    "neighbor_nations": 3,
    "assets": {
      "thermal": 32,
      "solar": 43,
      "wind": 44,
      "battery": 14,
      "dr": 19,
      "nuclear": 4,
      "hydro_reservoir": 6,
      "hydro_ror": 17,
      "hydro_pumped": 3
    },
    "demand_scale_factor": 1.3100337729319187,
    "zone_profile_variants": {
      "evening_peak": 0.28,
      "double_peak": 0.16,
      "office_peak": 0.2,
      "industrial": 0.14,
      "night_shift": 0.1,
      "residential_morning": 0.12
    },
    "zone_profile_mix_weight": [
      0.4,
      0.8
    ],
    "weather_profile": "overcast_summer",
    "cross_border_policy": "allow",
    "price_cap": 1586.2541738839968,
    "co2_price": 249.20122901946561,
    "import_export_caps_factor": 1.1895605374127225,
    "operation_costs": {
      "thermal_fuel_eur_per_mwh": 57.064894154258084,
      "nuclear_fuel_eur_per_mwh": 9.90892019450922,
      "demand_response_cost_eur_per_mwh": 1152.1561601772296,
      "value_of_lost_load_eur_per_mwh": 11099.496960853383,
      "renewable_spill_cost_eur_per_mwh": 845.2629559925083,
      "hydro_spill_cost_eur_per_mwh": 793.0264109234612,
      "overgen_spill_cost_eur_per_mwh": 5974.88176892893,
      "battery_cycle_cost_eur_per_mwh": 99.09468511698327,
      "pumped_cycle_cost_eur_per_mwh": 74.54881321642628
    },
    "tech_scalers": {
      "thermal_marg_cost": 5.238605915821263,
      "thermal_ramp_pct": 0.41009183420984247,
      "battery_roundtrip_eff": 0.8174438837227458,
      "battery_e_to_p_hours": 3.315181938910111,
      "dr_max_shed_share": 0.05495271680426708,
      "dr_duration_hours": 2.447227826609568,
      "hydro_reservoir_head_eff": 1.0352886397720709,
      "battery_initial_soc_fraction": 0.6312586584553733,
      "battery_final_soc_tolerance": 0.07172693682243729,
      "battery_self_discharge_per_hour": 0.009905477143444662,
      "pumped_initial_level_fraction": 0.4955250367707926,
      "pumped_final_level_tolerance": 0.09184103583031229,
      "pumped_self_discharge_per_hour": 0.0028156455005945175
    }
  },
  "flexibility_metrics": {
    "total_storage_power_mw": 1300.0,
    "total_storage_capacity_mwh": 7120.6,
    "battery_power_mw": 700.0,
    "battery_capacity_mwh": 2320.6,
    "pumped_power_mw": 600.0,
    "pumped_capacity_mwh": 4800.0,
    "total_dr_capacity_mw": 719.9,
    "total_ramp_up_mw_per_step": 1034.2,
    "total_ramp_down_mw_per_step": 1034.2,
    "thermal_flex_ratio": 0.149,
    "dr_duration_hours": 2.45,
    "battery_roundtrip_efficiency": 0.817
  },
  "difficulty_indicators": {
    "vre_penetration_pct": 35.28,
    "net_demand_volatility": 0.18,
    "peak_to_valley_ratio": 2.36,
    "estimated_milp_solve_time_seconds": 6665.4,
    "complexity_score": "hard",
    "n_binary_variables": 3072,
    "n_timesteps": 96,
    "n_zones": 20,
    "weather_profile": "overcast_summer",
    "demand_profile": "wkday_peak"
  }
}