{
  "id": "6c0deea8-ccf8-442b-840a-4c1f212b7779",
  "horizon_hours": 24,
  "dt_minutes": 15,
  "graph": {
    "regions": 4,
    "zones_per_region": [
      4,
      5,
      6,
      5
    ],
    "sites_per_zone": [
      6,
      6,
      3,
      6,
      4,
      8,
      6,
      8,
      6,
      7,
      2,
      8,
      4,
      6,
      2,
      8,
      5,
      7,
      2,
      6
    ],
    "intertie_density": 0.2519766377916557,
    "neighbor_nations": 3
  },
  "assets": {
    "thermal_per_site": [
      1,
      1,
      0,
      2,
      1,
      3,
      2,
      2,
      3,
      3,
      2,
      0,
      3,
      1,
      0,
      2,
      0,
      0,
      3,
      1
    ],
    "solar_per_site": [
      2,
      2,
      1,
      3,
      3,
      2,
      2,
      1,
      2,
      1,
      2,
      3,
      3,
      2,
      1,
      2,
      1,
      2,
      3,
      1
    ],
    "wind_per_site": [
      1,
      2,
      1,
      3,
      1,
      3,
      2,
      3,
      2,
      1,
      1,
      2,
      3,
      1,
      3,
      2,
      1,
      1,
      1,
      3
    ],
    "battery_per_site": [
      1,
      1,
      1,
      1,
      0,
      1,
      2,
      1,
      2,
      1,
      1,
      1,
      0,
      1,
      1,
      2,
      2,
      2,
      0,
      0
    ],
    "dr_per_site": [
      0,
      2,
      1,
      1,
      1,
      1,
      0,
      0,
      0,
      0,
      0,
      1,
      0,
      1,
      1,
      1,
      1,
      2,
      1,
      0
    ],
    "nuclear_per_region": [
      0,
      2,
      0,
      1
    ],
    "hydro_reservoir_per_region": [
      3,
      0,
      3,
      1
    ],
    "hydro_ror_per_zone": [
      0,
      2,
      1,
      2,
      1,
      1,
      0,
      1,
      0,
      2,
      1,
      1,
      0,
      0,
      1,
      2,
      0,
      2,
      1,
      0
    ],
    "hydro_pumped_per_region": [
      1,
      1,
      1,
      0
    ]
  },
  "econ_policy": {
    "co2_price": 52.12821786488265,
    "price_cap": 727.7548133681992,
    "cross_border_policy": "allow",
    "import_export_caps_factor": 0.9659404364724401
  },
  "tech": {
    "thermal_marg_cost": 6.726459101464765,
    "thermal_ramp_pct": 0.07755488933241783,
    "battery_roundtrip_eff": 0.8644523137602451,
    "battery_e_to_p_hours": 2.4389071622300347,
    "dr_max_shed_share": 0.16992639557651384,
    "dr_duration_hours": 1.5170080195829492,
    "hydro_reservoir_head_eff": 0.789911352132786,
    "battery_initial_soc_fraction": 0.4993755637656351,
    "battery_final_soc_tolerance": 0.17797676097351411,
    "battery_self_discharge_per_hour": 0.0031999706831188097,
    "pumped_initial_level_fraction": 0.6151070115410159,
    "pumped_final_level_tolerance": 0.1203643565715377,
    "pumped_self_discharge_per_hour": 0.002395167313527199
  },
  "operation_costs": {
    "thermal_fuel_eur_per_mwh": 59.48049883138883,
    "nuclear_fuel_eur_per_mwh": 11.224940512394443,
    "demand_response_cost_eur_per_mwh": 634.0318694367866,
    "value_of_lost_load_eur_per_mwh": 7857.81635512715,
    "renewable_spill_cost_eur_per_mwh": 1174.0025437169518,
    "hydro_spill_cost_eur_per_mwh": 343.79397765704493,
    "overgen_spill_cost_eur_per_mwh": 4988.391683709896,
    "battery_cycle_cost_eur_per_mwh": 70.1868512028733,
    "pumped_cycle_cost_eur_per_mwh": 48.262131325485896
  },
  "exogenous": {
    "weather_profile": "stormy_winter",
    "weather_spread_intensity": 1.0710945043395945,
    "demand_profile": "heatwave",
    "demand_scale_factor": 1.2260615159228816,
    "inflow_factor": 0.44316415414042976,
    "zone_profile_variants": {
      "evening_peak": 0.28,
      "double_peak": 0.16,
      "office_peak": 0.2,
      "industrial": 0.14,
      "night_shift": 0.1,
      "residential_morning": 0.12
    },
    "zone_profile_mix_weight": [
      0.4,
      0.8
    ],
    "zone_profile_phase_shift_hours": [
      -2.5,
      2.5
    ],
    "zone_profile_noise_std": [
      0.02,
      0.06
    ],
    "zone_profile_curvature_exp": [
      0.9,
      1.18
    ],
    "region_weather": {
      "R1": {
        "weather_profile": "sunny_summer",
        "weather_spread_intensity": 1.3646631476070907
      },
      "R2": {
        "weather_profile": "stormy_winter",
        "weather_spread_intensity": 0.5402567717414448
      },
      "R3": {
        "weather_profile": "mixed",
        "weather_spread_intensity": 1.0020326290395176
      },
      "R4": {
        "weather_profile": "stormy_winter",
        "weather_spread_intensity": 1.3774254689703254
      }
    }
  },
  "mip_gap_target_pct": 1.3527427246201196,
  "estimates": {
    "vars_total": 97440,
    "cons_total": 126672,
    "est_cpu_hours": 1.812096
  },
  "meta": {
    "regions": 4,
    "zones": 20,
    "sites": 20,
    "intertie_density": 0.2519766377916557,
    "neighbor_nations": 3,
    "assets": {
      "thermal": 30,
      "solar": 39,
      "wind": 37,
      "battery": 21,
      "dr": 14,
      "nuclear": 3,
      "hydro_reservoir": 7,
      "hydro_ror": 18,
      "hydro_pumped": 3
    },
    "demand_scale_factor": 1.2260615159228816,
    "zone_profile_variants": {
      "evening_peak": 0.28,
      "double_peak": 0.16,
      "office_peak": 0.2,
      "industrial": 0.14,
      "night_shift": 0.1,
      "residential_morning": 0.12
    },
    "zone_profile_mix_weight": [
      0.4,
      0.8
    ],
    "weather_profile": "stormy_winter",
    "cross_border_policy": "allow",
    "price_cap": 727.7548133681992,
    "co2_price": 52.12821786488265,
    "import_export_caps_factor": 0.9659404364724401,
    "operation_costs": {
      "thermal_fuel_eur_per_mwh": 59.48049883138883,
      "nuclear_fuel_eur_per_mwh": 11.224940512394443,
      "demand_response_cost_eur_per_mwh": 634.0318694367866,
      "value_of_lost_load_eur_per_mwh": 7857.81635512715,
      "renewable_spill_cost_eur_per_mwh": 1174.0025437169518,
      "hydro_spill_cost_eur_per_mwh": 343.79397765704493,
      "overgen_spill_cost_eur_per_mwh": 4988.391683709896,
      "battery_cycle_cost_eur_per_mwh": 70.1868512028733,
      "pumped_cycle_cost_eur_per_mwh": 48.262131325485896
    },
    "tech_scalers": {
      "thermal_marg_cost": 6.726459101464765,
      "thermal_ramp_pct": 0.07755488933241783,
      "battery_roundtrip_eff": 0.8644523137602451,
      "battery_e_to_p_hours": 2.4389071622300347,
      "dr_max_shed_share": 0.16992639557651384,
      "dr_duration_hours": 1.5170080195829492,
      "hydro_reservoir_head_eff": 0.789911352132786,
      "battery_initial_soc_fraction": 0.4993755637656351,
      "battery_final_soc_tolerance": 0.17797676097351411,
      "battery_self_discharge_per_hour": 0.0031999706831188097,
      "pumped_initial_level_fraction": 0.6151070115410159,
      "pumped_final_level_tolerance": 0.1203643565715377,
      "pumped_self_discharge_per_hour": 0.002395167313527199
    }
  },
  "flexibility_metrics": {
    "total_storage_power_mw": 1650.0,
    "total_storage_capacity_mwh": 7360.9,
    "battery_power_mw": 1050.0,
    "battery_capacity_mwh": 2560.9,
    "pumped_power_mw": 600.0,
    "pumped_capacity_mwh": 4800.0,
    "total_dr_capacity_mw": 2083.4,
    "total_ramp_up_mw_per_step": 212.0,
    "total_ramp_down_mw_per_step": 212.0,
    "thermal_flex_ratio": 0.311,
    "dr_duration_hours": 1.52,
    "battery_roundtrip_efficiency": 0.864
  },
  "difficulty_indicators": {
    "vre_penetration_pct": 33.1,
    "net_demand_volatility": 0.333,
    "peak_to_valley_ratio": 2.21,
    "estimated_milp_solve_time_seconds": 6523.5,
    "complexity_score": "hard",
    "n_binary_variables": 2880,
    "n_timesteps": 96,
    "n_zones": 20,
    "weather_profile": "stormy_winter",
    "demand_profile": "heatwave"
  }
}