{
  "id": "c197c456-1c9e-4fcd-815e-76f5967ee7f2",
  "horizon_hours": 24,
  "dt_minutes": 15,
  "graph": {
    "regions": 3,
    "zones_per_region": [
      8,
      5,
      3
    ],
    "sites_per_zone": [
      6,
      2,
      3,
      4,
      4,
      2,
      2,
      5,
      6,
      5,
      8,
      6,
      3,
      5,
      7,
      4
    ],
    "intertie_density": 0.3571910350221141,
    "neighbor_nations": 2
  },
  "assets": {
    "thermal_per_site": [
      1,
      1,
      1,
      0,
      2,
      0,
      1,
      1,
      3,
      2,
      1,
      1,
      2,
      0,
      2,
      0
    ],
    "solar_per_site": [
      2,
      3,
      2,
      1,
      1,
      3,
      1,
      2,
      1,
      3,
      1,
      2,
      2,
      3,
      3,
      1
    ],
    "wind_per_site": [
      1,
      1,
      2,
      2,
      3,
      3,
      3,
      3,
      2,
      1,
      1,
      3,
      1,
      3,
      1,
      2
    ],
    "battery_per_site": [
      2,
      1,
      1,
      0,
      1,
      1,
      2,
      2,
      2,
      2,
      0,
      2,
      0,
      1,
      0,
      1
    ],
    "dr_per_site": [
      0,
      0,
      2,
      2,
      1,
      2,
      1,
      1,
      0,
      1,
      2,
      2,
      1,
      0,
      0,
      1
    ],
    "nuclear_per_region": [
      2,
      0,
      2
    ],
    "hydro_reservoir_per_region": [
      1,
      1,
      0
    ],
    "hydro_ror_per_zone": [
      2,
      2,
      1,
      0,
      0,
      0,
      0,
      0,
      2,
      2,
      2,
      2,
      2,
      0,
      1,
      1
    ],
    "hydro_pumped_per_region": [
      0,
      2,
      1
    ]
  },
  "econ_policy": {
    "co2_price": 188.32307412588025,
    "price_cap": 3042.1625440963358,
    "cross_border_policy": "allow",
    "import_export_caps_factor": 1.3101996727879308
  },
  "tech": {
    "thermal_marg_cost": 4.381126659606902,
    "thermal_ramp_pct": 0.07348531690699077,
    "battery_roundtrip_eff": 0.930708149818077,
    "battery_e_to_p_hours": 5.245663400556554,
    "dr_max_shed_share": 0.08634999780831923,
    "dr_duration_hours": 2.468280246330893,
    "hydro_reservoir_head_eff": 0.7943404397188436,
    "battery_initial_soc_fraction": 0.40486167419366836,
    "battery_final_soc_tolerance": 0.10393312240581802,
    "battery_self_discharge_per_hour": 0.0020126420063311837,
    "pumped_initial_level_fraction": 0.6115321405524283,
    "pumped_final_level_tolerance": 0.08662944615748311,
    "pumped_self_discharge_per_hour": 0.002770328384985832
  },
  "operation_costs": {
    "thermal_fuel_eur_per_mwh": 77.31145973185667,
    "nuclear_fuel_eur_per_mwh": 12.991933049744926,
    "demand_response_cost_eur_per_mwh": 670.5431426169728,
    "value_of_lost_load_eur_per_mwh": 10376.194436612717,
    "renewable_spill_cost_eur_per_mwh": 1461.8080006300079,
    "hydro_spill_cost_eur_per_mwh": 507.8771341224446,
    "overgen_spill_cost_eur_per_mwh": 6580.415428497508,
    "battery_cycle_cost_eur_per_mwh": 72.54104842197606,
    "pumped_cycle_cost_eur_per_mwh": 71.46347180485252
  },
  "exogenous": {
    "weather_profile": "calm_winter",
    "weather_spread_intensity": 1.0442776187188023,
    "demand_profile": "cold_snap",
    "demand_scale_factor": 1.2930020805692626,
    "inflow_factor": 1.0435547656584887,
    "zone_profile_variants": {
      "evening_peak": 0.28,
      "double_peak": 0.16,
      "office_peak": 0.2,
      "industrial": 0.14,
      "night_shift": 0.1,
      "residential_morning": 0.12
    },
    "zone_profile_mix_weight": [
      0.4,
      0.8
    ],
    "zone_profile_phase_shift_hours": [
      -2.5,
      2.5
    ],
    "zone_profile_noise_std": [
      0.02,
      0.06
    ],
    "zone_profile_curvature_exp": [
      0.9,
      1.18
    ],
    "region_weather": {
      "R1": {
        "weather_profile": "overcast_summer",
        "weather_spread_intensity": 0.8010938745994898
      },
      "R2": {
        "weather_profile": "calm_winter",
        "weather_spread_intensity": 1.227136749068832
      },
      "R3": {
        "weather_profile": "calm_winter",
        "weather_spread_intensity": 1.104602232488085
      }
    }
  },
  "mip_gap_target_pct": 0.9265500203667927,
  "estimates": {
    "vars_total": 78048,
    "cons_total": 101462,
    "est_cpu_hours": 1.4660531111111113
  },
  "meta": {
    "regions": 3,
    "zones": 16,
    "sites": 16,
    "intertie_density": 0.3571910350221141,
    "neighbor_nations": 2,
    "assets": {
      "thermal": 18,
      "solar": 31,
      "wind": 32,
      "battery": 18,
      "dr": 16,
      "nuclear": 4,
      "hydro_reservoir": 2,
      "hydro_ror": 17,
      "hydro_pumped": 3
    },
    "demand_scale_factor": 1.2930020805692626,
    "zone_profile_variants": {
      "evening_peak": 0.28,
      "double_peak": 0.16,
      "office_peak": 0.2,
      "industrial": 0.14,
      "night_shift": 0.1,
      "residential_morning": 0.12
    },
    "zone_profile_mix_weight": [
      0.4,
      0.8
    ],
    "weather_profile": "calm_winter",
    "cross_border_policy": "allow",
    "price_cap": 3042.1625440963358,
    "co2_price": 188.32307412588025,
    "import_export_caps_factor": 1.3101996727879308,
    "operation_costs": {
      "thermal_fuel_eur_per_mwh": 77.31145973185667,
      "nuclear_fuel_eur_per_mwh": 12.991933049744926,
      "demand_response_cost_eur_per_mwh": 670.5431426169728,
      "value_of_lost_load_eur_per_mwh": 10376.194436612717,
      "renewable_spill_cost_eur_per_mwh": 1461.8080006300079,
      "hydro_spill_cost_eur_per_mwh": 507.8771341224446,
      "overgen_spill_cost_eur_per_mwh": 6580.415428497508,
      "battery_cycle_cost_eur_per_mwh": 72.54104842197606,
      "pumped_cycle_cost_eur_per_mwh": 71.46347180485252
    },
    "tech_scalers": {
      "thermal_marg_cost": 4.381126659606902,
      "thermal_ramp_pct": 0.07348531690699077,
      "battery_roundtrip_eff": 0.930708149818077,
      "battery_e_to_p_hours": 5.245663400556554,
      "dr_max_shed_share": 0.08634999780831923,
      "dr_duration_hours": 2.468280246330893,
      "hydro_reservoir_head_eff": 0.7943404397188436,
      "battery_initial_soc_fraction": 0.40486167419366836,
      "battery_final_soc_tolerance": 0.10393312240581802,
      "battery_self_discharge_per_hour": 0.0020126420063311837,
      "pumped_initial_level_fraction": 0.6115321405524283,
      "pumped_final_level_tolerance": 0.08662944615748311,
      "pumped_self_discharge_per_hour": 0.002770328384985832
    }
  },
  "flexibility_metrics": {
    "total_storage_power_mw": 1500.0,
    "total_storage_capacity_mwh": 9521.1,
    "battery_power_mw": 900.0,
    "battery_capacity_mwh": 4721.1,
    "pumped_power_mw": 600.0,
    "pumped_capacity_mwh": 4800.0,
    "total_dr_capacity_mw": 893.2,
    "total_ramp_up_mw_per_step": 149.2,
    "total_ramp_down_mw_per_step": 149.2,
    "thermal_flex_ratio": 0.255,
    "dr_duration_hours": 2.47,
    "battery_roundtrip_efficiency": 0.931
  },
  "difficulty_indicators": {
    "vre_penetration_pct": 36.41,
    "net_demand_volatility": 0.233,
    "peak_to_valley_ratio": 2.33,
    "estimated_milp_solve_time_seconds": 5277.8,
    "complexity_score": "hard",
    "n_binary_variables": 1728,
    "n_timesteps": 96,
    "n_zones": 16,
    "weather_profile": "calm_winter",
    "demand_profile": "cold_snap"
  }
}