{
  "id": "a63b2413-509c-4540-92fc-cf0a39e0fd9a",
  "horizon_hours": 24,
  "dt_minutes": 15,
  "graph": {
    "regions": 3,
    "zones_per_region": [
      3,
      4,
      3
    ],
    "sites_per_zone": [
      7,
      5,
      5,
      5,
      3,
      2,
      7,
      5,
      7,
      3
    ],
    "intertie_density": 0.25621622386595205,
    "neighbor_nations": 2
  },
  "assets": {
    "thermal_per_site": [
      0,
      0,
      3,
      3,
      1,
      2,
      2,
      0,
      0,
      3
    ],
    "solar_per_site": [
      2,
      2,
      3,
      3,
      2,
      1,
      1,
      3,
      2,
      2
    ],
    "wind_per_site": [
      1,
      1,
      1,
      3,
      1,
      3,
      2,
      2,
      3,
      1
    ],
    "battery_per_site": [
      1,
      0,
      1,
      2,
      1,
      1,
      0,
      0,
      2,
      0
    ],
    "dr_per_site": [
      0,
      2,
      1,
      1,
      0,
      2,
      2,
      0,
      2,
      2
    ],
    "nuclear_per_region": [
      2,
      0,
      0
    ],
    "hydro_reservoir_per_region": [
      0,
      0,
      0
    ],
    "hydro_ror_per_zone": [
      2,
      2,
      2,
      0,
      0,
      0,
      0,
      2,
      0,
      1
    ],
    "hydro_pumped_per_region": [
      2,
      0,
      0
    ]
  },
  "econ_policy": {
    "co2_price": 205.0383032883576,
    "price_cap": 2115.311954755132,
    "cross_border_policy": "block",
    "import_export_caps_factor": 1.5979198637493646
  },
  "tech": {
    "thermal_marg_cost": 14.46612984748845,
    "thermal_ramp_pct": 0.3025650473065082,
    "battery_roundtrip_eff": 0.8714961070871924,
    "battery_e_to_p_hours": 4.844455360781875,
    "dr_max_shed_share": 0.12874933336467412,
    "dr_duration_hours": 2.598042199190614,
    "hydro_reservoir_head_eff": 0.7641586651729484,
    "battery_initial_soc_fraction": 0.5958743994406652,
    "battery_final_soc_tolerance": 0.13173023278752655,
    "battery_self_discharge_per_hour": 0.006311813450641681,
    "pumped_initial_level_fraction": 0.49029210266507456,
    "pumped_final_level_tolerance": 0.062184607759210184,
    "pumped_self_discharge_per_hour": 0.0018350209463865886
  },
  "operation_costs": {
    "thermal_fuel_eur_per_mwh": 56.56624362708866,
    "nuclear_fuel_eur_per_mwh": 14.074697989319732,
    "demand_response_cost_eur_per_mwh": 524.0382125365081,
    "value_of_lost_load_eur_per_mwh": 9443.795540303814,
    "renewable_spill_cost_eur_per_mwh": 798.6282853956483,
    "hydro_spill_cost_eur_per_mwh": 1013.3907541320954,
    "overgen_spill_cost_eur_per_mwh": 3315.1769839221297,
    "battery_cycle_cost_eur_per_mwh": 117.39326621186189,
    "pumped_cycle_cost_eur_per_mwh": 56.951871038574744
  },
  "exogenous": {
    "weather_profile": "calm_winter",
    "weather_spread_intensity": 1.1034398365035927,
    "demand_profile": "wkday_peak",
    "demand_scale_factor": 1.2298602221072474,
    "inflow_factor": 0.5324346784484774,
    "zone_profile_variants": {
      "evening_peak": 0.28,
      "double_peak": 0.16,
      "office_peak": 0.2,
      "industrial": 0.14,
      "night_shift": 0.1,
      "residential_morning": 0.12
    },
    "zone_profile_mix_weight": [
      0.4,
      0.8
    ],
    "zone_profile_phase_shift_hours": [
      -2.5,
      2.5
    ],
    "zone_profile_noise_std": [
      0.02,
      0.06
    ],
    "zone_profile_curvature_exp": [
      0.9,
      1.18
    ],
    "region_weather": {
      "R1": {
        "weather_profile": "calm_winter",
        "weather_spread_intensity": 1.0757274063453122
      },
      "R2": {
        "weather_profile": "stormy_winter",
        "weather_spread_intensity": 0.8994203235015227
      },
      "R3": {
        "weather_profile": "calm_winter",
        "weather_spread_intensity": 1.3351717796639435
      }
    }
  },
  "mip_gap_target_pct": 0.7143300926552825,
  "estimates": {
    "vars_total": 48576,
    "cons_total": 63148,
    "est_cpu_hours": 0.9401382222222222
  },
  "meta": {
    "regions": 3,
    "zones": 10,
    "sites": 10,
    "intertie_density": 0.25621622386595205,
    "neighbor_nations": 2,
    "assets": {
      "thermal": 14,
      "solar": 21,
      "wind": 18,
      "battery": 8,
      "dr": 12,
      "nuclear": 2,
      "hydro_reservoir": 0,
      "hydro_ror": 9,
      "hydro_pumped": 2
    },
    "demand_scale_factor": 1.2298602221072474,
    "zone_profile_variants": {
      "evening_peak": 0.28,
      "double_peak": 0.16,
      "office_peak": 0.2,
      "industrial": 0.14,
      "night_shift": 0.1,
      "residential_morning": 0.12
    },
    "zone_profile_mix_weight": [
      0.4,
      0.8
    ],
    "weather_profile": "calm_winter",
    "cross_border_policy": "block",
    "price_cap": 2115.311954755132,
    "co2_price": 205.0383032883576,
    "import_export_caps_factor": 1.5979198637493646,
    "operation_costs": {
      "thermal_fuel_eur_per_mwh": 56.56624362708866,
      "nuclear_fuel_eur_per_mwh": 14.074697989319732,
      "demand_response_cost_eur_per_mwh": 524.0382125365081,
      "value_of_lost_load_eur_per_mwh": 9443.795540303814,
      "renewable_spill_cost_eur_per_mwh": 798.6282853956483,
      "hydro_spill_cost_eur_per_mwh": 1013.3907541320954,
      "overgen_spill_cost_eur_per_mwh": 3315.1769839221297,
      "battery_cycle_cost_eur_per_mwh": 117.39326621186189,
      "pumped_cycle_cost_eur_per_mwh": 56.951871038574744
    },
    "tech_scalers": {
      "thermal_marg_cost": 14.46612984748845,
      "thermal_ramp_pct": 0.3025650473065082,
      "battery_roundtrip_eff": 0.8714961070871924,
      "battery_e_to_p_hours": 4.844455360781875,
      "dr_max_shed_share": 0.12874933336467412,
      "dr_duration_hours": 2.598042199190614,
      "hydro_reservoir_head_eff": 0.7641586651729484,
      "battery_initial_soc_fraction": 0.5958743994406652,
      "battery_final_soc_tolerance": 0.13173023278752655,
      "battery_self_discharge_per_hour": 0.006311813450641681,
      "pumped_initial_level_fraction": 0.49029210266507456,
      "pumped_final_level_tolerance": 0.062184607759210184,
      "pumped_self_discharge_per_hour": 0.0018350209463865886
    }
  },
  "flexibility_metrics": {
    "total_storage_power_mw": 800.0,
    "total_storage_capacity_mwh": 5137.8,
    "battery_power_mw": 400.0,
    "battery_capacity_mwh": 1937.8,
    "pumped_power_mw": 400.0,
    "pumped_capacity_mwh": 3200.0,
    "total_dr_capacity_mw": 791.7,
    "total_ramp_up_mw_per_step": 342.7,
    "total_ramp_down_mw_per_step": 342.7,
    "thermal_flex_ratio": 0.257,
    "dr_duration_hours": 2.6,
    "battery_roundtrip_efficiency": 0.871
  },
  "difficulty_indicators": {
    "vre_penetration_pct": 37.5,
    "net_demand_volatility": 0.192,
    "peak_to_valley_ratio": 2.21,
    "estimated_milp_solve_time_seconds": 3384.5,
    "complexity_score": "medium",
    "n_binary_variables": 1344,
    "n_timesteps": 96,
    "n_zones": 10,
    "weather_profile": "calm_winter",
    "demand_profile": "wkday_peak"
  }
}