{
  "id": "93b5118f-db7b-4cd9-bea3-106e1a3293ee",
  "horizon_hours": 24,
  "dt_minutes": 15,
  "graph": {
    "regions": 2,
    "zones_per_region": [
      3,
      9
    ],
    "sites_per_zone": [
      8,
      4,
      8,
      5,
      6,
      7,
      4,
      8,
      5,
      2,
      2,
      8
    ],
    "intertie_density": 0.5177922391977996,
    "neighbor_nations": 2
  },
  "assets": {
    "thermal_per_site": [
      1,
      0,
      0,
      2,
      3,
      3,
      0,
      3,
      1,
      0,
      2,
      0
    ],
    "solar_per_site": [
      1,
      2,
      2,
      2,
      1,
      1,
      1,
      1,
      2,
      1,
      1,
      1
    ],
    "wind_per_site": [
      1,
      2,
      2,
      1,
      1,
      2,
      1,
      3,
      2,
      3,
      3,
      1
    ],
    "battery_per_site": [
      2,
      0,
      1,
      1,
      1,
      1,
      0,
      1,
      1,
      1,
      1,
      1
    ],
    "dr_per_site": [
      1,
      0,
      1,
      2,
      0,
      0,
      1,
      2,
      1,
      2,
      1,
      0
    ],
    "nuclear_per_region": [
      0,
      1
    ],
    "hydro_reservoir_per_region": [
      0,
      0
    ],
    "hydro_ror_per_zone": [
      1,
      1,
      2,
      1,
      2,
      2,
      0,
      0,
      1,
      2,
      2,
      0
    ],
    "hydro_pumped_per_region": [
      0,
      0
    ]
  },
  "econ_policy": {
    "co2_price": 170.52599543362396,
    "price_cap": 679.9494334281119,
    "cross_border_policy": "allow",
    "import_export_caps_factor": 0.5697635779546261
  },
  "tech": {
    "thermal_marg_cost": 4.818354133592989,
    "thermal_ramp_pct": 0.27494448066225996,
    "battery_roundtrip_eff": 0.9246721812242716,
    "battery_e_to_p_hours": 2.900030600432055,
    "dr_max_shed_share": 0.24624394972032848,
    "dr_duration_hours": 5.458889471189961,
    "hydro_reservoir_head_eff": 0.8257828626422495,
    "battery_initial_soc_fraction": 0.5789790863941644,
    "battery_final_soc_tolerance": 0.0953517523127834,
    "battery_self_discharge_per_hour": 0.0014746734630739819,
    "pumped_initial_level_fraction": 0.5891011573299398,
    "pumped_final_level_tolerance": 0.08937973040973204,
    "pumped_self_discharge_per_hour": 0.003318679274911541
  },
  "operation_costs": {
    "thermal_fuel_eur_per_mwh": 64.40237199160215,
    "nuclear_fuel_eur_per_mwh": 9.991264413081534,
    "demand_response_cost_eur_per_mwh": 1084.010324818587,
    "value_of_lost_load_eur_per_mwh": 9587.924134707935,
    "renewable_spill_cost_eur_per_mwh": 1292.4914049139147,
    "hydro_spill_cost_eur_per_mwh": 947.9901007509825,
    "overgen_spill_cost_eur_per_mwh": 4016.9010005377195,
    "battery_cycle_cost_eur_per_mwh": 63.064386418655616,
    "pumped_cycle_cost_eur_per_mwh": 59.86152326868035
  },
  "exogenous": {
    "weather_profile": "stormy_winter",
    "weather_spread_intensity": 0.9821794988962778,
    "demand_profile": "wkend_flat",
    "demand_scale_factor": 1.0090024610196147,
    "inflow_factor": 0.7441059534790561,
    "zone_profile_variants": {
      "evening_peak": 0.28,
      "double_peak": 0.16,
      "office_peak": 0.2,
      "industrial": 0.14,
      "night_shift": 0.1,
      "residential_morning": 0.12
    },
    "zone_profile_mix_weight": [
      0.4,
      0.8
    ],
    "zone_profile_phase_shift_hours": [
      -2.5,
      2.5
    ],
    "zone_profile_noise_std": [
      0.02,
      0.06
    ],
    "zone_profile_curvature_exp": [
      0.9,
      1.18
    ],
    "region_weather": {
      "R1": {
        "weather_profile": "calm_winter",
        "weather_spread_intensity": 0.8108304822558984
      },
      "R2": {
        "weather_profile": "stormy_winter",
        "weather_spread_intensity": 1.153528515536657
      }
    }
  },
  "mip_gap_target_pct": 0.705710904000209,
  "estimates": {
    "vars_total": 54720,
    "cons_total": 71136,
    "est_cpu_hours": 1.0497813333333335
  },
  "meta": {
    "regions": 2,
    "zones": 12,
    "sites": 12,
    "intertie_density": 0.5177922391977996,
    "neighbor_nations": 2,
    "assets": {
      "thermal": 15,
      "solar": 16,
      "wind": 22,
      "battery": 11,
      "dr": 11,
      "nuclear": 1,
      "hydro_reservoir": 0,
      "hydro_ror": 14,
      "hydro_pumped": 0
    },
    "demand_scale_factor": 1.0090024610196147,
    "zone_profile_variants": {
      "evening_peak": 0.28,
      "double_peak": 0.16,
      "office_peak": 0.2,
      "industrial": 0.14,
      "night_shift": 0.1,
      "residential_morning": 0.12
    },
    "zone_profile_mix_weight": [
      0.4,
      0.8
    ],
    "weather_profile": "stormy_winter",
    "cross_border_policy": "allow",
    "price_cap": 679.9494334281119,
    "co2_price": 170.52599543362396,
    "import_export_caps_factor": 0.5697635779546261,
    "operation_costs": {
      "thermal_fuel_eur_per_mwh": 64.40237199160215,
      "nuclear_fuel_eur_per_mwh": 9.991264413081534,
      "demand_response_cost_eur_per_mwh": 1084.010324818587,
      "value_of_lost_load_eur_per_mwh": 9587.924134707935,
      "renewable_spill_cost_eur_per_mwh": 1292.4914049139147,
      "hydro_spill_cost_eur_per_mwh": 947.9901007509825,
      "overgen_spill_cost_eur_per_mwh": 4016.9010005377195,
      "battery_cycle_cost_eur_per_mwh": 63.064386418655616,
      "pumped_cycle_cost_eur_per_mwh": 59.86152326868035
    },
    "tech_scalers": {
      "thermal_marg_cost": 4.818354133592989,
      "thermal_ramp_pct": 0.27494448066225996,
      "battery_roundtrip_eff": 0.9246721812242716,
      "battery_e_to_p_hours": 2.900030600432055,
      "dr_max_shed_share": 0.24624394972032848,
      "dr_duration_hours": 5.458889471189961,
      "hydro_reservoir_head_eff": 0.8257828626422495,
      "battery_initial_soc_fraction": 0.5789790863941644,
      "battery_final_soc_tolerance": 0.0953517523127834,
      "battery_self_discharge_per_hour": 0.0014746734630739819,
      "pumped_initial_level_fraction": 0.5891011573299398,
      "pumped_final_level_tolerance": 0.08937973040973204,
      "pumped_self_discharge_per_hour": 0.003318679274911541
    }
  },
  "flexibility_metrics": {
    "total_storage_power_mw": 550.0,
    "total_storage_capacity_mwh": 1595.0,
    "battery_power_mw": 550.0,
    "battery_capacity_mwh": 1595.0,
    "pumped_power_mw": 0.0,
    "pumped_capacity_mwh": 0.0,
    "total_dr_capacity_mw": 1490.8,
    "total_ramp_up_mw_per_step": 321.8,
    "total_ramp_down_mw_per_step": 321.8,
    "thermal_flex_ratio": 0.371,
    "dr_duration_hours": 5.46,
    "battery_roundtrip_efficiency": 0.925
  },
  "difficulty_indicators": {
    "vre_penetration_pct": 37.12,
    "net_demand_volatility": 0.262,
    "peak_to_valley_ratio": 1.82,
    "estimated_milp_solve_time_seconds": 3779.2,
    "complexity_score": "medium",
    "n_binary_variables": 1440,
    "n_timesteps": 96,
    "n_zones": 12,
    "weather_profile": "stormy_winter",
    "demand_profile": "wkend_flat"
  }
}