{
  "id": "c706e9de-6d23-4465-a7ed-276b30b3dc92",
  "horizon_hours": 24,
  "dt_minutes": 15,
  "graph": {
    "regions": 2,
    "zones_per_region": [
      8,
      8
    ],
    "sites_per_zone": [
      7,
      2,
      2,
      6,
      7,
      2,
      6,
      4,
      5,
      5,
      5,
      8,
      4,
      8,
      8,
      7
    ],
    "intertie_density": 0.23313663846412158,
    "neighbor_nations": 3
  },
  "assets": {
    "thermal_per_site": [
      2,
      0,
      3,
      1,
      1,
      1,
      2,
      3,
      3,
      3,
      0,
      2,
      0,
      2,
      1,
      2
    ],
    "solar_per_site": [
      3,
      3,
      1,
      3,
      3,
      1,
      3,
      1,
      2,
      3,
      1,
      2,
      2,
      2,
      2,
      3
    ],
    "wind_per_site": [
      2,
      3,
      3,
      2,
      2,
      1,
      3,
      3,
      3,
      2,
      2,
      1,
      1,
      1,
      2,
      3
    ],
    "battery_per_site": [
      0,
      2,
      1,
      1,
      2,
      2,
      2,
      1,
      1,
      1,
      0,
      2,
      2,
      2,
      0,
      0
    ],
    "dr_per_site": [
      2,
      2,
      0,
      0,
      1,
      1,
      1,
      1,
      2,
      2,
      1,
      2,
      2,
      0,
      2,
      1
    ],
    "nuclear_per_region": [
      1,
      0
    ],
    "hydro_reservoir_per_region": [
      0,
      3
    ],
    "hydro_ror_per_zone": [
      1,
      0,
      1,
      1,
      2,
      2,
      2,
      0,
      2,
      0,
      0,
      0,
      2,
      0,
      0,
      0
    ],
    "hydro_pumped_per_region": [
      2,
      0
    ]
  },
  "econ_policy": {
    "co2_price": 83.53369353803004,
    "price_cap": 2760.7603067989103,
    "cross_border_policy": "cap",
    "import_export_caps_factor": 0.5494281306860151
  },
  "tech": {
    "thermal_marg_cost": 3.3307702602180376,
    "thermal_ramp_pct": 0.2062691247717937,
    "battery_roundtrip_eff": 0.7950438850217538,
    "battery_e_to_p_hours": 2.6476949624893145,
    "dr_max_shed_share": 0.14068156187577574,
    "dr_duration_hours": 4.0849966227438115,
    "hydro_reservoir_head_eff": 0.9713173302930738,
    "battery_initial_soc_fraction": 0.40367138856603996,
    "battery_final_soc_tolerance": 0.15594141447727533,
    "battery_self_discharge_per_hour": 0.0018788946355447417,
    "pumped_initial_level_fraction": 0.5671285737654777,
    "pumped_final_level_tolerance": 0.08026648175640529,
    "pumped_self_discharge_per_hour": 0.0021975841931662736
  },
  "operation_costs": {
    "thermal_fuel_eur_per_mwh": 48.4234396628777,
    "nuclear_fuel_eur_per_mwh": 8.819590211554901,
    "demand_response_cost_eur_per_mwh": 1151.332790498575,
    "value_of_lost_load_eur_per_mwh": 11167.753261878337,
    "renewable_spill_cost_eur_per_mwh": 1159.0009513052348,
    "hydro_spill_cost_eur_per_mwh": 533.5695737627157,
    "overgen_spill_cost_eur_per_mwh": 3263.2574255697627,
    "battery_cycle_cost_eur_per_mwh": 94.64478296498503,
    "pumped_cycle_cost_eur_per_mwh": 63.98434836445469
  },
  "exogenous": {
    "weather_profile": "sunny_summer",
    "weather_spread_intensity": 0.6791447038625533,
    "demand_profile": "heatwave",
    "demand_scale_factor": 1.2896338714837698,
    "inflow_factor": 0.9656155628741442,
    "zone_profile_variants": {
      "evening_peak": 0.28,
      "double_peak": 0.16,
      "office_peak": 0.2,
      "industrial": 0.14,
      "night_shift": 0.1,
      "residential_morning": 0.12
    },
    "zone_profile_mix_weight": [
      0.4,
      0.8
    ],
    "zone_profile_phase_shift_hours": [
      -2.5,
      2.5
    ],
    "zone_profile_noise_std": [
      0.02,
      0.06
    ],
    "zone_profile_curvature_exp": [
      0.9,
      1.18
    ],
    "region_weather": {
      "R1": {
        "weather_profile": "stormy_winter",
        "weather_spread_intensity": 0.7317265707933398
      },
      "R2": {
        "weather_profile": "sunny_summer",
        "weather_spread_intensity": 0.6265628369317667
      }
    }
  },
  "mip_gap_target_pct": 0.8786740285891549,
  "estimates": {
    "vars_total": 81792,
    "cons_total": 106329,
    "est_cpu_hours": 1.5328610000000003
  },
  "meta": {
    "regions": 2,
    "zones": 16,
    "sites": 16,
    "intertie_density": 0.23313663846412158,
    "neighbor_nations": 3,
    "assets": {
      "thermal": 26,
      "solar": 35,
      "wind": 34,
      "battery": 19,
      "dr": 20,
      "nuclear": 1,
      "hydro_reservoir": 3,
      "hydro_ror": 13,
      "hydro_pumped": 2
    },
    "demand_scale_factor": 1.2896338714837698,
    "zone_profile_variants": {
      "evening_peak": 0.28,
      "double_peak": 0.16,
      "office_peak": 0.2,
      "industrial": 0.14,
      "night_shift": 0.1,
      "residential_morning": 0.12
    },
    "zone_profile_mix_weight": [
      0.4,
      0.8
    ],
    "weather_profile": "sunny_summer",
    "cross_border_policy": "cap",
    "price_cap": 2760.7603067989103,
    "co2_price": 83.53369353803004,
    "import_export_caps_factor": 0.5494281306860151,
    "operation_costs": {
      "thermal_fuel_eur_per_mwh": 48.4234396628777,
      "nuclear_fuel_eur_per_mwh": 8.819590211554901,
      "demand_response_cost_eur_per_mwh": 1151.332790498575,
      "value_of_lost_load_eur_per_mwh": 11167.753261878337,
      "renewable_spill_cost_eur_per_mwh": 1159.0009513052348,
      "hydro_spill_cost_eur_per_mwh": 533.5695737627157,
      "overgen_spill_cost_eur_per_mwh": 3263.2574255697627,
      "battery_cycle_cost_eur_per_mwh": 94.64478296498503,
      "pumped_cycle_cost_eur_per_mwh": 63.98434836445469
    },
    "tech_scalers": {
      "thermal_marg_cost": 3.3307702602180376,
      "thermal_ramp_pct": 0.2062691247717937,
      "battery_roundtrip_eff": 0.7950438850217538,
      "battery_e_to_p_hours": 2.6476949624893145,
      "dr_max_shed_share": 0.14068156187577574,
      "dr_duration_hours": 4.0849966227438115,
      "hydro_reservoir_head_eff": 0.9713173302930738,
      "battery_initial_soc_fraction": 0.40367138856603996,
      "battery_final_soc_tolerance": 0.15594141447727533,
      "battery_self_discharge_per_hour": 0.0018788946355447417,
      "pumped_initial_level_fraction": 0.5671285737654777,
      "pumped_final_level_tolerance": 0.08026648175640529,
      "pumped_self_discharge_per_hour": 0.0021975841931662736
    }
  },
  "flexibility_metrics": {
    "total_storage_power_mw": 1350.0,
    "total_storage_capacity_mwh": 5715.3,
    "battery_power_mw": 950.0,
    "battery_capacity_mwh": 2515.3,
    "pumped_power_mw": 400.0,
    "pumped_capacity_mwh": 3200.0,
    "total_dr_capacity_mw": 1451.4,
    "total_ramp_up_mw_per_step": 414.7,
    "total_ramp_down_mw_per_step": 414.7,
    "thermal_flex_ratio": 0.318,
    "dr_duration_hours": 4.08,
    "battery_roundtrip_efficiency": 0.795
  },
  "difficulty_indicators": {
    "vre_penetration_pct": 40.0,
    "net_demand_volatility": 0.311,
    "peak_to_valley_ratio": 2.32,
    "estimated_milp_solve_time_seconds": 5518.3,
    "complexity_score": "hard",
    "n_binary_variables": 2496,
    "n_timesteps": 96,
    "n_zones": 16,
    "weather_profile": "sunny_summer",
    "demand_profile": "heatwave"
  }
}