{
  "id": "f94007da-c730-4051-a987-8976b06a11e3",
  "horizon_hours": 24,
  "dt_minutes": 15,
  "graph": {
    "regions": 3,
    "zones_per_region": [
      6,
      9,
      8
    ],
    "sites_per_zone": [
      4,
      6,
      2,
      4,
      2,
      4,
      2,
      3,
      7,
      5,
      4,
      6,
      7,
      5,
      4,
      8,
      4,
      3,
      4,
      5,
      6,
      2,
      8
    ],
    "intertie_density": 0.21684621516030897,
    "neighbor_nations": 3
  },
  "assets": {
    "thermal_per_site": [
      3,
      3,
      3,
      1,
      2,
      1,
      3,
      3,
      0,
      3,
      0,
      2,
      3,
      2,
      2,
      2,
      0,
      3,
      3,
      0,
      2,
      0,
      0
    ],
    "solar_per_site": [
      2,
      2,
      2,
      2,
      1,
      1,
      2,
      3,
      2,
      3,
      3,
      1,
      1,
      3,
      2,
      3,
      3,
      1,
      1,
      3,
      1,
      2,
      3
    ],
    "wind_per_site": [
      2,
      3,
      2,
      1,
      1,
      2,
      3,
      2,
      3,
      3,
      2,
      3,
      1,
      3,
      3,
      2,
      3,
      2,
      1,
      3,
      3,
      1,
      2
    ],
    "battery_per_site": [
      2,
      2,
      2,
      1,
      0,
      1,
      0,
      2,
      2,
      1,
      1,
      2,
      0,
      2,
      2,
      1,
      0,
      2,
      1,
      2,
      2,
      0,
      2
    ],
    "dr_per_site": [
      0,
      0,
      2,
      1,
      1,
      0,
      2,
      2,
      2,
      2,
      1,
      0,
      1,
      2,
      2,
      1,
      0,
      2,
      1,
      2,
      0,
      2,
      1
    ],
    "nuclear_per_region": [
      1,
      0,
      0
    ],
    "hydro_reservoir_per_region": [
      1,
      0,
      1
    ],
    "hydro_ror_per_zone": [
      1,
      2,
      2,
      0,
      1,
      2,
      2,
      2,
      0,
      2,
      0,
      0,
      0,
      0,
      2,
      1,
      1,
      2,
      2,
      1,
      0,
      1,
      0
    ],
    "hydro_pumped_per_region": [
      0,
      0,
      0
    ]
  },
  "econ_policy": {
    "co2_price": 63.497534502716746,
    "price_cap": 1879.05170341234,
    "cross_border_policy": "block",
    "import_export_caps_factor": 1.201885327544053
  },
  "tech": {
    "thermal_marg_cost": 2.2895068754451393,
    "thermal_ramp_pct": 0.4181209444548019,
    "battery_roundtrip_eff": 0.9045558178373495,
    "battery_e_to_p_hours": 1.880416676813156,
    "dr_max_shed_share": 0.08455853068616466,
    "dr_duration_hours": 3.682782401365654,
    "hydro_reservoir_head_eff": 0.9326074993063653,
    "battery_initial_soc_fraction": 0.35531562132114947,
    "battery_final_soc_tolerance": 0.11397902002983609,
    "battery_self_discharge_per_hour": 0.0014425036597860246,
    "pumped_initial_level_fraction": 0.4871627555294472,
    "pumped_final_level_tolerance": 0.051037500556931015,
    "pumped_self_discharge_per_hour": 0.0006851485689766834
  },
  "operation_costs": {
    "thermal_fuel_eur_per_mwh": 57.860582715912884,
    "nuclear_fuel_eur_per_mwh": 14.132593959495747,
    "demand_response_cost_eur_per_mwh": 917.9450140691237,
    "value_of_lost_load_eur_per_mwh": 10744.027034107314,
    "renewable_spill_cost_eur_per_mwh": 1526.0811224266856,
    "hydro_spill_cost_eur_per_mwh": 1134.3609375790693,
    "overgen_spill_cost_eur_per_mwh": 5388.155411554324,
    "battery_cycle_cost_eur_per_mwh": 117.85341810982331,
    "pumped_cycle_cost_eur_per_mwh": 65.48512755936093
  },
  "exogenous": {
    "weather_profile": "sunny_summer",
    "weather_spread_intensity": 0.9827801854219196,
    "demand_profile": "cold_snap",
    "demand_scale_factor": 0.7135791471234749,
    "inflow_factor": 1.4320604597507738,
    "zone_profile_variants": {
      "evening_peak": 0.28,
      "double_peak": 0.16,
      "office_peak": 0.2,
      "industrial": 0.14,
      "night_shift": 0.1,
      "residential_morning": 0.12
    },
    "zone_profile_mix_weight": [
      0.4,
      0.8
    ],
    "zone_profile_phase_shift_hours": [
      -2.5,
      2.5
    ],
    "zone_profile_noise_std": [
      0.02,
      0.06
    ],
    "zone_profile_curvature_exp": [
      0.9,
      1.18
    ],
    "region_weather": {
      "R1": {
        "weather_profile": "overcast_summer",
        "weather_spread_intensity": 1.0419767927139203
      },
      "R2": {
        "weather_profile": "mixed",
        "weather_spread_intensity": 1.4021738494068567
      },
      "R3": {
        "weather_profile": "sunny_summer",
        "weather_spread_intensity": 0.5041899141449819
      }
    }
  },
  "mip_gap_target_pct": 0.6977020968480632,
  "estimates": {
    "vars_total": 118368,
    "cons_total": 153878,
    "est_cpu_hours": 2.1855411111111116
  },
  "meta": {
    "regions": 3,
    "zones": 23,
    "sites": 23,
    "intertie_density": 0.21684621516030897,
    "neighbor_nations": 3,
    "assets": {
      "thermal": 41,
      "solar": 47,
      "wind": 51,
      "battery": 30,
      "dr": 27,
      "nuclear": 1,
      "hydro_reservoir": 2,
      "hydro_ror": 24,
      "hydro_pumped": 0
    },
    "demand_scale_factor": 0.7135791471234749,
    "zone_profile_variants": {
      "evening_peak": 0.28,
      "double_peak": 0.16,
      "office_peak": 0.2,
      "industrial": 0.14,
      "night_shift": 0.1,
      "residential_morning": 0.12
    },
    "zone_profile_mix_weight": [
      0.4,
      0.8
    ],
    "weather_profile": "sunny_summer",
    "cross_border_policy": "block",
    "price_cap": 1879.05170341234,
    "co2_price": 63.497534502716746,
    "import_export_caps_factor": 1.201885327544053,
    "operation_costs": {
      "thermal_fuel_eur_per_mwh": 57.860582715912884,
      "nuclear_fuel_eur_per_mwh": 14.132593959495747,
      "demand_response_cost_eur_per_mwh": 917.9450140691237,
      "value_of_lost_load_eur_per_mwh": 10744.027034107314,
      "renewable_spill_cost_eur_per_mwh": 1526.0811224266856,
      "hydro_spill_cost_eur_per_mwh": 1134.3609375790693,
      "overgen_spill_cost_eur_per_mwh": 5388.155411554324,
      "battery_cycle_cost_eur_per_mwh": 117.85341810982331,
      "pumped_cycle_cost_eur_per_mwh": 65.48512755936093
    },
    "tech_scalers": {
      "thermal_marg_cost": 2.2895068754451393,
      "thermal_ramp_pct": 0.4181209444548019,
      "battery_roundtrip_eff": 0.9045558178373495,
      "battery_e_to_p_hours": 1.880416676813156,
      "dr_max_shed_share": 0.08455853068616466,
      "dr_duration_hours": 3.682782401365654,
      "hydro_reservoir_head_eff": 0.9326074993063653,
      "battery_initial_soc_fraction": 0.35531562132114947,
      "battery_final_soc_tolerance": 0.11397902002983609,
      "battery_self_discharge_per_hour": 0.0014425036597860246,
      "pumped_initial_level_fraction": 0.4871627555294472,
      "pumped_final_level_tolerance": 0.051037500556931015,
      "pumped_self_discharge_per_hour": 0.0006851485689766834
    }
  },
  "flexibility_metrics": {
    "total_storage_power_mw": 1500.0,
    "total_storage_capacity_mwh": 2820.6,
    "battery_power_mw": 1500.0,
    "battery_capacity_mwh": 2820.6,
    "pumped_power_mw": 0.0,
    "pumped_capacity_mwh": 0.0,
    "total_dr_capacity_mw": 693.9,
    "total_ramp_up_mw_per_step": 1298.2,
    "total_ramp_down_mw_per_step": 1298.2,
    "thermal_flex_ratio": 0.165,
    "dr_duration_hours": 3.68,
    "battery_roundtrip_efficiency": 0.905
  },
  "difficulty_indicators": {
    "vre_penetration_pct": 39.27,
    "net_demand_volatility": 0.297,
    "peak_to_valley_ratio": 1.28,
    "estimated_milp_solve_time_seconds": 7867.9,
    "complexity_score": "hard",
    "n_binary_variables": 3936,
    "n_timesteps": 96,
    "n_zones": 23,
    "weather_profile": "sunny_summer",
    "demand_profile": "cold_snap"
  }
}