{
  "id": "6f76f28d-9447-4dc3-b620-eb0629aed73c",
  "horizon_hours": 24,
  "dt_minutes": 15,
  "graph": {
    "regions": 2,
    "zones_per_region": [
      5,
      6
    ],
    "sites_per_zone": [
      6,
      6,
      5,
      6,
      6,
      4,
      3,
      2,
      4,
      3,
      3
    ],
    "intertie_density": 0.3941077342952854,
    "neighbor_nations": 3
  },
  "assets": {
    "thermal_per_site": [
      0,
      0,
      0,
      3,
      2,
      3,
      2,
      2,
      0,
      3,
      2
    ],
    "solar_per_site": [
      1,
      1,
      1,
      3,
      1,
      1,
      2,
      3,
      3,
      2,
      2
    ],
    "wind_per_site": [
      3,
      1,
      1,
      1,
      1,
      2,
      1,
      1,
      3,
      2,
      1
    ],
    "battery_per_site": [
      0,
      1,
      1,
      0,
      1,
      0,
      2,
      1,
      2,
      1,
      0
    ],
    "dr_per_site": [
      0,
      0,
      1,
      1,
      0,
      1,
      1,
      0,
      2,
      2,
      0
    ],
    "nuclear_per_region": [
      0,
      2
    ],
    "hydro_reservoir_per_region": [
      0,
      0
    ],
    "hydro_ror_per_zone": [
      2,
      1,
      2,
      2,
      2,
      2,
      1,
      1,
      0,
      0,
      2
    ],
    "hydro_pumped_per_region": [
      0,
      0
    ]
  },
  "econ_policy": {
    "co2_price": 117.38429043651914,
    "price_cap": 1465.6838982961256,
    "cross_border_policy": "block",
    "import_export_caps_factor": 0.8500007626986948
  },
  "tech": {
    "thermal_marg_cost": 3.2956500089562835,
    "thermal_ramp_pct": 0.05784613825655774,
    "battery_roundtrip_eff": 0.8741609217120072,
    "battery_e_to_p_hours": 4.693747627827282,
    "dr_max_shed_share": 0.32793894738253576,
    "dr_duration_hours": 1.1348180533975463,
    "hydro_reservoir_head_eff": 0.896812761058713,
    "battery_initial_soc_fraction": 0.5458766266887097,
    "battery_final_soc_tolerance": 0.16940028628373466,
    "battery_self_discharge_per_hour": 0.002926466961749177,
    "pumped_initial_level_fraction": 0.507679320483526,
    "pumped_final_level_tolerance": 0.06482872168504125,
    "pumped_self_discharge_per_hour": 0.002956857198525385
  },
  "operation_costs": {
    "thermal_fuel_eur_per_mwh": 83.56209066134771,
    "nuclear_fuel_eur_per_mwh": 11.761489086736827,
    "demand_response_cost_eur_per_mwh": 792.8554620491311,
    "value_of_lost_load_eur_per_mwh": 8540.516457081167,
    "renewable_spill_cost_eur_per_mwh": 519.2857368390873,
    "hydro_spill_cost_eur_per_mwh": 953.4805421903527,
    "overgen_spill_cost_eur_per_mwh": 3031.955530810263,
    "battery_cycle_cost_eur_per_mwh": 94.72874458590695,
    "pumped_cycle_cost_eur_per_mwh": 62.31948946834592
  },
  "exogenous": {
    "weather_profile": "stormy_winter",
    "weather_spread_intensity": 0.7125221234805507,
    "demand_profile": "cold_snap",
    "demand_scale_factor": 1.013749788042494,
    "inflow_factor": 1.0401000376396026,
    "zone_profile_variants": {
      "evening_peak": 0.28,
      "double_peak": 0.16,
      "office_peak": 0.2,
      "industrial": 0.14,
      "night_shift": 0.1,
      "residential_morning": 0.12
    },
    "zone_profile_mix_weight": [
      0.4,
      0.8
    ],
    "zone_profile_phase_shift_hours": [
      -2.5,
      2.5
    ],
    "zone_profile_noise_std": [
      0.02,
      0.06
    ],
    "zone_profile_curvature_exp": [
      0.9,
      1.18
    ],
    "region_weather": {
      "R1": {
        "weather_profile": "stormy_winter",
        "weather_spread_intensity": 0.7507519316398469
      },
      "R2": {
        "weather_profile": "stormy_winter",
        "weather_spread_intensity": 0.6742923153212544
      }
    }
  },
  "mip_gap_target_pct": 0.5547207530014178,
  "estimates": {
    "vars_total": 51744,
    "cons_total": 67267,
    "est_cpu_hours": 0.9966745555555556
  },
  "meta": {
    "regions": 2,
    "zones": 11,
    "sites": 11,
    "intertie_density": 0.3941077342952854,
    "neighbor_nations": 3,
    "assets": {
      "thermal": 17,
      "solar": 20,
      "wind": 17,
      "battery": 9,
      "dr": 8,
      "nuclear": 2,
      "hydro_reservoir": 0,
      "hydro_ror": 15,
      "hydro_pumped": 0
    },
    "demand_scale_factor": 1.013749788042494,
    "zone_profile_variants": {
      "evening_peak": 0.28,
      "double_peak": 0.16,
      "office_peak": 0.2,
      "industrial": 0.14,
      "night_shift": 0.1,
      "residential_morning": 0.12
    },
    "zone_profile_mix_weight": [
      0.4,
      0.8
    ],
    "weather_profile": "stormy_winter",
    "cross_border_policy": "block",
    "price_cap": 1465.6838982961256,
    "co2_price": 117.38429043651914,
    "import_export_caps_factor": 0.8500007626986948,
    "operation_costs": {
      "thermal_fuel_eur_per_mwh": 83.56209066134771,
      "nuclear_fuel_eur_per_mwh": 11.761489086736827,
      "demand_response_cost_eur_per_mwh": 792.8554620491311,
      "value_of_lost_load_eur_per_mwh": 8540.516457081167,
      "renewable_spill_cost_eur_per_mwh": 519.2857368390873,
      "hydro_spill_cost_eur_per_mwh": 953.4805421903527,
      "overgen_spill_cost_eur_per_mwh": 3031.955530810263,
      "battery_cycle_cost_eur_per_mwh": 94.72874458590695,
      "pumped_cycle_cost_eur_per_mwh": 62.31948946834592
    },
    "tech_scalers": {
      "thermal_marg_cost": 3.2956500089562835,
      "thermal_ramp_pct": 0.05784613825655774,
      "battery_roundtrip_eff": 0.8741609217120072,
      "battery_e_to_p_hours": 4.693747627827282,
      "dr_max_shed_share": 0.32793894738253576,
      "dr_duration_hours": 1.1348180533975463,
      "hydro_reservoir_head_eff": 0.896812761058713,
      "battery_initial_soc_fraction": 0.5458766266887097,
      "battery_final_soc_tolerance": 0.16940028628373466,
      "battery_self_discharge_per_hour": 0.002926466961749177,
      "pumped_initial_level_fraction": 0.507679320483526,
      "pumped_final_level_tolerance": 0.06482872168504125,
      "pumped_self_discharge_per_hour": 0.002956857198525385
    }
  }
}