{
  "id": "fedb1fe1-801f-4fb9-8014-9d1d2158b099",
  "horizon_hours": 24,
  "dt_minutes": 15,
  "graph": {
    "regions": 2,
    "zones_per_region": [
      3,
      9
    ],
    "sites_per_zone": [
      8,
      2,
      3,
      2,
      5,
      4,
      5,
      3,
      3,
      8,
      2,
      6
    ],
    "intertie_density": 0.5212461945830216,
    "neighbor_nations": 3
  },
  "assets": {
    "thermal_per_site": [
      3,
      1,
      2,
      1,
      3,
      2,
      2,
      0,
      2,
      0,
      0,
      1
    ],
    "solar_per_site": [
      1,
      3,
      1,
      2,
      1,
      2,
      2,
      2,
      2,
      1,
      3,
      2
    ],
    "wind_per_site": [
      1,
      2,
      1,
      2,
      3,
      2,
      3,
      3,
      1,
      2,
      2,
      3
    ],
    "battery_per_site": [
      1,
      0,
      2,
      2,
      0,
      0,
      0,
      1,
      0,
      0,
      2,
      1
    ],
    "dr_per_site": [
      2,
      2,
      0,
      1,
      0,
      2,
      1,
      2,
      2,
      1,
      0,
      0
    ],
    "nuclear_per_region": [
      2,
      0
    ],
    "hydro_reservoir_per_region": [
      3,
      3
    ],
    "hydro_ror_per_zone": [
      0,
      0,
      2,
      1,
      0,
      0,
      0,
      2,
      1,
      2,
      1,
      1
    ],
    "hydro_pumped_per_region": [
      2,
      0
    ]
  },
  "econ_policy": {
    "co2_price": 159.86568488589717,
    "price_cap": 2363.4479398785516,
    "cross_border_policy": "block",
    "import_export_caps_factor": 1.3839554702730594
  },
  "tech": {
    "thermal_marg_cost": 1.1224572649481623,
    "thermal_ramp_pct": 0.27712829131568334,
    "battery_roundtrip_eff": 0.8495972605495976,
    "battery_e_to_p_hours": 5.8210913736637035,
    "dr_max_shed_share": 0.12103152042256896,
    "dr_duration_hours": 2.30495469461805,
    "hydro_reservoir_head_eff": 0.8445026746229275,
    "battery_initial_soc_fraction": 0.5902450465998486,
    "battery_final_soc_tolerance": 0.14109432882180048,
    "battery_self_discharge_per_hour": 0.0076181758190413135,
    "pumped_initial_level_fraction": 0.49541731577983017,
    "pumped_final_level_tolerance": 0.08535426333821908,
    "pumped_self_discharge_per_hour": 0.000761406025308679
  },
  "operation_costs": {
    "thermal_fuel_eur_per_mwh": 53.108505051169345,
    "nuclear_fuel_eur_per_mwh": 14.239495859750903,
    "demand_response_cost_eur_per_mwh": 847.0018304335096,
    "value_of_lost_load_eur_per_mwh": 6932.46330793162,
    "renewable_spill_cost_eur_per_mwh": 746.5624710496522,
    "hydro_spill_cost_eur_per_mwh": 692.7523568148287,
    "overgen_spill_cost_eur_per_mwh": 4439.075311455283,
    "battery_cycle_cost_eur_per_mwh": 92.15547294540141,
    "pumped_cycle_cost_eur_per_mwh": 78.762215278758
  },
  "exogenous": {
    "weather_profile": "stormy_winter",
    "weather_spread_intensity": 0.8584625019162517,
    "demand_profile": "wkday_peak",
    "demand_scale_factor": 0.7132946216339675,
    "inflow_factor": 1.4498759760847038,
    "zone_profile_variants": {
      "evening_peak": 0.28,
      "double_peak": 0.16,
      "office_peak": 0.2,
      "industrial": 0.14,
      "night_shift": 0.1,
      "residential_morning": 0.12
    },
    "zone_profile_mix_weight": [
      0.4,
      0.8
    ],
    "zone_profile_phase_shift_hours": [
      -2.5,
      2.5
    ],
    "zone_profile_noise_std": [
      0.02,
      0.06
    ],
    "zone_profile_curvature_exp": [
      0.9,
      1.18
    ],
    "region_weather": {
      "R1": {
        "weather_profile": "stormy_winter",
        "weather_spread_intensity": 0.9519170769177951
      },
      "R2": {
        "weather_profile": "overcast_summer",
        "weather_spread_intensity": 0.7650079269147082
      }
    }
  },
  "mip_gap_target_pct": 0.7346364811735253,
  "estimates": {
    "vars_total": 59136,
    "cons_total": 76876,
    "est_cpu_hours": 1.1285755555555557
  },
  "meta": {
    "regions": 2,
    "zones": 12,
    "sites": 12,
    "intertie_density": 0.5212461945830216,
    "neighbor_nations": 3,
    "assets": {
      "thermal": 17,
      "solar": 22,
      "wind": 25,
      "battery": 9,
      "dr": 13,
      "nuclear": 2,
      "hydro_reservoir": 6,
      "hydro_ror": 10,
      "hydro_pumped": 2
    },
    "demand_scale_factor": 0.7132946216339675,
    "zone_profile_variants": {
      "evening_peak": 0.28,
      "double_peak": 0.16,
      "office_peak": 0.2,
      "industrial": 0.14,
      "night_shift": 0.1,
      "residential_morning": 0.12
    },
    "zone_profile_mix_weight": [
      0.4,
      0.8
    ],
    "weather_profile": "stormy_winter",
    "cross_border_policy": "block",
    "price_cap": 2363.4479398785516,
    "co2_price": 159.86568488589717,
    "import_export_caps_factor": 1.3839554702730594,
    "operation_costs": {
      "thermal_fuel_eur_per_mwh": 53.108505051169345,
      "nuclear_fuel_eur_per_mwh": 14.239495859750903,
      "demand_response_cost_eur_per_mwh": 847.0018304335096,
      "value_of_lost_load_eur_per_mwh": 6932.46330793162,
      "renewable_spill_cost_eur_per_mwh": 746.5624710496522,
      "hydro_spill_cost_eur_per_mwh": 692.7523568148287,
      "overgen_spill_cost_eur_per_mwh": 4439.075311455283,
      "battery_cycle_cost_eur_per_mwh": 92.15547294540141,
      "pumped_cycle_cost_eur_per_mwh": 78.762215278758
    },
    "tech_scalers": {
      "thermal_marg_cost": 1.1224572649481623,
      "thermal_ramp_pct": 0.27712829131568334,
      "battery_roundtrip_eff": 0.8495972605495976,
      "battery_e_to_p_hours": 5.8210913736637035,
      "dr_max_shed_share": 0.12103152042256896,
      "dr_duration_hours": 2.30495469461805,
      "hydro_reservoir_head_eff": 0.8445026746229275,
      "battery_initial_soc_fraction": 0.5902450465998486,
      "battery_final_soc_tolerance": 0.14109432882180048,
      "battery_self_discharge_per_hour": 0.0076181758190413135,
      "pumped_initial_level_fraction": 0.49541731577983017,
      "pumped_final_level_tolerance": 0.08535426333821908,
      "pumped_self_discharge_per_hour": 0.000761406025308679
    }
  },
  "flexibility_metrics": {
    "total_storage_power_mw": 850.0,
    "total_storage_capacity_mwh": 5819.5,
    "battery_power_mw": 450.0,
    "battery_capacity_mwh": 2619.5,
    "pumped_power_mw": 400.0,
    "pumped_capacity_mwh": 3200.0,
    "total_dr_capacity_mw": 518.0,
    "total_ramp_up_mw_per_step": 378.3,
    "total_ramp_down_mw_per_step": 378.3,
    "thermal_flex_ratio": 0.193,
    "dr_duration_hours": 2.3,
    "battery_roundtrip_efficiency": 0.85
  },
  "difficulty_indicators": {
    "vre_penetration_pct": 32.96,
    "net_demand_volatility": 0.292,
    "peak_to_valley_ratio": 1.28,
    "estimated_milp_solve_time_seconds": 4062.9,
    "complexity_score": "medium",
    "n_binary_variables": 1632,
    "n_timesteps": 96,
    "n_zones": 12,
    "weather_profile": "stormy_winter",
    "demand_profile": "wkday_peak"
  }
}