{
  "id": "67c647a1-b469-4113-b44b-092379ebbe79",
  "horizon_hours": 24,
  "dt_minutes": 15,
  "graph": {
    "regions": 3,
    "zones_per_region": [
      8,
      5,
      6
    ],
    "sites_per_zone": [
      2,
      3,
      6,
      4,
      3,
      6,
      3,
      3,
      2,
      2,
      3,
      3,
      2,
      2,
      6,
      3,
      2,
      7,
      7
    ],
    "intertie_density": 0.503907370463909,
    "neighbor_nations": 2
  },
  "assets": {
    "thermal_per_site": [
      0,
      0,
      3,
      3,
      1,
      0,
      1,
      3,
      0,
      1,
      0,
      3,
      0,
      3,
      0,
      2,
      3,
      3,
      1
    ],
    "solar_per_site": [
      2,
      2,
      1,
      3,
      3,
      2,
      3,
      2,
      3,
      3,
      3,
      1,
      3,
      1,
      3,
      3,
      1,
      2,
      2
    ],
    "wind_per_site": [
      3,
      2,
      1,
      3,
      1,
      1,
      1,
      1,
      3,
      1,
      2,
      3,
      2,
      1,
      1,
      2,
      2,
      1,
      3
    ],
    "battery_per_site": [
      1,
      1,
      1,
      1,
      0,
      1,
      0,
      0,
      0,
      0,
      1,
      0,
      2,
      1,
      2,
      2,
      1,
      1,
      2
    ],
    "dr_per_site": [
      2,
      2,
      2,
      1,
      2,
      1,
      0,
      0,
      2,
      1,
      2,
      2,
      1,
      2,
      1,
      0,
      0,
      2,
      1
    ],
    "nuclear_per_region": [
      1,
      2,
      0
    ],
    "hydro_reservoir_per_region": [
      1,
      3,
      0
    ],
    "hydro_ror_per_zone": [
      0,
      2,
      2,
      1,
      1,
      2,
      1,
      1,
      0,
      2,
      2,
      1,
      0,
      2,
      0,
      2,
      0,
      0,
      1
    ],
    "hydro_pumped_per_region": [
      2,
      2,
      2
    ]
  },
  "econ_policy": {
    "co2_price": 55.11933674024889,
    "price_cap": 328.8198165058384,
    "cross_border_policy": "allow",
    "import_export_caps_factor": 1.4079201502701242
  },
  "tech": {
    "thermal_marg_cost": 4.566281445357878,
    "thermal_ramp_pct": 0.21983766520151082,
    "battery_roundtrip_eff": 0.8425697509082792,
    "battery_e_to_p_hours": 4.024736589602675,
    "dr_max_shed_share": 0.2162377079810166,
    "dr_duration_hours": 2.6323960055980686,
    "hydro_reservoir_head_eff": 0.9537852540305091,
    "battery_initial_soc_fraction": 0.47559233192684613,
    "battery_final_soc_tolerance": 0.11670066982025773,
    "battery_self_discharge_per_hour": 0.0043503231449116145,
    "pumped_initial_level_fraction": 0.4787399610113691,
    "pumped_final_level_tolerance": 0.08638826697610827,
    "pumped_self_discharge_per_hour": 0.0023023334150153044
  },
  "operation_costs": {
    "thermal_fuel_eur_per_mwh": 62.30082235630433,
    "nuclear_fuel_eur_per_mwh": 11.342663397315643,
    "demand_response_cost_eur_per_mwh": 403.2705740593112,
    "value_of_lost_load_eur_per_mwh": 6927.947031029222,
    "renewable_spill_cost_eur_per_mwh": 1862.9985945722976,
    "hydro_spill_cost_eur_per_mwh": 985.9368213017407,
    "overgen_spill_cost_eur_per_mwh": 2679.302379955202,
    "battery_cycle_cost_eur_per_mwh": 107.14013867461475,
    "pumped_cycle_cost_eur_per_mwh": 73.17866892907152
  },
  "exogenous": {
    "weather_profile": "mixed",
    "weather_spread_intensity": 0.8625355059601004,
    "demand_profile": "cold_snap",
    "demand_scale_factor": 0.7915534522226897,
    "inflow_factor": 0.6634730414869043,
    "zone_profile_variants": {
      "evening_peak": 0.28,
      "double_peak": 0.16,
      "office_peak": 0.2,
      "industrial": 0.14,
      "night_shift": 0.1,
      "residential_morning": 0.12
    },
    "zone_profile_mix_weight": [
      0.4,
      0.8
    ],
    "zone_profile_phase_shift_hours": [
      -2.5,
      2.5
    ],
    "zone_profile_noise_std": [
      0.02,
      0.06
    ],
    "zone_profile_curvature_exp": [
      0.9,
      1.18
    ],
    "region_weather": {
      "R1": {
        "weather_profile": "mixed",
        "weather_spread_intensity": 1.2594988294982472
      },
      "R2": {
        "weather_profile": "overcast_summer",
        "weather_spread_intensity": 0.6360054027101545
      },
      "R3": {
        "weather_profile": "mixed",
        "weather_spread_intensity": 0.6921022856718995
      }
    }
  },
  "mip_gap_target_pct": 0.8568317803858088,
  "estimates": {
    "vars_total": 95904,
    "cons_total": 124675,
    "est_cpu_hours": 1.7846852222222225
  },
  "meta": {
    "regions": 3,
    "zones": 19,
    "sites": 19,
    "intertie_density": 0.503907370463909,
    "neighbor_nations": 2,
    "assets": {
      "thermal": 27,
      "solar": 43,
      "wind": 34,
      "battery": 17,
      "dr": 24,
      "nuclear": 3,
      "hydro_reservoir": 4,
      "hydro_ror": 20,
      "hydro_pumped": 6
    },
    "demand_scale_factor": 0.7915534522226897,
    "zone_profile_variants": {
      "evening_peak": 0.28,
      "double_peak": 0.16,
      "office_peak": 0.2,
      "industrial": 0.14,
      "night_shift": 0.1,
      "residential_morning": 0.12
    },
    "zone_profile_mix_weight": [
      0.4,
      0.8
    ],
    "weather_profile": "mixed",
    "cross_border_policy": "allow",
    "price_cap": 328.8198165058384,
    "co2_price": 55.11933674024889,
    "import_export_caps_factor": 1.4079201502701242,
    "operation_costs": {
      "thermal_fuel_eur_per_mwh": 62.30082235630433,
      "nuclear_fuel_eur_per_mwh": 11.342663397315643,
      "demand_response_cost_eur_per_mwh": 403.2705740593112,
      "value_of_lost_load_eur_per_mwh": 6927.947031029222,
      "renewable_spill_cost_eur_per_mwh": 1862.9985945722976,
      "hydro_spill_cost_eur_per_mwh": 985.9368213017407,
      "overgen_spill_cost_eur_per_mwh": 2679.302379955202,
      "battery_cycle_cost_eur_per_mwh": 107.14013867461475,
      "pumped_cycle_cost_eur_per_mwh": 73.17866892907152
    },
    "tech_scalers": {
      "thermal_marg_cost": 4.566281445357878,
      "thermal_ramp_pct": 0.21983766520151082,
      "battery_roundtrip_eff": 0.8425697509082792,
      "battery_e_to_p_hours": 4.024736589602675,
      "dr_max_shed_share": 0.2162377079810166,
      "dr_duration_hours": 2.6323960055980686,
      "hydro_reservoir_head_eff": 0.9537852540305091,
      "battery_initial_soc_fraction": 0.47559233192684613,
      "battery_final_soc_tolerance": 0.11670066982025773,
      "battery_self_discharge_per_hour": 0.0043503231449116145,
      "pumped_initial_level_fraction": 0.4787399610113691,
      "pumped_final_level_tolerance": 0.08638826697610827,
      "pumped_self_discharge_per_hour": 0.0023023334150153044
    }
  },
  "flexibility_metrics": {
    "total_storage_power_mw": 2050.0,
    "total_storage_capacity_mwh": 13021.0,
    "battery_power_mw": 850.0,
    "battery_capacity_mwh": 3421.0,
    "pumped_power_mw": 1200.0,
    "pumped_capacity_mwh": 9600.0,
    "total_dr_capacity_mw": 1626.1,
    "total_ramp_up_mw_per_step": 482.7,
    "total_ramp_down_mw_per_step": 482.7,
    "thermal_flex_ratio": 0.331,
    "dr_duration_hours": 2.63,
    "battery_roundtrip_efficiency": 0.843
  },
  "difficulty_indicators": {
    "vre_penetration_pct": 35.47,
    "net_demand_volatility": 0.269,
    "peak_to_valley_ratio": 1.42,
    "estimated_milp_solve_time_seconds": 6424.9,
    "complexity_score": "hard",
    "n_binary_variables": 2592,
    "n_timesteps": 96,
    "n_zones": 19,
    "weather_profile": "mixed",
    "demand_profile": "cold_snap"
  }
}