{
  "id": "5a16a290-9e43-4be8-8d61-3becc31a7f5e",
  "horizon_hours": 24,
  "dt_minutes": 15,
  "graph": {
    "regions": 2,
    "zones_per_region": [
      9,
      4
    ],
    "sites_per_zone": [
      8,
      7,
      5,
      3,
      5,
      7,
      5,
      3,
      5,
      3,
      2,
      8,
      7
    ],
    "intertie_density": 0.24110663024328774,
    "neighbor_nations": 1
  },
  "assets": {
    "thermal_per_site": [
      2,
      0,
      3,
      0,
      2,
      0,
      3,
      3,
      3,
      2,
      0,
      3,
      0
    ],
    "solar_per_site": [
      1,
      1,
      2,
      3,
      2,
      3,
      3,
      3,
      2,
      1,
      1,
      3,
      3
    ],
    "wind_per_site": [
      2,
      1,
      3,
      1,
      3,
      3,
      1,
      1,
      2,
      3,
      3,
      1,
      3
    ],
    "battery_per_site": [
      0,
      1,
      1,
      2,
      1,
      2,
      2,
      0,
      0,
      2,
      0,
      2,
      1
    ],
    "dr_per_site": [
      2,
      1,
      2,
      1,
      0,
      2,
      0,
      0,
      0,
      1,
      0,
      2,
      0
    ],
    "nuclear_per_region": [
      2,
      2
    ],
    "hydro_reservoir_per_region": [
      2,
      1
    ],
    "hydro_ror_per_zone": [
      2,
      1,
      2,
      2,
      0,
      0,
      1,
      2,
      1,
      0,
      0,
      2,
      1
    ],
    "hydro_pumped_per_region": [
      0,
      2
    ]
  },
  "econ_policy": {
    "co2_price": 74.99414699504537,
    "price_cap": 1380.7794590840601,
    "cross_border_policy": "block",
    "import_export_caps_factor": 1.1856584586925005
  },
  "tech": {
    "thermal_marg_cost": 13.858019427249083,
    "thermal_ramp_pct": 0.17772387951975088,
    "battery_roundtrip_eff": 0.814719881466462,
    "battery_e_to_p_hours": 1.1662874601151176,
    "dr_max_shed_share": 0.29530958262752216,
    "dr_duration_hours": 1.64573682067819,
    "hydro_reservoir_head_eff": 1.016854782407197,
    "battery_initial_soc_fraction": 0.5942174281669614,
    "battery_final_soc_tolerance": 0.12396447418824055,
    "battery_self_discharge_per_hour": 0.0028856789305218627,
    "pumped_initial_level_fraction": 0.5049040079776681,
    "pumped_final_level_tolerance": 0.16703774756019824,
    "pumped_self_discharge_per_hour": 0.003206991159230237
  },
  "operation_costs": {
    "thermal_fuel_eur_per_mwh": 66.04730981247192,
    "nuclear_fuel_eur_per_mwh": 8.829796509939305,
    "demand_response_cost_eur_per_mwh": 717.8679475629028,
    "value_of_lost_load_eur_per_mwh": 8025.8153572555,
    "renewable_spill_cost_eur_per_mwh": 1589.649907379221,
    "hydro_spill_cost_eur_per_mwh": 820.8542794784697,
    "overgen_spill_cost_eur_per_mwh": 3109.3173096009823,
    "battery_cycle_cost_eur_per_mwh": 85.61132617421427,
    "pumped_cycle_cost_eur_per_mwh": 47.14528291528155
  },
  "exogenous": {
    "weather_profile": "stormy_winter",
    "weather_spread_intensity": 0.7352271385890878,
    "demand_profile": "cold_snap",
    "demand_scale_factor": 1.165617430706527,
    "inflow_factor": 0.4471930952582737,
    "zone_profile_variants": {
      "evening_peak": 0.28,
      "double_peak": 0.16,
      "office_peak": 0.2,
      "industrial": 0.14,
      "night_shift": 0.1,
      "residential_morning": 0.12
    },
    "zone_profile_mix_weight": [
      0.4,
      0.8
    ],
    "zone_profile_phase_shift_hours": [
      -2.5,
      2.5
    ],
    "zone_profile_noise_std": [
      0.02,
      0.06
    ],
    "zone_profile_curvature_exp": [
      0.9,
      1.18
    ],
    "region_weather": {
      "R1": {
        "weather_profile": "stormy_winter",
        "weather_spread_intensity": 0.6089897638719288
      },
      "R2": {
        "weather_profile": "stormy_winter",
        "weather_spread_intensity": 0.8614645133062467
      }
    }
  },
  "mip_gap_target_pct": 0.6801311090043569,
  "estimates": {
    "vars_total": 66432,
    "cons_total": 86361,
    "est_cpu_hours": 1.2587703333333335
  },
  "meta": {
    "regions": 2,
    "zones": 13,
    "sites": 13,
    "intertie_density": 0.24110663024328774,
    "neighbor_nations": 1,
    "assets": {
      "thermal": 21,
      "solar": 28,
      "wind": 27,
      "battery": 14,
      "dr": 11,
      "nuclear": 4,
      "hydro_reservoir": 3,
      "hydro_ror": 14,
      "hydro_pumped": 2
    },
    "demand_scale_factor": 1.165617430706527,
    "zone_profile_variants": {
      "evening_peak": 0.28,
      "double_peak": 0.16,
      "office_peak": 0.2,
      "industrial": 0.14,
      "night_shift": 0.1,
      "residential_morning": 0.12
    },
    "zone_profile_mix_weight": [
      0.4,
      0.8
    ],
    "weather_profile": "stormy_winter",
    "cross_border_policy": "block",
    "price_cap": 1380.7794590840601,
    "co2_price": 74.99414699504537,
    "import_export_caps_factor": 1.1856584586925005,
    "operation_costs": {
      "thermal_fuel_eur_per_mwh": 66.04730981247192,
      "nuclear_fuel_eur_per_mwh": 8.829796509939305,
      "demand_response_cost_eur_per_mwh": 717.8679475629028,
      "value_of_lost_load_eur_per_mwh": 8025.8153572555,
      "renewable_spill_cost_eur_per_mwh": 1589.649907379221,
      "hydro_spill_cost_eur_per_mwh": 820.8542794784697,
      "overgen_spill_cost_eur_per_mwh": 3109.3173096009823,
      "battery_cycle_cost_eur_per_mwh": 85.61132617421427,
      "pumped_cycle_cost_eur_per_mwh": 47.14528291528155
    },
    "tech_scalers": {
      "thermal_marg_cost": 13.858019427249083,
      "thermal_ramp_pct": 0.17772387951975088,
      "battery_roundtrip_eff": 0.814719881466462,
      "battery_e_to_p_hours": 1.1662874601151176,
      "dr_max_shed_share": 0.29530958262752216,
      "dr_duration_hours": 1.64573682067819,
      "hydro_reservoir_head_eff": 1.016854782407197,
      "battery_initial_soc_fraction": 0.5942174281669614,
      "battery_final_soc_tolerance": 0.12396447418824055,
      "battery_self_discharge_per_hour": 0.0028856789305218627,
      "pumped_initial_level_fraction": 0.5049040079776681,
      "pumped_final_level_tolerance": 0.16703774756019824,
      "pumped_self_discharge_per_hour": 0.003206991159230237
    }
  },
  "flexibility_metrics": {
    "total_storage_power_mw": 1100.0,
    "total_storage_capacity_mwh": 4016.4,
    "battery_power_mw": 700.0,
    "battery_capacity_mwh": 816.4,
    "pumped_power_mw": 400.0,
    "pumped_capacity_mwh": 3200.0,
    "total_dr_capacity_mw": 2237.4,
    "total_ramp_up_mw_per_step": 329.9,
    "total_ramp_down_mw_per_step": 329.9,
    "thermal_flex_ratio": 0.324,
    "dr_duration_hours": 1.65,
    "battery_roundtrip_efficiency": 0.815
  },
  "difficulty_indicators": {
    "vre_penetration_pct": 31.93,
    "net_demand_volatility": 0.32,
    "peak_to_valley_ratio": 2.1,
    "estimated_milp_solve_time_seconds": 4531.6,
    "complexity_score": "medium",
    "n_binary_variables": 2016,
    "n_timesteps": 96,
    "n_zones": 13,
    "weather_profile": "stormy_winter",
    "demand_profile": "cold_snap"
  }
}