{
  "id": "6aac8f68-dfea-4eec-b2e5-311c908032dd",
  "horizon_hours": 24,
  "dt_minutes": 15,
  "graph": {
    "regions": 3,
    "zones_per_region": [
      6,
      7,
      4
    ],
    "sites_per_zone": [
      5,
      4,
      7,
      3,
      3,
      3,
      3,
      8,
      5,
      7,
      2,
      6,
      7,
      2,
      6,
      2,
      6
    ],
    "intertie_density": 0.5096994798318195,
    "neighbor_nations": 3
  },
  "assets": {
    "thermal_per_site": [
      3,
      2,
      1,
      2,
      1,
      1,
      3,
      1,
      0,
      1,
      3,
      3,
      2,
      0,
      3,
      3,
      1
    ],
    "solar_per_site": [
      1,
      1,
      3,
      1,
      3,
      3,
      2,
      1,
      1,
      1,
      3,
      3,
      3,
      3,
      3,
      1,
      3
    ],
    "wind_per_site": [
      2,
      3,
      2,
      1,
      2,
      2,
      3,
      2,
      2,
      2,
      3,
      3,
      3,
      3,
      3,
      2,
      2
    ],
    "battery_per_site": [
      0,
      0,
      2,
      1,
      1,
      2,
      2,
      1,
      2,
      1,
      0,
      2,
      1,
      2,
      0,
      0,
      2
    ],
    "dr_per_site": [
      2,
      1,
      1,
      1,
      2,
      0,
      1,
      0,
      2,
      0,
      2,
      1,
      2,
      0,
      2,
      2,
      1
    ],
    "nuclear_per_region": [
      0,
      1,
      1
    ],
    "hydro_reservoir_per_region": [
      1,
      0,
      3
    ],
    "hydro_ror_per_zone": [
      0,
      1,
      2,
      1,
      1,
      0,
      2,
      2,
      1,
      0,
      2,
      2,
      1,
      0,
      1,
      0,
      0
    ],
    "hydro_pumped_per_region": [
      2,
      2,
      1
    ]
  },
  "econ_policy": {
    "co2_price": 121.6801762295366,
    "price_cap": 1758.6507582962158,
    "cross_border_policy": "allow",
    "import_export_caps_factor": 0.45474474364435863
  },
  "tech": {
    "thermal_marg_cost": 3.6331517373301385,
    "thermal_ramp_pct": 0.35727769604834425,
    "battery_roundtrip_eff": 0.8755127455393683,
    "battery_e_to_p_hours": 2.67733406052056,
    "dr_max_shed_share": 0.24446463465954343,
    "dr_duration_hours": 3.0730215841972957,
    "hydro_reservoir_head_eff": 0.824407037605618,
    "battery_initial_soc_fraction": 0.6323256399485309,
    "battery_final_soc_tolerance": 0.15452931166967854,
    "battery_self_discharge_per_hour": 0.005205695123358101,
    "pumped_initial_level_fraction": 0.5310936405811149,
    "pumped_final_level_tolerance": 0.05631426877340936,
    "pumped_self_discharge_per_hour": 0.0033297423512854375
  },
  "operation_costs": {
    "thermal_fuel_eur_per_mwh": 71.59855917396636,
    "nuclear_fuel_eur_per_mwh": 9.786521156434382,
    "demand_response_cost_eur_per_mwh": 1144.9030590405268,
    "value_of_lost_load_eur_per_mwh": 6557.619819174087,
    "renewable_spill_cost_eur_per_mwh": 992.087901331155,
    "hydro_spill_cost_eur_per_mwh": 394.3037120077869,
    "overgen_spill_cost_eur_per_mwh": 5419.258684470299,
    "battery_cycle_cost_eur_per_mwh": 91.30837663454454,
    "pumped_cycle_cost_eur_per_mwh": 73.77048726032385
  },
  "exogenous": {
    "weather_profile": "sunny_summer",
    "weather_spread_intensity": 1.0866092847561817,
    "demand_profile": "shoulder",
    "demand_scale_factor": 1.1094082411391968,
    "inflow_factor": 0.6360460445919425,
    "zone_profile_variants": {
      "evening_peak": 0.28,
      "double_peak": 0.16,
      "office_peak": 0.2,
      "industrial": 0.14,
      "night_shift": 0.1,
      "residential_morning": 0.12
    },
    "zone_profile_mix_weight": [
      0.4,
      0.8
    ],
    "zone_profile_phase_shift_hours": [
      -2.5,
      2.5
    ],
    "zone_profile_noise_std": [
      0.02,
      0.06
    ],
    "zone_profile_curvature_exp": [
      0.9,
      1.18
    ],
    "region_weather": {
      "R1": {
        "weather_profile": "sunny_summer",
        "weather_spread_intensity": 1.3223359399216439
      },
      "R2": {
        "weather_profile": "stormy_winter",
        "weather_spread_intensity": 0.8329421960665566
      },
      "R3": {
        "weather_profile": "mixed",
        "weather_spread_intensity": 1.1045497182803448
      }
    }
  },
  "mip_gap_target_pct": 0.9513807094523481,
  "estimates": {
    "vars_total": 89472,
    "cons_total": 116313,
    "est_cpu_hours": 1.6699063333333335
  },
  "meta": {
    "regions": 3,
    "zones": 17,
    "sites": 17,
    "intertie_density": 0.5096994798318195,
    "neighbor_nations": 3,
    "assets": {
      "thermal": 30,
      "solar": 36,
      "wind": 40,
      "battery": 19,
      "dr": 20,
      "nuclear": 2,
      "hydro_reservoir": 4,
      "hydro_ror": 16,
      "hydro_pumped": 5
    },
    "demand_scale_factor": 1.1094082411391968,
    "zone_profile_variants": {
      "evening_peak": 0.28,
      "double_peak": 0.16,
      "office_peak": 0.2,
      "industrial": 0.14,
      "night_shift": 0.1,
      "residential_morning": 0.12
    },
    "zone_profile_mix_weight": [
      0.4,
      0.8
    ],
    "weather_profile": "sunny_summer",
    "cross_border_policy": "allow",
    "price_cap": 1758.6507582962158,
    "co2_price": 121.6801762295366,
    "import_export_caps_factor": 0.45474474364435863,
    "operation_costs": {
      "thermal_fuel_eur_per_mwh": 71.59855917396636,
      "nuclear_fuel_eur_per_mwh": 9.786521156434382,
      "demand_response_cost_eur_per_mwh": 1144.9030590405268,
      "value_of_lost_load_eur_per_mwh": 6557.619819174087,
      "renewable_spill_cost_eur_per_mwh": 992.087901331155,
      "hydro_spill_cost_eur_per_mwh": 394.3037120077869,
      "overgen_spill_cost_eur_per_mwh": 5419.258684470299,
      "battery_cycle_cost_eur_per_mwh": 91.30837663454454,
      "pumped_cycle_cost_eur_per_mwh": 73.77048726032385
    },
    "tech_scalers": {
      "thermal_marg_cost": 3.6331517373301385,
      "thermal_ramp_pct": 0.35727769604834425,
      "battery_roundtrip_eff": 0.8755127455393683,
      "battery_e_to_p_hours": 2.67733406052056,
      "dr_max_shed_share": 0.24446463465954343,
      "dr_duration_hours": 3.0730215841972957,
      "hydro_reservoir_head_eff": 0.824407037605618,
      "battery_initial_soc_fraction": 0.6323256399485309,
      "battery_final_soc_tolerance": 0.15452931166967854,
      "battery_self_discharge_per_hour": 0.005205695123358101,
      "pumped_initial_level_fraction": 0.5310936405811149,
      "pumped_final_level_tolerance": 0.05631426877340936,
      "pumped_self_discharge_per_hour": 0.0033297423512854375
    }
  },
  "flexibility_metrics": {
    "total_storage_power_mw": 1950.0,
    "total_storage_capacity_mwh": 10543.5,
    "battery_power_mw": 950.0,
    "battery_capacity_mwh": 2543.5,
    "pumped_power_mw": 1000.0,
    "pumped_capacity_mwh": 8000.0,
    "total_dr_capacity_mw": 2305.3,
    "total_ramp_up_mw_per_step": 828.9,
    "total_ramp_down_mw_per_step": 828.9,
    "thermal_flex_ratio": 0.387,
    "dr_duration_hours": 3.07,
    "battery_roundtrip_efficiency": 0.876
  },
  "difficulty_indicators": {
    "vre_penetration_pct": 37.21,
    "net_demand_volatility": 0.242,
    "peak_to_valley_ratio": 2.0,
    "estimated_milp_solve_time_seconds": 6011.7,
    "complexity_score": "hard",
    "n_binary_variables": 2880,
    "n_timesteps": 96,
    "n_zones": 17,
    "weather_profile": "sunny_summer",
    "demand_profile": "shoulder"
  }
}