{
  "id": "6feec577-e4a3-43fe-acc8-4fffe0d39502",
  "horizon_hours": 24,
  "dt_minutes": 15,
  "graph": {
    "regions": 2,
    "zones_per_region": [
      10,
      3
    ],
    "sites_per_zone": [
      3,
      2,
      8,
      6,
      4,
      4,
      3,
      6,
      9,
      9,
      3,
      3,
      6
    ],
    "intertie_density": 0.28924030859365313,
    "neighbor_nations": 5
  },
  "assets": {
    "thermal_per_site": [
      1,
      3,
      1,
      3,
      2,
      2,
      2,
      2,
      3,
      3,
      2,
      3,
      0
    ],
    "solar_per_site": [
      2,
      1,
      2,
      1,
      2,
      1,
      1,
      1,
      2,
      3,
      2,
      1,
      1
    ],
    "wind_per_site": [
      1,
      2,
      1,
      3,
      1,
      1,
      2,
      3,
      2,
      3,
      3,
      3,
      2
    ],
    "battery_per_site": [
      0,
      1,
      2,
      0,
      1,
      0,
      1,
      1,
      2,
      2,
      1,
      0,
      1
    ],
    "dr_per_site": [
      0,
      2,
      0,
      0,
      0,
      1,
      0,
      2,
      0,
      0,
      1,
      1,
      0
    ],
    "nuclear_per_region": [
      0,
      2
    ],
    "hydro_reservoir_per_region": [
      3,
      0
    ],
    "hydro_ror_per_zone": [
      0,
      1,
      1,
      1,
      2,
      1,
      0,
      2,
      0,
      2,
      0,
      2,
      0
    ],
    "hydro_pumped_per_region": [
      1,
      2
    ]
  },
  "econ_policy": {
    "co2_price": 159.14366781126233,
    "price_cap": 907.2266428943517,
    "cross_border_policy": "allow",
    "import_export_caps_factor": 1.5697881122608202
  },
  "tech": {
    "thermal_marg_cost": 9.802630821841868,
    "thermal_ramp_pct": 0.2208539354554832,
    "battery_roundtrip_eff": 0.8393083292988913,
    "battery_e_to_p_hours": 1.1824499639872568,
    "dr_max_shed_share": 0.2090331278089465,
    "dr_duration_hours": 4.108996440710304,
    "hydro_reservoir_head_eff": 0.7665700483967013,
    "battery_initial_soc_fraction": 0.49399805531928787,
    "battery_final_soc_tolerance": 0.13153853809317864,
    "battery_self_discharge_per_hour": 0.005049633155521988,
    "pumped_initial_level_fraction": 0.4933670283305027,
    "pumped_final_level_tolerance": 0.08409351760214973,
    "pumped_self_discharge_per_hour": 0.00276704360400901
  },
  "operation_costs": {
    "thermal_fuel_eur_per_mwh": 54.390767563124115,
    "nuclear_fuel_eur_per_mwh": 20.751350282280697,
    "thermal_startup_cost_eur": 4612.858688490334,
    "nuclear_startup_cost_eur": 30026.99895038161,
    "demand_response_cost_eur_per_mwh": 731.1784960212536,
    "value_of_lost_load_eur_per_mwh": 11892.091356437097,
    "renewable_spill_cost_eur_per_mwh": 1201.9774689674914,
    "hydro_spill_cost_eur_per_mwh": 1082.3455600879627,
    "overgen_spill_cost_eur_per_mwh": 5203.552456941703,
    "battery_cycle_cost_eur_per_mwh": 105.1420007504075,
    "pumped_cycle_cost_eur_per_mwh": 87.90665573887435
  },
  "exogenous": {
    "weather_profile": "stormy_winter",
    "weather_spread_intensity": 0.9761020759502353,
    "demand_profile": "wkend_flat",
    "demand_scale_factor": 1.3467550408281421,
    "inflow_factor": 0.9647826492409323,
    "zone_profile_variants": {
      "evening_peak": 0.28,
      "double_peak": 0.16,
      "office_peak": 0.2,
      "industrial": 0.14,
      "night_shift": 0.1,
      "residential_morning": 0.12
    },
    "zone_profile_mix_weight": [
      0.4,
      0.8
    ],
    "zone_profile_phase_shift_hours": [
      -2.5,
      2.5
    ],
    "zone_profile_noise_std": [
      0.02,
      0.06
    ],
    "zone_profile_curvature_exp": [
      0.9,
      1.18
    ],
    "region_weather": {
      "R1": {
        "weather_profile": "overcast_summer",
        "weather_spread_intensity": 0.5067940009288183
      },
      "R2": {
        "weather_profile": "stormy_winter",
        "weather_spread_intensity": 1.4454101509716524
      }
    }
  },
  "mip_gap_target_pct": 1.4891357808324415,
  "estimates": {
    "vars_total": 64608,
    "cons_total": 83990,
    "est_cpu_hours": 1.2262237777777778
  },
  "meta": {
    "regions": 2,
    "zones": 13,
    "sites": 13,
    "intertie_density": 0.28924030859365313,
    "neighbor_nations": 5,
    "assets": {
      "thermal": 27,
      "solar": 20,
      "wind": 27,
      "battery": 12,
      "dr": 7,
      "nuclear": 2,
      "hydro_reservoir": 3,
      "hydro_ror": 12,
      "hydro_pumped": 3
    },
    "demand_scale_factor": 1.3467550408281421,
    "zone_profile_variants": {
      "evening_peak": 0.28,
      "double_peak": 0.16,
      "office_peak": 0.2,
      "industrial": 0.14,
      "night_shift": 0.1,
      "residential_morning": 0.12
    },
    "zone_profile_mix_weight": [
      0.4,
      0.8
    ],
    "weather_profile": "stormy_winter",
    "cross_border_policy": "allow",
    "price_cap": 907.2266428943517,
    "co2_price": 159.14366781126233,
    "import_export_caps_factor": 1.5697881122608202,
    "operation_costs": {
      "thermal_fuel_eur_per_mwh": 54.390767563124115,
      "nuclear_fuel_eur_per_mwh": 20.751350282280697,
      "thermal_startup_cost_eur": 4612.858688490334,
      "nuclear_startup_cost_eur": 30026.99895038161,
      "demand_response_cost_eur_per_mwh": 731.1784960212536,
      "value_of_lost_load_eur_per_mwh": 11892.091356437097,
      "renewable_spill_cost_eur_per_mwh": 1201.9774689674914,
      "hydro_spill_cost_eur_per_mwh": 1082.3455600879627,
      "overgen_spill_cost_eur_per_mwh": 5203.552456941703,
      "battery_cycle_cost_eur_per_mwh": 105.1420007504075,
      "pumped_cycle_cost_eur_per_mwh": 87.90665573887435
    },
    "tech_scalers": {
      "thermal_marg_cost": 9.802630821841868,
      "thermal_ramp_pct": 0.2208539354554832,
      "battery_roundtrip_eff": 0.8393083292988913,
      "battery_e_to_p_hours": 1.1824499639872568,
      "dr_max_shed_share": 0.2090331278089465,
      "dr_duration_hours": 4.108996440710304,
      "hydro_reservoir_head_eff": 0.7665700483967013,
      "battery_initial_soc_fraction": 0.49399805531928787,
      "battery_final_soc_tolerance": 0.13153853809317864,
      "battery_self_discharge_per_hour": 0.005049633155521988,
      "pumped_initial_level_fraction": 0.4933670283305027,
      "pumped_final_level_tolerance": 0.08409351760214973,
      "pumped_self_discharge_per_hour": 0.00276704360400901
    }
  },
  "flexibility_metrics": {
    "total_storage_power_mw": 1200.0,
    "total_storage_capacity_mwh": 5509.5,
    "battery_power_mw": 600.0,
    "battery_capacity_mwh": 709.5,
    "pumped_power_mw": 600.0,
    "pumped_capacity_mwh": 4800.0,
    "total_dr_capacity_mw": 1829.9,
    "total_ramp_up_mw_per_step": 472.2,
    "total_ramp_down_mw_per_step": 472.2,
    "thermal_flex_ratio": 0.3,
    "dr_duration_hours": 4.11,
    "battery_roundtrip_efficiency": 0.839
  },
  "difficulty_indicators": {
    "vre_penetration_pct": 30.17,
    "net_demand_volatility": 0.262,
    "peak_to_valley_ratio": 2.42,
    "estimated_milp_solve_time_seconds": 4414.4,
    "complexity_score": "medium",
    "n_binary_variables": 2592,
    "n_timesteps": 96,
    "n_zones": 13,
    "weather_profile": "stormy_winter",
    "demand_profile": "wkend_flat"
  }
}