{
  "id": "ecd96ed9-fd3c-4a2b-b6eb-81cc2ebeed9f",
  "horizon_hours": 24,
  "dt_minutes": 15,
  "graph": {
    "regions": 2,
    "zones_per_region": [
      4,
      4
    ],
    "sites_per_zone": [
      2,
      2,
      2,
      6,
      6,
      4,
      4,
      3
    ],
    "intertie_density": 0.3905918403447095,
    "neighbor_nations": 3
  },
  "assets": {
    "thermal_per_site": [
      3,
      3,
      0,
      3,
      2,
      1,
      0,
      0
    ],
    "solar_per_site": [
      2,
      3,
      3,
      1,
      1,
      2,
      1,
      1
    ],
    "wind_per_site": [
      1,
      2,
      3,
      1,
      1,
      2,
      1,
      3
    ],
    "battery_per_site": [
      2,
      1,
      1,
      2,
      0,
      0,
      0,
      0
    ],
    "dr_per_site": [
      2,
      0,
      0,
      0,
      1,
      1,
      2,
      1
    ],
    "nuclear_per_region": [
      2,
      1
    ],
    "hydro_reservoir_per_region": [
      1,
      2
    ],
    "hydro_ror_per_zone": [
      0,
      0,
      2,
      1,
      0,
      0,
      2,
      2
    ],
    "hydro_pumped_per_region": [
      2,
      2
    ]
  },
  "econ_policy": {
    "co2_price": 178.34379819331193,
    "price_cap": 3163.8583607301116,
    "cross_border_policy": "block",
    "import_export_caps_factor": 0.5634860073188847
  },
  "tech": {
    "thermal_marg_cost": 12.523301513649677,
    "thermal_ramp_pct": 0.058832195703263195,
    "battery_roundtrip_eff": 0.8145255862801569,
    "battery_e_to_p_hours": 3.6367684496607975,
    "dr_max_shed_share": 0.14412709910594693,
    "dr_duration_hours": 3.6356087654053253,
    "hydro_reservoir_head_eff": 0.8230386831795242,
    "battery_initial_soc_fraction": 0.45957046002732016,
    "battery_final_soc_tolerance": 0.16328701070548196,
    "battery_self_discharge_per_hour": 0.005108107527709328,
    "pumped_initial_level_fraction": 0.45347514924291465,
    "pumped_final_level_tolerance": 0.09662209112525891,
    "pumped_self_discharge_per_hour": 0.0026636393988535272
  },
  "operation_costs": {
    "thermal_fuel_eur_per_mwh": 51.31191231858425,
    "nuclear_fuel_eur_per_mwh": 12.856155160437314,
    "demand_response_cost_eur_per_mwh": 361.67797377067393,
    "value_of_lost_load_eur_per_mwh": 11383.186783534507,
    "renewable_spill_cost_eur_per_mwh": 617.672358526138,
    "hydro_spill_cost_eur_per_mwh": 746.5071735772473,
    "overgen_spill_cost_eur_per_mwh": 2099.4644347714616,
    "battery_cycle_cost_eur_per_mwh": 115.23243122485238,
    "pumped_cycle_cost_eur_per_mwh": 70.10539709838244
  },
  "exogenous": {
    "weather_profile": "calm_winter",
    "weather_spread_intensity": 0.8250922472465084,
    "demand_profile": "heatwave",
    "demand_scale_factor": 0.7323648294068392,
    "inflow_factor": 1.608628038095739,
    "zone_profile_variants": {
      "evening_peak": 0.28,
      "double_peak": 0.16,
      "office_peak": 0.2,
      "industrial": 0.14,
      "night_shift": 0.1,
      "residential_morning": 0.12
    },
    "zone_profile_mix_weight": [
      0.4,
      0.8
    ],
    "zone_profile_phase_shift_hours": [
      -2.5,
      2.5
    ],
    "zone_profile_noise_std": [
      0.02,
      0.06
    ],
    "zone_profile_curvature_exp": [
      0.9,
      1.18
    ],
    "region_weather": {
      "R1": {
        "weather_profile": "calm_winter",
        "weather_spread_intensity": 0.974216000344927
      },
      "R2": {
        "weather_profile": "calm_winter",
        "weather_spread_intensity": 0.6759684941480899
      }
    }
  },
  "mip_gap_target_pct": 1.2654125834688361,
  "estimates": {
    "vars_total": 39744,
    "cons_total": 51667,
    "est_cpu_hours": 0.7825412222222222
  },
  "meta": {
    "regions": 2,
    "zones": 8,
    "sites": 8,
    "intertie_density": 0.3905918403447095,
    "neighbor_nations": 3,
    "assets": {
      "thermal": 12,
      "solar": 14,
      "wind": 14,
      "battery": 6,
      "dr": 7,
      "nuclear": 3,
      "hydro_reservoir": 3,
      "hydro_ror": 7,
      "hydro_pumped": 4
    },
    "demand_scale_factor": 0.7323648294068392,
    "zone_profile_variants": {
      "evening_peak": 0.28,
      "double_peak": 0.16,
      "office_peak": 0.2,
      "industrial": 0.14,
      "night_shift": 0.1,
      "residential_morning": 0.12
    },
    "zone_profile_mix_weight": [
      0.4,
      0.8
    ],
    "weather_profile": "calm_winter",
    "cross_border_policy": "block",
    "price_cap": 3163.8583607301116,
    "co2_price": 178.34379819331193,
    "import_export_caps_factor": 0.5634860073188847,
    "operation_costs": {
      "thermal_fuel_eur_per_mwh": 51.31191231858425,
      "nuclear_fuel_eur_per_mwh": 12.856155160437314,
      "demand_response_cost_eur_per_mwh": 361.67797377067393,
      "value_of_lost_load_eur_per_mwh": 11383.186783534507,
      "renewable_spill_cost_eur_per_mwh": 617.672358526138,
      "hydro_spill_cost_eur_per_mwh": 746.5071735772473,
      "overgen_spill_cost_eur_per_mwh": 2099.4644347714616,
      "battery_cycle_cost_eur_per_mwh": 115.23243122485238,
      "pumped_cycle_cost_eur_per_mwh": 70.10539709838244
    },
    "tech_scalers": {
      "thermal_marg_cost": 12.523301513649677,
      "thermal_ramp_pct": 0.058832195703263195,
      "battery_roundtrip_eff": 0.8145255862801569,
      "battery_e_to_p_hours": 3.6367684496607975,
      "dr_max_shed_share": 0.14412709910594693,
      "dr_duration_hours": 3.6356087654053253,
      "hydro_reservoir_head_eff": 0.8230386831795242,
      "battery_initial_soc_fraction": 0.45957046002732016,
      "battery_final_soc_tolerance": 0.16328701070548196,
      "battery_self_discharge_per_hour": 0.005108107527709328,
      "pumped_initial_level_fraction": 0.45347514924291465,
      "pumped_final_level_tolerance": 0.09662209112525891,
      "pumped_self_discharge_per_hour": 0.0026636393988535272
    }
  },
  "flexibility_metrics": {
    "total_storage_power_mw": 1100.0,
    "total_storage_capacity_mwh": 7491.0,
    "battery_power_mw": 300.0,
    "battery_capacity_mwh": 1091.0,
    "pumped_power_mw": 800.0,
    "pumped_capacity_mwh": 6400.0,
    "total_dr_capacity_mw": 422.2,
    "total_ramp_up_mw_per_step": 90.4,
    "total_ramp_down_mw_per_step": 90.4,
    "thermal_flex_ratio": 0.231,
    "dr_duration_hours": 3.64,
    "battery_roundtrip_efficiency": 0.815
  },
  "difficulty_indicators": {
    "vre_penetration_pct": 26.92,
    "net_demand_volatility": 0.251,
    "peak_to_valley_ratio": 1.32,
    "estimated_milp_solve_time_seconds": 2817.1,
    "complexity_score": "medium",
    "n_binary_variables": 1152,
    "n_timesteps": 96,
    "n_zones": 8,
    "weather_profile": "calm_winter",
    "demand_profile": "heatwave"
  }
}