{
  "id": "7101a188-c68f-4759-b351-801f4b2b4bf4",
  "horizon_hours": 24,
  "dt_minutes": 15,
  "graph": {
    "regions": 3,
    "zones_per_region": [
      7,
      4,
      9
    ],
    "sites_per_zone": [
      4,
      7,
      3,
      2,
      6,
      8,
      4,
      3,
      6,
      4,
      5,
      7,
      2,
      6,
      3,
      6,
      6,
      5,
      7,
      3
    ],
    "intertie_density": 0.45127289278749166,
    "neighbor_nations": 1
  },
  "assets": {
    "thermal_per_site": [
      1,
      3,
      1,
      2,
      3,
      3,
      3,
      0,
      0,
      2,
      1,
      3,
      3,
      0,
      2,
      0,
      2,
      1,
      3,
      0
    ],
    "solar_per_site": [
      2,
      1,
      1,
      3,
      3,
      1,
      1,
      1,
      3,
      1,
      1,
      1,
      1,
      1,
      2,
      2,
      2,
      2,
      1,
      1
    ],
    "wind_per_site": [
      3,
      3,
      3,
      3,
      3,
      2,
      2,
      3,
      1,
      1,
      2,
      1,
      1,
      1,
      1,
      2,
      2,
      1,
      3,
      3
    ],
    "battery_per_site": [
      2,
      1,
      1,
      1,
      1,
      0,
      0,
      0,
      2,
      2,
      2,
      0,
      0,
      0,
      0,
      2,
      2,
      1,
      2,
      0
    ],
    "dr_per_site": [
      0,
      1,
      1,
      1,
      2,
      1,
      2,
      2,
      2,
      0,
      2,
      1,
      1,
      1,
      1,
      1,
      2,
      1,
      2,
      0
    ],
    "nuclear_per_region": [
      2,
      0,
      2
    ],
    "hydro_reservoir_per_region": [
      0,
      2,
      0
    ],
    "hydro_ror_per_zone": [
      0,
      0,
      1,
      1,
      1,
      1,
      0,
      2,
      0,
      2,
      1,
      1,
      1,
      1,
      2,
      0,
      1,
      1,
      2,
      0
    ],
    "hydro_pumped_per_region": [
      2,
      1,
      0
    ]
  },
  "econ_policy": {
    "co2_price": 138.04383013863992,
    "price_cap": 277.9301047452339,
    "cross_border_policy": "block",
    "import_export_caps_factor": 1.1240038956190415
  },
  "tech": {
    "thermal_marg_cost": 10.513476584623133,
    "thermal_ramp_pct": 0.19358848325636469,
    "battery_roundtrip_eff": 0.7860785752644843,
    "battery_e_to_p_hours": 5.037426123323664,
    "dr_max_shed_share": 0.19148362895383447,
    "dr_duration_hours": 2.3812181166589896,
    "hydro_reservoir_head_eff": 0.7706154210256105,
    "battery_initial_soc_fraction": 0.3963238468654459,
    "battery_final_soc_tolerance": 0.17761947284464674,
    "battery_self_discharge_per_hour": 0.006661348671937109,
    "pumped_initial_level_fraction": 0.42396747273898794,
    "pumped_final_level_tolerance": 0.15865974698041216,
    "pumped_self_discharge_per_hour": 0.0031824871917704185
  },
  "operation_costs": {
    "thermal_fuel_eur_per_mwh": 58.282802458439434,
    "nuclear_fuel_eur_per_mwh": 11.853291835620933,
    "demand_response_cost_eur_per_mwh": 583.2706965983621,
    "value_of_lost_load_eur_per_mwh": 7109.329164561184,
    "renewable_spill_cost_eur_per_mwh": 1523.3407970174892,
    "hydro_spill_cost_eur_per_mwh": 1126.6126571730783,
    "overgen_spill_cost_eur_per_mwh": 3925.390150947525,
    "battery_cycle_cost_eur_per_mwh": 111.32210056784253,
    "pumped_cycle_cost_eur_per_mwh": 56.796830490600236
  },
  "exogenous": {
    "weather_profile": "sunny_summer",
    "weather_spread_intensity": 0.8321523105121877,
    "demand_profile": "heatwave",
    "demand_scale_factor": 1.2096560807999226,
    "inflow_factor": 0.9630644411549465,
    "zone_profile_variants": {
      "evening_peak": 0.28,
      "double_peak": 0.16,
      "office_peak": 0.2,
      "industrial": 0.14,
      "night_shift": 0.1,
      "residential_morning": 0.12
    },
    "zone_profile_mix_weight": [
      0.4,
      0.8
    ],
    "zone_profile_phase_shift_hours": [
      -2.5,
      2.5
    ],
    "zone_profile_noise_std": [
      0.02,
      0.06
    ],
    "zone_profile_curvature_exp": [
      0.9,
      1.18
    ],
    "region_weather": {
      "R1": {
        "weather_profile": "stormy_winter",
        "weather_spread_intensity": 1.1584370893134481
      },
      "R2": {
        "weather_profile": "sunny_summer",
        "weather_spread_intensity": 0.6091659746013821
      },
      "R3": {
        "weather_profile": "overcast_summer",
        "weather_spread_intensity": 0.7288538676217331
      }
    }
  },
  "mip_gap_target_pct": 1.0136101611052013,
  "estimates": {
    "vars_total": 99072,
    "cons_total": 128793,
    "est_cpu_hours": 1.8412130000000002
  },
  "meta": {
    "regions": 3,
    "zones": 20,
    "sites": 20,
    "intertie_density": 0.45127289278749166,
    "neighbor_nations": 1,
    "assets": {
      "thermal": 33,
      "solar": 31,
      "wind": 41,
      "battery": 19,
      "dr": 24,
      "nuclear": 4,
      "hydro_reservoir": 2,
      "hydro_ror": 18,
      "hydro_pumped": 3
    },
    "demand_scale_factor": 1.2096560807999226,
    "zone_profile_variants": {
      "evening_peak": 0.28,
      "double_peak": 0.16,
      "office_peak": 0.2,
      "industrial": 0.14,
      "night_shift": 0.1,
      "residential_morning": 0.12
    },
    "zone_profile_mix_weight": [
      0.4,
      0.8
    ],
    "weather_profile": "sunny_summer",
    "cross_border_policy": "block",
    "price_cap": 277.9301047452339,
    "co2_price": 138.04383013863992,
    "import_export_caps_factor": 1.1240038956190415,
    "operation_costs": {
      "thermal_fuel_eur_per_mwh": 58.282802458439434,
      "nuclear_fuel_eur_per_mwh": 11.853291835620933,
      "demand_response_cost_eur_per_mwh": 583.2706965983621,
      "value_of_lost_load_eur_per_mwh": 7109.329164561184,
      "renewable_spill_cost_eur_per_mwh": 1523.3407970174892,
      "hydro_spill_cost_eur_per_mwh": 1126.6126571730783,
      "overgen_spill_cost_eur_per_mwh": 3925.390150947525,
      "battery_cycle_cost_eur_per_mwh": 111.32210056784253,
      "pumped_cycle_cost_eur_per_mwh": 56.796830490600236
    },
    "tech_scalers": {
      "thermal_marg_cost": 10.513476584623133,
      "thermal_ramp_pct": 0.19358848325636469,
      "battery_roundtrip_eff": 0.7860785752644843,
      "battery_e_to_p_hours": 5.037426123323664,
      "dr_max_shed_share": 0.19148362895383447,
      "dr_duration_hours": 2.3812181166589896,
      "hydro_reservoir_head_eff": 0.7706154210256105,
      "battery_initial_soc_fraction": 0.3963238468654459,
      "battery_final_soc_tolerance": 0.17761947284464674,
      "battery_self_discharge_per_hour": 0.006661348671937109,
      "pumped_initial_level_fraction": 0.42396747273898794,
      "pumped_final_level_tolerance": 0.15865974698041216,
      "pumped_self_discharge_per_hour": 0.0031824871917704185
    }
  },
  "flexibility_metrics": {
    "total_storage_power_mw": 1550.0,
    "total_storage_capacity_mwh": 9585.6,
    "battery_power_mw": 950.0,
    "battery_capacity_mwh": 4785.6,
    "pumped_power_mw": 600.0,
    "pumped_capacity_mwh": 4800.0,
    "total_dr_capacity_mw": 2316.3,
    "total_ramp_up_mw_per_step": 529.1,
    "total_ramp_down_mw_per_step": 529.1,
    "thermal_flex_ratio": 0.278,
    "dr_duration_hours": 2.38,
    "battery_roundtrip_efficiency": 0.786
  },
  "difficulty_indicators": {
    "vre_penetration_pct": 33.33,
    "net_demand_volatility": 0.311,
    "peak_to_valley_ratio": 2.18,
    "estimated_milp_solve_time_seconds": 6628.4,
    "complexity_score": "hard",
    "n_binary_variables": 3168,
    "n_timesteps": 96,
    "n_zones": 20,
    "weather_profile": "sunny_summer",
    "demand_profile": "heatwave"
  }
}