{
  "id": "97e3ff69-34ba-42f3-9af5-af87ecef0373",
  "horizon_hours": 24,
  "dt_minutes": 15,
  "graph": {
    "regions": 2,
    "zones_per_region": [
      13,
      8
    ],
    "sites_per_zone": [
      7,
      7,
      3,
      5,
      8,
      8,
      8,
      4,
      3,
      9,
      2,
      8,
      7,
      4,
      3,
      9,
      4,
      9,
      10,
      8,
      6
    ],
    "intertie_density": 0.48975201749355873,
    "neighbor_nations": 3
  },
  "assets": {
    "thermal_per_site": [
      0,
      0,
      2,
      1,
      0,
      1,
      1,
      0,
      2,
      1,
      0,
      0,
      2,
      3,
      2,
      0,
      0,
      0,
      2,
      3,
      1
    ],
    "solar_per_site": [
      2,
      1,
      3,
      3,
      1,
      3,
      2,
      3,
      2,
      2,
      2,
      2,
      2,
      2,
      3,
      2,
      3,
      1,
      1,
      2,
      3
    ],
    "wind_per_site": [
      1,
      3,
      3,
      3,
      2,
      2,
      3,
      2,
      1,
      3,
      3,
      3,
      2,
      1,
      3,
      1,
      2,
      3,
      3,
      2,
      3
    ],
    "battery_per_site": [
      0,
      0,
      1,
      1,
      2,
      0,
      1,
      1,
      2,
      0,
      1,
      1,
      1,
      2,
      2,
      1,
      1,
      0,
      1,
      1,
      0
    ],
    "dr_per_site": [
      1,
      2,
      2,
      0,
      0,
      1,
      2,
      2,
      0,
      0,
      1,
      2,
      0,
      1,
      1,
      1,
      2,
      2,
      0,
      1,
      0
    ],
    "nuclear_per_region": [
      2,
      2
    ],
    "hydro_reservoir_per_region": [
      3,
      0
    ],
    "hydro_ror_per_zone": [
      1,
      0,
      0,
      1,
      1,
      1,
      2,
      1,
      2,
      0,
      1,
      0,
      1,
      2,
      1,
      2,
      1,
      0,
      2,
      1,
      1
    ],
    "hydro_pumped_per_region": [
      2,
      1
    ]
  },
  "econ_policy": {
    "co2_price": 225.111419761711,
    "price_cap": 1751.9722702915192,
    "cross_border_policy": "allow",
    "import_export_caps_factor": 0.5127471629476182
  },
  "tech": {
    "thermal_marg_cost": 11.261388196306672,
    "thermal_ramp_pct": 0.2511039116592049,
    "battery_roundtrip_eff": 0.9127131592088049,
    "battery_e_to_p_hours": 4.769976264028152,
    "dr_max_shed_share": 0.18553501012869045,
    "dr_duration_hours": 4.962496158917432,
    "hydro_reservoir_head_eff": 0.7726258348207525,
    "battery_initial_soc_fraction": 0.589544807099464,
    "battery_final_soc_tolerance": 0.07640046297317973,
    "battery_self_discharge_per_hour": 0.004091176586384471,
    "pumped_initial_level_fraction": 0.42812960372946485,
    "pumped_final_level_tolerance": 0.06979640438084,
    "pumped_self_discharge_per_hour": 0.003027243731579389
  },
  "operation_costs": {
    "thermal_fuel_eur_per_mwh": 67.65047173706523,
    "nuclear_fuel_eur_per_mwh": 26.50590730269149,
    "thermal_startup_cost_eur": 4874.511520185492,
    "nuclear_startup_cost_eur": 24006.6527134495,
    "demand_response_cost_eur_per_mwh": 145.28279927241311,
    "value_of_lost_load_eur_per_mwh": 7043.381589980313,
    "renewable_spill_cost_eur_per_mwh": 1552.0133112897302,
    "hydro_spill_cost_eur_per_mwh": 1107.9865658657584,
    "overgen_spill_cost_eur_per_mwh": 2105.5468936066322,
    "battery_cycle_cost_eur_per_mwh": 110.13915305536742,
    "pumped_cycle_cost_eur_per_mwh": 52.09553737208448
  },
  "exogenous": {
    "weather_profile": "mixed",
    "weather_spread_intensity": 0.9633952172358147,
    "demand_profile": "wkend_flat",
    "demand_scale_factor": 0.8549206963096021,
    "inflow_factor": 0.9943005497394235,
    "zone_profile_variants": {
      "evening_peak": 0.28,
      "double_peak": 0.16,
      "office_peak": 0.2,
      "industrial": 0.14,
      "night_shift": 0.1,
      "residential_morning": 0.12
    },
    "zone_profile_mix_weight": [
      0.4,
      0.8
    ],
    "zone_profile_phase_shift_hours": [
      -2.5,
      2.5
    ],
    "zone_profile_noise_std": [
      0.02,
      0.06
    ],
    "zone_profile_curvature_exp": [
      0.9,
      1.18
    ],
    "region_weather": {
      "R1": {
        "weather_profile": "mixed",
        "weather_spread_intensity": 1.368637054951074
      },
      "R2": {
        "weather_profile": "mixed",
        "weather_spread_intensity": 0.5581533795205554
      }
    }
  },
  "mip_gap_target_pct": 0.4059522256096527,
  "estimates": {
    "vars_total": 101376,
    "cons_total": 131788,
    "est_cpu_hours": 1.882324888888889
  },
  "meta": {
    "regions": 2,
    "zones": 21,
    "sites": 21,
    "intertie_density": 0.48975201749355873,
    "neighbor_nations": 3,
    "assets": {
      "thermal": 21,
      "solar": 45,
      "wind": 49,
      "battery": 19,
      "dr": 21,
      "nuclear": 4,
      "hydro_reservoir": 3,
      "hydro_ror": 21,
      "hydro_pumped": 3
    },
    "demand_scale_factor": 0.8549206963096021,
    "zone_profile_variants": {
      "evening_peak": 0.28,
      "double_peak": 0.16,
      "office_peak": 0.2,
      "industrial": 0.14,
      "night_shift": 0.1,
      "residential_morning": 0.12
    },
    "zone_profile_mix_weight": [
      0.4,
      0.8
    ],
    "weather_profile": "mixed",
    "cross_border_policy": "allow",
    "price_cap": 1751.9722702915192,
    "co2_price": 225.111419761711,
    "import_export_caps_factor": 0.5127471629476182,
    "operation_costs": {
      "thermal_fuel_eur_per_mwh": 67.65047173706523,
      "nuclear_fuel_eur_per_mwh": 26.50590730269149,
      "thermal_startup_cost_eur": 4874.511520185492,
      "nuclear_startup_cost_eur": 24006.6527134495,
      "demand_response_cost_eur_per_mwh": 145.28279927241311,
      "value_of_lost_load_eur_per_mwh": 7043.381589980313,
      "renewable_spill_cost_eur_per_mwh": 1552.0133112897302,
      "hydro_spill_cost_eur_per_mwh": 1107.9865658657584,
      "overgen_spill_cost_eur_per_mwh": 2105.5468936066322,
      "battery_cycle_cost_eur_per_mwh": 110.13915305536742,
      "pumped_cycle_cost_eur_per_mwh": 52.09553737208448
    },
    "tech_scalers": {
      "thermal_marg_cost": 11.261388196306672,
      "thermal_ramp_pct": 0.2511039116592049,
      "battery_roundtrip_eff": 0.9127131592088049,
      "battery_e_to_p_hours": 4.769976264028152,
      "dr_max_shed_share": 0.18553501012869045,
      "dr_duration_hours": 4.962496158917432,
      "hydro_reservoir_head_eff": 0.7726258348207525,
      "battery_initial_soc_fraction": 0.589544807099464,
      "battery_final_soc_tolerance": 0.07640046297317973,
      "battery_self_discharge_per_hour": 0.004091176586384471,
      "pumped_initial_level_fraction": 0.42812960372946485,
      "pumped_final_level_tolerance": 0.06979640438084,
      "pumped_self_discharge_per_hour": 0.003027243731579389
    }
  },
  "flexibility_metrics": {
    "total_storage_power_mw": 1550.0,
    "total_storage_capacity_mwh": 9331.5,
    "battery_power_mw": 950.0,
    "battery_capacity_mwh": 4531.5,
    "pumped_power_mw": 600.0,
    "pumped_capacity_mwh": 4800.0,
    "total_dr_capacity_mw": 1665.5,
    "total_ramp_up_mw_per_step": 445.5,
    "total_ramp_down_mw_per_step": 445.5,
    "thermal_flex_ratio": 0.312,
    "dr_duration_hours": 4.96,
    "battery_roundtrip_efficiency": 0.913
  },
  "difficulty_indicators": {
    "vre_penetration_pct": 42.55,
    "net_demand_volatility": 0.197,
    "peak_to_valley_ratio": 1.54,
    "estimated_milp_solve_time_seconds": 6776.4,
    "complexity_score": "hard",
    "n_binary_variables": 2016,
    "n_timesteps": 96,
    "n_zones": 21,
    "weather_profile": "mixed",
    "demand_profile": "wkend_flat"
  }
}