{
  "id": "fa6016b7-65a4-4621-9924-07060f369990",
  "horizon_hours": 24,
  "dt_minutes": 15,
  "graph": {
    "regions": 4,
    "zones_per_region": [
      4,
      9,
      5,
      7
    ],
    "sites_per_zone": [
      5,
      3,
      7,
      2,
      5,
      5,
      2,
      8,
      5,
      5,
      4,
      2,
      7,
      4,
      6,
      3,
      2,
      4,
      5,
      8,
      6,
      2,
      8,
      7,
      4
    ],
    "intertie_density": 0.4936939953819004,
    "neighbor_nations": 1
  },
  "assets": {
    "thermal_per_site": [
      3,
      0,
      3,
      2,
      2,
      0,
      0,
      1,
      0,
      0,
      3,
      2,
      2,
      3,
      3,
      2,
      3,
      0,
      2,
      3,
      3,
      0,
      2,
      3,
      0
    ],
    "solar_per_site": [
      1,
      1,
      1,
      1,
      2,
      1,
      1,
      2,
      3,
      2,
      3,
      3,
      1,
      3,
      1,
      1,
      1,
      2,
      3,
      2,
      2,
      3,
      2,
      3,
      3
    ],
    "wind_per_site": [
      1,
      1,
      3,
      1,
      2,
      2,
      3,
      1,
      1,
      2,
      2,
      3,
      1,
      3,
      3,
      1,
      2,
      2,
      3,
      3,
      2,
      1,
      3,
      2,
      3
    ],
    "battery_per_site": [
      1,
      0,
      2,
      2,
      2,
      0,
      1,
      1,
      2,
      0,
      1,
      2,
      0,
      2,
      1,
      1,
      2,
      1,
      2,
      0,
      2,
      0,
      0,
      2,
      0
    ],
    "dr_per_site": [
      0,
      0,
      0,
      1,
      1,
      0,
      0,
      2,
      1,
      1,
      2,
      1,
      2,
      1,
      2,
      0,
      1,
      0,
      2,
      2,
      0,
      2,
      1,
      2,
      0
    ],
    "nuclear_per_region": [
      1,
      0,
      0,
      2
    ],
    "hydro_reservoir_per_region": [
      0,
      0,
      1,
      1
    ],
    "hydro_ror_per_zone": [
      0,
      1,
      2,
      2,
      2,
      2,
      2,
      0,
      0,
      1,
      2,
      2,
      0,
      0,
      0,
      2,
      2,
      0,
      2,
      2,
      2,
      2,
      2,
      0,
      2
    ],
    "hydro_pumped_per_region": [
      0,
      0,
      1,
      1
    ]
  },
  "econ_policy": {
    "co2_price": 223.1550767468505,
    "price_cap": 318.6766492393656,
    "cross_border_policy": "allow",
    "import_export_caps_factor": 1.4229067590770508
  },
  "tech": {
    "thermal_marg_cost": 4.586272927342881,
    "thermal_ramp_pct": 0.16512986795964482,
    "battery_roundtrip_eff": 0.8650554173425911,
    "battery_e_to_p_hours": 3.6909508410833762,
    "dr_max_shed_share": 0.24564183299834463,
    "dr_duration_hours": 3.766724535279375,
    "hydro_reservoir_head_eff": 1.039378427402892,
    "battery_initial_soc_fraction": 0.5924029468110501,
    "battery_final_soc_tolerance": 0.1698708797024025,
    "battery_self_discharge_per_hour": 0.0025435686793717945,
    "pumped_initial_level_fraction": 0.6346807006248515,
    "pumped_final_level_tolerance": 0.10069302507326677,
    "pumped_self_discharge_per_hour": 0.0036054704243138167
  },
  "operation_costs": {
    "thermal_fuel_eur_per_mwh": 49.820179554567815,
    "nuclear_fuel_eur_per_mwh": 9.540477623203316,
    "demand_response_cost_eur_per_mwh": 1123.068952800001,
    "value_of_lost_load_eur_per_mwh": 7567.139977367109,
    "renewable_spill_cost_eur_per_mwh": 1259.4997758534892,
    "hydro_spill_cost_eur_per_mwh": 347.2383629374904,
    "overgen_spill_cost_eur_per_mwh": 6360.688715111445,
    "battery_cycle_cost_eur_per_mwh": 106.7820868689326,
    "pumped_cycle_cost_eur_per_mwh": 63.25348507484649
  },
  "exogenous": {
    "weather_profile": "stormy_winter",
    "weather_spread_intensity": 1.0169274874009826,
    "demand_profile": "wkend_flat",
    "demand_scale_factor": 0.9398939893565545,
    "inflow_factor": 1.0293508818734005,
    "zone_profile_variants": {
      "evening_peak": 0.28,
      "double_peak": 0.16,
      "office_peak": 0.2,
      "industrial": 0.14,
      "night_shift": 0.1,
      "residential_morning": 0.12
    },
    "zone_profile_mix_weight": [
      0.4,
      0.8
    ],
    "zone_profile_phase_shift_hours": [
      -2.5,
      2.5
    ],
    "zone_profile_noise_std": [
      0.02,
      0.06
    ],
    "zone_profile_curvature_exp": [
      0.9,
      1.18
    ],
    "region_weather": {
      "R1": {
        "weather_profile": "sunny_summer",
        "weather_spread_intensity": 0.7741952551531323
      },
      "R2": {
        "weather_profile": "stormy_winter",
        "weather_spread_intensity": 0.7639093897219741
      },
      "R3": {
        "weather_profile": "stormy_winter",
        "weather_spread_intensity": 1.4968921925690768
      },
      "R4": {
        "weather_profile": "stormy_winter",
        "weather_spread_intensity": 1.032713112159747
      }
    }
  },
  "mip_gap_target_pct": 1.2875909447983591,
  "estimates": {
    "vars_total": 125472,
    "cons_total": 163113,
    "est_cpu_hours": 2.312306333333334
  },
  "meta": {
    "regions": 4,
    "zones": 25,
    "sites": 25,
    "intertie_density": 0.4936939953819004,
    "neighbor_nations": 1,
    "assets": {
      "thermal": 42,
      "solar": 48,
      "wind": 51,
      "battery": 27,
      "dr": 24,
      "nuclear": 3,
      "hydro_reservoir": 2,
      "hydro_ror": 32,
      "hydro_pumped": 2
    },
    "demand_scale_factor": 0.9398939893565545,
    "zone_profile_variants": {
      "evening_peak": 0.28,
      "double_peak": 0.16,
      "office_peak": 0.2,
      "industrial": 0.14,
      "night_shift": 0.1,
      "residential_morning": 0.12
    },
    "zone_profile_mix_weight": [
      0.4,
      0.8
    ],
    "weather_profile": "stormy_winter",
    "cross_border_policy": "allow",
    "price_cap": 318.6766492393656,
    "co2_price": 223.1550767468505,
    "import_export_caps_factor": 1.4229067590770508,
    "operation_costs": {
      "thermal_fuel_eur_per_mwh": 49.820179554567815,
      "nuclear_fuel_eur_per_mwh": 9.540477623203316,
      "demand_response_cost_eur_per_mwh": 1123.068952800001,
      "value_of_lost_load_eur_per_mwh": 7567.139977367109,
      "renewable_spill_cost_eur_per_mwh": 1259.4997758534892,
      "hydro_spill_cost_eur_per_mwh": 347.2383629374904,
      "overgen_spill_cost_eur_per_mwh": 6360.688715111445,
      "battery_cycle_cost_eur_per_mwh": 106.7820868689326,
      "pumped_cycle_cost_eur_per_mwh": 63.25348507484649
    },
    "tech_scalers": {
      "thermal_marg_cost": 4.586272927342881,
      "thermal_ramp_pct": 0.16512986795964482,
      "battery_roundtrip_eff": 0.8650554173425911,
      "battery_e_to_p_hours": 3.6909508410833762,
      "dr_max_shed_share": 0.24564183299834463,
      "dr_duration_hours": 3.766724535279375,
      "hydro_reservoir_head_eff": 1.039378427402892,
      "battery_initial_soc_fraction": 0.5924029468110501,
      "battery_final_soc_tolerance": 0.1698708797024025,
      "battery_self_discharge_per_hour": 0.0025435686793717945,
      "pumped_initial_level_fraction": 0.6346807006248515,
      "pumped_final_level_tolerance": 0.10069302507326677,
      "pumped_self_discharge_per_hour": 0.0036054704243138167
    }
  },
  "flexibility_metrics": {
    "total_storage_power_mw": 1750.0,
    "total_storage_capacity_mwh": 8182.8,
    "battery_power_mw": 1350.0,
    "battery_capacity_mwh": 4982.8,
    "pumped_power_mw": 400.0,
    "pumped_capacity_mwh": 3200.0,
    "total_dr_capacity_mw": 2886.0,
    "total_ramp_up_mw_per_step": 557.7,
    "total_ramp_down_mw_per_step": 557.7,
    "thermal_flex_ratio": 0.297,
    "dr_duration_hours": 3.77,
    "battery_roundtrip_efficiency": 0.865
  },
  "difficulty_indicators": {
    "vre_penetration_pct": 35.12,
    "net_demand_volatility": 0.262,
    "peak_to_valley_ratio": 1.69,
    "estimated_milp_solve_time_seconds": 8324.3,
    "complexity_score": "very_hard",
    "n_binary_variables": 4032,
    "n_timesteps": 96,
    "n_zones": 25,