{
  "id": "8300f3ae-335a-4d9c-a2d2-abeef5cfee1e",
  "horizon_hours": 24,
  "dt_minutes": 15,
  "graph": {
    "regions": 3,
    "zones_per_region": [
      9,
      6,
      6
    ],
    "sites_per_zone": [
      2,
      2,
      4,
      6,
      4,
      6,
      4,
      6,
      2,
      4,
      3,
      8,
      5,
      3,
      3,
      7,
      2,
      2,
      6,
      7,
      5
    ],
    "intertie_density": 0.2129394212224144,
    "neighbor_nations": 2
  },
  "assets": {
    "thermal_per_site": [
      1,
      1,
      0,
      2,
      1,
      3,
      0,
      3,
      3,
      2,
      2,
      2,
      2,
      3,
      0,
      1,
      1,
      0,
      3,
      0,
      2
    ],
    "solar_per_site": [
      2,
      3,
      1,
      3,
      3,
      2,
      3,
      1,
      3,
      2,
      2,
      2,
      2,
      2,
      1,
      2,
      1,
      1,
      2,
      3,
      3
    ],
    "wind_per_site": [
      2,
      1,
      2,
      1,
      1,
      1,
      3,
      2,
      1,
      3,
      3,
      2,
      1,
      1,
      2,
      2,
      3,
      2,
      1,
      1,
      2
    ],
    "battery_per_site": [
      2,
      1,
      0,
      1,
      0,
      1,
      0,
      0,
      1,
      1,
      0,
      1,
      0,
      1,
      0,
      0,
      2,
      2,
      2,
      0,
      2
    ],
    "dr_per_site": [
      2,
      1,
      1,
      0,
      2,
      2,
      2,
      0,
      0,
      0,
      2,
      0,
      2,
      0,
      0,
      0,
      2,
      0,
      2,
      0,
      0
    ],
    "nuclear_per_region": [
      1,
      0,
      0
    ],
    "hydro_reservoir_per_region": [
      2,
      2,
      1
    ],
    "hydro_ror_per_zone": [
      2,
      0,
      1,
      1,
      2,
      1,
      2,
      2,
      1,
      0,
      0,
      2,
      2,
      0,
      1,
      0,
      0,
      2,
      2,
      2,
      1
    ],
    "hydro_pumped_per_region": [
      0,
      0,
      1
    ]
  },
  "econ_policy": {
    "co2_price": 109.99562887254926,
    "price_cap": 3699.6230561531825,
    "cross_border_policy": "cap",
    "import_export_caps_factor": 1.5213337090189079
  },
  "tech": {
    "thermal_marg_cost": 9.923793299684009,
    "thermal_ramp_pct": 0.15311583224332406,
    "battery_roundtrip_eff": 0.8237366938370256,
    "battery_e_to_p_hours": 4.1508224677494105,
    "dr_max_shed_share": 0.3355457837963004,
    "dr_duration_hours": 1.2192237347000376,
    "hydro_reservoir_head_eff": 0.8357489945303648,
    "battery_initial_soc_fraction": 0.5170510551988579,
    "battery_final_soc_tolerance": 0.12864673671571214,
    "battery_self_discharge_per_hour": 0.007241372120140639,
    "pumped_initial_level_fraction": 0.6777186602265632,
    "pumped_final_level_tolerance": 0.07926677738721156,
    "pumped_self_discharge_per_hour": 0.0008169702919963377
  },
  "operation_costs": {
    "thermal_fuel_eur_per_mwh": 67.29751766213477,
    "nuclear_fuel_eur_per_mwh": 13.044973645273435,
    "demand_response_cost_eur_per_mwh": 452.65927322664345,
    "value_of_lost_load_eur_per_mwh": 9288.144063736929,
    "renewable_spill_cost_eur_per_mwh": 1083.9344748988087,
    "hydro_spill_cost_eur_per_mwh": 847.7879601185875,
    "overgen_spill_cost_eur_per_mwh": 5176.355118067326,
    "battery_cycle_cost_eur_per_mwh": 77.00361187144296,
    "pumped_cycle_cost_eur_per_mwh": 74.36386774915746
  },
  "exogenous": {
    "weather_profile": "sunny_summer",
    "weather_spread_intensity": 1.3697985979522012,
    "demand_profile": "shoulder",
    "demand_scale_factor": 1.2059413774317513,
    "inflow_factor": 0.8822930849658732,
    "zone_profile_variants": {
      "evening_peak": 0.28,
      "double_peak": 0.16,
      "office_peak": 0.2,
      "industrial": 0.14,
      "night_shift": 0.1,
      "residential_morning": 0.12
    },
    "zone_profile_mix_weight": [
      0.4,
      0.8
    ],
    "zone_profile_phase_shift_hours": [
      -2.5,
      2.5
    ],
    "zone_profile_noise_std": [
      0.02,
      0.06
    ],
    "zone_profile_curvature_exp": [
      0.9,
      1.18
    ],
    "region_weather": {
      "R1": {
        "weather_profile": "sunny_summer",
        "weather_spread_intensity": 1.262089061216796
      },
      "R2": {
        "weather_profile": "overcast_summer",
        "weather_spread_intensity": 1.4803509071927103
      },
      "R3": {
        "weather_profile": "stormy_winter",
        "weather_spread_intensity": 1.3669558254470973
      }
    }
  },
  "mip_gap_target_pct": 0.5356827686924919,
  "estimates": {
    "vars_total": 101088,
    "cons_total": 131414,
    "est_cpu_hours": 1.877189111111111
  },
  "meta": {
    "regions": 3,
    "zones": 21,
    "sites": 21,
    "intertie_density": 0.2129394212224144,
    "neighbor_nations": 2,
    "assets": {
      "thermal": 32,
      "solar": 44,
      "wind": 37,
      "battery": 17,
      "dr": 18,
      "nuclear": 1,
      "hydro_reservoir": 5,
      "hydro_ror": 24,
      "hydro_pumped": 1
    },
    "demand_scale_factor": 1.2059413774317513,
    "zone_profile_variants": {
      "evening_peak": 0.28,
      "double_peak": 0.16,
      "office_peak": 0.2,
      "industrial": 0.14,
      "night_shift": 0.1,
      "residential_morning": 0.12
    },
    "zone_profile_mix_weight": [
      0.4,
      0.8
    ],
    "weather_profile": "sunny_summer",
    "cross_border_policy": "cap",
    "price_cap": 3699.6230561531825,
    "co2_price": 109.99562887254926,
    "import_export_caps_factor": 1.5213337090189079,
    "operation_costs": {
      "thermal_fuel_eur_per_mwh": 67.29751766213477,
      "nuclear_fuel_eur_per_mwh": 13.044973645273435,
      "demand_response_cost_eur_per_mwh": 452.65927322664345,
      "value_of_lost_load_eur_per_mwh": 9288.144063736929,
      "renewable_spill_cost_eur_per_mwh": 1083.9344748988087,
      "hydro_spill_cost_eur_per_mwh": 847.7879601185875,
      "overgen_spill_cost_eur_per_mwh": 5176.355118067326,
      "battery_cycle_cost_eur_per_mwh": 77.00361187144296,
      "pumped_cycle_cost_eur_per_mwh": 74.36386774915746
    },
    "tech_scalers": {
      "thermal_marg_cost": 9.923793299684009,
      "thermal_ramp_pct": 0.15311583224332406,
      "battery_roundtrip_eff": 0.8237366938370256,
      "battery_e_to_p_hours": 4.1508224677494105,
      "dr_max_shed_share": 0.3355457837963004,
      "dr_duration_hours": 1.2192237347000376,
      "hydro_reservoir_head_eff": 0.8357489945303648,
      "battery_initial_soc_fraction": 0.5170510551988579,
      "battery_final_soc_tolerance": 0.12864673671571214,
      "battery_self_discharge_per_hour": 0.007241372120140639,
      "pumped_initial_level_fraction": 0.6777186602265632,
      "pumped_final_level_tolerance": 0.07926677738721156,
      "pumped_self_discharge_per_hour": 0.0008169702919963377
    }
  },
  "flexibility_metrics": {
    "total_storage_power_mw": 1050.0,
    "total_storage_capacity_mwh": 5128.2,
    "battery_power_mw": 850.0,
    "battery_capacity_mwh": 3528.2,
    "pumped_power_mw": 200.0,
    "pumped_capacity_mwh": 1600.0,
    "total_dr_capacity_mw": 4248.8,
    "total_ramp_up_mw_per_step": 380.0,
    "total_ramp_down_mw_per_step": 380.0,
    "thermal_flex_ratio": 0.5,
    "dr_duration_hours": 1.22,
    "battery_roundtrip_efficiency": 0.824
  },
  "difficulty_indicators": {
    "vre_penetration_pct": 35.73,
    "net_demand_volatility": 0.242,
    "peak_to_valley_ratio": 2.17,
    "estimated_milp_solve_time_seconds": 6757.9,
    "complexity_score": "hard",
    "n_binary_variables": 3072,
    "n_timesteps": 96,
    "n_zones": 21,
    "weather_profile": "sunny_summer",
    "demand_profile": "shoulder"
  }
}