{
  "id": "57d73f39-e432-4784-92fb-45f4b94fd49e",
  "horizon_hours": 24,
  "dt_minutes": 15,
  "graph": {
    "regions": 2,
    "zones_per_region": [
      3,
      8
    ],
    "sites_per_zone": [
      4,
      8,
      2,
      8,
      7,
      7,
      5,
      8,
      7,
      3,
      2
    ],
    "intertie_density": 0.5485103064927983,
    "neighbor_nations": 2
  },
  "assets": {
    "thermal_per_site": [
      0,
      0,
      3,
      2,
      0,
      3,
      1,
      1,
      0,
      3,
      1
    ],
    "solar_per_site": [
      2,
      1,
      1,
      2,
      1,
      2,
      2,
      1,
      3,
      1,
      2
    ],
    "wind_per_site": [
      1,
      2,
      1,
      3,
      2,
      2,
      2,
      3,
      2,
      3,
      3
    ],
    "battery_per_site": [
      1,
      2,
      2,
      0,
      1,
      0,
      0,
      0,
      0,
      1,
      2
    ],
    "dr_per_site": [
      0,
      2,
      1,
      2,
      2,
      0,
      1,
      2,
      2,
      1,
      2
    ],
    "nuclear_per_region": [
      1,
      2
    ],
    "hydro_reservoir_per_region": [
      3,
      1
    ],
    "hydro_ror_per_zone": [
      2,
      0,
      0,
      1,
      0,
      2,
      2,
      1,
      0,
      1,
      1
    ],
    "hydro_pumped_per_region": [
      1,
      1
    ]
  },
  "econ_policy": {
    "co2_price": 85.20994364554511,
    "price_cap": 1672.1309301584397,
    "cross_border_policy": "cap",
    "import_export_caps_factor": 0.8719189310180107
  },
  "tech": {
    "thermal_marg_cost": 10.946900239944712,
    "thermal_ramp_pct": 0.37201504097977384,
    "battery_roundtrip_eff": 0.7844644482709682,
    "battery_e_to_p_hours": 1.3744892640885156,
    "dr_max_shed_share": 0.07051558070579841,
    "dr_duration_hours": 2.060019872695702,
    "hydro_reservoir_head_eff": 0.7638078120413917,
    "battery_initial_soc_fraction": 0.39618492793854965,
    "battery_final_soc_tolerance": 0.13619771522058322,
    "battery_self_discharge_per_hour": 0.003291655401531796,
    "pumped_initial_level_fraction": 0.6152009649396356,
    "pumped_final_level_tolerance": 0.05858960113713328,
    "pumped_self_discharge_per_hour": 0.001323974155227329
  },
  "operation_costs": {
    "thermal_fuel_eur_per_mwh": 57.44873637812233,
    "nuclear_fuel_eur_per_mwh": 9.884596175826639,
    "demand_response_cost_eur_per_mwh": 420.19742053951205,
    "value_of_lost_load_eur_per_mwh": 8106.884926583308,
    "renewable_spill_cost_eur_per_mwh": 1582.2022597503728,
    "hydro_spill_cost_eur_per_mwh": 348.4981479458515,
    "overgen_spill_cost_eur_per_mwh": 7310.041342871762,
    "battery_cycle_cost_eur_per_mwh": 92.784459236083,
    "pumped_cycle_cost_eur_per_mwh": 45.317612718498765
  },
  "exogenous": {
    "weather_profile": "sunny_summer",
    "weather_spread_intensity": 1.1999941166751782,
    "demand_profile": "heatwave",
    "demand_scale_factor": 0.6532371461988461,
    "inflow_factor": 0.7219501191815263,
    "zone_profile_variants": {
      "evening_peak": 0.28,
      "double_peak": 0.16,
      "office_peak": 0.2,
      "industrial": 0.14,
      "night_shift": 0.1,
      "residential_morning": 0.12
    },
    "zone_profile_mix_weight": [
      0.4,
      0.8
    ],
    "zone_profile_phase_shift_hours": [
      -2.5,
      2.5
    ],
    "zone_profile_noise_std": [
      0.02,
      0.06
    ],
    "zone_profile_curvature_exp": [
      0.9,
      1.18
    ],
    "region_weather": {
      "R1": {
        "weather_profile": "sunny_summer",
        "weather_spread_intensity": 1.1233178310875807
      },
      "R2": {
        "weather_profile": "calm_winter",
        "weather_spread_intensity": 1.276670402262776
      }
    }
  },
  "mip_gap_target_pct": 0.9218385605576387,
  "estimates": {
    "vars_total": 54720,
    "cons_total": 71136,
    "est_cpu_hours": 1.0497813333333335
  },
  "meta": {
    "regions": 2,
    "zones": 11,
    "sites": 11,
    "intertie_density": 0.5485103064927983,
    "neighbor_nations": 2,
    "assets": {
      "thermal": 14,
      "solar": 18,
      "wind": 24,
      "battery": 9,
      "dr": 15,
      "nuclear": 3,
      "hydro_reservoir": 4,
      "hydro_ror": 10,
      "hydro_pumped": 2
    },
    "demand_scale_factor": 0.6532371461988461,
    "zone_profile_variants": {
      "evening_peak": 0.28,
      "double_peak": 0.16,
      "office_peak": 0.2,
      "industrial": 0.14,
      "night_shift": 0.1,
      "residential_morning": 0.12
    },
    "zone_profile_mix_weight": [
      0.4,
      0.8
    ],
    "weather_profile": "sunny_summer",
    "cross_border_policy": "cap",
    "price_cap": 1672.1309301584397,
    "co2_price": 85.20994364554511,
    "import_export_caps_factor": 0.8719189310180107,
    "operation_costs": {
      "thermal_fuel_eur_per_mwh": 57.44873637812233,
      "nuclear_fuel_eur_per_mwh": 9.884596175826639,
      "demand_response_cost_eur_per_mwh": 420.19742053951205,
      "value_of_lost_load_eur_per_mwh": 8106.884926583308,
      "renewable_spill_cost_eur_per_mwh": 1582.2022597503728,
      "hydro_spill_cost_eur_per_mwh": 348.4981479458515,
      "overgen_spill_cost_eur_per_mwh": 7310.041342871762,
      "battery_cycle_cost_eur_per_mwh": 92.784459236083,
      "pumped_cycle_cost_eur_per_mwh": 45.317612718498765
    },
    "tech_scalers": {
      "thermal_marg_cost": 10.946900239944712,
      "thermal_ramp_pct": 0.37201504097977384,
      "battery_roundtrip_eff": 0.7844644482709682,
      "battery_e_to_p_hours": 1.3744892640885156,
      "dr_max_shed_share": 0.07051558070579841,
      "dr_duration_hours": 2.060019872695702,
      "hydro_reservoir_head_eff": 0.7638078120413917,
      "battery_initial_soc_fraction": 0.39618492793854965,
      "battery_final_soc_tolerance": 0.13619771522058322,
      "battery_self_discharge_per_hour": 0.003291655401531796,
      "pumped_initial_level_fraction": 0.6152009649396356,
      "pumped_final_level_tolerance": 0.05858960113713328,
      "pumped_self_discharge_per_hour": 0.001323974155227329
    }
  },
  "flexibility_metrics": {
    "total_storage_power_mw": 850.0,
    "total_storage_capacity_mwh": 3818.5,
    "battery_power_mw": 450.0,
    "battery_capacity_mwh": 618.5,
    "pumped_power_mw": 400.0,
    "pumped_capacity_mwh": 3200.0,
    "total_dr_capacity_mw": 253.3,
    "total_ramp_up_mw_per_step": 428.1,
    "total_ramp_down_mw_per_step": 428.1,
    "thermal_flex_ratio": 0.153,
    "dr_duration_hours": 2.06,
    "battery_roundtrip_efficiency": 0.784
  },
  "difficulty_indicators": {
    "vre_penetration_pct": 32.53,
    "net_demand_volatility": 0.311,
    "peak_to_valley_ratio": 1.18,
    "estimated_milp_solve_time_seconds": 3779.2,
    "complexity_score": "medium",
    "n_binary_variables": 1344,
    "n_timesteps": 96,
    "n_zones": 11,
    "weather_profile": "sunny_summer",
    "demand_profile": "heatwave"
  }
}