{
  "id": "b361832d-c6e2-4784-805d-8b2502f5ccb7",
  "horizon_hours": 24,
  "dt_minutes": 15,
  "graph": {
    "regions": 3,
    "zones_per_region": [
      9,
      7,
      9
    ],
    "sites_per_zone": [
      8,
      3,
      6,
      7,
      6,
      4,
      3,
      7,
      7,
      4,
      5,
      6,
      6,
      2,
      3,
      5,
      5,
      3,
      2,
      2,
      3,
      6,
      8,
      6,
      7
    ],
    "intertie_density": 0.3679180050686425,
    "neighbor_nations": 1
  },
  "assets": {
    "thermal_per_site": [
      0,
      1,
      3,
      0,
      0,
      0,
      3,
      1,
      0,
      3,
      3,
      2,
      0,
      3,
      1,
      3,
      3,
      2,
      0,
      3,
      1,
      2,
      3,
      1,
      0
    ],
    "solar_per_site": [
      2,
      3,
      3,
      2,
      2,
      1,
      1,
      3,
      3,
      1,
      3,
      3,
      1,
      3,
      1,
      2,
      3,
      1,
      3,
      2,
      2,
      2,
      1,
      1,
      2
    ],
    "wind_per_site": [
      3,
      3,
      2,
      2,
      3,
      2,
      3,
      2,
      3,
      2,
      3,
      2,
      1,
      2,
      3,
      3,
      2,
      1,
      2,
      3,
      3,
      2,
      2,
      2,
      3
    ],
    "battery_per_site": [
      1,
      2,
      1,
      2,
      0,
      2,
      0,
      2,
      0,
      1,
      2,
      0,
      0,
      0,
      2,
      1,
      1,
      2,
      2,
      2,
      2,
      2,
      0,
      0,
      1
    ],
    "dr_per_site": [
      2,
      0,
      0,
      0,
      1,
      2,
      1,
      0,
      0,
      1,
      0,
      1,
      0,
      2,
      0,
      2,
      1,
      1,
      2,
      2,
      2,
      1,
      2,
      2,
      0
    ],
    "nuclear_per_region": [
      0,
      2,
      1
    ],
    "hydro_reservoir_per_region": [
      3,
      0,
      1
    ],
    "hydro_ror_per_zone": [
      2,
      2,
      1,
      0,
      0,
      2,
      2,
      2,
      2,
      0,
      2,
      0,
      2,
      0,
      1,
      0,
      2,
      0,
      0,
      0,
      1,
      1,
      1,
      2,
      1
    ],
    "hydro_pumped_per_region": [
      1,
      2,
      0
    ]
  },
  "econ_policy": {
    "co2_price": 146.3146807126984,
    "price_cap": 3363.5183334324265,
    "cross_border_policy": "allow",
    "import_export_caps_factor": 1.503012905330949
  },
  "tech": {
    "thermal_marg_cost": 8.24388980319654,
    "thermal_ramp_pct": 0.34045548388291835,
    "battery_roundtrip_eff": 0.8694582187116253,
    "battery_e_to_p_hours": 3.914662076089354,
    "dr_max_shed_share": 0.15424252665777724,
    "dr_duration_hours": 5.0775743974934455,
    "hydro_reservoir_head_eff": 0.8178886538886206,
    "battery_initial_soc_fraction": 0.6389171418425259,
    "battery_final_soc_tolerance": 0.10911867112564146,
    "battery_self_discharge_per_hour": 0.004635608227358465,
    "pumped_initial_level_fraction": 0.4013954354698379,
    "pumped_final_level_tolerance": 0.07275452228581533,
    "pumped_self_discharge_per_hour": 0.0022718333368944178
  },
  "operation_costs": {
    "thermal_fuel_eur_per_mwh": 67.34522851478636,
    "nuclear_fuel_eur_per_mwh": 12.025353330031145,
    "demand_response_cost_eur_per_mwh": 638.9710102600093,
    "value_of_lost_load_eur_per_mwh": 6702.053985131184,
    "renewable_spill_cost_eur_per_mwh": 1269.9300306667687,
    "hydro_spill_cost_eur_per_mwh": 494.80871731271884,
    "overgen_spill_cost_eur_per_mwh": 5227.420336595804,
    "battery_cycle_cost_eur_per_mwh": 107.60335545609618,
    "pumped_cycle_cost_eur_per_mwh": 53.75495220941838
  },
  "exogenous": {
    "weather_profile": "stormy_winter",
    "weather_spread_intensity": 1.2357195454009082,
    "demand_profile": "heatwave",
    "demand_scale_factor": 1.1271162712760592,
    "inflow_factor": 1.5654809695696414,
    "zone_profile_variants": {
      "evening_peak": 0.28,
      "double_peak": 0.16,
      "office_peak": 0.2,
      "industrial": 0.14,
      "night_shift": 0.1,
      "residential_morning": 0.12
    },
    "zone_profile_mix_weight": [
      0.4,
      0.8
    ],
    "zone_profile_phase_shift_hours": [
      -2.5,
      2.5
    ],
    "zone_profile_noise_std": [
      0.02,
      0.06
    ],
    "zone_profile_curvature_exp": [
      0.9,
      1.18
    ],
    "region_weather": {
      "R1": {
        "weather_profile": "overcast_summer",
        "weather_spread_intensity": 1.4660554556331058
      },
      "R2": {
        "weather_profile": "mixed",
        "weather_spread_intensity": 0.983629895522946
      },
      "R3": {
        "weather_profile": "stormy_winter",
        "weather_spread_intensity": 1.2574732850466726
      }
    }
  },
  "mip_gap_target_pct": 1.348225607202096,
  "estimates": {
    "vars_total": 126336,
    "cons_total": 164236,
    "est_cpu_hours": 2.3277222222222225
  },
  "meta": {
    "regions": 3,
    "zones": 25,
    "sites": 25,
    "intertie_density": 0.3679180050686425,
    "neighbor_nations": 1,
    "assets": {
      "thermal": 38,
      "solar": 51,
      "wind": 59,
      "battery": 28,
      "dr": 25,
      "nuclear": 3,
      "hydro_reservoir": 4,
      "hydro_ror": 26,
      "hydro_pumped": 3
    },
    "demand_scale_factor": 1.1271162712760592,
    "zone_profile_variants": {
      "evening_peak": 0.28,
      "double_peak": 0.16,
      "office_peak": 0.2,
      "industrial": 0.14,
      "night_shift": 0.1,
      "residential_morning": 0.12
    },
    "zone_profile_mix_weight": [
      0.4,
      0.8
    ],
    "weather_profile": "stormy_winter",
    "cross_border_policy": "allow",
    "price_cap": 3363.5183334324265,
    "co2_price": 146.3146807126984,
    "import_export_caps_factor": 1.503012905330949,
    "operation_costs": {
      "thermal_fuel_eur_per_mwh": 67.34522851478636,
      "nuclear_fuel_eur_per_mwh": 12.025353330031145,
      "demand_response_cost_eur_per_mwh": 638.9710102600093,
      "value_of_lost_load_eur_per_mwh": 6702.053985131184,
      "renewable_spill_cost_eur_per_mwh": 1269.9300306667687,
      "hydro_spill_cost_eur_per_mwh": 494.80871731271884,
      "overgen_spill_cost_eur_per_mwh": 5227.420336595804,
      "battery_cycle_cost_eur_per_mwh": 107.60335545609618,
      "pumped_cycle_cost_eur_per_mwh": 53.75495220941838
    },
    "tech_scalers": {
      "thermal_marg_cost": 8.24388980319654,
      "thermal_ramp_pct": 0.34045548388291835,
      "battery_roundtrip_eff": 0.8694582187116253,
      "battery_e_to_p_hours": 3.914662076089354,
      "dr_max_shed_share": 0.15424252665777724,
      "dr_duration_hours": 5.0775743974934455,
      "hydro_reservoir_head_eff": 0.8178886538886206,
      "battery_initial_soc_fraction": 0.6389171418425259,
      "battery_final_soc_tolerance": 0.10911867112564146,
      "battery_self_discharge_per_hour": 0.004635608227358465,
      "pumped_initial_level_fraction": 0.4013954354698379,
      "pumped_final_level_tolerance": 0.07275452228581533,
      "pumped_self_discharge_per_hour": 0.0022718333368944178
    }
  }
}