{
  "id": "2852d321-5e62-4d9c-b9ce-35eb87525ba7",
  "horizon_hours": 24,
  "dt_minutes": 15,
  "graph": {
    "regions": 4,
    "zones_per_region": [
      3,
      9,
      5,
      7
    ],
    "sites_per_zone": [
      4,
      4,
      3,
      2,
      3,
      5,
      3,
      5,
      4,
      4,
      6,
      5,
      4,
      4,
      5,
      2,
      7,
      5,
      6,
      5,
      3,
      6,
      3,
      4
    ],
    "intertie_density": 0.26742908002816634,
    "neighbor_nations": 3
  },
  "assets": {
    "thermal_per_site": [
      3,
      2,
      2,
      0,
      3,
      2,
      2,
      3,
      0,
      0,
      1,
      3,
      0,
      3,
      0,
      0,
      2,
      3,
      2,
      0,
      0,
      2,
      3,
      0
    ],
    "solar_per_site": [
      3,
      2,
      2,
      1,
      1,
      1,
      2,
      2,
      2,
      3,
      3,
      1,
      1,
      2,
      3,
      3,
      1,
      3,
      2,
      1,
      1,
      3,
      2,
      2
    ],
    "wind_per_site": [
      2,
      3,
      3,
      2,
      2,
      1,
      1,
      1,
      3,
      3,
      1,
      1,
      3,
      1,
      3,
      2,
      2,
      3,
      2,
      2,
      2,
      3,
      3,
      3
    ],
    "battery_per_site": [
      1,
      0,
      1,
      0,
      1,
      2,
      2,
      0,
      0,
      2,
      1,
      1,
      1,
      1,
      2,
      0,
      0,
      0,
      2,
      2,
      0,
      0,
      0,
      0
    ],
    "dr_per_site": [
      1,
      2,
      0,
      2,
      1,
      0,
      2,
      0,
      1,
      0,
      2,
      2,
      1,
      1,
      2,
      0,
      2,
      0,
      2,
      1,
      1,
      1,
      2,
      1
    ],
    "nuclear_per_region": [
      0,
      1,
      1,
      1
    ],
    "hydro_reservoir_per_region": [
      2,
      2,
      1,
      1
    ],
    "hydro_ror_per_zone": [
      1,
      1,
      0,
      2,
      2,
      2,
      2,
      2,
      0,
      1,
      0,
      2,
      2,
      0,
      1,
      2,
      1,
      1,
      2,
      1,
      0,
      0,
      2,
      0
    ],
    "hydro_pumped_per_region": [
      1,
      1,
      0,
      2
    ]
  },
  "econ_policy": {
    "co2_price": 139.80899071310336,
    "price_cap": 799.7758692819607,
    "cross_border_policy": "allow",
    "import_export_caps_factor": 1.5262955106796605
  },
  "tech": {
    "thermal_marg_cost": 9.328345542983257,
    "thermal_ramp_pct": 0.27784365306465375,
    "battery_roundtrip_eff": 0.9094962704594045,
    "battery_e_to_p_hours": 2.5953969034783015,
    "dr_max_shed_share": 0.1537111019483168,
    "dr_duration_hours": 5.739164929700289,
    "hydro_reservoir_head_eff": 0.8615800990788267,
    "battery_initial_soc_fraction": 0.4770044416021613,
    "battery_final_soc_tolerance": 0.11802865278939081,
    "battery_self_discharge_per_hour": 0.0056132084271318505,
    "pumped_initial_level_fraction": 0.43493072024111057,
    "pumped_final_level_tolerance": 0.0850987826569379,
    "pumped_self_discharge_per_hour": 0.003494291046119487
  },
  "operation_costs": {
    "thermal_fuel_eur_per_mwh": 76.43417240298606,
    "nuclear_fuel_eur_per_mwh": 8.254959361000623,
    "demand_response_cost_eur_per_mwh": 644.0867528400497,
    "value_of_lost_load_eur_per_mwh": 11138.130959359169,
    "renewable_spill_cost_eur_per_mwh": 1506.1594310124797,
    "hydro_spill_cost_eur_per_mwh": 856.0439832162338,
    "overgen_spill_cost_eur_per_mwh": 6011.227990609958,
    "battery_cycle_cost_eur_per_mwh": 118.57546934503533,
    "pumped_cycle_cost_eur_per_mwh": 47.0386728815991
  },
  "exogenous": {
    "weather_profile": "calm_winter",
    "weather_spread_intensity": 1.2265135115312114,
    "demand_profile": "heatwave",
    "demand_scale_factor": 0.8477212311394773,
    "inflow_factor": 0.6250446837287054,
    "zone_profile_variants": {
      "evening_peak": 0.28,
      "double_peak": 0.16,
      "office_peak": 0.2,
      "industrial": 0.14,
      "night_shift": 0.1,
      "residential_morning": 0.12
    },
    "zone_profile_mix_weight": [
      0.4,
      0.8
    ],
    "zone_profile_phase_shift_hours": [
      -2.5,
      2.5
    ],
    "zone_profile_noise_std": [
      0.02,
      0.06
    ],
    "zone_profile_curvature_exp": [
      0.9,
      1.18
    ],
    "region_weather": {
      "R1": {
        "weather_profile": "overcast_summer",
        "weather_spread_intensity": 0.6208967321907706
      },
      "R2": {
        "weather_profile": "calm_winter",
        "weather_spread_intensity": 1.4557929053363137
      },
      "R3": {
        "weather_profile": "calm_winter",
        "weather_spread_intensity": 1.476045908810569
      },
      "R4": {
        "weather_profile": "mixed",
        "weather_spread_intensity": 1.3533184997871919
      }
    }
  },
  "mip_gap_target_pct": 1.068541900238425,
  "estimates": {
    "vars_total": 119808,
    "cons_total": 155750,
    "est_cpu_hours": 2.211237111111111
  },
  "meta": {
    "regions": 4,
    "zones": 24,
    "sites": 24,
    "intertie_density": 0.26742908002816634,
    "neighbor_nations": 3,
    "assets": {
      "thermal": 36,
      "solar": 47,
      "wind": 52,
      "battery": 19,
      "dr": 27,
      "nuclear": 3,
      "hydro_reservoir": 6,
      "hydro_ror": 27,
      "hydro_pumped": 4
    },
    "demand_scale_factor": 0.8477212311394773,
    "zone_profile_variants": {
      "evening_peak": 0.28,
      "double_peak": 0.16,
      "office_peak": 0.2,
      "industrial": 0.14,
      "night_shift": 0.1,
      "residential_morning": 0.12
    },
    "zone_profile_mix_weight": [
      0.4,
      0.8
    ],
    "weather_profile": "calm_winter",
    "cross_border_policy": "allow",
    "price_cap": 799.7758692819607,
    "co2_price": 139.80899071310336,
    "import_export_caps_factor": 1.5262955106796605,
    "operation_costs": {
      "thermal_fuel_eur_per_mwh": 76.43417240298606,
      "nuclear_fuel_eur_per_mwh": 8.254959361000623,
      "demand_response_cost_eur_per_mwh": 644.0867528400497,
      "value_of_lost_load_eur_per_mwh": 11138.130959359169,
      "renewable_spill_cost_eur_per_mwh": 1506.1594310124797,
      "hydro_spill_cost_eur_per_mwh": 856.0439832162338,
      "overgen_spill_cost_eur_per_mwh": 6011.227990609958,
      "battery_cycle_cost_eur_per_mwh": 118.57546934503533,
      "pumped_cycle_cost_eur_per_mwh": 47.0386728815991
    },
    "tech_scalers": {
      "thermal_marg_cost": 9.328345542983257,
      "thermal_ramp_pct": 0.27784365306465375,
      "battery_roundtrip_eff": 0.9094962704594045,
      "battery_e_to_p_hours": 2.5953969034783015,
      "dr_max_shed_share": 0.1537111019483168,
      "dr_duration_hours": 5.739164929700289,
      "hydro_reservoir_head_eff": 0.8615800990788267,
      "battery_initial_soc_fraction": 0.4770044416021613,
      "battery_final_soc_tolerance": 0.11802865278939081,
      "battery_self_discharge_per_hour": 0.0056132084271318505,
      "pumped_initial_level_fraction": 0.43493072024111057,
      "pumped_final_level_tolerance": 0.0850987826569379,
      "pumped_self_discharge_per_hour": 0.003494291046119487
    }
  },
  "flexibility_metrics": {
    "total_storage_power_mw": 1750.0,
    "total_storage_capacity_mwh": 8865.6,
    "battery_power_mw": 950.0,
    "battery_capacity_mwh": 2465.6,
    "pumped_power_mw": 800.0,
    "pumped_capacity_mwh": 6400.0,
    "total_dr_capacity_mw": 1563.6,
    "total_ramp_up_mw_per_step": 787.7,
    "total_ramp_down_mw_per_step": 787.7,
    "thermal_flex_ratio": 0.24,
    "dr_duration_hours": 5.74,
    "battery_roundtrip_efficiency": 0.909
  },
  "difficulty_indicators": {
    "vre_penetration_pct": 36.02,
    "net_demand_volatility": 0.251,
    "peak_to_valley_ratio": 1.53,
    "estimated_milp_solve_time_seconds": 7960.5,
    "complexity_score": "hard",
    "n_binary_variables": 3456,
    "n_timesteps": 96,
    "n_zones": 24,
    "weather_profile": "calm_winter",
    "demand_profile": "heatwave"
  }
}