{
  "id": "441fd477-e4a0-45ba-86b2-05d232f8fd5d",
  "horizon_hours": 24,
  "dt_minutes": 15,
  "graph": {
    "regions": 2,
    "zones_per_region": [
      8,
      9
    ],
    "sites_per_zone": [
      8,
      7,
      6,
      4,
      5,
      7,
      2,
      2,
      5,
      8,
      5,
      5,
      7,
      2,
      5,
      7,
      5
    ],
    "intertie_density": 0.2293962863065802,
    "neighbor_nations": 1
  },
  "assets": {
    "thermal_per_site": [
      2,
      1,
      0,
      1,
      2,
      2,
      3,
      2,
      3,
      3,
      0,
      0,
      1,
      3,
      3,
      1,
      3
    ],
    "solar_per_site": [
      2,
      2,
      2,
      2,
      3,
      1,
      2,
      2,
      2,
      3,
      2,
      2,
      1,
      3,
      2,
      1,
      1
    ],
    "wind_per_site": [
      1,
      1,
      2,
      1,
      3,
      3,
      2,
      1,
      3,
      1,
      3,
      3,
      3,
      2,
      3,
      1,
      2
    ],
    "battery_per_site": [
      1,
      2,
      1,
      2,
      0,
      1,
      2,
      1,
      1,
      0,
      2,
      2,
      0,
      0,
      2,
      1,
      0
    ],
    "dr_per_site": [
      0,
      1,
      2,
      1,
      0,
      1,
      2,
      0,
      1,
      2,
      2,
      2,
      2,
      2,
      2,
      0,
      2
    ],
    "nuclear_per_region": [
      2,
      2
    ],
    "hydro_reservoir_per_region": [
      2,
      0
    ],
    "hydro_ror_per_zone": [
      0,
      1,
      2,
      1,
      1,
      1,
      0,
      0,
      0,
      2,
      2,
      1,
      0,
      0,
      2,
      2,
      0
    ],
    "hydro_pumped_per_region": [
      0,
      2
    ]
  },
  "econ_policy": {
    "co2_price": 149.05377806166985,
    "price_cap": 1805.1598326390708,
    "cross_border_policy": "cap",
    "import_export_caps_factor": 0.8090751781231994
  },
  "tech": {
    "thermal_marg_cost": 5.550796387155058,
    "thermal_ramp_pct": 0.3386383870970693,
    "battery_roundtrip_eff": 0.9042936991946785,
    "battery_e_to_p_hours": 3.8379677830719863,
    "dr_max_shed_share": 0.07548711199315379,
    "dr_duration_hours": 1.263044132127609,
    "hydro_reservoir_head_eff": 0.797222969132146
  },
  "operation_costs": {
    "thermal_fuel_eur_per_mwh": 69.71352727704122,
    "nuclear_fuel_eur_per_mwh": 13.391749684904905,
    "demand_response_cost_eur_per_mwh": 581.2874170142861,
    "value_of_lost_load_eur_per_mwh": 9971.632156849568,
    "renewable_spill_cost_eur_per_mwh": 1228.4925573364944,
    "hydro_spill_cost_eur_per_mwh": 669.9419773628902,
    "overgen_spill_cost_eur_per_mwh": 3639.0010661886167
  },
  "exogenous": {
    "weather_profile": "overcast_summer",
    "weather_spread_intensity": 0.6123536401555661,
    "demand_profile": "shoulder",
    "demand_scale_factor": 0.9906429273549756,
    "inflow_factor": 1.2672723263572543,
    "zone_profile_variants": {
      "evening_peak": 0.28,
      "double_peak": 0.16,
      "office_peak": 0.2,
      "industrial": 0.14,
      "night_shift": 0.1,
      "residential_morning": 0.12
    },
    "zone_profile_mix_weight": [
      0.4,
      0.8
    ],
    "zone_profile_phase_shift_hours": [
      -2.5,
      2.5
    ],
    "zone_profile_noise_std": [
      0.02,
      0.06
    ],
    "zone_profile_curvature_exp": [
      0.9,
      1.18
    ],
    "region_weather": {
      "R1": {
        "weather_profile": "mixed",
        "weather_spread_intensity": 0.6138175081102017
      },
      "R2": {
        "weather_profile": "overcast_summer",
        "weather_spread_intensity": 0.6108897722009305
      }
    }
  },
  "mip_gap_target_pct": 0.4499590988648703,
  "estimates": {
    "vars_total": 87360,
    "cons_total": 113568,
    "est_cpu_hours": 1.6322240000000003
  },
  "meta": {
    "regions": 2,
    "zones": 17,
    "sites": 17,
    "intertie_density": 0.2293962863065802,
    "neighbor_nations": 1,
    "assets": {
      "thermal": 30,
      "solar": 33,
      "wind": 35,
      "battery": 18,
      "dr": 22,
      "nuclear": 4,
      "hydro_reservoir": 2,
      "hydro_ror": 15,
      "hydro_pumped": 2
    },
    "demand_scale_factor": 0.9906429273549756,
    "zone_profile_variants": {
      "evening_peak": 0.28,
      "double_peak": 0.16,
      "office_peak": 0.2,
      "industrial": 0.14,
      "night_shift": 0.1,
      "residential_morning": 0.12
    },
    "zone_profile_mix_weight": [
      0.4,
      0.8
    ],
    "weather_profile": "overcast_summer",
    "cross_border_policy": "cap",
    "price_cap": 1805.1598326390708,
    "co2_price": 149.05377806166985,
    "import_export_caps_factor": 0.8090751781231994,
    "operation_costs": {
      "thermal_fuel_eur_per_mwh": 69.71352727704122,
      "nuclear_fuel_eur_per_mwh": 13.391749684904905,
      "demand_response_cost_eur_per_mwh": 581.2874170142861,
      "value_of_lost_load_eur_per_mwh": 9971.632156849568,
      "renewable_spill_cost_eur_per_mwh": 1228.4925573364944,
      "hydro_spill_cost_eur_per_mwh": 669.9419773628902,
      "overgen_spill_cost_eur_per_mwh": 3639.0010661886167
    },
    "tech_scalers": {
      "thermal_marg_cost": 5.550796387155058,
      "thermal_ramp_pct": 0.3386383870970693,
      "battery_roundtrip_eff": 0.9042936991946785,
      "battery_e_to_p_hours": 3.8379677830719863,
      "dr_max_shed_share": 0.07548711199315379,
      "dr_duration_hours": 1.263044132127609,
      "hydro_reservoir_head_eff": 0.797222969132146
    }
  }
}