{
  "id": "a22efe98-bbc6-4212-b9e2-9e3e13fa7b73",
  "horizon_hours": 24,
  "dt_minutes": 15,
  "graph": {
    "regions": 4,
    "zones_per_region": [
      4,
      9,
      8,
      3
    ],
    "sites_per_zone": [
      3,
      6,
      7,
      7,
      2,
      8,
      7,
      4,
      5,
      6,
      7,
      5,
      5,
      8,
      7,
      2,
      4,
      4,
      5,
      4,
      6,
      5,
      3,
      7
    ],
    "intertie_density": 0.5601354932178196,
    "neighbor_nations": 3
  },
  "assets": {
    "thermal_per_site": [
      2,
      0,
      1,
      3,
      1,
      3,
      2,
      0,
      0,
      3,
      0,
      3,
      3,
      3,
      1,
      1,
      2,
      0,
      0,
      3,
      3,
      2,
      1,
      2
    ],
    "solar_per_site": [
      3,
      2,
      1,
      2,
      3,
      3,
      3,
      3,
      1,
      1,
      1,
      2,
      2,
      3,
      3,
      2,
      3,
      2,
      3,
      1,
      2,
      1,
      2,
      3
    ],
    "wind_per_site": [
      3,
      2,
      3,
      1,
      3,
      3,
      1,
      3,
      2,
      3,
      1,
      2,
      3,
      3,
      1,
      3,
      3,
      2,
      2,
      3,
      3,
      3,
      1,
      1
    ],
    "battery_per_site": [
      1,
      1,
      1,
      0,
      1,
      1,
      2,
      0,
      0,
      2,
      1,
      1,
      1,
      2,
      1,
      0,
      1,
      2,
      2,
      2,
      1,
      1,
      0,
      0
    ],
    "dr_per_site": [
      0,
      2,
      2,
      1,
      1,
      2,
      1,
      2,
      1,
      1,
      0,
      0,
      2,
      1,
      1,
      0,
      1,
      2,
      1,
      2,
      1,
      0,
      0,
      1
    ],
    "nuclear_per_region": [
      0,
      0,
      2,
      2
    ],
    "hydro_reservoir_per_region": [
      2,
      1,
      2,
      3
    ],
    "hydro_ror_per_zone": [
      2,
      2,
      2,
      1,
      0,
      0,
      1,
      0,
      0,
      2,
      2,
      0,
      0,
      1,
      2,
      0,
      1,
      2,
      0,
      2,
      2,
      2,
      1,
      1
    ],
    "hydro_pumped_per_region": [
      0,
      2,
      0,
      2
    ]
  },
  "econ_policy": {
    "co2_price": 38.031668869319205,
    "price_cap": 2888.997610129577,
    "cross_border_policy": "allow",
    "import_export_caps_factor": 1.5974233823766517
  },
  "tech": {
    "thermal_marg_cost": 3.872218113347403,
    "thermal_ramp_pct": 0.1334215427653828,
    "battery_roundtrip_eff": 0.7864807854101551,
    "battery_e_to_p_hours": 3.031677828896484,
    "dr_max_shed_share": 0.3403874195804763,
    "dr_duration_hours": 2.625735166005481,
    "hydro_reservoir_head_eff": 0.9121159683755269,
    "battery_initial_soc_fraction": 0.5166181747311649,
    "battery_final_soc_tolerance": 0.0703243336032344,
    "battery_self_discharge_per_hour": 0.00301737347056305,
    "pumped_initial_level_fraction": 0.6865328134002908,
    "pumped_final_level_tolerance": 0.07022673741185981,
    "pumped_self_discharge_per_hour": 0.0014877683911247728
  },
  "operation_costs": {
    "thermal_fuel_eur_per_mwh": 73.80073337093334,
    "nuclear_fuel_eur_per_mwh": 9.252979626601226,
    "demand_response_cost_eur_per_mwh": 1083.446729737423,
    "value_of_lost_load_eur_per_mwh": 8827.801180777571,
    "renewable_spill_cost_eur_per_mwh": 1691.476866180824,
    "hydro_spill_cost_eur_per_mwh": 882.2535101668047,
    "overgen_spill_cost_eur_per_mwh": 4068.1892819470986,
    "battery_cycle_cost_eur_per_mwh": 83.78126987495173,
    "pumped_cycle_cost_eur_per_mwh": 48.848823256783945
  },
  "exogenous": {
    "weather_profile": "sunny_summer",
    "weather_spread_intensity": 1.0119301834953451,
    "demand_profile": "wkday_peak",
    "demand_scale_factor": 0.8859027389539598,
    "inflow_factor": 0.7616061195856486,
    "zone_profile_variants": {
      "evening_peak": 0.28,
      "double_peak": 0.16,
      "office_peak": 0.2,
      "industrial": 0.14,
      "night_shift": 0.1,
      "residential_morning": 0.12
    },
    "zone_profile_mix_weight": [
      0.4,
      0.8
    ],
    "zone_profile_phase_shift_hours": [
      -2.5,
      2.5
    ],
    "zone_profile_noise_std": [
      0.02,
      0.06
    ],
    "zone_profile_curvature_exp": [
      0.9,
      1.18
    ],
    "region_weather": {
      "R1": {
        "weather_profile": "sunny_summer",
        "weather_spread_intensity": 0.9374614776312298
      },
      "R2": {
        "weather_profile": "calm_winter",
        "weather_spread_intensity": 1.0415799712537281
      },
      "R3": {
        "weather_profile": "stormy_winter",
        "weather_spread_intensity": 0.7212555013774667
      },
      "R4": {
        "weather_profile": "overcast_summer",
        "weather_spread_intensity": 1.347423783718956
      }
    }
  },
  "mip_gap_target_pct": 0.9564508243448115,
  "estimates": {
    "vars_total": 124128,
    "cons_total": 161366,
    "est_cpu_hours": 2.2883251111111114
  },
  "meta": {
    "regions": 4,
    "zones": 24,
    "sites": 24,
    "intertie_density": 0.5601354932178196,
    "neighbor_nations": 3,
    "assets": {
      "thermal": 39,
      "solar": 52,
      "wind": 55,
      "battery": 24,
      "dr": 25,
      "nuclear": 4,
      "hydro_reservoir": 8,
      "hydro_ror": 26,
      "hydro_pumped": 4
    },
    "demand_scale_factor": 0.8859027389539598,
    "zone_profile_variants": {
      "evening_peak": 0.28,
      "double_peak": 0.16,
      "office_peak": 0.2,
      "industrial": 0.14,
      "night_shift": 0.1,
      "residential_morning": 0.12
    },
    "zone_profile_mix_weight": [
      0.4,
      0.8
    ],
    "weather_profile": "sunny_summer",
    "cross_border_policy": "allow",
    "price_cap": 2888.997610129577,
    "co2_price": 38.031668869319205,
    "import_export_caps_factor": 1.5974233823766517,
    "operation_costs": {
      "thermal_fuel_eur_per_mwh": 73.80073337093334,
      "nuclear_fuel_eur_per_mwh": 9.252979626601226,
      "demand_response_cost_eur_per_mwh": 1083.446729737423,
      "value_of_lost_load_eur_per_mwh": 8827.801180777571,
      "renewable_spill_cost_eur_per_mwh": 1691.476866180824,
      "hydro_spill_cost_eur_per_mwh": 882.2535101668047,
      "overgen_spill_cost_eur_per_mwh": 4068.1892819470986,
      "battery_cycle_cost_eur_per_mwh": 83.78126987495173,
      "pumped_cycle_cost_eur_per_mwh": 48.848823256783945
    },
    "tech_scalers": {
      "thermal_marg_cost": 3.872218113347403,
      "thermal_ramp_pct": 0.1334215427653828,
      "battery_roundtrip_eff": 0.7864807854101551,
      "battery_e_to_p_hours": 3.031677828896484,
      "dr_max_shed_share": 0.3403874195804763,
      "dr_duration_hours": 2.625735166005481,
      "hydro_reservoir_head_eff": 0.9121159683755269,
      "battery_initial_soc_fraction": 0.5166181747311649,
      "battery_final_soc_tolerance": 0.0703243336032344,
      "battery_self_discharge_per_hour": 0.00301737347056305,
      "pumped_initial_level_fraction": 0.6865328134002908,
      "pumped_final_level_tolerance": 0.07022673741185981,
      "pumped_self_discharge_per_hour": 0.0014877683911247728
    }
  },
  "flexibility_metrics": {
    "total_storage_power_mw": 2000.0,
    "total_storage_capacity_mwh": 10038.0,
    "battery_power_mw": 1200.0,
    "battery_capacity_mwh": 3638.0,
    "pumped_power_mw": 800.0,
    "pumped_capacity_mwh": 6400.0,
    "total_dr_capacity_mw": 3618.6,
    "total_ramp_up_mw_per_step": 440.3,
    "total_ramp_down_mw_per_step": 440.3,
    "thermal_flex_ratio": 0.358,
    "dr_duration_hours": 2.63,
    "battery_roundtrip_efficiency": 0.786
  },
  "difficulty_indicators": {
    "vre_penetration_pct": 35.07,
    "net_demand_volatility": 0.266,
    "peak_to_valley_ratio": 1.59,
    "estimated_milp_solve_time_seconds": 8238.0,
    "complexity_score": "very_hard",
    "n_binary_variables": 3744,
    "n_timesteps": 96,
    "n_zones": 24,
    "weather_profile": "sunny_summer",
    "demand_profile": "wkday_peak"
  }
}