{
  "id": "093d78f7-940f-4768-a60e-c44ffd6b7e13",
  "horizon_hours": 24,
  "dt_minutes": 15,
  "graph": {
    "regions": 4,
    "zones_per_region": [
      2,
      10,
      8,
      7
    ],
    "sites_per_zone": [
      8,
      9,
      7,
      8,
      8,
      3,
      10,
      6,
      6,
      5,
      10,
      8,
      3,
      4,
      7,
      2,
      6,
      9,
      4,
      4,
      9,
      9,
      6,
      4,
      5,
      5,
      5
    ],
    "intertie_density": 0.49412755862247343,
    "neighbor_nations": 1
  },
  "assets": {
    "thermal_per_site": [
      2,
      0,
      1,
      3,
      3,
      1,
      0,
      0,
      2,
      3,
      1,
      0,
      0,
      2,
      3,
      1,
      3,
      1,
      0,
      0,
      1,
      3,
      3,
      2,
      1,
      3,
      0
    ],
    "solar_per_site": [
      2,
      3,
      2,
      2,
      3,
      3,
      2,
      2,
      1,
      1,
      1,
      1,
      1,
      2,
      3,
      3,
      3,
      1,
      1,
      3,
      3,
      3,
      2,
      2,
      3,
      3,
      1
    ],
    "wind_per_site": [
      3,
      1,
      2,
      2,
      3,
      3,
      2,
      2,
      3,
      1,
      1,
      2,
      1,
      3,
      3,
      1,
      2,
      3,
      1,
      2,
      3,
      3,
      3,
      2,
      1,
      3,
      3
    ],
    "battery_per_site": [
      2,
      2,
      2,
      0,
      0,
      2,
      0,
      0,
      2,
      2,
      0,
      0,
      2,
      1,
      1,
      0,
      0,
      0,
      2,
      0,
      2,
      0,
      0,
      2,
      1,
      0,
      0
    ],
    "dr_per_site": [
      0,
      2,
      1,
      1,
      2,
      0,
      1,
      2,
      0,
      0,
      1,
      0,
      2,
      1,
      2,
      2,
      1,
      0,
      2,
      1,
      2,
      1,
      2,
      1,
      2,
      2,
      2
    ],
    "nuclear_per_region": [
      0,
      2,
      0,
      2
    ],
    "hydro_reservoir_per_region": [
      0,
      1,
      0,
      1
    ],
    "hydro_ror_per_zone": [
      0,
      1,
      0,
      0,
      2,
      2,
      0,
      2,
      1,
      1,
      0,
      2,
      2,
      1,
      0,
      2,
      1,
      1,
      1,
      2,
      0,
      1,
      1,
      0,
      1,
      2,
      1
    ],
    "hydro_pumped_per_region": [
      2,
      0,
      2,
      0
    ]
  },
  "econ_policy": {
    "co2_price": 50.16997989533216,
    "price_cap": 3345.1555624887837,
    "cross_border_policy": "block",
    "import_export_caps_factor": 1.2361635206243804
  },
  "tech": {
    "thermal_marg_cost": 2.889411305760402,
    "thermal_ramp_pct": 0.19885690380228205,
    "battery_roundtrip_eff": 0.8851708884808672,
    "battery_e_to_p_hours": 5.102541041054853,
    "dr_max_shed_share": 0.23148340768525688,
    "dr_duration_hours": 3.0984323628830834,
    "hydro_reservoir_head_eff": 0.7960474229969687,
    "battery_initial_soc_fraction": 0.6477346974338235,
    "battery_final_soc_tolerance": 0.10637152708517347,
    "battery_self_discharge_per_hour": 0.0012331887682986201,
    "pumped_initial_level_fraction": 0.5810821739900806,
    "pumped_final_level_tolerance": 0.06007819760677427,
    "pumped_self_discharge_per_hour": 0.00093617428362478
  },
  "operation_costs": {
    "thermal_fuel_eur_per_mwh": 49.399605299228206,
    "nuclear_fuel_eur_per_mwh": 22.58042541802954,
    "thermal_startup_cost_eur": 1928.7358346642836,
    "nuclear_startup_cost_eur": 37406.212114647744,
    "demand_response_cost_eur_per_mwh": 499.10143315918685,
    "value_of_lost_load_eur_per_mwh": 8001.104091617656,
    "renewable_spill_cost_eur_per_mwh": 909.8795035443786,
    "hydro_spill_cost_eur_per_mwh": 1075.4126020386257,
    "overgen_spill_cost_eur_per_mwh": 3354.5928123733456,
    "battery_cycle_cost_eur_per_mwh": 75.73974994827817,
    "pumped_cycle_cost_eur_per_mwh": 61.972019181227935
  },
  "exogenous": {
    "weather_profile": "calm_winter",
    "weather_spread_intensity": 0.9814810980581448,
    "demand_profile": "heatwave",
    "demand_scale_factor": 0.7168783900907045,
    "inflow_factor": 0.8535702750875964,
    "zone_profile_variants": {
      "evening_peak": 0.28,
      "double_peak": 0.16,
      "office_peak": 0.2,
      "industrial": 0.14,
      "night_shift": 0.1,
      "residential_morning": 0.12
    },
    "zone_profile_mix_weight": [
      0.4,
      0.8
    ],
    "zone_profile_phase_shift_hours": [
      -2.5,
      2.5
    ],
    "zone_profile_noise_std": [
      0.02,
      0.06
    ],
    "zone_profile_curvature_exp": [
      0.9,
      1.18
    ],
    "region_weather": {
      "R1": {
        "weather_profile": "stormy_winter",
        "weather_spread_intensity": 0.8786323513968501
      },
      "R2": {
        "weather_profile": "calm_winter",
        "weather_spread_intensity": 1.2827336186590483
      },
      "R3": {
        "weather_profile": "calm_winter",
        "weather_spread_intensity": 0.675731372285453
      },
      "R4": {
        "weather_profile": "sunny_summer",
        "weather_spread_intensity": 1.0888270498912278
      }
    }
  },
  "mip_gap_target_pct": 1.0293738823528453,
  "estimates": {
    "vars_total": 134400,
    "cons_total": 174720,
    "est_cpu_hours": 2.4716266666666673
  },
  "meta": {
    "regions": 4,
    "zones": 27,
    "sites": 27,
    "intertie_density": 0.49412755862247343,
    "neighbor_nations": 1,
    "assets": {
      "thermal": 39,
      "solar": 57,
      "wind": 59,
      "battery": 23,
      "dr": 33,
      "nuclear": 4,
      "hydro_reservoir": 2,
      "hydro_ror": 27,
      "hydro_pumped": 4
    },
    "demand_scale_factor": 0.7168783900907045,
    "zone_profile_variants": {
      "evening_peak": 0.28,
      "double_peak": 0.16,
      "office_peak": 0.2,
      "industrial": 0.14,
      "night_shift": 0.1,
      "residential_morning": 0.12
    },
    "zone_profile_mix_weight": [
      0.4,
      0.8
    ],
    "weather_profile": "calm_winter",
    "cross_border_policy": "block",
    "price_cap": 3345.1555624887837,
    "co2_price": 50.16997989533216,
    "import_export_caps_factor": 1.2361635206243804,
    "operation_costs": {
      "thermal_fuel_eur_per_mwh": 49.399605299228206,
      "nuclear_fuel_eur_per_mwh": 22.58042541802954,
      "thermal_startup_cost_eur": 1928.7358346642836,
      "nuclear_startup_cost_eur": 37406.212114647744,
      "demand_response_cost_eur_per_mwh": 499.10143315918685,
      "value_of_lost_load_eur_per_mwh": 8001.104091617656,
      "renewable_spill_cost_eur_per_mwh": 909.8795035443786,
      "hydro_spill_cost_eur_per_mwh": 1075.4126020386257,
      "overgen_spill_cost_eur_per_mwh": 3354.5928123733456,
      "battery_cycle_cost_eur_per_mwh": 75.73974994827817,
      "pumped_cycle_cost_eur_per_mwh": 61.972019181227935
    },
    "tech_scalers": {
      "thermal_marg_cost": 2.889411305760402,
      "thermal_ramp_pct": 0.19885690380228205,
      "battery_roundtrip_eff": 0.8851708884808672,
      "battery_e_to_p_hours": 5.102541041054853,
      "dr_max_shed_share": 0.23148340768525688,
      "dr_duration_hours": 3.0984323628830834,
      "hydro_reservoir_head_eff": 0.7960474229969687,
      "battery_initial_soc_fraction": 0.6477346974338235,
      "battery_final_soc_tolerance": 0.10637152708517347,
      "battery_self_discharge_per_hour": 0.0012331887682986201,
      "pumped_initial_level_fraction": 0.5810821739900806,
      "pumped_final_level_tolerance": 0.06007819760677427,
      "pumped_self_discharge_per_hour": 0.00093617428362478
    }
  },
  "flexibility_metrics": {
    "total_storage_power_mw": 1950.0,
    "total_storage_capacity_mwh": 12267.9,
    "battery_power_mw": 1150.0,
    "battery_capacity_mwh": 5867.9,
    "pumped_power_mw": 800.0,
    "pumped_capacity_mwh": 6400.0,
    "total_dr_capacity_mw": 2240.3,
    "total_ramp_up_mw_per_step": 631.7,
    "total_ramp_down_mw_per_step": 631.7,
    "thermal_flex_ratio": 0.267,
    "dr_duration_hours": 3.1,