{
  "id": "ebcb6264-daa7-4bb4-9e30-2566db87f343",
  "horizon_hours": 24,
  "dt_minutes": 15,
  "graph": {
    "regions": 5,
    "zones_per_region": [
      4,
      5,
      5,
      8,
      3
    ],
    "sites_per_zone": [
      3,
      8,
      3,
      4,
      8,
      7,
      8,
      6,
      7,
      5,
      8,
      4,
      6,
      4,
      2,
      8,
      3,
      6,
      8,
      2,
      7,
      8,
      5,
      5,
      2
    ],
    "intertie_density": 0.5360646020730038,
    "neighbor_nations": 1
  },
  "assets": {
    "thermal_per_site": [
      2,
      3,
      1,
      1,
      1,
      0,
      0,
      0,
      1,
      3,
      1,
      2,
      0,
      2,
      2,
      1,
      0,
      0,
      3,
      2,
      0,
      0,
      3,
      1,
      1
    ],
    "solar_per_site": [
      1,
      3,
      2,
      1,
      2,
      2,
      1,
      3,
      1,
      3,
      1,
      2,
      3,
      3,
      1,
      2,
      1,
      3,
      3,
      1,
      2,
      3,
      2,
      1,
      2
    ],
    "wind_per_site": [
      2,
      2,
      2,
      3,
      1,
      1,
      2,
      1,
      3,
      3,
      2,
      3,
      3,
      1,
      1,
      1,
      1,
      3,
      1,
      2,
      2,
      3,
      3,
      1,
      2
    ],
    "battery_per_site": [
      2,
      2,
      2,
      0,
      0,
      1,
      0,
      0,
      2,
      0,
      0,
      0,
      1,
      0,
      0,
      1,
      2,
      2,
      1,
      1,
      2,
      1,
      2,
      1,
      1
    ],
    "dr_per_site": [
      1,
      2,
      2,
      0,
      0,
      2,
      1,
      1,
      0,
      0,
      0,
      1,
      1,
      2,
      0,
      2,
      0,
      0,
      0,
      1,
      1,
      1,
      0,
      0,
      1
    ],
    "nuclear_per_region": [
      1,
      0,
      0,
      0,
      0
    ],
    "hydro_reservoir_per_region": [
      2,
      0,
      0,
      2,
      0
    ],
    "hydro_ror_per_zone": [
      1,
      1,
      0,
      1,
      0,
      2,
      0,
      0,
      2,
      0,
      1,
      1,
      0,
      0,
      1,
      1,
      0,
      2,
      0,
      0,
      0,
      0,
      1,
      1,
      2
    ],
    "hydro_pumped_per_region": [
      0,
      1,
      1,
      1,
      1
    ]
  },
  "econ_policy": {
    "co2_price": 84.25416676748023,
    "price_cap": 2524.4840872510454,
    "cross_border_policy": "allow",
    "import_export_caps_factor": 0.7399614811838989
  },
  "tech": {
    "thermal_marg_cost": 6.58847547129855,
    "thermal_ramp_pct": 0.3689018748843388,
    "battery_roundtrip_eff": 0.8838983713375891,
    "battery_e_to_p_hours": 3.4762542937075516,
    "dr_max_shed_share": 0.07577479293370151,
    "dr_duration_hours": 5.1761466986040965,
    "hydro_reservoir_head_eff": 0.9896705985626754,
    "battery_initial_soc_fraction": 0.5321840627611781,
    "battery_final_soc_tolerance": 0.15192731987207536,
    "battery_self_discharge_per_hour": 0.00436501495922087,
    "pumped_initial_level_fraction": 0.5708502665210445,
    "pumped_final_level_tolerance": 0.0791262026425222,
    "pumped_self_discharge_per_hour": 0.003986388672566151
  },
  "operation_costs": {
    "thermal_fuel_eur_per_mwh": 80.31427641105749,
    "nuclear_fuel_eur_per_mwh": 13.810684614509276,
    "demand_response_cost_eur_per_mwh": 511.8346001380334,
    "value_of_lost_load_eur_per_mwh": 10360.791113425836,
    "renewable_spill_cost_eur_per_mwh": 1324.7173929025703,
    "hydro_spill_cost_eur_per_mwh": 369.8722828453772,
    "overgen_spill_cost_eur_per_mwh": 6837.810280731134,
    "battery_cycle_cost_eur_per_mwh": 75.85665619025835,
    "pumped_cycle_cost_eur_per_mwh": 46.92666089026719
  },
  "exogenous": {
    "weather_profile": "sunny_summer",
    "weather_spread_intensity": 1.0365973956463683,
    "demand_profile": "wkday_peak",
    "demand_scale_factor": 0.6781593079580496,
    "inflow_factor": 1.338235692286857,
    "zone_profile_variants": {
      "evening_peak": 0.28,
      "double_peak": 0.16,
      "office_peak": 0.2,
      "industrial": 0.14,
      "night_shift": 0.1,
      "residential_morning": 0.12
    },
    "zone_profile_mix_weight": [
      0.4,
      0.8
    ],
    "zone_profile_phase_shift_hours": [
      -2.5,
      2.5
    ],
    "zone_profile_noise_std": [
      0.02,
      0.06
    ],
    "zone_profile_curvature_exp": [
      0.9,
      1.18
    ],
    "region_weather": {
      "R1": {
        "weather_profile": "sunny_summer",
        "weather_spread_intensity": 0.7786411212194477
      },
      "R2": {
        "weather_profile": "stormy_winter",
        "weather_spread_intensity": 1.1837864277856944
      },
      "R3": {
        "weather_profile": "sunny_summer",
        "weather_spread_intensity": 0.6552116130796087
      },
      "R4": {
        "weather_profile": "mixed",
        "weather_spread_intensity": 1.2346895751097164
      },
      "R5": {
        "weather_profile": "calm_winter",
        "weather_spread_intensity": 1.3306582410373746
      }
    }
  },
  "mip_gap_target_pct": 0.936660105347404,
  "estimates": {
    "vars_total": 115872,
    "cons_total": 150633,
    "est_cpu_hours": 2.1409996666666666
  },
  "meta": {
    "regions": 5,
    "zones": 25,
    "sites": 25,
    "intertie_density": 0.5360646020730038,
    "neighbor_nations": 1,
    "assets": {
      "thermal": 30,
      "solar": 49,
      "wind": 49,
      "battery": 24,
      "dr": 19,
      "nuclear": 1,
      "hydro_reservoir": 4,
      "hydro_ror": 17,
      "hydro_pumped": 4
    },
    "demand_scale_factor": 0.6781593079580496,
    "zone_profile_variants": {
      "evening_peak": 0.28,
      "double_peak": 0.16,
      "office_peak": 0.2,
      "industrial": 0.14,
      "night_shift": 0.1,
      "residential_morning": 0.12
    },
    "zone_profile_mix_weight": [
      0.4,
      0.8
    ],
    "weather_profile": "sunny_summer",
    "cross_border_policy": "allow",
    "price_cap": 2524.4840872510454,
    "co2_price": 84.25416676748023,
    "import_export_caps_factor": 0.7399614811838989,
    "operation_costs": {
      "thermal_fuel_eur_per_mwh": 80.31427641105749,
      "nuclear_fuel_eur_per_mwh": 13.810684614509276,
      "demand_response_cost_eur_per_mwh": 511.8346001380334,
      "value_of_lost_load_eur_per_mwh": 10360.791113425836,
      "renewable_spill_cost_eur_per_mwh": 1324.7173929025703,
      "hydro_spill_cost_eur_per_mwh": 369.8722828453772,
      "overgen_spill_cost_eur_per_mwh": 6837.810280731134,
      "battery_cycle_cost_eur_per_mwh": 75.85665619025835,
      "pumped_cycle_cost_eur_per_mwh": 46.92666089026719
    },
    "tech_scalers": {
      "thermal_marg_cost": 6.58847547129855,
      "thermal_ramp_pct": 0.3689018748843388,
      "battery_roundtrip_eff": 0.8838983713375891,
      "battery_e_to_p_hours": 3.4762542937075516,
      "dr_max_shed_share": 0.07577479293370151,
      "dr_duration_hours": 5.1761466986040965,
      "hydro_reservoir_head_eff": 0.9896705985626754,
      "battery_initial_soc_fraction": 0.5321840627611781,
      "battery_final_soc_tolerance": 0.15192731987207536,
      "battery_self_discharge_per_hour": 0.00436501495922087,
      "pumped_initial_level_fraction": 0.5708502665210445,
      "pumped_final_level_tolerance": 0.0791262026425222,
      "pumped_self_discharge_per_hour": 0.003986388672566151
    }
  },
  "flexibility_metrics": {
    "total_storage_power_mw": 2000.0,
    "total_storage_capacity_mwh": 10571.5,
    "battery_power_mw": 1200.0,
    "battery_capacity_mwh": 4171.5,
    "pumped_power_mw": 800.0,
    "pumped_capacity_mwh": 6400.0,
    "total_dr_capacity_mw": 642.3,
    "total_ramp_up_mw_per_step": 842.5,
    "total_ramp_down_mw_per_step": 842.5,
    "thermal_flex_ratio": 0.264,
    "dr_duration_hours": 5.18,
    "battery_roundtrip_efficiency": 0.884
  },
  "difficulty_indicators": {
    "vre_penetration_pct": 44.3,
    "net_demand_volatility": 0.266,
    "peak_to_valley_ratio": 1.22,