{
  "id": "ca8b8274-ac43-4bb7-9531-e1c59e41fd9e",
  "horizon_hours": 24,
  "dt_minutes": 15,
  "graph": {
    "regions": 3,
    "zones_per_region": [
      5,
      5,
      9
    ],
    "sites_per_zone": [
      6,
      8,
      7,
      8,
      5,
      5,
      8,
      6,
      2,
      4,
      8,
      3,
      4,
      8,
      4,
      4,
      3,
      4,
      7
    ],
    "intertie_density": 0.5151845494534824,
    "neighbor_nations": 2
  },
  "assets": {
    "thermal_per_site": [
      1,
      2,
      1,
      1,
      3,
      3,
      2,
      3,
      2,
      1,
      2,
      0,
      1,
      2,
      0,
      2,
      2,
      1,
      1
    ],
    "solar_per_site": [
      2,
      2,
      1,
      2,
      2,
      3,
      3,
      1,
      2,
      3,
      3,
      1,
      3,
      1,
      2,
      3,
      2,
      1,
      2
    ],
    "wind_per_site": [
      3,
      1,
      2,
      1,
      2,
      3,
      2,
      2,
      2,
      2,
      1,
      3,
      1,
      2,
      2,
      3,
      3,
      2,
      3
    ],
    "battery_per_site": [
      2,
      2,
      2,
      1,
      0,
      2,
      1,
      0,
      1,
      2,
      1,
      1,
      0,
      1,
      2,
      1,
      0,
      2,
      2
    ],
    "dr_per_site": [
      0,
      0,
      0,
      2,
      0,
      1,
      0,
      2,
      2,
      2,
      0,
      0,
      1,
      0,
      1,
      0,
      1,
      2,
      2
    ],
    "nuclear_per_region": [
      1,
      2,
      0
    ],
    "hydro_reservoir_per_region": [
      3,
      1,
      2
    ],
    "hydro_ror_per_zone": [
      0,
      0,
      2,
      0,
      2,
      0,
      2,
      1,
      2,
      0,
      1,
      2,
      1,
      1,
      0,
      2,
      2,
      1,
      1
    ],
    "hydro_pumped_per_region": [
      2,
      1,
      0
    ]
  },
  "econ_policy": {
    "co2_price": 181.03793359448292,
    "price_cap": 3698.363945492967,
    "cross_border_policy": "block",
    "import_export_caps_factor": 1.2279422128615642
  },
  "tech": {
    "thermal_marg_cost": 3.556784369726413,
    "thermal_ramp_pct": 0.1888009784234247,
    "battery_roundtrip_eff": 0.8367513890878757,
    "battery_e_to_p_hours": 3.1290026104077677,
    "dr_max_shed_share": 0.14054370687727286,
    "dr_duration_hours": 5.057825772811733,
    "hydro_reservoir_head_eff": 0.9359682756693001,
    "battery_initial_soc_fraction": 0.4918336346080633,
    "battery_final_soc_tolerance": 0.15187919503986264,
    "battery_self_discharge_per_hour": 0.0069190117797432995,
    "pumped_initial_level_fraction": 0.5601863954490635,
    "pumped_final_level_tolerance": 0.07580689545829244,
    "pumped_self_discharge_per_hour": 0.0037091771357092604
  },
  "operation_costs": {
    "thermal_fuel_eur_per_mwh": 67.18628587419732,
    "nuclear_fuel_eur_per_mwh": 15.182248051640766,
    "demand_response_cost_eur_per_mwh": 553.1934051456948,
    "value_of_lost_load_eur_per_mwh": 6473.494348145339,
    "renewable_spill_cost_eur_per_mwh": 864.2874059649403,
    "hydro_spill_cost_eur_per_mwh": 374.637537469041,
    "overgen_spill_cost_eur_per_mwh": 3500.78504547598,
    "battery_cycle_cost_eur_per_mwh": 107.88227110133478,
    "pumped_cycle_cost_eur_per_mwh": 66.58173424380622
  },
  "exogenous": {
    "weather_profile": "stormy_winter",
    "weather_spread_intensity": 1.1567200120572012,
    "demand_profile": "shoulder",
    "demand_scale_factor": 0.8257299723275177,
    "inflow_factor": 0.43432397138360035,
    "zone_profile_variants": {
      "evening_peak": 0.28,
      "double_peak": 0.16,
      "office_peak": 0.2,
      "industrial": 0.14,
      "night_shift": 0.1,
      "residential_morning": 0.12
    },
    "zone_profile_mix_weight": [
      0.4,
      0.8
    ],
    "zone_profile_phase_shift_hours": [
      -2.5,
      2.5
    ],
    "zone_profile_noise_std": [
      0.02,
      0.06
    ],
    "zone_profile_curvature_exp": [
      0.9,
      1.18
    ],
    "region_weather": {
      "R1": {
        "weather_profile": "stormy_winter",
        "weather_spread_intensity": 1.4887517894180489
      },
      "R2": {
        "weather_profile": "mixed",
        "weather_spread_intensity": 0.9542842198850403
      },
      "R3": {
        "weather_profile": "overcast_summer",
        "weather_spread_intensity": 1.0271240268685147
      }
    }
  },
  "mip_gap_target_pct": 1.3670955319509033,
  "estimates": {
    "vars_total": 96576,
    "cons_total": 125548,
    "est_cpu_hours": 1.7966715555555557
  },
  "meta": {
    "regions": 3,
    "zones": 19,
    "sites": 19,
    "intertie_density": 0.5151845494534824,
    "neighbor_nations": 2,
    "assets": {
      "thermal": 30,
      "solar": 39,
      "wind": 40,
      "battery": 23,
      "dr": 16,
      "nuclear": 3,
      "hydro_reservoir": 6,
      "hydro_ror": 20,
      "hydro_pumped": 3
    },
    "demand_scale_factor": 0.8257299723275177,
    "zone_profile_variants": {
      "evening_peak": 0.28,
      "double_peak": 0.16,
      "office_peak": 0.2,
      "industrial": 0.14,
      "night_shift": 0.1,
      "residential_morning": 0.12
    },
    "zone_profile_mix_weight": [
      0.4,
      0.8
    ],
    "weather_profile": "stormy_winter",
    "cross_border_policy": "block",
    "price_cap": 3698.363945492967,
    "co2_price": 181.03793359448292,
    "import_export_caps_factor": 1.2279422128615642,
    "operation_costs": {
      "thermal_fuel_eur_per_mwh": 67.18628587419732,
      "nuclear_fuel_eur_per_mwh": 15.182248051640766,
      "demand_response_cost_eur_per_mwh": 553.1934051456948,
      "value_of_lost_load_eur_per_mwh": 6473.494348145339,
      "renewable_spill_cost_eur_per_mwh": 864.2874059649403,
      "hydro_spill_cost_eur_per_mwh": 374.637537469041,
      "overgen_spill_cost_eur_per_mwh": 3500.78504547598,
      "battery_cycle_cost_eur_per_mwh": 107.88227110133478,
      "pumped_cycle_cost_eur_per_mwh": 66.58173424380622
    },
    "tech_scalers": {
      "thermal_marg_cost": 3.556784369726413,
      "thermal_ramp_pct": 0.1888009784234247,
      "battery_roundtrip_eff": 0.8367513890878757,
      "battery_e_to_p_hours": 3.1290026104077677,
      "dr_max_shed_share": 0.14054370687727286,
      "dr_duration_hours": 5.057825772811733,
      "hydro_reservoir_head_eff": 0.9359682756693001,
      "battery_initial_soc_fraction": 0.4918336346080633,
      "battery_final_soc_tolerance": 0.15187919503986264,
      "battery_self_discharge_per_hour": 0.0069190117797432995,
      "pumped_initial_level_fraction": 0.5601863954490635,
      "pumped_final_level_tolerance": 0.07580689545829244,
      "pumped_self_discharge_per_hour": 0.0037091771357092604
    }
  },
  "flexibility_metrics": {
    "total_storage_power_mw": 1750.0,
    "total_storage_capacity_mwh": 8398.4,
    "battery_power_mw": 1150.0,
    "battery_capacity_mwh": 3598.4,
    "pumped_power_mw": 600.0,
    "pumped_capacity_mwh": 4800.0,
    "total_dr_capacity_mw": 1102.5,
    "total_ramp_up_mw_per_step": 462.3,
    "total_ramp_down_mw_per_step": 462.3,
    "thermal_flex_ratio": 0.238,
    "dr_duration_hours": 5.06,
    "battery_roundtrip_efficiency": 0.837
  },
  "difficulty_indicators": {
    "vre_penetration_pct": 34.26,
    "net_demand_volatility": 0.269,
    "peak_to_valley_ratio": 1.49,
    "estimated_milp_solve_time_seconds": 6468.0,
    "complexity_score": "hard",
    "n_binary_variables": 2880,
    "n_timesteps": 96,
    "n_zones": 19,
    "weather_profile": "stormy_winter",
    "demand_profile": "shoulder"
  }
}