{
  "id": "44d4f1a0-bd0f-47e5-88a6-b923a3a19202",
  "horizon_hours": 24,
  "dt_minutes": 15,
  "graph": {
    "regions": 2,
    "zones_per_region": [
      8,
      7
    ],
    "sites_per_zone": [
      3,
      4,
      7,
      7,
      4,
      7,
      3,
      6,
      2,
      6,
      5,
      6,
      7,
      8,
      3
    ],
    "intertie_density": 0.2536560277698655,
    "neighbor_nations": 3
  },
  "assets": {
    "thermal_per_site": [
      0,
      0,
      1,
      0,
      3,
      2,
      3,
      0,
      2,
      3,
      2,
      3,
      0,
      3,
      2
    ],
    "solar_per_site": [
      2,
      3,
      2,
      2,
      1,
      1,
      2,
      2,
      3,
      1,
      1,
      1,
      3,
      3,
      3
    ],
    "wind_per_site": [
      2,
      3,
      2,
      3,
      1,
      2,
      3,
      3,
      2,
      2,
      1,
      3,
      1,
      1,
      1
    ],
    "battery_per_site": [
      2,
      2,
      2,
      1,
      1,
      0,
      0,
      1,
      1,
      1,
      2,
      0,
      1,
      2,
      0
    ],
    "dr_per_site": [
      0,
      2,
      2,
      0,
      1,
      0,
      0,
      2,
      2,
      0,
      2,
      2,
      2,
      0,
      0
    ],
    "nuclear_per_region": [
      2,
      2
    ],
    "hydro_reservoir_per_region": [
      2,
      2
    ],
    "hydro_ror_per_zone": [
      2,
      1,
      2,
      1,
      2,
      0,
      0,
      1,
      1,
      2,
      0,
      2,
      2,
      1,
      1
    ],
    "hydro_pumped_per_region": [
      2,
      2
    ]
  },
  "econ_policy": {
    "co2_price": 194.88027948171396,
    "price_cap": 3124.8793068681066,
    "cross_border_policy": "allow",
    "import_export_caps_factor": 1.341770290010603
  },
  "tech": {
    "thermal_marg_cost": 12.778555234590893,
    "thermal_ramp_pct": 0.3235676053421218,
    "battery_roundtrip_eff": 0.8572790304233416,
    "battery_e_to_p_hours": 1.5502234503076087,
    "dr_max_shed_share": 0.28715723344105865,
    "dr_duration_hours": 4.669020495046591,
    "hydro_reservoir_head_eff": 0.8043865399506132,
    "battery_initial_soc_fraction": 0.38755688115474535,
    "battery_final_soc_tolerance": 0.08136715825117793,
    "battery_self_discharge_per_hour": 0.003975474713838532,
    "pumped_initial_level_fraction": 0.589794057069067,
    "pumped_final_level_tolerance": 0.12699261540126028,
    "pumped_self_discharge_per_hour": 0.0012119275232458698
  },
  "operation_costs": {
    "thermal_fuel_eur_per_mwh": 77.04741634601353,
    "nuclear_fuel_eur_per_mwh": 13.087420633557858,
    "demand_response_cost_eur_per_mwh": 887.7583951878757,
    "value_of_lost_load_eur_per_mwh": 6501.60544271077,
    "renewable_spill_cost_eur_per_mwh": 1024.7815135054761,
    "hydro_spill_cost_eur_per_mwh": 655.0467415398331,
    "overgen_spill_cost_eur_per_mwh": 3653.840009967335,
    "battery_cycle_cost_eur_per_mwh": 92.13058750834094,
    "pumped_cycle_cost_eur_per_mwh": 61.81715964199507
  },
  "exogenous": {
    "weather_profile": "mixed",
    "weather_spread_intensity": 0.8288703525682151,
    "demand_profile": "shoulder",
    "demand_scale_factor": 1.2375077347229584,
    "inflow_factor": 1.2969994872298853,
    "zone_profile_variants": {
      "evening_peak": 0.28,
      "double_peak": 0.16,
      "office_peak": 0.2,
      "industrial": 0.14,
      "night_shift": 0.1,
      "residential_morning": 0.12
    },
    "zone_profile_mix_weight": [
      0.4,
      0.8
    ],
    "zone_profile_phase_shift_hours": [
      -2.5,
      2.5
    ],
    "zone_profile_noise_std": [
      0.02,
      0.06
    ],
    "zone_profile_curvature_exp": [
      0.9,
      1.18
    ],
    "region_weather": {
      "R1": {
        "weather_profile": "calm_winter",
        "weather_spread_intensity": 0.6635357028101189
      },
      "R2": {
        "weather_profile": "mixed",
        "weather_spread_intensity": 0.9942050023263111
      }
    }
  },
  "mip_gap_target_pct": 1.345618549525102,
  "estimates": {
    "vars_total": 77280,
    "cons_total": 100464,
    "est_cpu_hours": 1.452352
  },
  "meta": {
    "regions": 2,
    "zones": 15,
    "sites": 15,
    "intertie_density": 0.2536560277698655,
    "neighbor_nations": 3,
    "assets": {
      "thermal": 24,
      "solar": 30,
      "wind": 30,
      "battery": 16,
      "dr": 15,
      "nuclear": 4,
      "hydro_reservoir": 4,
      "hydro_ror": 18,
      "hydro_pumped": 4
    },
    "demand_scale_factor": 1.2375077347229584,
    "zone_profile_variants": {
      "evening_peak": 0.28,
      "double_peak": 0.16,
      "office_peak": 0.2,
      "industrial": 0.14,
      "night_shift": 0.1,
      "residential_morning": 0.12
    },
    "zone_profile_mix_weight": [
      0.4,
      0.8
    ],
    "weather_profile": "mixed",
    "cross_border_policy": "allow",
    "price_cap": 3124.8793068681066,
    "co2_price": 194.88027948171396,
    "import_export_caps_factor": 1.341770290010603,
    "operation_costs": {
      "thermal_fuel_eur_per_mwh": 77.04741634601353,
      "nuclear_fuel_eur_per_mwh": 13.087420633557858,
      "demand_response_cost_eur_per_mwh": 887.7583951878757,
      "value_of_lost_load_eur_per_mwh": 6501.60544271077,
      "renewable_spill_cost_eur_per_mwh": 1024.7815135054761,
      "hydro_spill_cost_eur_per_mwh": 655.0467415398331,
      "overgen_spill_cost_eur_per_mwh": 3653.840009967335,
      "battery_cycle_cost_eur_per_mwh": 92.13058750834094,
      "pumped_cycle_cost_eur_per_mwh": 61.81715964199507
    },
    "tech_scalers": {
      "thermal_marg_cost": 12.778555234590893,
      "thermal_ramp_pct": 0.3235676053421218,
      "battery_roundtrip_eff": 0.8572790304233416,
      "battery_e_to_p_hours": 1.5502234503076087,
      "dr_max_shed_share": 0.28715723344105865,
      "dr_duration_hours": 4.669020495046591,
      "hydro_reservoir_head_eff": 0.8043865399506132,
      "battery_initial_soc_fraction": 0.38755688115474535,
      "battery_final_soc_tolerance": 0.08136715825117793,
      "battery_self_discharge_per_hour": 0.003975474713838532,
      "pumped_initial_level_fraction": 0.589794057069067,
      "pumped_final_level_tolerance": 0.12699261540126028,
      "pumped_self_discharge_per_hour": 0.0012119275232458698
    }
  },
  "flexibility_metrics": {
    "total_storage_power_mw": 1600.0,
    "total_storage_capacity_mwh": 7640.2,
    "battery_power_mw": 800.0,
    "battery_capacity_mwh": 1240.2,
    "pumped_power_mw": 800.0,
    "pumped_capacity_mwh": 6400.0,
    "total_dr_capacity_mw": 2665.2,
    "total_ramp_up_mw_per_step": 632.4,
    "total_ramp_down_mw_per_step": 632.4,
    "thermal_flex_ratio": 0.381,
    "dr_duration_hours": 4.67,
    "battery_roundtrip_efficiency": 0.857
  },
  "difficulty_indicators": {
    "vre_penetration_pct": 30.86,
    "net_demand_volatility": 0.206,
    "peak_to_valley_ratio": 2.23,
    "estimated_milp_solve_time_seconds": 5228.5,
    "complexity_score": "hard",
    "n_binary_variables": 2304,
    "n_timesteps": 96,
    "n_zones": 15,
    "weather_profile": "mixed",
    "demand_profile": "shoulder"
  }
}