{
  "id": "f88e7a83-33e9-4b1b-b148-6401f016c22c",
  "horizon_hours": 24,
  "dt_minutes": 15,
  "graph": {
    "regions": 5,
    "zones_per_region": [
      6,
      3,
      4,
      3,
      3
    ],
    "sites_per_zone": [
      6,
      6,
      4,
      3,
      3,
      6,
      5,
      2,
      3,
      5,
      3,
      4,
      4,
      7,
      8,
      6,
      3,
      7,
      2
    ],
    "intertie_density": 0.5107631138823581,
    "neighbor_nations": 1
  },
  "assets": {
    "thermal_per_site": [
      0,
      2,
      3,
      2,
      2,
      0,
      3,
      0,
      1,
      1,
      0,
      3,
      0,
      2,
      1,
      3,
      2,
      0,
      0
    ],
    "solar_per_site": [
      2,
      3,
      1,
      2,
      3,
      2,
      2,
      3,
      3,
      1,
      3,
      1,
      2,
      3,
      2,
      3,
      1,
      3,
      3
    ],
    "wind_per_site": [
      2,
      3,
      1,
      3,
      2,
      1,
      3,
      3,
      1,
      3,
      1,
      2,
      3,
      3,
      2,
      2,
      1,
      2,
      3
    ],
    "battery_per_site": [
      1,
      0,
      2,
      1,
      2,
      0,
      1,
      2,
      2,
      0,
      0,
      0,
      1,
      1,
      2,
      2,
      2,
      2,
      1
    ],
    "dr_per_site": [
      2,
      2,
      2,
      1,
      1,
      1,
      0,
      2,
      0,
      1,
      0,
      0,
      0,
      2,
      2,
      2,
      0,
      1,
      2
    ],
    "nuclear_per_region": [
      2,
      0,
      1,
      1,
      1
    ],
    "hydro_reservoir_per_region": [
      3,
      3,
      2,
      0,
      1
    ],
    "hydro_ror_per_zone": [
      1,
      2,
      0,
      2,
      0,
      2,
      1,
      0,
      0,
      1,
      0,
      2,
      0,
      0,
      2,
      0,
      2,
      0,
      0
    ],
    "hydro_pumped_per_region": [
      0,
      0,
      1,
      2,
      0
    ]
  },
  "econ_policy": {
    "co2_price": 179.93424396411797,
    "price_cap": 2694.638596301674,
    "cross_border_policy": "block",
    "import_export_caps_factor": 1.4194920769980075
  },
  "tech": {
    "thermal_marg_cost": 11.528125388830434,
    "thermal_ramp_pct": 0.14323509198103807,
    "battery_roundtrip_eff": 0.8925925830303937,
    "battery_e_to_p_hours": 3.6866220024083622,
    "dr_max_shed_share": 0.2116325457832829,
    "dr_duration_hours": 2.457265943761347,
    "hydro_reservoir_head_eff": 0.7800446920556036,
    "battery_initial_soc_fraction": 0.4651079341803023,
    "battery_final_soc_tolerance": 0.06848374910513612,
    "battery_self_discharge_per_hour": 0.003927563100353533,
    "pumped_initial_level_fraction": 0.644934846155786,
    "pumped_final_level_tolerance": 0.12100136776279112,
    "pumped_self_discharge_per_hour": 0.0024270645172982767
  },
  "operation_costs": {
    "thermal_fuel_eur_per_mwh": 81.8093988978156,
    "nuclear_fuel_eur_per_mwh": 10.418576799375241,
    "demand_response_cost_eur_per_mwh": 691.2919852213604,
    "value_of_lost_load_eur_per_mwh": 11833.381593922108,
    "renewable_spill_cost_eur_per_mwh": 1172.8179099702902,
    "hydro_spill_cost_eur_per_mwh": 1044.7940963209137,
    "overgen_spill_cost_eur_per_mwh": 2250.080093104628,
    "battery_cycle_cost_eur_per_mwh": 87.34618685996837,
    "pumped_cycle_cost_eur_per_mwh": 73.07347251978733
  },
  "exogenous": {
    "weather_profile": "stormy_winter",
    "weather_spread_intensity": 1.1655008780666805,
    "demand_profile": "shoulder",
    "demand_scale_factor": 1.2084092238441362,
    "inflow_factor": 1.5614102467642654,
    "zone_profile_variants": {
      "evening_peak": 0.28,
      "double_peak": 0.16,
      "office_peak": 0.2,
      "industrial": 0.14,
      "night_shift": 0.1,
      "residential_morning": 0.12
    },
    "zone_profile_mix_weight": [
      0.4,
      0.8
    ],
    "zone_profile_phase_shift_hours": [
      -2.5,
      2.5
    ],
    "zone_profile_noise_std": [
      0.02,
      0.06
    ],
    "zone_profile_curvature_exp": [
      0.9,
      1.18
    ],
    "region_weather": {
      "R1": {
        "weather_profile": "mixed",
        "weather_spread_intensity": 1.3352023062934246
      },
      "R2": {
        "weather_profile": "sunny_summer",
        "weather_spread_intensity": 1.483742991107046
      },
      "R3": {
        "weather_profile": "stormy_winter",
        "weather_spread_intensity": 0.891573728278807
      },
      "R4": {
        "weather_profile": "calm_winter",
        "weather_spread_intensity": 1.3863115586255805
      },
      "R5": {
        "weather_profile": "stormy_winter",
        "weather_spread_intensity": 0.7306738060285441
      }
    }
  },
  "mip_gap_target_pct": 1.1530679828359816,
  "estimates": {
    "vars_total": 97440,
    "cons_total": 126672,
    "est_cpu_hours": 1.812096
  },
  "meta": {
    "regions": 5,
    "zones": 19,
    "sites": 19,
    "intertie_density": 0.5107631138823581,
    "neighbor_nations": 1,
    "assets": {
      "thermal": 25,
      "solar": 43,
      "wind": 41,
      "battery": 22,
      "dr": 21,
      "nuclear": 5,
      "hydro_reservoir": 9,
      "hydro_ror": 15,
      "hydro_pumped": 3
    },
    "demand_scale_factor": 1.2084092238441362,
    "zone_profile_variants": {
      "evening_peak": 0.28,
      "double_peak": 0.16,
      "office_peak": 0.2,
      "industrial": 0.14,
      "night_shift": 0.1,
      "residential_morning": 0.12
    },
    "zone_profile_mix_weight": [
      0.4,
      0.8
    ],
    "weather_profile": "stormy_winter",
    "cross_border_policy": "block",
    "price_cap": 2694.638596301674,
    "co2_price": 179.93424396411797,
    "import_export_caps_factor": 1.4194920769980075,
    "operation_costs": {
      "thermal_fuel_eur_per_mwh": 81.8093988978156,
      "nuclear_fuel_eur_per_mwh": 10.418576799375241,
      "demand_response_cost_eur_per_mwh": 691.2919852213604,
      "value_of_lost_load_eur_per_mwh": 11833.381593922108,
      "renewable_spill_cost_eur_per_mwh": 1172.8179099702902,
      "hydro_spill_cost_eur_per_mwh": 1044.7940963209137,
      "overgen_spill_cost_eur_per_mwh": 2250.080093104628,
      "battery_cycle_cost_eur_per_mwh": 87.34618685996837,
      "pumped_cycle_cost_eur_per_mwh": 73.07347251978733
    },
    "tech_scalers": {
      "thermal_marg_cost": 11.528125388830434,
      "thermal_ramp_pct": 0.14323509198103807,
      "battery_roundtrip_eff": 0.8925925830303937,
      "battery_e_to_p_hours": 3.6866220024083622,
      "dr_max_shed_share": 0.2116325457832829,
      "dr_duration_hours": 2.457265943761347,
      "hydro_reservoir_head_eff": 0.7800446920556036,
      "battery_initial_soc_fraction": 0.4651079341803023,
      "battery_final_soc_tolerance": 0.06848374910513612,
      "battery_self_discharge_per_hour": 0.003927563100353533,
      "pumped_initial_level_fraction": 0.644934846155786,
      "pumped_final_level_tolerance": 0.12100136776279112,
      "pumped_self_discharge_per_hour": 0.0024270645172982767
    }
  },
  "flexibility_metrics": {
    "total_storage_power_mw": 1700.0,
    "total_storage_capacity_mwh": 8855.3,
    "battery_power_mw": 1100.0,
    "battery_capacity_mwh": 4055.3,
    "pumped_power_mw": 600.0,
    "pumped_capacity_mwh": 4800.0,
    "total_dr_capacity_mw": 2429.5,
    "total_ramp_up_mw_per_step": 331.1,
    "total_ramp_down_mw_per_step": 331.1,
    "thermal_flex_ratio": 0.33,
    "dr_duration_hours": 2.46,
    "battery_roundtrip_efficiency": 0.893
  },
  "difficulty_indicators": {
    "vre_penetration_pct": 34.32,
    "net_demand_volatility": 0.269,
    "peak_to_valley_ratio": 2.18,
    "estimated_milp_solve_time_seconds": 6523.5,
    "complexity_score": "hard",
    "n_binary_variables": 2400,
    "n_timesteps": 96,
    "n_zones": 19,
    "weather_profile": "stormy_winter",
    "demand_profile": "shoulder"
  }
}