{
  "id": "1e2ffc5a-242b-4055-96c9-ef5f1b44b3dc",
  "horizon_hours": 24,
  "dt_minutes": 15,
  "graph": {
    "regions": 2,
    "zones_per_region": [
      3,
      8
    ],
    "sites_per_zone": [
      2,
      7,
      7,
      7,
      3,
      6,
      2,
      6,
      3,
      2,
      8
    ],
    "intertie_density": 0.24991771736906052,
    "neighbor_nations": 1
  },
  "assets": {
    "thermal_per_site": [
      1,
      2,
      3,
      1,
      1,
      1,
      2,
      2,
      1,
      2,
      1
    ],
    "solar_per_site": [
      3,
      3,
      3,
      2,
      1,
      2,
      2,
      2,
      3,
      2,
      2
    ],
    "wind_per_site": [
      1,
      3,
      3,
      3,
      2,
      3,
      3,
      1,
      1,
      2,
      3
    ],
    "battery_per_site": [
      1,
      1,
      2,
      2,
      2,
      0,
      0,
      1,
      0,
      2,
      2
    ],
    "dr_per_site": [
      0,
      1,
      0,
      1,
      2,
      2,
      2,
      2,
      1,
      2,
      0
    ],
    "nuclear_per_region": [
      2,
      2
    ],
    "hydro_reservoir_per_region": [
      2,
      3
    ],
    "hydro_ror_per_zone": [
      0,
      2,
      2,
      2,
      2,
      1,
      1,
      0,
      2,
      2,
      1
    ],
    "hydro_pumped_per_region": [
      1,
      0
    ]
  },
  "econ_policy": {
    "co2_price": 248.06269316216435,
    "price_cap": 1617.9311958768108,
    "cross_border_policy": "block",
    "import_export_caps_factor": 1.28223996723574
  },
  "tech": {
    "thermal_marg_cost": 14.376504483112901,
    "thermal_ramp_pct": 0.1935121195834531,
    "battery_roundtrip_eff": 0.784198468345577,
    "battery_e_to_p_hours": 2.3751681652698373,
    "dr_max_shed_share": 0.13502667799140936,
    "dr_duration_hours": 4.178078784937524,
    "hydro_reservoir_head_eff": 0.8862094793462116,
    "battery_initial_soc_fraction": 0.5646691585473886,
    "battery_final_soc_tolerance": 0.14316144681476164,
    "battery_self_discharge_per_hour": 0.004054584980071245,
    "pumped_initial_level_fraction": 0.5605307568964905,
    "pumped_final_level_tolerance": 0.054126252683026774,
    "pumped_self_discharge_per_hour": 0.0029251526311946103
  },
  "operation_costs": {
    "thermal_fuel_eur_per_mwh": 73.20600584518553,
    "nuclear_fuel_eur_per_mwh": 13.950696483206325,
    "demand_response_cost_eur_per_mwh": 944.2476526749927,
    "value_of_lost_load_eur_per_mwh": 8368.708888893001,
    "renewable_spill_cost_eur_per_mwh": 1154.4661820522015,
    "hydro_spill_cost_eur_per_mwh": 641.532737245715,
    "overgen_spill_cost_eur_per_mwh": 4193.989753418445,
    "battery_cycle_cost_eur_per_mwh": 95.07269417982997,
    "pumped_cycle_cost_eur_per_mwh": 67.16542108783517
  },
  "exogenous": {
    "weather_profile": "overcast_summer",
    "weather_spread_intensity": 0.7873186019457102,
    "demand_profile": "wkday_peak",
    "demand_scale_factor": 0.7735385446816185,
    "inflow_factor": 1.0223402372726444,
    "zone_profile_variants": {
      "evening_peak": 0.28,
      "double_peak": 0.16,
      "office_peak": 0.2,
      "industrial": 0.14,
      "night_shift": 0.1,
      "residential_morning": 0.12
    },
    "zone_profile_mix_weight": [
      0.4,
      0.8
    ],
    "zone_profile_phase_shift_hours": [
      -2.5,
      2.5
    ],
    "zone_profile_noise_std": [
      0.02,
      0.06
    ],
    "zone_profile_curvature_exp": [
      0.9,
      1.18
    ],
    "region_weather": {
      "R1": {
        "weather_profile": "calm_winter",
        "weather_spread_intensity": 0.6003269592573791
      },
      "R2": {
        "weather_profile": "overcast_summer",
        "weather_spread_intensity": 0.9743102446340414
      }
    }
  },
  "mip_gap_target_pct": 0.42382217574166803,
  "estimates": {
    "vars_total": 59328,
    "cons_total": 77126,
    "est_cpu_hours": 1.1320051111111114
  },
  "meta": {
    "regions": 2,
    "zones": 11,
    "sites": 11,
    "intertie_density": 0.24991771736906052,
    "neighbor_nations": 1,
    "assets": {
      "thermal": 17,
      "solar": 25,
      "wind": 25,
      "battery": 13,
      "dr": 13,
      "nuclear": 4,
      "hydro_reservoir": 5,
      "hydro_ror": 15,
      "hydro_pumped": 1
    },
    "demand_scale_factor": 0.7735385446816185,
    "zone_profile_variants": {
      "evening_peak": 0.28,
      "double_peak": 0.16,
      "office_peak": 0.2,
      "industrial": 0.14,
      "night_shift": 0.1,
      "residential_morning": 0.12
    },
    "zone_profile_mix_weight": [
      0.4,
      0.8
    ],
    "weather_profile": "overcast_summer",
    "cross_border_policy": "block",
    "price_cap": 1617.9311958768108,
    "co2_price": 248.06269316216435,
    "import_export_caps_factor": 1.28223996723574,
    "operation_costs": {
      "thermal_fuel_eur_per_mwh": 73.20600584518553,
      "nuclear_fuel_eur_per_mwh": 13.950696483206325,
      "demand_response_cost_eur_per_mwh": 944.2476526749927,
      "value_of_lost_load_eur_per_mwh": 8368.708888893001,
      "renewable_spill_cost_eur_per_mwh": 1154.4661820522015,
      "hydro_spill_cost_eur_per_mwh": 641.532737245715,
      "overgen_spill_cost_eur_per_mwh": 4193.989753418445,
      "battery_cycle_cost_eur_per_mwh": 95.07269417982997,
      "pumped_cycle_cost_eur_per_mwh": 67.16542108783517
    },
    "tech_scalers": {
      "thermal_marg_cost": 14.376504483112901,
      "thermal_ramp_pct": 0.1935121195834531,
      "battery_roundtrip_eff": 0.784198468345577,
      "battery_e_to_p_hours": 2.3751681652698373,
      "dr_max_shed_share": 0.13502667799140936,
      "dr_duration_hours": 4.178078784937524,
      "hydro_reservoir_head_eff": 0.8862094793462116,
      "battery_initial_soc_fraction": 0.5646691585473886,
      "battery_final_soc_tolerance": 0.14316144681476164,
      "battery_self_discharge_per_hour": 0.004054584980071245,
      "pumped_initial_level_fraction": 0.5605307568964905,
      "pumped_final_level_tolerance": 0.054126252683026774,
      "pumped_self_discharge_per_hour": 0.0029251526311946103
    }
  },
  "flexibility_metrics": {
    "total_storage_power_mw": 850.0,
    "total_storage_capacity_mwh": 3143.9,
    "battery_power_mw": 650.0,
    "battery_capacity_mwh": 1543.9,
    "pumped_power_mw": 200.0,
    "pumped_capacity_mwh": 1600.0,
    "total_dr_capacity_mw": 574.5,
    "total_ramp_up_mw_per_step": 296.7,
    "total_ramp_down_mw_per_step": 296.7,
    "thermal_flex_ratio": 0.157,
    "dr_duration_hours": 4.18,
    "battery_roundtrip_efficiency": 0.784
  },
  "difficulty_indicators": {
    "vre_penetration_pct": 29.98,
    "net_demand_volatility": 0.18,
    "peak_to_valley_ratio": 1.39,
    "estimated_milp_solve_time_seconds": 4075.2,
    "complexity_score": "medium",
    "n_binary_variables": 1632,
    "n_timesteps": 96,
    "n_zones": 11,
    "weather_profile": "overcast_summer",
    "demand_profile": "wkday_peak"
  }
}