{
  "id": "7327136d-ca22-4501-b4c9-dd78742d74f6",
  "horizon_hours": 24,
  "dt_minutes": 15,
  "graph": {
    "regions": 3,
    "zones_per_region": [
      7,
      7,
      9
    ],
    "sites_per_zone": [
      6,
      8,
      7,
      8,
      7,
      8,
      2,
      7,
      6,
      4,
      4,
      3,
      7,
      6,
      6,
      2,
      4,
      6,
      3,
      2,
      2,
      4,
      8
    ],
    "intertie_density": 0.25375716530149095,
    "neighbor_nations": 1
  },
  "assets": {
    "thermal_per_site": [
      1,
      3,
      2,
      0,
      2,
      2,
      0,
      0,
      1,
      3,
      0,
      0,
      1,
      1,
      3,
      2,
      2,
      3,
      3,
      2,
      2,
      3,
      0
    ],
    "solar_per_site": [
      2,
      2,
      1,
      2,
      1,
      3,
      3,
      2,
      2,
      2,
      2,
      1,
      1,
      1,
      1,
      2,
      2,
      3,
      3,
      2,
      3,
      1,
      2
    ],
    "wind_per_site": [
      2,
      3,
      2,
      2,
      1,
      3,
      1,
      3,
      3,
      3,
      2,
      1,
      2,
      1,
      3,
      2,
      1,
      3,
      2,
      3,
      1,
      3,
      3
    ],
    "battery_per_site": [
      2,
      0,
      2,
      0,
      2,
      1,
      0,
      1,
      0,
      1,
      1,
      0,
      1,
      1,
      1,
      0,
      0,
      1,
      0,
      1,
      2,
      1,
      0
    ],
    "dr_per_site": [
      0,
      2,
      0,
      0,
      0,
      1,
      2,
      2,
      0,
      0,
      1,
      1,
      1,
      1,
      1,
      1,
      2,
      1,
      2,
      1,
      2,
      0,
      0
    ],
    "nuclear_per_region": [
      2,
      1,
      2
    ],
    "hydro_reservoir_per_region": [
      2,
      1,
      1
    ],
    "hydro_ror_per_zone": [
      2,
      1,
      0,
      0,
      1,
      2,
      0,
      0,
      2,
      1,
      2,
      2,
      0,
      0,
      0,
      1,
      0,
      1,
      2,
      0,
      2,
      0,
      0
    ],
    "hydro_pumped_per_region": [
      1,
      1,
      0
    ]
  },
  "econ_policy": {
    "co2_price": 40.54409547677265,
    "price_cap": 1998.361765630809,
    "cross_border_policy": "cap",
    "import_export_caps_factor": 0.6763654930630827
  },
  "tech": {
    "thermal_marg_cost": 14.86543395430607,
    "thermal_ramp_pct": 0.07713639209111922,
    "battery_roundtrip_eff": 0.8739581117012654,
    "battery_e_to_p_hours": 3.4208347143660287,
    "dr_max_shed_share": 0.09994318984601988,
    "dr_duration_hours": 3.437600409241721,
    "hydro_reservoir_head_eff": 0.9694996005568378,
    "battery_initial_soc_fraction": 0.6349957163306953,
    "battery_final_soc_tolerance": 0.06226794451193447,
    "battery_self_discharge_per_hour": 0.005920737007742202,
    "pumped_initial_level_fraction": 0.4782030381024778,
    "pumped_final_level_tolerance": 0.1340373461785882,
    "pumped_self_discharge_per_hour": 0.003592424846529172
  },
  "operation_costs": {
    "thermal_fuel_eur_per_mwh": 46.56323046841735,
    "nuclear_fuel_eur_per_mwh": 9.701265372518861,
    "demand_response_cost_eur_per_mwh": 587.7323706584757,
    "value_of_lost_load_eur_per_mwh": 7987.65342787007,
    "renewable_spill_cost_eur_per_mwh": 1961.7187618926641,
    "hydro_spill_cost_eur_per_mwh": 751.7010012236444,
    "overgen_spill_cost_eur_per_mwh": 3359.609655461521,
    "battery_cycle_cost_eur_per_mwh": 64.95077246668649,
    "pumped_cycle_cost_eur_per_mwh": 61.193918285126344
  },
  "exogenous": {
    "weather_profile": "sunny_summer",
    "weather_spread_intensity": 1.1505340788582659,
    "demand_profile": "cold_snap",
    "demand_scale_factor": 0.7252679889711787,
    "inflow_factor": 1.5033239013891597,
    "zone_profile_variants": {
      "evening_peak": 0.28,
      "double_peak": 0.16,
      "office_peak": 0.2,
      "industrial": 0.14,
      "night_shift": 0.1,
      "residential_morning": 0.12
    },
    "zone_profile_mix_weight": [
      0.4,
      0.8
    ],
    "zone_profile_phase_shift_hours": [
      -2.5,
      2.5
    ],
    "zone_profile_noise_std": [
      0.02,
      0.06
    ],
    "zone_profile_curvature_exp": [
      0.9,
      1.18
    ],
    "region_weather": {
      "R1": {
        "weather_profile": "overcast_summer",
        "weather_spread_intensity": 0.7645437417348483
      },
      "R2": {
        "weather_profile": "calm_winter",
        "weather_spread_intensity": 1.347230277355027
      },
      "R3": {
        "weather_profile": "sunny_summer",
        "weather_spread_intensity": 1.3398282174849219
      }
    }
  },
  "mip_gap_target_pct": 1.456160607362722,
  "estimates": {
    "vars_total": 112224,
    "cons_total": 145891,
    "est_cpu_hours": 2.075906555555556
  },
  "meta": {
    "regions": 3,
    "zones": 23,
    "sites": 23,
    "intertie_density": 0.25375716530149095,
    "neighbor_nations": 1,
    "assets": {
      "thermal": 36,
      "solar": 44,
      "wind": 50,
      "battery": 18,
      "dr": 21,
      "nuclear": 5,
      "hydro_reservoir": 4,
      "hydro_ror": 19,
      "hydro_pumped": 2
    },
    "demand_scale_factor": 0.7252679889711787,
    "zone_profile_variants": {
      "evening_peak": 0.28,
      "double_peak": 0.16,
      "office_peak": 0.2,
      "industrial": 0.14,
      "night_shift": 0.1,
      "residential_morning": 0.12
    },
    "zone_profile_mix_weight": [
      0.4,
      0.8
    ],
    "weather_profile": "sunny_summer",
    "cross_border_policy": "cap",
    "price_cap": 1998.361765630809,
    "co2_price": 40.54409547677265,
    "import_export_caps_factor": 0.6763654930630827,
    "operation_costs": {
      "thermal_fuel_eur_per_mwh": 46.56323046841735,
      "nuclear_fuel_eur_per_mwh": 9.701265372518861,
      "demand_response_cost_eur_per_mwh": 587.7323706584757,
      "value_of_lost_load_eur_per_mwh": 7987.65342787007,
      "renewable_spill_cost_eur_per_mwh": 1961.7187618926641,
      "hydro_spill_cost_eur_per_mwh": 751.7010012236444,
      "overgen_spill_cost_eur_per_mwh": 3359.609655461521,
      "battery_cycle_cost_eur_per_mwh": 64.95077246668649,
      "pumped_cycle_cost_eur_per_mwh": 61.193918285126344
    },
    "tech_scalers": {
      "thermal_marg_cost": 14.86543395430607,
      "thermal_ramp_pct": 0.07713639209111922,
      "battery_roundtrip_eff": 0.8739581117012654,
      "battery_e_to_p_hours": 3.4208347143660287,
      "dr_max_shed_share": 0.09994318984601988,
      "dr_duration_hours": 3.437600409241721,
      "hydro_reservoir_head_eff": 0.9694996005568378,
      "battery_initial_soc_fraction": 0.6349957163306953,
      "battery_final_soc_tolerance": 0.06226794451193447,
      "battery_self_discharge_per_hour": 0.005920737007742202,
      "pumped_initial_level_fraction": 0.4782030381024778,
      "pumped_final_level_tolerance": 0.1340373461785882,
      "pumped_self_discharge_per_hour": 0.003592424846529172
    }
  },
  "flexibility_metrics": {
    "total_storage_power_mw": 1300.0,
    "total_storage_capacity_mwh": 6278.8,
    "battery_power_mw": 900.0,
    "battery_capacity_mwh": 3078.8,
    "pumped_power_mw": 400.0,
    "pumped_capacity_mwh": 3200.0,
    "total_dr_capacity_mw": 833.6,
    "total_ramp_up_mw_per_step": 270.8,
    "total_ramp_down_mw_per_step": 270.8,
    "thermal_flex_ratio": 0.135,
    "dr_duration_hours": 3.44,
    "battery_roundtrip_efficiency": 0.874
  },
  "difficulty_indicators": {
    "vre_penetration_pct": 35.52,
    "net_demand_volatility": 0.297,
    "peak_to_valley_ratio": 1.31,
    "estimated_milp_solve_time_seconds": 7473.3,
    "complexity_score": "hard",
    "n_binary_variables": 3456,
    "n_timesteps": 96,
    "n_zones": 23,
    "weather_profile": "sunny_summer",
    "demand_profile": "cold_snap"
  }
}