{
  "id": "ee23ba0e-9c2c-44ef-b96f-f548f963af01",
  "horizon_hours": 24,
  "dt_minutes": 15,
  "graph": {
    "regions": 3,
    "zones_per_region": [
      7,
      4,
      6
    ],
    "sites_per_zone": [
      3,
      3,
      7,
      8,
      4,
      2,
      5,
      6,
      7,
      8,
      2,
      4,
      5,
      5,
      7,
      2,
      8
    ],
    "intertie_density": 0.34669982988209247,
    "neighbor_nations": 2
  },
  "assets": {
    "thermal_per_site": [
      2,
      2,
      2,
      1,
      2,
      3,
      2,
      0,
      1,
      0,
      1,
      1,
      0,
      2,
      2,
      1,
      2
    ],
    "solar_per_site": [
      1,
      3,
      1,
      2,
      2,
      3,
      1,
      3,
      3,
      2,
      1,
      2,
      2,
      3,
      2,
      2,
      3
    ],
    "wind_per_site": [
      2,
      2,
      3,
      2,
      1,
      1,
      3,
      3,
      2,
      2,
      2,
      3,
      2,
      2,
      1,
      3,
      2
    ],
    "battery_per_site": [
      1,
      2,
      1,
      1,
      2,
      1,
      0,
      2,
      2,
      0,
      0,
      0,
      2,
      0,
      0,
      0,
      2
    ],
    "dr_per_site": [
      0,
      0,
      0,
      2,
      0,
      2,
      2,
      0,
      0,
      2,
      2,
      2,
      1,
      0,
      2,
      0,
      2
    ],
    "nuclear_per_region": [
      0,
      0,
      0
    ],
    "hydro_reservoir_per_region": [
      2,
      3,
      1
    ],
    "hydro_ror_per_zone": [
      2,
      2,
      1,
      0,
      0,
      0,
      0,
      1,
      2,
      0,
      1,
      2,
      2,
      0,
      0,
      2,
      2
    ],
    "hydro_pumped_per_region": [
      1,
      1,
      1
    ]
  },
  "econ_policy": {
    "co2_price": 53.621227762144315,
    "price_cap": 3564.112572023406,
    "cross_border_policy": "block",
    "import_export_caps_factor": 1.198520172443092
  },
  "tech": {
    "thermal_marg_cost": 11.902338274257778,
    "thermal_ramp_pct": 0.11913447729549542,
    "battery_roundtrip_eff": 0.8222565171111353,
    "battery_e_to_p_hours": 5.105933152064552,
    "dr_max_shed_share": 0.1401693045736534,
    "dr_duration_hours": 2.55416997340022,
    "hydro_reservoir_head_eff": 0.9836271753042041,
    "battery_initial_soc_fraction": 0.4200166842570132,
    "battery_final_soc_tolerance": 0.06741496540149325,
    "battery_self_discharge_per_hour": 0.008065434713561581,
    "pumped_initial_level_fraction": 0.5375778277573526,
    "pumped_final_level_tolerance": 0.09740150342192352,
    "pumped_self_discharge_per_hour": 0.0005623048844198616
  },
  "operation_costs": {
    "thermal_fuel_eur_per_mwh": 76.58293066157458,
    "nuclear_fuel_eur_per_mwh": 12.09186455953089,
    "demand_response_cost_eur_per_mwh": 640.6948251568454,
    "value_of_lost_load_eur_per_mwh": 9012.802869602747,
    "renewable_spill_cost_eur_per_mwh": 1533.6786206900888,
    "hydro_spill_cost_eur_per_mwh": 1061.599967292822,
    "overgen_spill_cost_eur_per_mwh": 5442.090607261671,
    "battery_cycle_cost_eur_per_mwh": 77.3907738886598,
    "pumped_cycle_cost_eur_per_mwh": 72.33364298165523
  },
  "exogenous": {
    "weather_profile": "overcast_summer",
    "weather_spread_intensity": 0.6437610555292133,
    "demand_profile": "heatwave",
    "demand_scale_factor": 1.0537812158840114,
    "inflow_factor": 0.598735750621009,
    "zone_profile_variants": {
      "evening_peak": 0.28,
      "double_peak": 0.16,
      "office_peak": 0.2,
      "industrial": 0.14,
      "night_shift": 0.1,
      "residential_morning": 0.12
    },
    "zone_profile_mix_weight": [
      0.4,
      0.8
    ],
    "zone_profile_phase_shift_hours": [
      -2.5,
      2.5
    ],
    "zone_profile_noise_std": [
      0.02,
      0.06
    ],
    "zone_profile_curvature_exp": [
      0.9,
      1.18
    ],
    "region_weather": {
      "R1": {
        "weather_profile": "overcast_summer",
        "weather_spread_intensity": 0.6762756715559951
      },
      "R2": {
        "weather_profile": "overcast_summer",
        "weather_spread_intensity": 0.5242707668705674
      },
      "R3": {
        "weather_profile": "calm_winter",
        "weather_spread_intensity": 0.7307367281610773
      }
    }
  },
  "mip_gap_target_pct": 0.5865138639561109,
  "estimates": {
    "vars_total": 84096,
    "cons_total": 109324,
    "est_cpu_hours": 1.573972888888889
  },
  "meta": {
    "regions": 3,
    "zones": 17,
    "sites": 17,
    "intertie_density": 0.34669982988209247,
    "neighbor_nations": 2,
    "assets": {
      "thermal": 24,
      "solar": 36,
      "wind": 36,
      "battery": 16,
      "dr": 17,
      "nuclear": 0,
      "hydro_reservoir": 6,
      "hydro_ror": 17,
      "hydro_pumped": 3
    },
    "demand_scale_factor": 1.0537812158840114,
    "zone_profile_variants": {
      "evening_peak": 0.28,
      "double_peak": 0.16,
      "office_peak": 0.2,
      "industrial": 0.14,
      "night_shift": 0.1,
      "residential_morning": 0.12
    },
    "zone_profile_mix_weight": [
      0.4,
      0.8
    ],
    "weather_profile": "overcast_summer",
    "cross_border_policy": "block",
    "price_cap": 3564.112572023406,
    "co2_price": 53.621227762144315,
    "import_export_caps_factor": 1.198520172443092,
    "operation_costs": {
      "thermal_fuel_eur_per_mwh": 76.58293066157458,
      "nuclear_fuel_eur_per_mwh": 12.09186455953089,
      "demand_response_cost_eur_per_mwh": 640.6948251568454,
      "value_of_lost_load_eur_per_mwh": 9012.802869602747,
      "renewable_spill_cost_eur_per_mwh": 1533.6786206900888,
      "hydro_spill_cost_eur_per_mwh": 1061.599967292822,
      "overgen_spill_cost_eur_per_mwh": 5442.090607261671,
      "battery_cycle_cost_eur_per_mwh": 77.3907738886598,
      "pumped_cycle_cost_eur_per_mwh": 72.33364298165523
    },
    "tech_scalers": {
      "thermal_marg_cost": 11.902338274257778,
      "thermal_ramp_pct": 0.11913447729549542,
      "battery_roundtrip_eff": 0.8222565171111353,
      "battery_e_to_p_hours": 5.105933152064552,
      "dr_max_shed_share": 0.1401693045736534,
      "dr_duration_hours": 2.55416997340022,
      "hydro_reservoir_head_eff": 0.9836271753042041,
      "battery_initial_soc_fraction": 0.4200166842570132,
      "battery_final_soc_tolerance": 0.06741496540149325,
      "battery_self_discharge_per_hour": 0.008065434713561581,
      "pumped_initial_level_fraction": 0.5375778277573526,
      "pumped_final_level_tolerance": 0.09740150342192352,
      "pumped_self_discharge_per_hour": 0.0005623048844198616
    }
  },
  "flexibility_metrics": {
    "total_storage_power_mw": 1400.0,
    "total_storage_capacity_mwh": 8884.7,
    "battery_power_mw": 800.0,
    "battery_capacity_mwh": 4084.7,
    "pumped_power_mw": 600.0,
    "pumped_capacity_mwh": 4800.0,
    "total_dr_capacity_mw": 1255.5,
    "total_ramp_up_mw_per_step": 214.4,
    "total_ramp_down_mw_per_step": 214.4,
    "thermal_flex_ratio": 0.369,
    "dr_duration_hours": 2.55,
    "battery_roundtrip_efficiency": 0.822
  },
  "difficulty_indicators": {
    "vre_penetration_pct": 39.82,
    "net_demand_volatility": 0.242,
    "peak_to_valley_ratio": 1.9,
    "estimated_milp_solve_time_seconds": 5666.3,
    "complexity_score": "hard",
    "n_binary_variables": 2304,
    "n_timesteps": 96,
    "n_zones": 17,
    "weather_profile": "overcast_summer",
    "demand_profile": "heatwave"
  }
}