{
  "id": "623dfc77-85e3-492c-9166-bfbead839337",
  "horizon_hours": 24,
  "dt_minutes": 15,
  "graph": {
    "regions": 2,
    "zones_per_region": [
      9,
      7
    ],
    "sites_per_zone": [
      7,
      3,
      5,
      5,
      2,
      4,
      8,
      8,
      8,
      8,
      6,
      8,
      7,
      5,
      2,
      4
    ],
    "intertie_density": 0.34119295158760504,
    "neighbor_nations": 3
  },
  "assets": {
    "thermal_per_site": [
      1,
      1,
      0,
      3,
      0,
      0,
      0,
      2,
      3,
      2,
      3,
      2,
      2,
      1,
      0,
      0
    ],
    "solar_per_site": [
      3,
      1,
      1,
      1,
      3,
      1,
      2,
      3,
      1,
      1,
      2,
      3,
      3,
      1,
      2,
      2
    ],
    "wind_per_site": [
      3,
      3,
      1,
      2,
      1,
      3,
      1,
      2,
      2,
      2,
      2,
      2,
      1,
      3,
      3,
      3
    ],
    "battery_per_site": [
      2,
      2,
      0,
      2,
      2,
      0,
      1,
      2,
      1,
      0,
      2,
      2,
      0,
      1,
      2,
      1
    ],
    "dr_per_site": [
      1,
      1,
      2,
      2,
      0,
      0,
      1,
      2,
      2,
      2,
      2,
      0,
      2,
      0,
      1,
      2
    ],
    "nuclear_per_region": [
      0,
      1
    ],
    "hydro_reservoir_per_region": [
      3,
      1
    ],
    "hydro_ror_per_zone": [
      2,
      0,
      0,
      1,
      2,
      1,
      2,
      1,
      0,
      1,
      0,
      2,
      2,
      1,
      0,
      2
    ],
    "hydro_pumped_per_region": [
      1,
      0
    ]
  },
  "econ_policy": {
    "co2_price": 207.66951538668917,
    "price_cap": 1037.3292121975048,
    "cross_border_policy": "allow",
    "import_export_caps_factor": 1.5348963739118155
  },
  "tech": {
    "thermal_marg_cost": 1.4023517898571054,
    "thermal_ramp_pct": 0.4441797784617336,
    "battery_roundtrip_eff": 0.7840234146541928,
    "battery_e_to_p_hours": 4.296701706320274,
    "dr_max_shed_share": 0.20233201775765147,
    "dr_duration_hours": 2.06322607885599,
    "hydro_reservoir_head_eff": 0.8422051647041168,
    "battery_initial_soc_fraction": 0.4387210918852572,
    "battery_final_soc_tolerance": 0.1736716125006381,
    "battery_self_discharge_per_hour": 0.002369754877936914,
    "pumped_initial_level_fraction": 0.6138759236422603,
    "pumped_final_level_tolerance": 0.06066548994606019,
    "pumped_self_discharge_per_hour": 0.0020637218569397753
  },
  "operation_costs": {
    "thermal_fuel_eur_per_mwh": 51.26600216196886,
    "nuclear_fuel_eur_per_mwh": 10.846330439242255,
    "demand_response_cost_eur_per_mwh": 369.42403027650386,
    "value_of_lost_load_eur_per_mwh": 11219.82444151006,
    "renewable_spill_cost_eur_per_mwh": 1638.2171519044282,
    "hydro_spill_cost_eur_per_mwh": 660.8167998570696,
    "overgen_spill_cost_eur_per_mwh": 7017.664397478123,
    "battery_cycle_cost_eur_per_mwh": 90.77373397486227,
    "pumped_cycle_cost_eur_per_mwh": 47.08786044874217
  },
  "exogenous": {
    "weather_profile": "sunny_summer",
    "weather_spread_intensity": 1.0642739158413215,
    "demand_profile": "wkday_peak",
    "demand_scale_factor": 0.9223896244489845,
    "inflow_factor": 1.0289499336845433,
    "zone_profile_variants": {
      "evening_peak": 0.28,
      "double_peak": 0.16,
      "office_peak": 0.2,
      "industrial": 0.14,
      "night_shift": 0.1,
      "residential_morning": 0.12
    },
    "zone_profile_mix_weight": [
      0.4,
      0.8
    ],
    "zone_profile_phase_shift_hours": [
      -2.5,
      2.5
    ],
    "zone_profile_noise_std": [
      0.02,
      0.06
    ],
    "zone_profile_curvature_exp": [
      0.9,
      1.18
    ],
    "region_weather": {
      "R1": {
        "weather_profile": "calm_winter",
        "weather_spread_intensity": 1.3108352601609703
      },
      "R2": {
        "weather_profile": "sunny_summer",
        "weather_spread_intensity": 0.8177125715216725
      }
    }
  },
  "mip_gap_target_pct": 0.5907918832475464,
  "estimates": {
    "vars_total": 79584,
    "cons_total": 103459,
    "est_cpu_hours": 1.493463888888889
  },
  "meta": {
    "regions": 2,
    "zones": 16,
    "sites": 16,
    "intertie_density": 0.34119295158760504,
    "neighbor_nations": 3,
    "assets": {
      "thermal": 20,
      "solar": 30,
      "wind": 34,
      "battery": 20,
      "dr": 20,
      "nuclear": 1,
      "hydro_reservoir": 4,
      "hydro_ror": 17,
      "hydro_pumped": 1
    },
    "demand_scale_factor": 0.9223896244489845,
    "zone_profile_variants": {
      "evening_peak": 0.28,
      "double_peak": 0.16,
      "office_peak": 0.2,
      "industrial": 0.14,
      "night_shift": 0.1,
      "residential_morning": 0.12
    },
    "zone_profile_mix_weight": [
      0.4,
      0.8
    ],
    "weather_profile": "sunny_summer",
    "cross_border_policy": "allow",
    "price_cap": 1037.3292121975048,
    "co2_price": 207.66951538668917,
    "import_export_caps_factor": 1.5348963739118155,
    "operation_costs": {
      "thermal_fuel_eur_per_mwh": 51.26600216196886,
      "nuclear_fuel_eur_per_mwh": 10.846330439242255,
      "demand_response_cost_eur_per_mwh": 369.42403027650386,
      "value_of_lost_load_eur_per_mwh": 11219.82444151006,
      "renewable_spill_cost_eur_per_mwh": 1638.2171519044282,
      "hydro_spill_cost_eur_per_mwh": 660.8167998570696,
      "overgen_spill_cost_eur_per_mwh": 7017.664397478123,
      "battery_cycle_cost_eur_per_mwh": 90.77373397486227,
      "pumped_cycle_cost_eur_per_mwh": 47.08786044874217
    },
    "tech_scalers": {
      "thermal_marg_cost": 1.4023517898571054,
      "thermal_ramp_pct": 0.4441797784617336,
      "battery_roundtrip_eff": 0.7840234146541928,
      "battery_e_to_p_hours": 4.296701706320274,
      "dr_max_shed_share": 0.20233201775765147,
      "dr_duration_hours": 2.06322607885599,
      "hydro_reservoir_head_eff": 0.8422051647041168,
      "battery_initial_soc_fraction": 0.4387210918852572,
      "battery_final_soc_tolerance": 0.1736716125006381,
      "battery_self_discharge_per_hour": 0.002369754877936914,
      "pumped_initial_level_fraction": 0.6138759236422603,
      "pumped_final_level_tolerance": 0.06066548994606019,
      "pumped_self_discharge_per_hour": 0.0020637218569397753
    }
  },
  "flexibility_metrics": {
    "total_storage_power_mw": 1200.0,
    "total_storage_capacity_mwh": 5896.7,
    "battery_power_mw": 1000.0,
    "battery_capacity_mwh": 4296.7,
    "pumped_power_mw": 200.0,
    "pumped_capacity_mwh": 1600.0,
    "total_dr_capacity_mw": 1493.0,
    "total_ramp_up_mw_per_step": 678.8,
    "total_ramp_down_mw_per_step": 678.8,
    "thermal_flex_ratio": 0.385,
    "dr_duration_hours": 2.06,
    "battery_roundtrip_efficiency": 0.784
  },
  "difficulty_indicators": {
    "vre_penetration_pct": 39.51,
    "net_demand_volatility": 0.266,
    "peak_to_valley_ratio": 1.66,
    "estimated_milp_solve_time_seconds": 5376.5,
    "complexity_score": "hard",
    "n_binary_variables": 1920,
    "n_timesteps": 96,
    "n_zones": 16,
    "weather_profile": "sunny_summer",
    "demand_profile": "wkday_peak"
  }
}