{
  "id": "a88d608c-b237-43c1-8d65-d6f61ea04a5b",
  "horizon_hours": 24,
  "dt_minutes": 15,
  "graph": {
    "regions": 4,
    "zones_per_region": [
      8,
      5,
      5,
      5
    ],
    "sites_per_zone": [
      3,
      2,
      5,
      3,
      5,
      7,
      4,
      5,
      4,
      6,
      3,
      2,
      4,
      8,
      2,
      3,
      8,
      5,
      8,
      7,
      7,
      7,
      3
    ],
    "intertie_density": 0.4782713740435789,
    "neighbor_nations": 1
  },
  "assets": {
    "thermal_per_site": [
      3,
      3,
      2,
      3,
      3,
      3,
      3,
      0,
      3,
      0,
      0,
      2,
      0,
      2,
      2,
      0,
      0,
      0,
      2,
      0,
      0,
      2,
      2
    ],
    "solar_per_site": [
      3,
      1,
      1,
      1,
      2,
      2,
      1,
      1,
      2,
      2,
      1,
      1,
      2,
      2,
      2,
      1,
      1,
      1,
      3,
      1,
      3,
      3,
      2
    ],
    "wind_per_site": [
      2,
      2,
      3,
      1,
      1,
      3,
      3,
      2,
      2,
      1,
      1,
      2,
      3,
      1,
      3,
      3,
      1,
      3,
      3,
      1,
      1,
      1,
      1
    ],
    "battery_per_site": [
      1,
      0,
      2,
      1,
      0,
      1,
      0,
      2,
      1,
      0,
      2,
      2,
      2,
      2,
      0,
      0,
      0,
      0,
      2,
      0,
      2,
      2,
      2
    ],
    "dr_per_site": [
      1,
      1,
      1,
      2,
      0,
      2,
      1,
      2,
      2,
      0,
      2,
      0,
      1,
      2,
      2,
      2,
      0,
      2,
      0,
      2,
      1,
      1,
      2
    ],
    "nuclear_per_region": [
      1,
      0,
      2,
      2
    ],
    "hydro_reservoir_per_region": [
      2,
      0,
      0,
      2
    ],
    "hydro_ror_per_zone": [
      1,
      1,
      2,
      2,
      0,
      2,
      1,
      1,
      0,
      0,
      1,
      1,
      0,
      0,
      2,
      2,
      0,
      2,
      1,
      2,
      1,
      0,
      2
    ],
    "hydro_pumped_per_region": [
      0,
      1,
      0,
      1
    ]
  },
  "econ_policy": {
    "co2_price": 43.19360871619777,
    "price_cap": 1150.8738423826048,
    "cross_border_policy": "allow",
    "import_export_caps_factor": 1.1118699780483046
  },
  "tech": {
    "thermal_marg_cost": 8.324402708481898,
    "thermal_ramp_pct": 0.4397519780625118,
    "battery_roundtrip_eff": 0.8173032758834372,
    "battery_e_to_p_hours": 2.4332355765475975,
    "dr_max_shed_share": 0.06458160826906845,
    "dr_duration_hours": 1.8738017249104424,
    "hydro_reservoir_head_eff": 0.7706486544089387,
    "battery_initial_soc_fraction": 0.36658140613241247,
    "battery_final_soc_tolerance": 0.11728767234811649,
    "battery_self_discharge_per_hour": 0.0023803365203199185,
    "pumped_initial_level_fraction": 0.595272641913718,
    "pumped_final_level_tolerance": 0.1449817302846516,
    "pumped_self_discharge_per_hour": 0.0007319383414465757
  },
  "operation_costs": {
    "thermal_fuel_eur_per_mwh": 67.19271370000229,
    "nuclear_fuel_eur_per_mwh": 8.837150651358137,
    "demand_response_cost_eur_per_mwh": 608.1132403918691,
    "value_of_lost_load_eur_per_mwh": 6354.897528078665,
    "renewable_spill_cost_eur_per_mwh": 1118.8275196096724,
    "hydro_spill_cost_eur_per_mwh": 1047.1418339024058,
    "overgen_spill_cost_eur_per_mwh": 3121.4500435839063,
    "battery_cycle_cost_eur_per_mwh": 91.80941461906026,
    "pumped_cycle_cost_eur_per_mwh": 75.6801352581784
  },
  "exogenous": {
    "weather_profile": "overcast_summer",
    "weather_spread_intensity": 0.8509208753243487,
    "demand_profile": "heatwave",
    "demand_scale_factor": 1.142110297951713,
    "inflow_factor": 1.1922892150588447,
    "zone_profile_variants": {
      "evening_peak": 0.28,
      "double_peak": 0.16,
      "office_peak": 0.2,
      "industrial": 0.14,
      "night_shift": 0.1,
      "residential_morning": 0.12
    },
    "zone_profile_mix_weight": [
      0.4,
      0.8
    ],
    "zone_profile_phase_shift_hours": [
      -2.5,
      2.5
    ],
    "zone_profile_noise_std": [
      0.02,
      0.06
    ],
    "zone_profile_curvature_exp": [
      0.9,
      1.18
    ],
    "region_weather": {
      "R1": {
        "weather_profile": "mixed",
        "weather_spread_intensity": 0.7085748450319919
      },
      "R2": {
        "weather_profile": "overcast_summer",
        "weather_spread_intensity": 0.5626443918410192
      },
      "R3": {
        "weather_profile": "overcast_summer",
        "weather_spread_intensity": 1.2850669375293855
      },
      "R4": {
        "weather_profile": "sunny_summer",
        "weather_spread_intensity": 0.8473973268949979
      }
    }
  },
  "mip_gap_target_pct": 1.3456355081387814,
  "estimates": {
    "vars_total": 114720,
    "cons_total": 149136,
    "est_cpu_hours": 2.120448
  },
  "meta": {
    "regions": 4,
    "zones": 23,
    "sites": 23,
    "intertie_density": 0.4782713740435789,
    "neighbor_nations": 1,
    "assets": {
      "thermal": 35,
      "solar": 39,
      "wind": 44,
      "battery": 24,
      "dr": 29,
      "nuclear": 5,
      "hydro_reservoir": 4,
      "hydro_ror": 24,
      "hydro_pumped": 2
    },
    "demand_scale_factor": 1.142110297951713,
    "zone_profile_variants": {
      "evening_peak": 0.28,
      "double_peak": 0.16,
      "office_peak": 0.2,
      "industrial": 0.14,
      "night_shift": 0.1,
      "residential_morning": 0.12
    },
    "zone_profile_mix_weight": [
      0.4,
      0.8
    ],
    "weather_profile": "overcast_summer",
    "cross_border_policy": "allow",
    "price_cap": 1150.8738423826048,
    "co2_price": 43.19360871619777,
    "import_export_caps_factor": 1.1118699780483046,
    "operation_costs": {
      "thermal_fuel_eur_per_mwh": 67.19271370000229,
      "nuclear_fuel_eur_per_mwh": 8.837150651358137,
      "demand_response_cost_eur_per_mwh": 608.1132403918691,
      "value_of_lost_load_eur_per_mwh": 6354.897528078665,
      "renewable_spill_cost_eur_per_mwh": 1118.8275196096724,
      "hydro_spill_cost_eur_per_mwh": 1047.1418339024058,
      "overgen_spill_cost_eur_per_mwh": 3121.4500435839063,
      "battery_cycle_cost_eur_per_mwh": 91.80941461906026,
      "pumped_cycle_cost_eur_per_mwh": 75.6801352581784
    },
    "tech_scalers": {
      "thermal_marg_cost": 8.324402708481898,
      "thermal_ramp_pct": 0.4397519780625118,
      "battery_roundtrip_eff": 0.8173032758834372,
      "battery_e_to_p_hours": 2.4332355765475975,
      "dr_max_shed_share": 0.06458160826906845,
      "dr_duration_hours": 1.8738017249104424,
      "hydro_reservoir_head_eff": 0.7706486544089387,
      "battery_initial_soc_fraction": 0.36658140613241247,
      "battery_final_soc_tolerance": 0.11728767234811649,
      "battery_self_discharge_per_hour": 0.0023803365203199185,
      "pumped_initial_level_fraction": 0.595272641913718,
      "pumped_final_level_tolerance": 0.1449817302846516,
      "pumped_self_discharge_per_hour": 0.0007319383414465757
    }
  },
  "flexibility_metrics": {
    "total_storage_power_mw": 1600.0,
    "total_storage_capacity_mwh": 6119.9,
    "battery_power_mw": 1200.0,
    "battery_capacity_mwh": 2919.9,
    "pumped_power_mw": 400.0,
    "pumped_capacity_mwh": 3200.0,
    "total_dr_capacity_mw": 848.2,
    "total_ramp_up_mw_per_step": 1216.8,
    "total_ramp_down_mw_per_step": 1216.8,
    "thermal_flex_ratio": 0.158,
    "dr_duration_hours": 1.87,
    "battery_roundtrip_efficiency": 0.817
  },
  "difficulty_indicators": {
    "vre_penetration_pct": 32.01,
    "net_demand_volatility": 0.242,
    "peak_to_valley_ratio": 2.06,
    "estimated_milp_solve_time_seconds": 7633.6,
    "complexity_score": "hard",
    "n_binary_variables": 3360,
    "n_timesteps": 96,
    "n_zones": 23,
    "weather_profile": "overcast_summer",
    "demand_profile": "heatwave"
  }
}