{
  "id": "ee635717-caab-4300-b316-693dc38b7327",
  "horizon_hours": 24,
  "dt_minutes": 15,
  "graph": {
    "regions": 3,
    "zones_per_region": [
      5,
      4,
      5
    ],
    "sites_per_zone": [
      8,
      6,
      3,
      5,
      3,
      4,
      5,
      6,
      2,
      7,
      6,
      5,
      5,
      6
    ],
    "intertie_density": 0.45159833109122105,
    "neighbor_nations": 1
  },
  "assets": {
    "thermal_per_site": [
      2,
      3,
      1,
      2,
      2,
      0,
      3,
      3,
      3,
      1,
      0,
      3,
      2,
      1
    ],
    "solar_per_site": [
      1,
      3,
      2,
      2,
      2,
      2,
      1,
      3,
      3,
      1,
      1,
      2,
      3,
      1
    ],
    "wind_per_site": [
      3,
      2,
      3,
      2,
      1,
      3,
      3,
      3,
      1,
      3,
      2,
      1,
      2,
      3
    ],
    "battery_per_site": [
      0,
      2,
      2,
      2,
      0,
      2,
      1,
      1,
      1,
      2,
      0,
      1,
      0,
      1
    ],
    "dr_per_site": [
      1,
      0,
      0,
      0,
      0,
      1,
      2,
      0,
      0,
      2,
      2,
      1,
      1,
      1
    ],
    "nuclear_per_region": [
      0,
      1,
      0
    ],
    "hydro_reservoir_per_region": [
      2,
      0,
      3
    ],
    "hydro_ror_per_zone": [
      2,
      1,
      1,
      1,
      1,
      1,
      2,
      0,
      0,
      1,
      1,
      2,
      1,
      2
    ],
    "hydro_pumped_per_region": [
      1,
      0,
      1
    ]
  },
  "econ_policy": {
    "co2_price": 162.43442426074648,
    "price_cap": 467.4138174890678,
    "cross_border_policy": "cap",
    "import_export_caps_factor": 0.4865803253177551
  },
  "tech": {
    "thermal_marg_cost": 1.5646817439276883,
    "thermal_ramp_pct": 0.19862670507333885,
    "battery_roundtrip_eff": 0.8851280607504638,
    "battery_e_to_p_hours": 4.14491505002133,
    "dr_max_shed_share": 0.1391216099136413,
    "dr_duration_hours": 2.3027529285250945,
    "hydro_reservoir_head_eff": 0.8862834089156207,
    "battery_initial_soc_fraction": 0.5635077639509282,
    "battery_final_soc_tolerance": 0.1584213242122661,
    "battery_self_discharge_per_hour": 0.0010639462517987568,
    "pumped_initial_level_fraction": 0.4069026433403352,
    "pumped_final_level_tolerance": 0.15472496759146231,
    "pumped_self_discharge_per_hour": 0.0020386737205785304
  },
  "operation_costs": {
    "thermal_fuel_eur_per_mwh": 72.3180110253469,
    "nuclear_fuel_eur_per_mwh": 13.67380830803787,
    "demand_response_cost_eur_per_mwh": 1161.74769354619,
    "value_of_lost_load_eur_per_mwh": 8908.176872848904,
    "renewable_spill_cost_eur_per_mwh": 1129.2603646859886,
    "hydro_spill_cost_eur_per_mwh": 757.9474485415747,
    "overgen_spill_cost_eur_per_mwh": 5105.942396735418,
    "battery_cycle_cost_eur_per_mwh": 66.9018777724407,
    "pumped_cycle_cost_eur_per_mwh": 64.09684261923395
  },
  "exogenous": {
    "weather_profile": "overcast_summer",
    "weather_spread_intensity": 0.863475290433288,
    "demand_profile": "wkend_flat",
    "demand_scale_factor": 0.7875553499542419,
    "inflow_factor": 1.1886419450640364,
    "zone_profile_variants": {
      "evening_peak": 0.28,
      "double_peak": 0.16,
      "office_peak": 0.2,
      "industrial": 0.14,
      "night_shift": 0.1,
      "residential_morning": 0.12
    },
    "zone_profile_mix_weight": [
      0.4,
      0.8
    ],
    "zone_profile_phase_shift_hours": [
      -2.5,
      2.5
    ],
    "zone_profile_noise_std": [
      0.02,
      0.06
    ],
    "zone_profile_curvature_exp": [
      0.9,
      1.18
    ],
    "region_weather": {
      "R1": {
        "weather_profile": "stormy_winter",
        "weather_spread_intensity": 0.6189432828038964
      },
      "R2": {
        "weather_profile": "overcast_summer",
        "weather_spread_intensity": 0.9357077035789393
      },
      "R3": {
        "weather_profile": "overcast_summer",
        "weather_spread_intensity": 1.035774884917028
      }
    }
  },
  "mip_gap_target_pct": 0.9947241015293193,
  "estimates": {
    "vars_total": 71904,
    "cons_total": 93475,
    "est_cpu_hours": 1.3564185555555557
  },
  "meta": {
    "regions": 3,
    "zones": 14,
    "sites": 14,
    "intertie_density": 0.45159833109122105,
    "neighbor_nations": 1,
    "assets": {
      "thermal": 26,
      "solar": 27,
      "wind": 32,
      "battery": 15,
      "dr": 11,
      "nuclear": 1,
      "hydro_reservoir": 5,
      "hydro_ror": 16,
      "hydro_pumped": 2
    },
    "demand_scale_factor": 0.7875553499542419,
    "zone_profile_variants": {
      "evening_peak": 0.28,
      "double_peak": 0.16,
      "office_peak": 0.2,
      "industrial": 0.14,
      "night_shift": 0.1,
      "residential_morning": 0.12
    },
    "zone_profile_mix_weight": [
      0.4,
      0.8
    ],
    "weather_profile": "overcast_summer",
    "cross_border_policy": "cap",
    "price_cap": 467.4138174890678,
    "co2_price": 162.43442426074648,
    "import_export_caps_factor": 0.4865803253177551,
    "operation_costs": {
      "thermal_fuel_eur_per_mwh": 72.3180110253469,
      "nuclear_fuel_eur_per_mwh": 13.67380830803787,
      "demand_response_cost_eur_per_mwh": 1161.74769354619,
      "value_of_lost_load_eur_per_mwh": 8908.176872848904,
      "renewable_spill_cost_eur_per_mwh": 1129.2603646859886,
      "hydro_spill_cost_eur_per_mwh": 757.9474485415747,
      "overgen_spill_cost_eur_per_mwh": 5105.942396735418,
      "battery_cycle_cost_eur_per_mwh": 66.9018777724407,
      "pumped_cycle_cost_eur_per_mwh": 64.09684261923395
    },
    "tech_scalers": {
      "thermal_marg_cost": 1.5646817439276883,
      "thermal_ramp_pct": 0.19862670507333885,
      "battery_roundtrip_eff": 0.8851280607504638,
      "battery_e_to_p_hours": 4.14491505002133,
      "dr_max_shed_share": 0.1391216099136413,
      "dr_duration_hours": 2.3027529285250945,
      "hydro_reservoir_head_eff": 0.8862834089156207,
      "battery_initial_soc_fraction": 0.5635077639509282,
      "battery_final_soc_tolerance": 0.1584213242122661,
      "battery_self_discharge_per_hour": 0.0010639462517987568,
      "pumped_initial_level_fraction": 0.4069026433403352,
      "pumped_final_level_tolerance": 0.15472496759146231,
      "pumped_self_discharge_per_hour": 0.0020386737205785304
    }
  }
}