{
  "id": "85772e68-ffea-4d8c-be2d-7aed5d34c289",
  "horizon_hours": 24,
  "dt_minutes": 15,
  "graph": {
    "regions": 3,
    "zones_per_region": [
      9,
      5,
      4
    ],
    "sites_per_zone": [
      3,
      6,
      3,
      7,
      3,
      4,
      4,
      8,
      4,
      7,
      6,
      8,
      3,
      4,
      7,
      4,
      2,
      6
    ],
    "intertie_density": 0.580217351279342,
    "neighbor_nations": 2
  },
  "assets": {
    "thermal_per_site": [
      2,
      0,
      3,
      3,
      2,
      2,
      3,
      1,
      0,
      2,
      3,
      0,
      3,
      3,
      1,
      2,
      0,
      0
    ],
    "solar_per_site": [
      3,
      2,
      1,
      1,
      1,
      2,
      1,
      3,
      2,
      2,
      1,
      2,
      3,
      2,
      3,
      2,
      1,
      2
    ],
    "wind_per_site": [
      3,
      2,
      3,
      1,
      2,
      1,
      2,
      1,
      3,
      3,
      3,
      1,
      1,
      2,
      2,
      3,
      1,
      3
    ],
    "battery_per_site": [
      0,
      2,
      0,
      2,
      0,
      0,
      2,
      1,
      2,
      2,
      0,
      2,
      2,
      2,
      0,
      0,
      0,
      2
    ],
    "dr_per_site": [
      0,
      1,
      0,
      2,
      0,
      0,
      2,
      2,
      2,
      1,
      0,
      0,
      2,
      1,
      2,
      1,
      1,
      2
    ],
    "nuclear_per_region": [
      0,
      0,
      0
    ],
    "hydro_reservoir_per_region": [
      1,
      3,
      1
    ],
    "hydro_ror_per_zone": [
      2,
      2,
      0,
      0,
      1,
      0,
      0,
      0,
      2,
      0,
      0,
      1,
      2,
      2,
      0,
      1,
      1,
      2
    ],
    "hydro_pumped_per_region": [
      2,
      2,
      2
    ]
  },
  "econ_policy": {
    "co2_price": 88.24124508787705,
    "price_cap": 3587.7208561106513,
    "cross_border_policy": "block",
    "import_export_caps_factor": 1.3711836702155638
  },
  "tech": {
    "thermal_marg_cost": 10.011883853075613,
    "thermal_ramp_pct": 0.42134588423870856,
    "battery_roundtrip_eff": 0.807014083184254,
    "battery_e_to_p_hours": 4.949372397137725,
    "dr_max_shed_share": 0.11960964764254302,
    "dr_duration_hours": 5.203697412115959,
    "hydro_reservoir_head_eff": 0.8398947716858213,
    "battery_initial_soc_fraction": 0.5152849435905527,
    "battery_final_soc_tolerance": 0.16123822096246332,
    "battery_self_discharge_per_hour": 0.005210059205162986,
    "pumped_initial_level_fraction": 0.5925511003258284,
    "pumped_final_level_tolerance": 0.05163138449405881,
    "pumped_self_discharge_per_hour": 0.0021840955369374507
  },
  "operation_costs": {
    "thermal_fuel_eur_per_mwh": 66.3661405754433,
    "nuclear_fuel_eur_per_mwh": 11.925751513588496,
    "demand_response_cost_eur_per_mwh": 1018.9255002519881,
    "value_of_lost_load_eur_per_mwh": 6295.338164101531,
    "renewable_spill_cost_eur_per_mwh": 1069.6840793873412,
    "hydro_spill_cost_eur_per_mwh": 561.3746020272406,
    "overgen_spill_cost_eur_per_mwh": 3762.1175966215114,
    "battery_cycle_cost_eur_per_mwh": 60.81019632797737,
    "pumped_cycle_cost_eur_per_mwh": 62.85326369984382
  },
  "exogenous": {
    "weather_profile": "sunny_summer",
    "weather_spread_intensity": 1.3578161021969948,
    "demand_profile": "wkday_peak",
    "demand_scale_factor": 1.028948224548961,
    "inflow_factor": 0.5521863753340325,
    "zone_profile_variants": {
      "evening_peak": 0.28,
      "double_peak": 0.16,
      "office_peak": 0.2,
      "industrial": 0.14,
      "night_shift": 0.1,
      "residential_morning": 0.12
    },
    "zone_profile_mix_weight": [
      0.4,
      0.8
    ],
    "zone_profile_phase_shift_hours": [
      -2.5,
      2.5
    ],
    "zone_profile_noise_std": [
      0.02,
      0.06
    ],
    "zone_profile_curvature_exp": [
      0.9,
      1.18
    ],
    "region_weather": {
      "R1": {
        "weather_profile": "mixed",
        "weather_spread_intensity": 1.2961991994495157
      },
      "R2": {
        "weather_profile": "sunny_summer",
        "weather_spread_intensity": 1.3218391208045492
      },
      "R3": {
        "weather_profile": "stormy_winter",
        "weather_spread_intensity": 1.4554099863369196
      }
    }
  },
  "mip_gap_target_pct": 0.7939582861415272,
  "estimates": {
    "vars_total": 90720,
    "cons_total": 117936,
    "est_cpu_hours": 1.6921813333333338
  },
  "meta": {
    "regions": 3,
    "zones": 18,
    "sites": 18,
    "intertie_density": 0.580217351279342,
    "neighbor_nations": 2,
    "assets": {
      "thermal": 30,
      "solar": 34,
      "wind": 37,
      "battery": 19,
      "dr": 19,
      "nuclear": 0,
      "hydro_reservoir": 5,
      "hydro_ror": 16,
      "hydro_pumped": 6
    },
    "demand_scale_factor": 1.028948224548961,
    "zone_profile_variants": {
      "evening_peak": 0.28,
      "double_peak": 0.16,
      "office_peak": 0.2,
      "industrial": 0.14,
      "night_shift": 0.1,
      "residential_morning": 0.12
    },
    "zone_profile_mix_weight": [
      0.4,
      0.8
    ],
    "weather_profile": "sunny_summer",
    "cross_border_policy": "block",
    "price_cap": 3587.7208561106513,
    "co2_price": 88.24124508787705,
    "import_export_caps_factor": 1.3711836702155638,
    "operation_costs": {
      "thermal_fuel_eur_per_mwh": 66.3661405754433,
      "nuclear_fuel_eur_per_mwh": 11.925751513588496,
      "demand_response_cost_eur_per_mwh": 1018.9255002519881,
      "value_of_lost_load_eur_per_mwh": 6295.338164101531,
      "renewable_spill_cost_eur_per_mwh": 1069.6840793873412,
      "hydro_spill_cost_eur_per_mwh": 561.3746020272406,
      "overgen_spill_cost_eur_per_mwh": 3762.1175966215114,
      "battery_cycle_cost_eur_per_mwh": 60.81019632797737,
      "pumped_cycle_cost_eur_per_mwh": 62.85326369984382
    },
    "tech_scalers": {
      "thermal_marg_cost": 10.011883853075613,
      "thermal_ramp_pct": 0.42134588423870856,
      "battery_roundtrip_eff": 0.807014083184254,
      "battery_e_to_p_hours": 4.949372397137725,
      "dr_max_shed_share": 0.11960964764254302,
      "dr_duration_hours": 5.203697412115959,
      "hydro_reservoir_head_eff": 0.8398947716858213,
      "battery_initial_soc_fraction": 0.5152849435905527,
      "battery_final_soc_tolerance": 0.16123822096246332,
      "battery_self_discharge_per_hour": 0.005210059205162986,
      "pumped_initial_level_fraction": 0.5925511003258284,
      "pumped_final_level_tolerance": 0.05163138449405881,
      "pumped_self_discharge_per_hour": 0.0021840955369374507
    }
  }
}