{
  "id": "a69d3a21-5403-450c-becd-aabd5b477828",
  "horizon_hours": 24,
  "dt_minutes": 15,
  "graph": {
    "regions": 3,
    "zones_per_region": [
      4,
      6,
      3
    ],
    "sites_per_zone": [
      4,
      2,
      6,
      2,
      2,
      5,
      5,
      4,
      5,
      3,
      7,
      6,
      7
    ],
    "intertie_density": 0.21640989128217436,
    "neighbor_nations": 2
  },
  "assets": {
    "thermal_per_site": [
      3,
      2,
      2,
      3,
      3,
      1,
      3,
      2,
      3,
      3,
      0,
      1,
      2
    ],
    "solar_per_site": [
      1,
      3,
      3,
      1,
      2,
      3,
      1,
      1,
      1,
      3,
      1,
      1,
      2
    ],
    "wind_per_site": [
      1,
      2,
      3,
      2,
      2,
      2,
      2,
      1,
      2,
      2,
      1,
      3,
      1
    ],
    "battery_per_site": [
      0,
      1,
      1,
      2,
      1,
      0,
      1,
      0,
      2,
      0,
      2,
      0,
      1
    ],
    "dr_per_site": [
      2,
      2,
      1,
      2,
      0,
      2,
      1,
      1,
      0,
      2,
      0,
      1,
      1
    ],
    "nuclear_per_region": [
      0,
      2,
      1
    ],
    "hydro_reservoir_per_region": [
      0,
      2,
      2
    ],
    "hydro_ror_per_zone": [
      0,
      0,
      2,
      1,
      0,
      1,
      2,
      2,
      0,
      0,
      2,
      1,
      0
    ],
    "hydro_pumped_per_region": [
      1,
      0,
      0
    ]
  },
  "econ_policy": {
    "co2_price": 57.502389332446995,
    "price_cap": 243.32483551324225,
    "cross_border_policy": "block",
    "import_export_caps_factor": 1.5882311042028117
  },
  "tech": {
    "thermal_marg_cost": 9.314859143095402,
    "thermal_ramp_pct": 0.15557852972190228,
    "battery_roundtrip_eff": 0.8609701590094911,
    "battery_e_to_p_hours": 4.86704620610395,
    "dr_max_shed_share": 0.30006619983945476,
    "dr_duration_hours": 2.312197687189532,
    "hydro_reservoir_head_eff": 0.8038353600643772,
    "battery_initial_soc_fraction": 0.6139381990224988,
    "battery_final_soc_tolerance": 0.11430898816288762,
    "battery_self_discharge_per_hour": 0.0060560090086573355,
    "pumped_initial_level_fraction": 0.5481311486570171,
    "pumped_final_level_tolerance": 0.16369257451411612,
    "pumped_self_discharge_per_hour": 0.0028854986830700426
  },
  "operation_costs": {
    "thermal_fuel_eur_per_mwh": 54.62945468397437,
    "nuclear_fuel_eur_per_mwh": 15.737471011902365,
    "demand_response_cost_eur_per_mwh": 643.6947497261011,
    "value_of_lost_load_eur_per_mwh": 7511.321654582096,
    "renewable_spill_cost_eur_per_mwh": 632.5640429572999,
    "hydro_spill_cost_eur_per_mwh": 266.5287494344428,
    "overgen_spill_cost_eur_per_mwh": 5590.315233785991,
    "battery_cycle_cost_eur_per_mwh": 83.56196220997874,
    "pumped_cycle_cost_eur_per_mwh": 70.35766114051714
  },
  "exogenous": {
    "weather_profile": "sunny_summer",
    "weather_spread_intensity": 0.7955706298652198,
    "demand_profile": "cold_snap",
    "demand_scale_factor": 0.7685150054293268,
    "inflow_factor": 0.885698973200044,
    "zone_profile_variants": {
      "evening_peak": 0.28,
      "double_peak": 0.16,
      "office_peak": 0.2,
      "industrial": 0.14,
      "night_shift": 0.1,
      "residential_morning": 0.12
    },
    "zone_profile_mix_weight": [
      0.4,
      0.8
    ],
    "zone_profile_phase_shift_hours": [
      -2.5,
      2.5
    ],
    "zone_profile_noise_std": [
      0.02,
      0.06
    ],
    "zone_profile_curvature_exp": [
      0.9,
      1.18
    ],
    "region_weather": {
      "R1": {
        "weather_profile": "overcast_summer",
        "weather_spread_intensity": 1.0164638640214902
      },
      "R2": {
        "weather_profile": "mixed",
        "weather_spread_intensity": 0.5669419989133692
      },
      "R3": {
        "weather_profile": "sunny_summer",
        "weather_spread_intensity": 0.8033060266607998
      }
    }
  },
  "mip_gap_target_pct": 1.4762044534451557,
  "estimates": {
    "vars_total": 66912,
    "cons_total": 86985,
    "est_cpu_hours": 1.2673356666666666
  },
  "meta": {
    "regions": 3,
    "zones": 13,
    "sites": 13,
    "intertie_density": 0.21640989128217436,
    "neighbor_nations": 2,
    "assets": {
      "thermal": 28,
      "solar": 23,
      "wind": 24,
      "battery": 11,
      "dr": 15,
      "nuclear": 3,
      "hydro_reservoir": 4,
      "hydro_ror": 11,
      "hydro_pumped": 1
    },
    "demand_scale_factor": 0.7685150054293268,
    "zone_profile_variants": {
      "evening_peak": 0.28,
      "double_peak": 0.16,
      "office_peak": 0.2,
      "industrial": 0.14,
      "night_shift": 0.1,
      "residential_morning": 0.12
    },
    "zone_profile_mix_weight": [
      0.4,
      0.8
    ],
    "weather_profile": "sunny_summer",
    "cross_border_policy": "block",
    "price_cap": 243.32483551324225,
    "co2_price": 57.502389332446995,
    "import_export_caps_factor": 1.5882311042028117,
    "operation_costs": {
      "thermal_fuel_eur_per_mwh": 54.62945468397437,
      "nuclear_fuel_eur_per_mwh": 15.737471011902365,
      "demand_response_cost_eur_per_mwh": 643.6947497261011,
      "value_of_lost_load_eur_per_mwh": 7511.321654582096,
      "renewable_spill_cost_eur_per_mwh": 632.5640429572999,
      "hydro_spill_cost_eur_per_mwh": 266.5287494344428,
      "overgen_spill_cost_eur_per_mwh": 5590.315233785991,
      "battery_cycle_cost_eur_per_mwh": 83.56196220997874,
      "pumped_cycle_cost_eur_per_mwh": 70.35766114051714
    },
    "tech_scalers": {
      "thermal_marg_cost": 9.314859143095402,
      "thermal_ramp_pct": 0.15557852972190228,
      "battery_roundtrip_eff": 0.8609701590094911,
      "battery_e_to_p_hours": 4.86704620610395,
      "dr_max_shed_share": 0.30006619983945476,
      "dr_duration_hours": 2.312197687189532,
      "hydro_reservoir_head_eff": 0.8038353600643772,
      "battery_initial_soc_fraction": 0.6139381990224988,
      "battery_final_soc_tolerance": 0.11430898816288762,
      "battery_self_discharge_per_hour": 0.0060560090086573355,
      "pumped_initial_level_fraction": 0.5481311486570171,
      "pumped_final_level_tolerance": 0.16369257451411612,
      "pumped_self_discharge_per_hour": 0.0028854986830700426
    }
  },
  "flexibility_metrics": {
    "total_storage_power_mw": 750.0,
    "total_storage_capacity_mwh": 4276.9,
    "battery_power_mw": 550.0,
    "battery_capacity_mwh": 2676.9,
    "pumped_power_mw": 200.0,
    "pumped_capacity_mwh": 1600.0,
    "total_dr_capacity_mw": 1498.9,
    "total_ramp_up_mw_per_step": 364.2,
    "total_ramp_down_mw_per_step": 364.2,
    "thermal_flex_ratio": 0.197,
    "dr_duration_hours": 2.31,
    "battery_roundtrip_efficiency": 0.861
  },
  "difficulty_indicators": {
    "vre_penetration_pct": 27.44,
    "net_demand_volatility": 0.297,
    "peak_to_valley_ratio": 1.38,
    "estimated_milp_solve_time_seconds": 4562.4,
    "complexity_score": "medium",
    "n_binary_variables": 2688,
    "n_timesteps": 96,
    "n_zones": 13,
    "weather_profile": "sunny_summer",
    "demand_profile": "cold_snap"
  }
}