{
  "id": "6e61d2e0-5b3e-4c4f-bd1e-c0100a8a0b85",
  "horizon_hours": 24,
  "dt_minutes": 15,
  "graph": {
    "regions": 2,
    "zones_per_region": [
      10,
      3
    ],
    "sites_per_zone": [
      7,
      9,
      6,
      7,
      4,
      5,
      7,
      6,
      4,
      5,
      6,
      3,
      7
    ],
    "intertie_density": 0.3126678468643904,
    "neighbor_nations": 5
  },
  "assets": {
    "thermal_per_site": [
      0,
      3,
      3,
      1,
      3,
      0,
      1,
      2,
      2,
      1,
      1,
      0,
      3
    ],
    "solar_per_site": [
      1,
      1,
      3,
      1,
      3,
      3,
      2,
      3,
      2,
      2,
      1,
      2,
      3
    ],
    "wind_per_site": [
      2,
      1,
      2,
      2,
      1,
      2,
      3,
      2,
      3,
      2,
      3,
      3,
      2
    ],
    "battery_per_site": [
      2,
      0,
      1,
      1,
      1,
      2,
      1,
      1,
      1,
      0,
      2,
      1,
      1
    ],
    "dr_per_site": [
      2,
      1,
      2,
      2,
      2,
      0,
      1,
      1,
      2,
      1,
      0,
      1,
      1
    ],
    "nuclear_per_region": [
      2,
      2
    ],
    "hydro_reservoir_per_region": [
      0,
      1
    ],
    "hydro_ror_per_zone": [
      0,
      0,
      2,
      0,
      2,
      1,
      1,
      1,
      1,
      1,
      0,
      2,
      2
    ],
    "hydro_pumped_per_region": [
      2,
      2
    ]
  },
  "econ_policy": {
    "co2_price": 212.72178256695713,
    "price_cap": 2859.4751591383383,
    "cross_border_policy": "allow",
    "import_export_caps_factor": 1.0015198816268547
  },
  "tech": {
    "thermal_marg_cost": 8.33635394052916,
    "thermal_ramp_pct": 0.08500088939994024,
    "battery_roundtrip_eff": 0.8833731573162843,
    "battery_e_to_p_hours": 4.78368546289405,
    "dr_max_shed_share": 0.07242925038429246,
    "dr_duration_hours": 1.9780074541962662,
    "hydro_reservoir_head_eff": 0.8416643494538764,
    "battery_initial_soc_fraction": 0.4356866644364443,
    "battery_final_soc_tolerance": 0.10780721793617502,
    "battery_self_discharge_per_hour": 0.0095410314238146,
    "pumped_initial_level_fraction": 0.40709798889438326,
    "pumped_final_level_tolerance": 0.06286456186784699,
    "pumped_self_discharge_per_hour": 0.0027427488542943286
  },
  "operation_costs": {
    "thermal_fuel_eur_per_mwh": 81.94542468425519,
    "nuclear_fuel_eur_per_mwh": 17.512599641986345,
    "thermal_startup_cost_eur": 6999.547590737232,
    "nuclear_startup_cost_eur": 34016.96254695712,
    "demand_response_cost_eur_per_mwh": 154.26786085649695,
    "value_of_lost_load_eur_per_mwh": 7419.88602743575,
    "renewable_spill_cost_eur_per_mwh": 1671.5417584480047,
    "hydro_spill_cost_eur_per_mwh": 337.093884495005,
    "overgen_spill_cost_eur_per_mwh": 3166.373447494132,
    "battery_cycle_cost_eur_per_mwh": 115.35001189984507,
    "pumped_cycle_cost_eur_per_mwh": 74.14485320553268
  },
  "exogenous": {
    "weather_profile": "overcast_summer",
    "weather_spread_intensity": 0.5462385924154489,
    "demand_profile": "heatwave",
    "demand_scale_factor": 1.324309186695678,
    "inflow_factor": 0.8368011324742892,
    "zone_profile_variants": {
      "evening_peak": 0.28,
      "double_peak": 0.16,
      "office_peak": 0.2,
      "industrial": 0.14,
      "night_shift": 0.1,
      "residential_morning": 0.12
    },
    "zone_profile_mix_weight": [
      0.4,
      0.8
    ],
    "zone_profile_phase_shift_hours": [
      -2.5,
      2.5
    ],
    "zone_profile_noise_std": [
      0.02,
      0.06
    ],
    "zone_profile_curvature_exp": [
      0.9,
      1.18
    ],
    "region_weather": {
      "R1": {
        "weather_profile": "overcast_summer",
        "weather_spread_intensity": 0.5386649170349302
      },
      "R2": {
        "weather_profile": "calm_winter",
        "weather_spread_intensity": 0.5538122677959675
      }
    }
  },
  "mip_gap_target_pct": 1.1426956070992356,
  "estimates": {
    "vars_total": 67296,
    "cons_total": 87484,
    "est_cpu_hours": 1.2741862222222224
  },
  "meta": {
    "regions": 2,
    "zones": 13,
    "sites": 13,
    "intertie_density": 0.3126678468643904,
    "neighbor_nations": 5,
    "assets": {
      "thermal": 20,
      "solar": 27,
      "wind": 28,
      "battery": 14,
      "dr": 16,
      "nuclear": 4,
      "hydro_reservoir": 1,
      "hydro_ror": 13,
      "hydro_pumped": 4
    },
    "demand_scale_factor": 1.324309186695678,
    "zone_profile_variants": {
      "evening_peak": 0.28,
      "double_peak": 0.16,
      "office_peak": 0.2,
      "industrial": 0.14,
      "night_shift": 0.1,
      "residential_morning": 0.12
    },
    "zone_profile_mix_weight": [
      0.4,
      0.8
    ],
    "weather_profile": "overcast_summer",
    "cross_border_policy": "allow",
    "price_cap": 2859.4751591383383,
    "co2_price": 212.72178256695713,
    "import_export_caps_factor": 1.0015198816268547,
    "operation_costs": {
      "thermal_fuel_eur_per_mwh": 81.94542468425519,
      "nuclear_fuel_eur_per_mwh": 17.512599641986345,
      "thermal_startup_cost_eur": 6999.547590737232,
      "nuclear_startup_cost_eur": 34016.96254695712,
      "demand_response_cost_eur_per_mwh": 154.26786085649695,
      "value_of_lost_load_eur_per_mwh": 7419.88602743575,
      "renewable_spill_cost_eur_per_mwh": 1671.5417584480047,
      "hydro_spill_cost_eur_per_mwh": 337.093884495005,
      "overgen_spill_cost_eur_per_mwh": 3166.373447494132,
      "battery_cycle_cost_eur_per_mwh": 115.35001189984507,
      "pumped_cycle_cost_eur_per_mwh": 74.14485320553268
    },
    "tech_scalers": {
      "thermal_marg_cost": 8.33635394052916,
      "thermal_ramp_pct": 0.08500088939994024,
      "battery_roundtrip_eff": 0.8833731573162843,
      "battery_e_to_p_hours": 4.78368546289405,
      "dr_max_shed_share": 0.07242925038429246,
      "dr_duration_hours": 1.9780074541962662,
      "hydro_reservoir_head_eff": 0.8416643494538764,
      "battery_initial_soc_fraction": 0.4356866644364443,
      "battery_final_soc_tolerance": 0.10780721793617502,
      "battery_self_discharge_per_hour": 0.0095410314238146,
      "pumped_initial_level_fraction": 0.40709798889438326,
      "pumped_final_level_tolerance": 0.06286456186784699,
      "pumped_self_discharge_per_hour": 0.0027427488542943286
    }
  },
  "flexibility_metrics": {
    "total_storage_power_mw": 1500.0,
    "total_storage_capacity_mwh": 9748.6,
    "battery_power_mw": 700.0,
    "battery_capacity_mwh": 3348.6,
    "pumped_power_mw": 800.0,
    "pumped_capacity_mwh": 6400.0,
    "total_dr_capacity_mw": 623.5,
    "total_ramp_up_mw_per_step": 177.5,
    "total_ramp_down_mw_per_step": 177.5,
    "thermal_flex_ratio": 0.212,
    "dr_duration_hours": 1.98,
    "battery_roundtrip_efficiency": 0.883
  },
  "difficulty_indicators": {
    "vre_penetration_pct": 34.5,
    "net_demand_volatility": 0.242,
    "peak_to_valley_ratio": 2.38,
    "estimated_milp_solve_time_seconds": 4587.1,
    "complexity_score": "medium",
    "n_binary_variables": 1920,
    "n_timesteps": 96,
    "n_zones": 13,
    "weather_profile": "overcast_summer",
    "demand_profile": "heatwave"
  }
}