{
  "id": "106b2323-7b9b-47fe-a40e-7ea0bcb746c4",
  "horizon_hours": 24,
  "dt_minutes": 15,
  "graph": {
    "regions": 5,
    "zones_per_region": [
      3,
      3,
      6,
      9,
      5
    ],
    "sites_per_zone": [
      8,
      7,
      7,
      2,
      5,
      3,
      3,
      7,
      8,
      6,
      3,
      2,
      4,
      8,
      2,
      6,
      8,
      3,
      3,
      8,
      4,
      3,
      5,
      4,
      8,
      4
    ],
    "intertie_density": 0.3030655722320649,
    "neighbor_nations": 3
  },
  "assets": {
    "thermal_per_site": [
      2,
      0,
      2,
      0,
      0,
      3,
      0,
      2,
      2,
      0,
      0,
      3,
      0,
      1,
      1,
      1,
      3,
      1,
      1,
      1,
      2,
      1,
      0,
      3,
      2,
      2
    ],
    "solar_per_site": [
      3,
      2,
      3,
      2,
      3,
      2,
      2,
      2,
      1,
      3,
      3,
      3,
      1,
      2,
      1,
      1,
      3,
      2,
      3,
      3,
      2,
      3,
      2,
      2,
      3,
      1
    ],
    "wind_per_site": [
      1,
      2,
      3,
      2,
      1,
      2,
      3,
      3,
      1,
      3,
      1,
      2,
      3,
      1,
      3,
      3,
      3,
      3,
      3,
      2,
      3,
      1,
      2,
      3,
      3,
      1
    ],
    "battery_per_site": [
      0,
      2,
      0,
      2,
      1,
      2,
      0,
      2,
      2,
      0,
      2,
      1,
      2,
      2,
      0,
      1,
      1,
      0,
      2,
      2,
      0,
      2,
      1,
      0,
      1,
      2
    ],
    "dr_per_site": [
      2,
      2,
      1,
      2,
      2,
      2,
      2,
      2,
      2,
      1,
      1,
      0,
      0,
      0,
      0,
      1,
      2,
      1,
      2,
      1,
      0,
      1,
      2,
      0,
      2,
      2
    ],
    "nuclear_per_region": [
      1,
      2,
      0,
      2,
      0
    ],
    "hydro_reservoir_per_region": [
      1,
      3,
      1,
      2,
      3
    ],
    "hydro_ror_per_zone": [
      2,
      1,
      2,
      0,
      1,
      0,
      0,
      2,
      1,
      1,
      2,
      1,
      1,
      0,
      2,
      2,
      0,
      0,
      0,
      1,
      0,
      1,
      0,
      2,
      0,
      0
    ],
    "hydro_pumped_per_region": [
      1,
      0,
      0,
      2,
      0
    ]
  },
  "econ_policy": {
    "co2_price": 97.60628834015185,
    "price_cap": 4003.2923525621936,
    "cross_border_policy": "block",
    "import_export_caps_factor": 1.028295408405182
  },
  "tech": {
    "thermal_marg_cost": 0.6747516455912622,
    "thermal_ramp_pct": 0.3321534823840679,
    "battery_roundtrip_eff": 0.8879664217654837,
    "battery_e_to_p_hours": 1.6976383298309723,
    "dr_max_shed_share": 0.13121947384713595,
    "dr_duration_hours": 3.1848343890669533,
    "hydro_reservoir_head_eff": 0.8841471918214965,
    "battery_initial_soc_fraction": 0.472980460816524,
    "battery_final_soc_tolerance": 0.08977502611385704,
    "battery_self_discharge_per_hour": 0.002810657467111188,
    "pumped_initial_level_fraction": 0.42148182252719224,
    "pumped_final_level_tolerance": 0.10615599803762533,
    "pumped_self_discharge_per_hour": 0.0008009680107667154
  },
  "operation_costs": {
    "thermal_fuel_eur_per_mwh": 51.25530853901529,
    "nuclear_fuel_eur_per_mwh": 14.47503244406671,
    "demand_response_cost_eur_per_mwh": 787.6823927223267,
    "value_of_lost_load_eur_per_mwh": 8840.0927830119,
    "renewable_spill_cost_eur_per_mwh": 1065.3765973111517,
    "hydro_spill_cost_eur_per_mwh": 268.1995021992098,
    "overgen_spill_cost_eur_per_mwh": 2754.708308293052,
    "battery_cycle_cost_eur_per_mwh": 90.1749590864975,
    "pumped_cycle_cost_eur_per_mwh": 63.99538171602184
  },
  "exogenous": {
    "weather_profile": "sunny_summer",
    "weather_spread_intensity": 1.0300623315177029,
    "demand_profile": "wkday_peak",
    "demand_scale_factor": 0.6561312675586882,
    "inflow_factor": 1.584860774121441,
    "zone_profile_variants": {
      "evening_peak": 0.28,
      "double_peak": 0.16,
      "office_peak": 0.2,
      "industrial": 0.14,
      "night_shift": 0.1,
      "residential_morning": 0.12
    },
    "zone_profile_mix_weight": [
      0.4,
      0.8
    ],
    "zone_profile_phase_shift_hours": [
      -2.5,
      2.5
    ],
    "zone_profile_noise_std": [
      0.02,
      0.06
    ],
    "zone_profile_curvature_exp": [
      0.9,
      1.18
    ],
    "region_weather": {
      "R1": {
        "weather_profile": "sunny_summer",
        "weather_spread_intensity": 0.6840759328265471
      },
      "R2": {
        "weather_profile": "mixed",
        "weather_spread_intensity": 1.3574743672322511
      },
      "R3": {
        "weather_profile": "calm_winter",
        "weather_spread_intensity": 0.810456014368562
      },
      "R4": {
        "weather_profile": "sunny_summer",
        "weather_spread_intensity": 1.1534584350818469
      },
      "R5": {
        "weather_profile": "mixed",
        "weather_spread_intensity": 1.1448469080793073
      }
    }
  },
  "mip_gap_target_pct": 0.6736498888895666,
  "estimates": {
    "vars_total": 132864,
    "cons_total": 172723,
    "est_cpu_hours": 2.4442158888888894
  },
  "meta": {
    "regions": 5,
    "zones": 26,
    "sites": 26,
    "intertie_density": 0.3030655722320649,
    "neighbor_nations": 3,
    "assets": {
      "thermal": 33,
      "solar": 58,
      "wind": 58,
      "battery": 30,
      "dr": 33,
      "nuclear": 5,
      "hydro_reservoir": 10,
      "hydro_ror": 22,
      "hydro_pumped": 3
    },
    "demand_scale_factor": 0.6561312675586882,
    "zone_profile_variants": {
      "evening_peak": 0.28,
      "double_peak": 0.16,
      "office_peak": 0.2,
      "industrial": 0.14,
      "night_shift": 0.1,
      "residential_morning": 0.12
    },
    "zone_profile_mix_weight": [
      0.4,
      0.8
    ],
    "weather_profile": "sunny_summer",
    "cross_border_policy": "block",
    "price_cap": 4003.2923525621936,
    "co2_price": 97.60628834015185,
    "import_export_caps_factor": 1.028295408405182,
    "operation_costs": {
      "thermal_fuel_eur_per_mwh": 51.25530853901529,
      "nuclear_fuel_eur_per_mwh": 14.47503244406671,
      "demand_response_cost_eur_per_mwh": 787.6823927223267,
      "value_of_lost_load_eur_per_mwh": 8840.0927830119,
      "renewable_spill_cost_eur_per_mwh": 1065.3765973111517,
      "hydro_spill_cost_eur_per_mwh": 268.1995021992098,
      "overgen_spill_cost_eur_per_mwh": 2754.708308293052,
      "battery_cycle_cost_eur_per_mwh": 90.1749590864975,
      "pumped_cycle_cost_eur_per_mwh": 63.99538171602184
    },
    "tech_scalers": {
      "thermal_marg_cost": 0.6747516455912622,
      "thermal_ramp_pct": 0.3321534823840679,
      "battery_roundtrip_eff": 0.8879664217654837,
      "battery_e_to_p_hours": 1.6976383298309723,
      "dr_max_shed_share": 0.13121947384713595,
      "dr_duration_hours": 3.1848343890669533,
      "hydro_reservoir_head_eff": 0.8841471918214965,
      "battery_initial_soc_fraction": 0.472980460816524,
      "battery_final_soc_tolerance": 0.08977502611385704,
      "battery_self_discharge_per_hour": 0.002810657467111188,
      "pumped_initial_level_fraction": 0.42148182252719224,
      "pumped_final_level_tolerance": 0.10615599803762533,
      "pumped_self_discharge_per_hour": 0.0008009680107667154
    }
  },
  "flexibility_metrics": {
    "total_storage_power_mw": 2100.0,
    "total_storage_capacity_mwh": 7346.5,
    "battery_power_mw": 1500.0,
    "battery_capacity_mwh": 2546.5,
    "pumped_power_mw": 600.0,
    "pumped_capacity_mwh": 4800.0,
    "total_dr_capacity_mw": 1119.3,
    "total_ramp_up_mw_per_step": 884.6,
    "total_ramp_down_mw_per_step": 884.6,
    "thermal_flex_ratio": 0.216,
    "dr_duration_hours": 3.18,
    "battery_roundtrip_efficiency": 0.888
  },
  "difficulty_indicators": {
    "vre_penetration_pct": 37.37,
    "net_demand_volatility": 0.266,