{
  "id": "47e0cc8d-3884-4b7b-90a8-ba6f6887daa0",
  "horizon_hours": 24,
  "dt_minutes": 15,
  "graph": {
    "regions": 2,
    "zones_per_region": [
      11,
      9
    ],
    "sites_per_zone": [
      10,
      10,
      8,
      9,
      4,
      3,
      3,
      6,
      6,
      4,
      10,
      7,
      9,
      4,
      8,
      2,
      10,
      7,
      4,
      3
    ],
    "intertie_density": 0.5705398171266601,
    "neighbor_nations": 2
  },
  "assets": {
    "thermal_per_site": [
      2,
      0,
      3,
      2,
      2,
      2,
      2,
      2,
      1,
      2,
      1,
      2,
      0,
      1,
      2,
      1,
      2,
      0,
      2,
      0
    ],
    "solar_per_site": [
      1,
      2,
      1,
      2,
      3,
      2,
      1,
      1,
      3,
      2,
      2,
      1,
      3,
      3,
      1,
      1,
      3,
      3,
      2,
      1
    ],
    "wind_per_site": [
      1,
      1,
      3,
      2,
      1,
      3,
      1,
      3,
      1,
      3,
      1,
      3,
      1,
      1,
      2,
      3,
      3,
      2,
      3,
      1
    ],
    "battery_per_site": [
      1,
      0,
      0,
      1,
      2,
      1,
      1,
      0,
      0,
      2,
      1,
      0,
      0,
      2,
      0,
      1,
      0,
      2,
      0,
      1
    ],
    "dr_per_site": [
      2,
      0,
      1,
      2,
      1,
      1,
      2,
      2,
      2,
      0,
      2,
      2,
      2,
      2,
      0,
      0,
      1,
      1,
      0,
      1
    ],
    "nuclear_per_region": [
      1,
      0
    ],
    "hydro_reservoir_per_region": [
      0,
      0
    ],
    "hydro_ror_per_zone": [
      0,
      1,
      2,
      0,
      0,
      1,
      0,
      0,
      1,
      0,
      1,
      2,
      2,
      1,
      2,
      2,
      1,
      1,
      2,
      0
    ],
    "hydro_pumped_per_region": [
      1,
      2
    ]
  },
  "econ_policy": {
    "co2_price": 163.94825185446913,
    "price_cap": 2686.06750873962,
    "cross_border_policy": "block",
    "import_export_caps_factor": 1.2224404710630865
  },
  "tech": {
    "thermal_marg_cost": 3.0645233428506513,
    "thermal_ramp_pct": 0.18890922044954533,
    "battery_roundtrip_eff": 0.9307345911008714,
    "battery_e_to_p_hours": 3.927307645852555,
    "dr_max_shed_share": 0.06493080670956033,
    "dr_duration_hours": 5.905527433954559,
    "hydro_reservoir_head_eff": 0.838087750519821,
    "battery_initial_soc_fraction": 0.6143510361132802,
    "battery_final_soc_tolerance": 0.17005256301878616,
    "battery_self_discharge_per_hour": 0.0069488124072967575,
    "pumped_initial_level_fraction": 0.5685843064787701,
    "pumped_final_level_tolerance": 0.06508576509635891,
    "pumped_self_discharge_per_hour": 0.002743708099638951
  },
  "operation_costs": {
    "thermal_fuel_eur_per_mwh": 47.39210960427803,
    "nuclear_fuel_eur_per_mwh": 25.01297792729674,
    "thermal_startup_cost_eur": 4762.989242848064,
    "nuclear_startup_cost_eur": 42588.162535630174,
    "demand_response_cost_eur_per_mwh": 1151.8889281689178,
    "value_of_lost_load_eur_per_mwh": 8380.624930519763,
    "renewable_spill_cost_eur_per_mwh": 1419.2325671020253,
    "hydro_spill_cost_eur_per_mwh": 1164.0189616656016,
    "overgen_spill_cost_eur_per_mwh": 7834.7810748163665,
    "battery_cycle_cost_eur_per_mwh": 146.16426509184234,
    "pumped_cycle_cost_eur_per_mwh": 75.85947280067225
  },
  "exogenous": {
    "weather_profile": "sunny_summer",
    "weather_spread_intensity": 1.2290313418357761,
    "demand_profile": "cold_snap",
    "demand_scale_factor": 1.0150727847211556,
    "inflow_factor": 1.6403446918648,
    "zone_profile_variants": {
      "evening_peak": 0.28,
      "double_peak": 0.16,
      "office_peak": 0.2,
      "industrial": 0.14,
      "night_shift": 0.1,
      "residential_morning": 0.12
    },
    "zone_profile_mix_weight": [
      0.4,
      0.8
    ],
    "zone_profile_phase_shift_hours": [
      -2.5,
      2.5
    ],
    "zone_profile_noise_std": [
      0.02,
      0.06
    ],
    "zone_profile_curvature_exp": [
      0.9,
      1.18
    ],
    "region_weather": {
      "R1": {
        "weather_profile": "calm_winter",
        "weather_spread_intensity": 1.2352320772026633
      },
      "R2": {
        "weather_profile": "sunny_summer",
        "weather_spread_intensity": 1.2228306064688887
      }
    }
  },
  "mip_gap_target_pct": 0.9136320803048885,
  "estimates": {
    "vars_total": 95808,
    "cons_total": 124550,
    "est_cpu_hours": 1.7829704444444445
  },
  "meta": {
    "regions": 2,
    "zones": 20,
    "sites": 20,
    "intertie_density": 0.5705398171266601,
    "neighbor_nations": 2,
    "assets": {
      "thermal": 29,
      "solar": 38,
      "wind": 39,
      "battery": 15,
      "dr": 24,
      "nuclear": 1,
      "hydro_reservoir": 0,
      "hydro_ror": 19,
      "hydro_pumped": 3
    },
    "demand_scale_factor": 1.0150727847211556,
    "zone_profile_variants": {
      "evening_peak": 0.28,
      "double_peak": 0.16,
      "office_peak": 0.2,
      "industrial": 0.14,
      "night_shift": 0.1,
      "residential_morning": 0.12
    },
    "zone_profile_mix_weight": [
      0.4,
      0.8
    ],
    "weather_profile": "sunny_summer",
    "cross_border_policy": "block",
    "price_cap": 2686.06750873962,
    "co2_price": 163.94825185446913,
    "import_export_caps_factor": 1.2224404710630865,
    "operation_costs": {
      "thermal_fuel_eur_per_mwh": 47.39210960427803,
      "nuclear_fuel_eur_per_mwh": 25.01297792729674,
      "thermal_startup_cost_eur": 4762.989242848064,
      "nuclear_startup_cost_eur": 42588.162535630174,
      "demand_response_cost_eur_per_mwh": 1151.8889281689178,
      "value_of_lost_load_eur_per_mwh": 8380.624930519763,
      "renewable_spill_cost_eur_per_mwh": 1419.2325671020253,
      "hydro_spill_cost_eur_per_mwh": 1164.0189616656016,
      "overgen_spill_cost_eur_per_mwh": 7834.7810748163665,
      "battery_cycle_cost_eur_per_mwh": 146.16426509184234,
      "pumped_cycle_cost_eur_per_mwh": 75.85947280067225
    },
    "tech_scalers": {
      "thermal_marg_cost": 3.0645233428506513,
      "thermal_ramp_pct": 0.18890922044954533,
      "battery_roundtrip_eff": 0.9307345911008714,
      "battery_e_to_p_hours": 3.927307645852555,
      "dr_max_shed_share": 0.06493080670956033,
      "dr_duration_hours": 5.905527433954559,
      "hydro_reservoir_head_eff": 0.838087750519821,
      "battery_initial_soc_fraction": 0.6143510361132802,
      "battery_final_soc_tolerance": 0.17005256301878616,
      "battery_self_discharge_per_hour": 0.0069488124072967575,
      "pumped_initial_level_fraction": 0.5685843064787701,
      "pumped_final_level_tolerance": 0.06508576509635891,
      "pumped_self_discharge_per_hour": 0.002743708099638951
    }
  },
  "flexibility_metrics": {
    "total_storage_power_mw": 1350.0,
    "total_storage_capacity_mwh": 7745.5,
    "battery_power_mw": 750.0,
    "battery_capacity_mwh": 2945.5,
    "pumped_power_mw": 600.0,
    "pumped_capacity_mwh": 4800.0,
    "total_dr_capacity_mw": 659.1,
    "total_ramp_up_mw_per_step": 423.4,
    "total_ramp_down_mw_per_step": 423.4,
    "thermal_flex_ratio": 0.207,
    "dr_duration_hours": 5.91,
    "battery_roundtrip_efficiency": 0.931
  },
  "difficulty_indicators": {
    "vre_penetration_pct": 41.68,
    "net_demand_volatility": 0.297,
    "peak_to_valley_ratio": 1.83,
    "estimated_milp_solve_time_seconds": 6418.7,
    "complexity_score": "hard",
    "n_binary_variables": 2784,
    "n_timesteps": 96,
    "n_zones": 20,
    "weather_profile": "sunny_summer",
    "demand_profile": "cold_snap"
  }
}