{
  "id": "1723d9af-6528-4947-9ab2-90b6e25b13f9",
  "horizon_hours": 24,
  "dt_minutes": 15,
  "graph": {
    "regions": 3,
    "zones_per_region": [
      8,
      8,
      6
    ],
    "sites_per_zone": [
      4,
      4,
      7,
      6,
      7,
      3,
      6,
      3,
      2,
      3,
      3,
      5,
      2,
      7,
      7,
      8,
      6,
      3,
      4,
      2,
      6,
      2
    ],
    "intertie_density": 0.39402855431967837,
    "neighbor_nations": 2
  },
  "assets": {
    "thermal_per_site": [
      2,
      1,
      0,
      3,
      1,
      2,
      1,
      1,
      1,
      2,
      1,
      0,
      1,
      3,
      1,
      1,
      2,
      3,
      2,
      1,
      1,
      1
    ],
    "solar_per_site": [
      2,
      3,
      1,
      2,
      3,
      3,
      3,
      2,
      3,
      3,
      3,
      1,
      1,
      2,
      1,
      2,
      1,
      3,
      3,
      2,
      3,
      3
    ],
    "wind_per_site": [
      1,
      3,
      3,
      2,
      1,
      1,
      3,
      1,
      2,
      2,
      2,
      3,
      3,
      1,
      2,
      3,
      2,
      3,
      3,
      2,
      1,
      1
    ],
    "battery_per_site": [
      1,
      0,
      2,
      1,
      1,
      0,
      1,
      0,
      0,
      1,
      2,
      2,
      1,
      2,
      1,
      1,
      2,
      2,
      2,
      1,
      2,
      0
    ],
    "dr_per_site": [
      2,
      0,
      1,
      2,
      0,
      2,
      1,
      1,
      0,
      0,
      2,
      1,
      1,
      2,
      2,
      1,
      1,
      1,
      0,
      0,
      2,
      2
    ],
    "nuclear_per_region": [
      1,
      1,
      2
    ],
    "hydro_reservoir_per_region": [
      0,
      0,
      0
    ],
    "hydro_ror_per_zone": [
      1,
      1,
      2,
      2,
      1,
      1,
      0,
      2,
      0,
      0,
      2,
      0,
      2,
      0,
      1,
      2,
      1,
      1,
      0,
      2,
      1,
      2
    ],
    "hydro_pumped_per_region": [
      2,
      0,
      0
    ]
  },
  "econ_policy": {
    "co2_price": 168.34055491639378,
    "price_cap": 1711.949414728686,
    "cross_border_policy": "block",
    "import_export_caps_factor": 0.7595956650629339
  },
  "tech": {
    "thermal_marg_cost": 13.965530053935,
    "thermal_ramp_pct": 0.4395032406795526,
    "battery_roundtrip_eff": 0.8773588450589722,
    "battery_e_to_p_hours": 2.1691916231310944,
    "dr_max_shed_share": 0.15408151056954217,
    "dr_duration_hours": 2.9510901401942204,
    "hydro_reservoir_head_eff": 0.7972472471548744,
    "battery_initial_soc_fraction": 0.4522314808295941,
    "battery_final_soc_tolerance": 0.05321304326352848,
    "battery_self_discharge_per_hour": 0.005244980028986366,
    "pumped_initial_level_fraction": 0.680012954359294,
    "pumped_final_level_tolerance": 0.1576769226845442,
    "pumped_self_discharge_per_hour": 0.0027491703790082484
  },
  "operation_costs": {
    "thermal_fuel_eur_per_mwh": 53.51107774874454,
    "nuclear_fuel_eur_per_mwh": 13.995373183973893,
    "demand_response_cost_eur_per_mwh": 728.6850702741715,
    "value_of_lost_load_eur_per_mwh": 7219.850494808208,
    "renewable_spill_cost_eur_per_mwh": 1802.3359013785557,
    "hydro_spill_cost_eur_per_mwh": 554.3784847437869,
    "overgen_spill_cost_eur_per_mwh": 6713.290610312109,
    "battery_cycle_cost_eur_per_mwh": 86.52521441673211,
    "pumped_cycle_cost_eur_per_mwh": 67.12794154844917
  },
  "exogenous": {
    "weather_profile": "stormy_winter",
    "weather_spread_intensity": 0.8583643607652013,
    "demand_profile": "heatwave",
    "demand_scale_factor": 1.2435280758474105,
    "inflow_factor": 0.4470639906141238,
    "zone_profile_variants": {
      "evening_peak": 0.28,
      "double_peak": 0.16,
      "office_peak": 0.2,
      "industrial": 0.14,
      "night_shift": 0.1,
      "residential_morning": 0.12
    },
    "zone_profile_mix_weight": [
      0.4,
      0.8
    ],
    "zone_profile_phase_shift_hours": [
      -2.5,
      2.5
    ],
    "zone_profile_noise_std": [
      0.02,
      0.06
    ],
    "zone_profile_curvature_exp": [
      0.9,
      1.18
    ],
    "region_weather": {
      "R1": {
        "weather_profile": "stormy_winter",
        "weather_spread_intensity": 0.7208351783197114
      },
      "R2": {
        "weather_profile": "sunny_summer",
        "weather_spread_intensity": 0.9845501082133604
      },
      "R3": {
        "weather_profile": "stormy_winter",
        "weather_spread_intensity": 0.8697077957625321
      }
    }
  },
  "mip_gap_target_pct": 1.4993638195488854,
  "estimates": {
    "vars_total": 110112,
    "cons_total": 143145,
    "est_cpu_hours": 2.038215666666667
  },
  "meta": {
    "regions": 3,
    "zones": 22,
    "sites": 22,
    "intertie_density": 0.39402855431967837,
    "neighbor_nations": 2,
    "assets": {
      "thermal": 31,
      "solar": 50,
      "wind": 45,
      "battery": 25,
      "dr": 24,
      "nuclear": 4,
      "hydro_reservoir": 0,
      "hydro_ror": 24,
      "hydro_pumped": 2
    },
    "demand_scale_factor": 1.2435280758474105,
    "zone_profile_variants": {
      "evening_peak": 0.28,
      "double_peak": 0.16,
      "office_peak": 0.2,
      "industrial": 0.14,
      "night_shift": 0.1,
      "residential_morning": 0.12
    },
    "zone_profile_mix_weight": [
      0.4,
      0.8
    ],
    "weather_profile": "stormy_winter",
    "cross_border_policy": "block",
    "price_cap": 1711.949414728686,
    "co2_price": 168.34055491639378,
    "import_export_caps_factor": 0.7595956650629339,
    "operation_costs": {
      "thermal_fuel_eur_per_mwh": 53.51107774874454,
      "nuclear_fuel_eur_per_mwh": 13.995373183973893,
      "demand_response_cost_eur_per_mwh": 728.6850702741715,
      "value_of_lost_load_eur_per_mwh": 7219.850494808208,
      "renewable_spill_cost_eur_per_mwh": 1802.3359013785557,
      "hydro_spill_cost_eur_per_mwh": 554.3784847437869,
      "overgen_spill_cost_eur_per_mwh": 6713.290610312109,
      "battery_cycle_cost_eur_per_mwh": 86.52521441673211,
      "pumped_cycle_cost_eur_per_mwh": 67.12794154844917
    },
    "tech_scalers": {
      "thermal_marg_cost": 13.965530053935,
      "thermal_ramp_pct": 0.4395032406795526,
      "battery_roundtrip_eff": 0.8773588450589722,
      "battery_e_to_p_hours": 2.1691916231310944,
      "dr_max_shed_share": 0.15408151056954217,
      "dr_duration_hours": 2.9510901401942204,
      "hydro_reservoir_head_eff": 0.7972472471548744,
      "battery_initial_soc_fraction": 0.4522314808295941,
      "battery_final_soc_tolerance": 0.05321304326352848,
      "battery_self_discharge_per_hour": 0.005244980028986366,
      "pumped_initial_level_fraction": 0.680012954359294,
      "pumped_final_level_tolerance": 0.1576769226845442,
      "pumped_self_discharge_per_hour": 0.0027491703790082484
    }
  },
  "flexibility_metrics": {
    "total_storage_power_mw": 1650.0,
    "total_storage_capacity_mwh": 5911.5,
    "battery_power_mw": 1250.0,
    "battery_capacity_mwh": 2711.5,
    "pumped_power_mw": 400.0,
    "pumped_capacity_mwh": 3200.0,
    "total_dr_capacity_mw": 2107.7,
    "total_ramp_up_mw_per_step": 1071.8,
    "total_ramp_down_mw_per_step": 1071.8,
    "thermal_flex_ratio": 0.283,
    "dr_duration_hours": 2.95,
    "battery_roundtrip_efficiency": 0.877
  },
  "difficulty_indicators": {
    "vre_penetration_pct": 39.36,
    "net_demand_volatility": 0.333,
    "peak_to_valley_ratio": 2.24,
    "estimated_milp_solve_time_seconds": 7337.6,
    "complexity_score": "hard",
    "n_binary_variables": 2976,
    "n_timesteps": 96,
    "n_zones": 22,
    "weather_profile": "stormy_winter",
    "demand_profile": "heatwave"
  }
}