{
  "id": "ff306e62-491a-4b0a-a810-45ee230661e5",
  "horizon_hours": 24,
  "dt_minutes": 15,
  "graph": {
    "regions": 3,
    "zones_per_region": [
      3,
      9,
      5
    ],
    "sites_per_zone": [
      5,
      3,
      5,
      8,
      7,
      3,
      8,
      5,
      4,
      6,
      4,
      5,
      8,
      5,
      2,
      8,
      7
    ],
    "intertie_density": 0.3419009753158729,
    "neighbor_nations": 2
  },
  "assets": {
    "thermal_per_site": [
      0,
      1,
      1,
      3,
      2,
      3,
      2,
      2,
      0,
      0,
      3,
      2,
      2,
      2,
      3,
      0,
      2
    ],
    "solar_per_site": [
      2,
      1,
      1,
      2,
      3,
      1,
      3,
      3,
      1,
      2,
      3,
      3,
      2,
      1,
      1,
      2,
      1
    ],
    "wind_per_site": [
      3,
      2,
      1,
      2,
      3,
      3,
      2,
      3,
      3,
      2,
      3,
      3,
      1,
      2,
      2,
      3,
      2
    ],
    "battery_per_site": [
      2,
      0,
      0,
      2,
      0,
      2,
      2,
      2,
      2,
      0,
      2,
      0,
      0,
      0,
      0,
      0,
      1
    ],
    "dr_per_site": [
      2,
      2,
      2,
      1,
      1,
      1,
      1,
      2,
      1,
      0,
      2,
      1,
      2,
      1,
      1,
      1,
      1
    ],
    "nuclear_per_region": [
      2,
      1,
      0
    ],
    "hydro_reservoir_per_region": [
      0,
      2,
      3
    ],
    "hydro_ror_per_zone": [
      1,
      1,
      2,
      1,
      0,
      2,
      0,
      1,
      1,
      1,
      0,
      2,
      1,
      1,
      2,
      2,
      1
    ],
    "hydro_pumped_per_region": [
      0,
      1,
      1
    ]
  },
  "econ_policy": {
    "co2_price": 103.1776820696385,
    "price_cap": 4063.1997631325544,
    "cross_border_policy": "allow",
    "import_export_caps_factor": 0.5145189879309403
  },
  "tech": {
    "thermal_marg_cost": 7.529395621167226,
    "thermal_ramp_pct": 0.054211722436248125,
    "battery_roundtrip_eff": 0.7981338881239841,
    "battery_e_to_p_hours": 4.2559423433215855,
    "dr_max_shed_share": 0.3413217337734208,
    "dr_duration_hours": 1.9819257366736367,
    "hydro_reservoir_head_eff": 0.8879767113823387,
    "battery_initial_soc_fraction": 0.467612169858284,
    "battery_final_soc_tolerance": 0.15611134863501702,
    "battery_self_discharge_per_hour": 0.002233741607306625,
    "pumped_initial_level_fraction": 0.6748537825836665,
    "pumped_final_level_tolerance": 0.11340622396927673,
    "pumped_self_discharge_per_hour": 0.0006159702213807152
  },
  "operation_costs": {
    "thermal_fuel_eur_per_mwh": 63.604162129197164,
    "nuclear_fuel_eur_per_mwh": 8.192551489461893,
    "demand_response_cost_eur_per_mwh": 408.58856429321804,
    "value_of_lost_load_eur_per_mwh": 6009.37301370999,
    "renewable_spill_cost_eur_per_mwh": 672.6475154027602,
    "hydro_spill_cost_eur_per_mwh": 735.0918249946271,
    "overgen_spill_cost_eur_per_mwh": 5998.657036062621,
    "battery_cycle_cost_eur_per_mwh": 63.100523194047675,
    "pumped_cycle_cost_eur_per_mwh": 72.36256092273882
  },
  "exogenous": {
    "weather_profile": "stormy_winter",
    "weather_spread_intensity": 0.8929077330768921,
    "demand_profile": "cold_snap",
    "demand_scale_factor": 1.1356580349152532,
    "inflow_factor": 0.5483367881987334,
    "zone_profile_variants": {
      "evening_peak": 0.28,
      "double_peak": 0.16,
      "office_peak": 0.2,
      "industrial": 0.14,
      "night_shift": 0.1,
      "residential_morning": 0.12
    },
    "zone_profile_mix_weight": [
      0.4,
      0.8
    ],
    "zone_profile_phase_shift_hours": [
      -2.5,
      2.5
    ],
    "zone_profile_noise_std": [
      0.02,
      0.06
    ],
    "zone_profile_curvature_exp": [
      0.9,
      1.18
    ],
    "region_weather": {
      "R1": {
        "weather_profile": "calm_winter",
        "weather_spread_intensity": 0.5176520957201632
      },
      "R2": {
        "weather_profile": "mixed",
        "weather_spread_intensity": 1.2748487059445588
      },
      "R3": {
        "weather_profile": "stormy_winter",
        "weather_spread_intensity": 0.8862223975659539
      }
    }
  },
  "mip_gap_target_pct": 1.0182559540468552,
  "estimates": {
    "vars_total": 87744,
    "cons_total": 114067,
    "est_cpu_hours": 1.6390745555555557
  },
  "meta": {
    "regions": 3,
    "zones": 17,
    "sites": 17,
    "intertie_density": 0.3419009753158729,
    "neighbor_nations": 2,
    "assets": {
      "thermal": 28,
      "solar": 32,
      "wind": 40,
      "battery": 15,
      "dr": 22,
      "nuclear": 3,
      "hydro_reservoir": 5,
      "hydro_ror": 19,
      "hydro_pumped": 2
    },
    "demand_scale_factor": 1.1356580349152532,
    "zone_profile_variants": {
      "evening_peak": 0.28,
      "double_peak": 0.16,
      "office_peak": 0.2,
      "industrial": 0.14,
      "night_shift": 0.1,
      "residential_morning": 0.12
    },
    "zone_profile_mix_weight": [
      0.4,
      0.8
    ],
    "weather_profile": "stormy_winter",
    "cross_border_policy": "allow",
    "price_cap": 4063.1997631325544,
    "co2_price": 103.1776820696385,
    "import_export_caps_factor": 0.5145189879309403,
    "operation_costs": {
      "thermal_fuel_eur_per_mwh": 63.604162129197164,
      "nuclear_fuel_eur_per_mwh": 8.192551489461893,
      "demand_response_cost_eur_per_mwh": 408.58856429321804,
      "value_of_lost_load_eur_per_mwh": 6009.37301370999,
      "renewable_spill_cost_eur_per_mwh": 672.6475154027602,
      "hydro_spill_cost_eur_per_mwh": 735.0918249946271,
      "overgen_spill_cost_eur_per_mwh": 5998.657036062621,
      "battery_cycle_cost_eur_per_mwh": 63.100523194047675,
      "pumped_cycle_cost_eur_per_mwh": 72.36256092273882
    },
    "tech_scalers": {
      "thermal_marg_cost": 7.529395621167226,
      "thermal_ramp_pct": 0.054211722436248125,
      "battery_roundtrip_eff": 0.7981338881239841,
      "battery_e_to_p_hours": 4.2559423433215855,
      "dr_max_shed_share": 0.3413217337734208,
      "dr_duration_hours": 1.9819257366736367,
      "hydro_reservoir_head_eff": 0.8879767113823387,
      "battery_initial_soc_fraction": 0.467612169858284,
      "battery_final_soc_tolerance": 0.15611134863501702,
      "battery_self_discharge_per_hour": 0.002233741607306625,
      "pumped_initial_level_fraction": 0.6748537825836665,
      "pumped_final_level_tolerance": 0.11340622396927673,
      "pumped_self_discharge_per_hour": 0.0006159702213807152
    }
  },
  "flexibility_metrics": {
    "total_storage_power_mw": 1150.0,
    "total_storage_capacity_mwh": 6392.0,
    "battery_power_mw": 750.0,
    "battery_capacity_mwh": 3192.0,
    "pumped_power_mw": 400.0,
    "pumped_capacity_mwh": 3200.0,
    "total_dr_capacity_mw": 3294.8,
    "total_ramp_up_mw_per_step": 151.3,
    "total_ramp_down_mw_per_step": 151.3,
    "thermal_flex_ratio": 0.39,
    "dr_duration_hours": 1.98,
    "battery_roundtrip_efficiency": 0.798
  },
  "difficulty_indicators": {
    "vre_penetration_pct": 34.2,
    "net_demand_volatility": 0.32,
    "peak_to_valley_ratio": 2.04,
    "estimated_milp_solve_time_seconds": 5900.7,
    "complexity_score": "hard",
    "n_binary_variables": 2688,
    "n_timesteps": 96,
    "n_zones": 17,
    "weather_profile": "stormy_winter",
    "demand_profile": "cold_snap"
  }
}