{
  "id": "55dc6431-4b3c-4473-99a5-6f0a4fa01696",
  "horizon_hours": 24,
  "dt_minutes": 15,
  "graph": {
    "regions": 3,
    "zones_per_region": [
      9,
      8,
      5
    ],
    "sites_per_zone": [
      6,
      7,
      5,
      8,
      3,
      5,
      6,
      3,
      7,
      8,
      6,
      5,
      5,
      5,
      5,
      4,
      4,
      2,
      3,
      3,
      4,
      5
    ],
    "intertie_density": 0.504762685660743,
    "neighbor_nations": 2
  },
  "assets": {
    "thermal_per_site": [
      2,
      0,
      1,
      3,
      2,
      0,
      1,
      1,
      3,
      2,
      3,
      2,
      1,
      1,
      3,
      3,
      2,
      3,
      1,
      3,
      2,
      2
    ],
    "solar_per_site": [
      2,
      3,
      2,
      1,
      1,
      2,
      3,
      3,
      3,
      3,
      1,
      3,
      2,
      2,
      3,
      2,
      2,
      1,
      2,
      3,
      2,
      3
    ],
    "wind_per_site": [
      1,
      1,
      3,
      1,
      3,
      2,
      2,
      1,
      2,
      2,
      2,
      2,
      2,
      2,
      3,
      3,
      3,
      1,
      3,
      3,
      3,
      1
    ],
    "battery_per_site": [
      0,
      2,
      2,
      2,
      1,
      1,
      2,
      2,
      0,
      1,
      0,
      1,
      0,
      2,
      2,
      1,
      2,
      0,
      2,
      1,
      0,
      1
    ],
    "dr_per_site": [
      2,
      2,
      0,
      1,
      2,
      2,
      1,
      0,
      0,
      0,
      2,
      2,
      2,
      2,
      1,
      2,
      0,
      2,
      1,
      1,
      1,
      0
    ],
    "nuclear_per_region": [
      1,
      0,
      0
    ],
    "hydro_reservoir_per_region": [
      2,
      0,
      2
    ],
    "hydro_ror_per_zone": [
      2,
      1,
      2,
      2,
      1,
      2,
      2,
      2,
      2,
      2,
      2,
      2,
      2,
      0,
      2,
      2,
      1,
      1,
      0,
      1,
      2,
      0
    ],
    "hydro_pumped_per_region": [
      1,
      0,
      1
    ]
  },
  "econ_policy": {
    "co2_price": 129.42720173389776,
    "price_cap": 2190.311432835089,
    "cross_border_policy": "allow",
    "import_export_caps_factor": 0.8211433063038969
  },
  "tech": {
    "thermal_marg_cost": 8.248060545634909,
    "thermal_ramp_pct": 0.12741152489312096,
    "battery_roundtrip_eff": 0.9051277696405149,
    "battery_e_to_p_hours": 3.68508401084979,
    "dr_max_shed_share": 0.15241319065372222,
    "dr_duration_hours": 3.0331822008860816,
    "hydro_reservoir_head_eff": 1.0016689268124943,
    "battery_initial_soc_fraction": 0.4710971418548966,
    "battery_final_soc_tolerance": 0.05844710146093425,
    "battery_self_discharge_per_hour": 0.0053990963168788625,
    "pumped_initial_level_fraction": 0.5134257508793636,
    "pumped_final_level_tolerance": 0.11158289074761221,
    "pumped_self_discharge_per_hour": 0.0008003115305372637
  },
  "operation_costs": {
    "thermal_fuel_eur_per_mwh": 74.6821035526814,
    "nuclear_fuel_eur_per_mwh": 13.779966264679786,
    "demand_response_cost_eur_per_mwh": 517.8651508211942,
    "value_of_lost_load_eur_per_mwh": 7750.582025351488,
    "renewable_spill_cost_eur_per_mwh": 1548.0475310959805,
    "hydro_spill_cost_eur_per_mwh": 1182.2906174117738,
    "overgen_spill_cost_eur_per_mwh": 7434.823739917672,
    "battery_cycle_cost_eur_per_mwh": 94.14991454370573,
    "pumped_cycle_cost_eur_per_mwh": 74.52179215183756
  },
  "exogenous": {
    "weather_profile": "sunny_summer",
    "weather_spread_intensity": 1.0320306997978121,
    "demand_profile": "heatwave",
    "demand_scale_factor": 1.0821302369763428,
    "inflow_factor": 1.1092024086381294,
    "zone_profile_variants": {
      "evening_peak": 0.28,
      "double_peak": 0.16,
      "office_peak": 0.2,
      "industrial": 0.14,
      "night_shift": 0.1,
      "residential_morning": 0.12
    },
    "zone_profile_mix_weight": [
      0.4,
      0.8
    ],
    "zone_profile_phase_shift_hours": [
      -2.5,
      2.5
    ],
    "zone_profile_noise_std": [
      0.02,
      0.06
    ],
    "zone_profile_curvature_exp": [
      0.9,
      1.18
    ],
    "region_weather": {
      "R1": {
        "weather_profile": "overcast_summer",
        "weather_spread_intensity": 0.9251619906380126
      },
      "R2": {
        "weather_profile": "calm_winter",
        "weather_spread_intensity": 0.9241978538752799
      },
      "R3": {
        "weather_profile": "sunny_summer",
        "weather_spread_intensity": 1.2467322548801443
      }
    }
  },
  "mip_gap_target_pct": 1.1952781523384206,
  "estimates": {
    "vars_total": 116256,
    "cons_total": 151132,
    "est_cpu_hours": 2.1478502222222224
  },
  "meta": {
    "regions": 3,
    "zones": 22,
    "sites": 22,
    "intertie_density": 0.504762685660743,
    "neighbor_nations": 2,
    "assets": {
      "thermal": 41,
      "solar": 49,
      "wind": 46,
      "battery": 25,
      "dr": 26,
      "nuclear": 1,
      "hydro_reservoir": 4,
      "hydro_ror": 33,
      "hydro_pumped": 2
    },
    "demand_scale_factor": 1.0821302369763428,
    "zone_profile_variants": {
      "evening_peak": 0.28,
      "double_peak": 0.16,
      "office_peak": 0.2,
      "industrial": 0.14,
      "night_shift": 0.1,
      "residential_morning": 0.12
    },
    "zone_profile_mix_weight": [
      0.4,
      0.8
    ],
    "weather_profile": "sunny_summer",
    "cross_border_policy": "allow",
    "price_cap": 2190.311432835089,
    "co2_price": 129.42720173389776,
    "import_export_caps_factor": 0.8211433063038969,
    "operation_costs": {
      "thermal_fuel_eur_per_mwh": 74.6821035526814,
      "nuclear_fuel_eur_per_mwh": 13.779966264679786,
      "demand_response_cost_eur_per_mwh": 517.8651508211942,
      "value_of_lost_load_eur_per_mwh": 7750.582025351488,
      "renewable_spill_cost_eur_per_mwh": 1548.0475310959805,
      "hydro_spill_cost_eur_per_mwh": 1182.2906174117738,
      "overgen_spill_cost_eur_per_mwh": 7434.823739917672,
      "battery_cycle_cost_eur_per_mwh": 94.14991454370573,
      "pumped_cycle_cost_eur_per_mwh": 74.52179215183756
    },
    "tech_scalers": {
      "thermal_marg_cost": 8.248060545634909,
      "thermal_ramp_pct": 0.12741152489312096,
      "battery_roundtrip_eff": 0.9051277696405149,
      "battery_e_to_p_hours": 3.68508401084979,
      "dr_max_shed_share": 0.15241319065372222,
      "dr_duration_hours": 3.0331822008860816,
      "hydro_reservoir_head_eff": 1.0016689268124943,
      "battery_initial_soc_fraction": 0.4710971418548966,
      "battery_final_soc_tolerance": 0.05844710146093425,
      "battery_self_discharge_per_hour": 0.0053990963168788625,
      "pumped_initial_level_fraction": 0.5134257508793636,
      "pumped_final_level_tolerance": 0.11158289074761221,
      "pumped_self_discharge_per_hour": 0.0008003115305372637
    }
  },
  "flexibility_metrics": {
    "total_storage_power_mw": 1650.0,
    "total_storage_capacity_mwh": 7806.4,
    "battery_power_mw": 1250.0,
    "battery_capacity_mwh": 4606.4,
    "pumped_power_mw": 400.0,
    "pumped_capacity_mwh": 3200.0,
    "total_dr_capacity_mw": 1814.2,
    "total_ramp_up_mw_per_step": 404.3,
    "total_ramp_down_mw_per_step": 404.3,
    "thermal_flex_ratio": 0.26,
    "dr_duration_hours": 3.03,
    "battery_roundtrip_efficiency": 0.905
  },
  "difficulty_indicators": {
    "vre_penetration_pct": 35.01,
    "net_demand_volatility": 0.311,
    "peak_to_valley_ratio": 1.95,
    "estimated_milp_solve_time_seconds": 7732.3,
    "complexity_score": "hard",
    "n_binary_variables": 3936,
    "n_timesteps": 96,
    "n_zones": 22,
    "weather_profile": "sunny_summer",
    "demand_profile": "heatwave"
  }
}