{
  "id": "ac98ea8b-5b5f-4747-a142-7a5effad755d",
  "horizon_hours": 24,
  "dt_minutes": 15,
  "graph": {
    "regions": 4,
    "zones_per_region": [
      2,
      8,
      6,
      8
    ],
    "sites_per_zone": [
      4,
      2,
      8,
      8,
      9,
      4,
      10,
      5,
      8,
      3,
      6,
      3,
      2,
      4,
      10,
      4,
      8,
      5,
      10,
      2,
      4,
      8,
      6,
      4
    ],
    "intertie_density": 0.5333220090809166,
    "neighbor_nations": 5
  },
  "assets": {
    "thermal_per_site": [
      0,
      1,
      0,
      2,
      0,
      1,
      1,
      3,
      2,
      0,
      3,
      3,
      1,
      1,
      2,
      3,
      1,
      3,
      1,
      3,
      0,
      1,
      1,
      0
    ],
    "solar_per_site": [
      2,
      3,
      1,
      1,
      2,
      1,
      2,
      1,
      1,
      1,
      3,
      1,
      3,
      3,
      1,
      1,
      1,
      1,
      2,
      1,
      3,
      3,
      3,
      3
    ],
    "wind_per_site": [
      1,
      1,
      3,
      1,
      1,
      1,
      1,
      2,
      3,
      1,
      3,
      3,
      2,
      2,
      1,
      1,
      1,
      1,
      1,
      2,
      3,
      2,
      2,
      1
    ],
    "battery_per_site": [
      0,
      2,
      1,
      2,
      0,
      0,
      2,
      2,
      0,
      0,
      2,
      2,
      2,
      1,
      0,
      1,
      2,
      0,
      2,
      1,
      2,
      0,
      0,
      2
    ],
    "dr_per_site": [
      0,
      1,
      0,
      2,
      2,
      1,
      0,
      0,
      0,
      2,
      1,
      0,
      0,
      0,
      0,
      2,
      1,
      1,
      0,
      2,
      0,
      1,
      1,
      0
    ],
    "nuclear_per_region": [
      0,
      2,
      0,
      2
    ],
    "hydro_reservoir_per_region": [
      3,
      1,
      0,
      3
    ],
    "hydro_ror_per_zone": [
      2,
      2,
      0,
      1,
      2,
      0,
      1,
      0,
      2,
      0,
      0,
      1,
      1,
      0,
      1,
      0,
      1,
      1,
      2,
      2,
      2,
      0,
      1,
      1
    ],
    "hydro_pumped_per_region": [
      1,
      0,
      0,
      2
    ]
  },
  "econ_policy": {
    "co2_price": 110.10841950358018,
    "price_cap": 1162.2501151941888,
    "cross_border_policy": "cap",
    "import_export_caps_factor": 1.047336516286065
  },
  "tech": {
    "thermal_marg_cost": 3.591324240637302,
    "thermal_ramp_pct": 0.42231278597160504,
    "battery_roundtrip_eff": 0.7904676518637488,
    "battery_e_to_p_hours": 1.7959649513501776,
    "dr_max_shed_share": 0.1507060271707732,
    "dr_duration_hours": 2.139183825274425,
    "hydro_reservoir_head_eff": 0.8751081721746422,
    "battery_initial_soc_fraction": 0.40546054832900125,
    "battery_final_soc_tolerance": 0.17007269399427272,
    "battery_self_discharge_per_hour": 0.005257057819716523,
    "pumped_initial_level_fraction": 0.6941650613047214,
    "pumped_final_level_tolerance": 0.14662822013553323,
    "pumped_self_discharge_per_hour": 0.0017388695488959273
  },
  "operation_costs": {
    "thermal_fuel_eur_per_mwh": 75.60124553130693,
    "nuclear_fuel_eur_per_mwh": 24.1935171657425,
    "thermal_startup_cost_eur": 7618.479801400841,
    "nuclear_startup_cost_eur": 38117.73088006278,
    "demand_response_cost_eur_per_mwh": 438.6537263104395,
    "value_of_lost_load_eur_per_mwh": 8025.572464473865,
    "renewable_spill_cost_eur_per_mwh": 1707.6215122663832,
    "hydro_spill_cost_eur_per_mwh": 970.7662710775837,
    "overgen_spill_cost_eur_per_mwh": 5462.987624880851,
    "battery_cycle_cost_eur_per_mwh": 80.2518395113135,
    "pumped_cycle_cost_eur_per_mwh": 66.781191637959
  },
  "exogenous": {
    "weather_profile": "overcast_summer",
    "weather_spread_intensity": 1.080275346573864,
    "demand_profile": "cold_snap",
    "demand_scale_factor": 1.0192162167859893,
    "inflow_factor": 0.8297617193892051,
    "zone_profile_variants": {
      "evening_peak": 0.28,
      "double_peak": 0.16,
      "office_peak": 0.2,
      "industrial": 0.14,
      "night_shift": 0.1,
      "residential_morning": 0.12
    },
    "zone_profile_mix_weight": [
      0.4,
      0.8
    ],
    "zone_profile_phase_shift_hours": [
      -2.5,
      2.5
    ],
    "zone_profile_noise_std": [
      0.02,
      0.06
    ],
    "zone_profile_curvature_exp": [
      0.9,
      1.18
    ],
    "region_weather": {
      "R1": {
        "weather_profile": "stormy_winter",
        "weather_spread_intensity": 0.8560504744290478
      },
      "R2": {
        "weather_profile": "overcast_summer",
        "weather_spread_intensity": 0.6914465421344119
      },
      "R3": {
        "weather_profile": "overcast_summer",
        "weather_spread_intensity": 1.430051407525
      },
      "R4": {
        "weather_profile": "sunny_summer",
        "weather_spread_intensity": 1.3435529622069962
      }
    }
  },
  "mip_gap_target_pct": 1.0078941150036864,
  "estimates": {
    "vars_total": 114528,
    "cons_total": 148886,
    "est_cpu_hours": 2.1170184444444446
  },
  "meta": {
    "regions": 4,
    "zones": 24,
    "sites": 24,
    "intertie_density": 0.5333220090809166,
    "neighbor_nations": 5,
    "assets": {
      "thermal": 33,
      "solar": 44,
      "wind": 40,
      "battery": 26,
      "dr": 17,
      "nuclear": 4,
      "hydro_reservoir": 7,
      "hydro_ror": 23,
      "hydro_pumped": 3
    },
    "demand_scale_factor": 1.0192162167859893,
    "zone_profile_variants": {
      "evening_peak": 0.28,
      "double_peak": 0.16,
      "office_peak": 0.2,
      "industrial": 0.14,
      "night_shift": 0.1,
      "residential_morning": 0.12
    },
    "zone_profile_mix_weight": [
      0.4,
      0.8
    ],
    "weather_profile": "overcast_summer",
    "cross_border_policy": "cap",
    "price_cap": 1162.2501151941888,
    "co2_price": 110.10841950358018,
    "import_export_caps_factor": 1.047336516286065,
    "operation_costs": {
      "thermal_fuel_eur_per_mwh": 75.60124553130693,
      "nuclear_fuel_eur_per_mwh": 24.1935171657425,
      "thermal_startup_cost_eur": 7618.479801400841,
      "nuclear_startup_cost_eur": 38117.73088006278,
      "demand_response_cost_eur_per_mwh": 438.6537263104395,
      "value_of_lost_load_eur_per_mwh": 8025.572464473865,
      "renewable_spill_cost_eur_per_mwh": 1707.6215122663832,
      "hydro_spill_cost_eur_per_mwh": 970.7662710775837,
      "overgen_spill_cost_eur_per_mwh": 5462.987624880851,
      "battery_cycle_cost_eur_per_mwh": 80.2518395113135,
      "pumped_cycle_cost_eur_per_mwh": 66.781191637959
    },
    "tech_scalers": {
      "thermal_marg_cost": 3.591324240637302,
      "thermal_ramp_pct": 0.42231278597160504,
      "battery_roundtrip_eff": 0.7904676518637488,
      "battery_e_to_p_hours": 1.7959649513501776,
      "dr_max_shed_share": 0.1507060271707732,
      "dr_duration_hours": 2.139183825274425,
      "hydro_reservoir_head_eff": 0.8751081721746422,
      "battery_initial_soc_fraction": 0.40546054832900125,
      "battery_final_soc_tolerance": 0.17007269399427272,
      "battery_self_discharge_per_hour": 0.005257057819716523,
      "pumped_initial_level_fraction": 0.6941650613047214,
      "pumped_final_level_tolerance": 0.14662822013553323,
      "pumped_self_discharge_per_hour": 0.0017388695488959273
    }
  },
  "flexibility_metrics": {
    "total_storage_power_mw": 1900.0,
    "total_storage_capacity_mwh": 7134.8,
    "battery_power_mw": 1300.0,
    "battery_capacity_mwh": 2334.8,
    "pumped_power_mw": 600.0,
    "pumped_capacity_mwh": 4800.0,
    "total_dr_capacity_mw": 1843.2,
    "total_ramp_up_mw_per_step": 1095.2,
    "total_ramp_down_mw_per_step": 1095.2,
    "thermal_flex_ratio": 0.269,
    "dr_duration_hours": 2.14,
    "battery_roundtrip_efficiency": 0.79
  },
  "difficulty_indicators": {
    "vre_penetration_pct": 32.1,
    "net_demand_volatility": 0.224,
    "peak_to_valley_ratio": 1.83,