{
  "id": "4cd6d80e-ccc2-413c-b782-48ccaff2890d",
  "horizon_hours": 24,
  "dt_minutes": 15,
  "graph": {
    "regions": 2,
    "zones_per_region": [
      9,
      7
    ],
    "sites_per_zone": [
      6,
      5,
      7,
      4,
      6,
      8,
      6,
      5,
      3,
      3,
      7,
      3,
      7,
      6,
      3,
      8
    ],
    "intertie_density": 0.5334213122158538,
    "neighbor_nations": 3
  },
  "assets": {
    "thermal_per_site": [
      0,
      1,
      1,
      3,
      1,
      0,
      0,
      3,
      1,
      0,
      2,
      3,
      3,
      3,
      1,
      0
    ],
    "solar_per_site": [
      1,
      3,
      1,
      2,
      3,
      1,
      3,
      2,
      3,
      2,
      2,
      1,
      2,
      3,
      2,
      3
    ],
    "wind_per_site": [
      3,
      3,
      3,
      2,
      2,
      2,
      2,
      3,
      1,
      1,
      3,
      2,
      1,
      1,
      1,
      2
    ],
    "battery_per_site": [
      1,
      2,
      0,
      1,
      0,
      1,
      1,
      1,
      0,
      0,
      2,
      0,
      2,
      2,
      0,
      2
    ],
    "dr_per_site": [
      1,
      0,
      1,
      2,
      1,
      0,
      0,
      0,
      0,
      0,
      2,
      2,
      1,
      0,
      1,
      2
    ],
    "nuclear_per_region": [
      1,
      0
    ],
    "hydro_reservoir_per_region": [
      0,
      2
    ],
    "hydro_ror_per_zone": [
      0,
      1,
      2,
      2,
      0,
      0,
      0,
      0,
      2,
      1,
      0,
      1,
      0,
      2,
      1,
      1
    ],
    "hydro_pumped_per_region": [
      0,
      2
    ]
  },
  "econ_policy": {
    "co2_price": 69.11761179461209,
    "price_cap": 2175.8946881966835,
    "cross_border_policy": "cap",
    "import_export_caps_factor": 1.3535493157750564
  },
  "tech": {
    "thermal_marg_cost": 6.5875700636042955,
    "thermal_ramp_pct": 0.23604953718409005,
    "battery_roundtrip_eff": 0.8545853723402017,
    "battery_e_to_p_hours": 4.26744189753502,
    "dr_max_shed_share": 0.20267856054099376,
    "dr_duration_hours": 2.3755529525649597,
    "hydro_reservoir_head_eff": 0.7579699367714037,
    "battery_initial_soc_fraction": 0.40660749979865995,
    "battery_final_soc_tolerance": 0.1702308802243821,
    "battery_self_discharge_per_hour": 0.009573786419232556,
    "pumped_initial_level_fraction": 0.6755620711984536,
    "pumped_final_level_tolerance": 0.09307701917733394,
    "pumped_self_discharge_per_hour": 0.0036724258887863683
  },
  "operation_costs": {
    "thermal_fuel_eur_per_mwh": 56.457518904386625,
    "nuclear_fuel_eur_per_mwh": 14.076436027993712,
    "demand_response_cost_eur_per_mwh": 401.7835745341448,
    "value_of_lost_load_eur_per_mwh": 8285.912087219664,
    "renewable_spill_cost_eur_per_mwh": 1307.3566395670225,
    "hydro_spill_cost_eur_per_mwh": 496.5853140215121,
    "overgen_spill_cost_eur_per_mwh": 5880.40772977339,
    "battery_cycle_cost_eur_per_mwh": 117.26608891933505,
    "pumped_cycle_cost_eur_per_mwh": 72.34526028409465
  },
  "exogenous": {
    "weather_profile": "mixed",
    "weather_spread_intensity": 0.9655328027336971,
    "demand_profile": "cold_snap",
    "demand_scale_factor": 1.1796477406023516,
    "inflow_factor": 0.920715163091026,
    "zone_profile_variants": {
      "evening_peak": 0.28,
      "double_peak": 0.16,
      "office_peak": 0.2,
      "industrial": 0.14,
      "night_shift": 0.1,
      "residential_morning": 0.12
    },
    "zone_profile_mix_weight": [
      0.4,
      0.8
    ],
    "zone_profile_phase_shift_hours": [
      -2.5,
      2.5
    ],
    "zone_profile_noise_std": [
      0.02,
      0.06
    ],
    "zone_profile_curvature_exp": [
      0.9,
      1.18
    ],
    "region_weather": {
      "R1": {
        "weather_profile": "mixed",
        "weather_spread_intensity": 1.0039660967122228
      },
      "R2": {
        "weather_profile": "calm_winter",
        "weather_spread_intensity": 0.9270995087551713
      }
    }
  },
  "mip_gap_target_pct": 0.5741165122067426,
  "estimates": {
    "vars_total": 76224,
    "cons_total": 99091,
    "est_cpu_hours": 1.4335065555555555
  },
  "meta": {
    "regions": 2,
    "zones": 16,
    "sites": 16,
    "intertie_density": 0.5334213122158538,
    "neighbor_nations": 3,
    "assets": {
      "thermal": 22,
      "solar": 34,
      "wind": 32,
      "battery": 15,
      "dr": 13,
      "nuclear": 1,
      "hydro_reservoir": 2,
      "hydro_ror": 13,
      "hydro_pumped": 2
    },
    "demand_scale_factor": 1.1796477406023516,
    "zone_profile_variants": {
      "evening_peak": 0.28,
      "double_peak": 0.16,
      "office_peak": 0.2,
      "industrial": 0.14,
      "night_shift": 0.1,
      "residential_morning": 0.12
    },
    "zone_profile_mix_weight": [
      0.4,
      0.8
    ],
    "weather_profile": "mixed",
    "cross_border_policy": "cap",
    "price_cap": 2175.8946881966835,
    "co2_price": 69.11761179461209,
    "import_export_caps_factor": 1.3535493157750564,
    "operation_costs": {
      "thermal_fuel_eur_per_mwh": 56.457518904386625,
      "nuclear_fuel_eur_per_mwh": 14.076436027993712,
      "demand_response_cost_eur_per_mwh": 401.7835745341448,
      "value_of_lost_load_eur_per_mwh": 8285.912087219664,
      "renewable_spill_cost_eur_per_mwh": 1307.3566395670225,
      "hydro_spill_cost_eur_per_mwh": 496.5853140215121,
      "overgen_spill_cost_eur_per_mwh": 5880.40772977339,
      "battery_cycle_cost_eur_per_mwh": 117.26608891933505,
      "pumped_cycle_cost_eur_per_mwh": 72.34526028409465
    },
    "tech_scalers": {
      "thermal_marg_cost": 6.5875700636042955,
      "thermal_ramp_pct": 0.23604953718409005,
      "battery_roundtrip_eff": 0.8545853723402017,
      "battery_e_to_p_hours": 4.26744189753502,
      "dr_max_shed_share": 0.20267856054099376,
      "dr_duration_hours": 2.3755529525649597,
      "hydro_reservoir_head_eff": 0.7579699367714037,
      "battery_initial_soc_fraction": 0.40660749979865995,
      "battery_final_soc_tolerance": 0.1702308802243821,
      "battery_self_discharge_per_hour": 0.009573786419232556,
      "pumped_initial_level_fraction": 0.6755620711984536,
      "pumped_final_level_tolerance": 0.09307701917733394,
      "pumped_self_discharge_per_hour": 0.0036724258887863683
    }
  },
  "flexibility_metrics": {
    "total_storage_power_mw": 1150.0,
    "total_storage_capacity_mwh": 6400.6,
    "battery_power_mw": 750.0,
    "battery_capacity_mwh": 3200.6,
    "pumped_power_mw": 400.0,
    "pumped_capacity_mwh": 3200.0,
    "total_dr_capacity_mw": 1912.7,
    "total_ramp_up_mw_per_step": 402.0,
    "total_ramp_down_mw_per_step": 402.0,
    "thermal_flex_ratio": 0.403,
    "dr_duration_hours": 2.38,
    "battery_roundtrip_efficiency": 0.855
  },
  "difficulty_indicators": {
    "vre_penetration_pct": 42.27,
    "net_demand_volatility": 0.269,
    "peak_to_valley_ratio": 2.12,
    "estimated_milp_solve_time_seconds": 5160.6,
    "complexity_score": "hard",
    "n_binary_variables": 2112,
    "n_timesteps": 96,
    "n_zones": 16,
    "weather_profile": "mixed",
    "demand_profile": "cold_snap"
  }
}