{
  "id": "7c41b377-9ff9-464e-a607-1a8d4c607695",
  "horizon_hours": 24,
  "dt_minutes": 15,
  "graph": {
    "regions": 3,
    "zones_per_region": [
      5,
      7,
      9
    ],
    "sites_per_zone": [
      8,
      5,
      6,
      6,
      8,
      8,
      6,
      5,
      2,
      8,
      3,
      7,
      2,
      8,
      8,
      2,
      2,
      3,
      5,
      4,
      8
    ],
    "intertie_density": 0.28115408409434806,
    "neighbor_nations": 3
  },
  "assets": {
    "thermal_per_site": [
      1,
      2,
      2,
      1,
      3,
      3,
      3,
      0,
      0,
      1,
      1,
      1,
      0,
      2,
      1,
      2,
      3,
      0,
      3,
      1,
      0
    ],
    "solar_per_site": [
      2,
      3,
      2,
      1,
      1,
      1,
      2,
      1,
      3,
      3,
      2,
      2,
      2,
      1,
      3,
      3,
      3,
      3,
      2,
      1,
      3
    ],
    "wind_per_site": [
      3,
      2,
      3,
      3,
      2,
      1,
      3,
      3,
      2,
      1,
      3,
      2,
      2,
      3,
      3,
      3,
      3,
      1,
      3,
      3,
      3
    ],
    "battery_per_site": [
      2,
      0,
      2,
      1,
      0,
      0,
      2,
      1,
      2,
      0,
      0,
      2,
      2,
      0,
      1,
      1,
      0,
      2,
      1,
      2,
      2
    ],
    "dr_per_site": [
      0,
      0,
      1,
      0,
      1,
      2,
      2,
      1,
      1,
      1,
      0,
      1,
      2,
      0,
      1,
      0,
      1,
      1,
      1,
      1,
      1
    ],
    "nuclear_per_region": [
      1,
      0,
      0
    ],
    "hydro_reservoir_per_region": [
      3,
      0,
      0
    ],
    "hydro_ror_per_zone": [
      2,
      0,
      2,
      1,
      0,
      1,
      2,
      2,
      0,
      2,
      0,
      0,
      2,
      2,
      1,
      2,
      1,
      2,
      2,
      2,
      0
    ],
    "hydro_pumped_per_region": [
      1,
      2,
      2
    ]
  },
  "econ_policy": {
    "co2_price": 166.67379616922716,
    "price_cap": 3676.81033545427,
    "cross_border_policy": "block",
    "import_export_caps_factor": 0.4664295406894572
  },
  "tech": {
    "thermal_marg_cost": 10.56133856612527,
    "thermal_ramp_pct": 0.4317950277355684,
    "battery_roundtrip_eff": 0.922068015694838,
    "battery_e_to_p_hours": 3.3995952979877897,
    "dr_max_shed_share": 0.11531059521379479,
    "dr_duration_hours": 2.512380883194899,
    "hydro_reservoir_head_eff": 1.0397228403745622,
    "battery_initial_soc_fraction": 0.6273071769545386,
    "battery_final_soc_tolerance": 0.15136397532187115,
    "battery_self_discharge_per_hour": 0.0037194453423133357,
    "pumped_initial_level_fraction": 0.5783070243918985,
    "pumped_final_level_tolerance": 0.05172339331244056,
    "pumped_self_discharge_per_hour": 0.001510019951429364
  },
  "operation_costs": {
    "thermal_fuel_eur_per_mwh": 70.91760238792418,
    "nuclear_fuel_eur_per_mwh": 12.86736994715696,
    "demand_response_cost_eur_per_mwh": 565.9572988540128,
    "value_of_lost_load_eur_per_mwh": 6766.08406627511,
    "renewable_spill_cost_eur_per_mwh": 1822.2753555975899,
    "hydro_spill_cost_eur_per_mwh": 905.1361570772056,
    "overgen_spill_cost_eur_per_mwh": 7435.069445529001,
    "battery_cycle_cost_eur_per_mwh": 77.15195897021914,
    "pumped_cycle_cost_eur_per_mwh": 58.145759558104444
  },
  "exogenous": {
    "weather_profile": "sunny_summer",
    "weather_spread_intensity": 0.8276923275600678,
    "demand_profile": "shoulder",
    "demand_scale_factor": 1.0023039381285397,
    "inflow_factor": 0.7612440284817079,
    "zone_profile_variants": {
      "evening_peak": 0.28,
      "double_peak": 0.16,
      "office_peak": 0.2,
      "industrial": 0.14,
      "night_shift": 0.1,
      "residential_morning": 0.12
    },
    "zone_profile_mix_weight": [
      0.4,
      0.8
    ],
    "zone_profile_phase_shift_hours": [
      -2.5,
      2.5
    ],
    "zone_profile_noise_std": [
      0.02,
      0.06
    ],
    "zone_profile_curvature_exp": [
      0.9,
      1.18
    ],
    "region_weather": {
      "R1": {
        "weather_profile": "calm_winter",
        "weather_spread_intensity": 1.1863924412441609
      },
      "R2": {
        "weather_profile": "overcast_summer",
        "weather_spread_intensity": 0.7836336174545717
      },
      "R3": {
        "weather_profile": "sunny_summer",
        "weather_spread_intensity": 0.5130509239814707
      }
    }
  },
  "mip_gap_target_pct": 1.3417849547301972,
  "estimates": {
    "vars_total": 105888,
    "cons_total": 137654,
    "est_cpu_hours": 1.9628424444444446
  },
  "meta": {
    "regions": 3,
    "zones": 21,
    "sites": 21,
    "intertie_density": 0.28115408409434806,
    "neighbor_nations": 3,
    "assets": {
      "thermal": 30,
      "solar": 44,
      "wind": 52,
      "battery": 23,
      "dr": 18,
      "nuclear": 1,
      "hydro_reservoir": 3,
      "hydro_ror": 26,
      "hydro_pumped": 5
    },
    "demand_scale_factor": 1.0023039381285397,
    "zone_profile_variants": {
      "evening_peak": 0.28,
      "double_peak": 0.16,
      "office_peak": 0.2,
      "industrial": 0.14,
      "night_shift": 0.1,
      "residential_morning": 0.12
    },
    "zone_profile_mix_weight": [
      0.4,
      0.8
    ],
    "weather_profile": "sunny_summer",
    "cross_border_policy": "block",
    "price_cap": 3676.81033545427,
    "co2_price": 166.67379616922716,
    "import_export_caps_factor": 0.4664295406894572,
    "operation_costs": {
      "thermal_fuel_eur_per_mwh": 70.91760238792418,
      "nuclear_fuel_eur_per_mwh": 12.86736994715696,
      "demand_response_cost_eur_per_mwh": 565.9572988540128,
      "value_of_lost_load_eur_per_mwh": 6766.08406627511,
      "renewable_spill_cost_eur_per_mwh": 1822.2753555975899,
      "hydro_spill_cost_eur_per_mwh": 905.1361570772056,
      "overgen_spill_cost_eur_per_mwh": 7435.069445529001,
      "battery_cycle_cost_eur_per_mwh": 77.15195897021914,
      "pumped_cycle_cost_eur_per_mwh": 58.145759558104444
    },
    "tech_scalers": {
      "thermal_marg_cost": 10.56133856612527,
      "thermal_ramp_pct": 0.4317950277355684,
      "battery_roundtrip_eff": 0.922068015694838,
      "battery_e_to_p_hours": 3.3995952979877897,
      "dr_max_shed_share": 0.11531059521379479,
      "dr_duration_hours": 2.512380883194899,
      "hydro_reservoir_head_eff": 1.0397228403745622,
      "battery_initial_soc_fraction": 0.6273071769545386,
      "battery_final_soc_tolerance": 0.15136397532187115,
      "battery_self_discharge_per_hour": 0.0037194453423133357,
      "pumped_initial_level_fraction": 0.5783070243918985,
      "pumped_final_level_tolerance": 0.05172339331244056,
      "pumped_self_discharge_per_hour": 0.001510019951429364
    }
  },
  "flexibility_metrics": {
    "total_storage_power_mw": 2150.0,
    "total_storage_capacity_mwh": 11909.5,
    "battery_power_mw": 1150.0,
    "battery_capacity_mwh": 3909.5,
    "pumped_power_mw": 1000.0,
    "pumped_capacity_mwh": 8000.0,
    "total_dr_capacity_mw": 1213.6,
    "total_ramp_up_mw_per_step": 984.0,
    "total_ramp_down_mw_per_step": 984.0,
    "thermal_flex_ratio": 0.336,
    "dr_duration_hours": 2.51,
    "battery_roundtrip_efficiency": 0.922
  },
  "difficulty_indicators": {
    "vre_penetration_pct": 42.21,
    "net_demand_volatility": 0.242,
    "peak_to_valley_ratio": 1.8,
    "estimated_milp_solve_time_seconds": 7066.2,
    "complexity_score": "hard",
    "n_binary_variables": 2880,
    "n_timesteps": 96,
    "n_zones": 21,
    "weather_profile": "sunny_summer",
    "demand_profile": "shoulder"
  }
}