{
  "id": "2d913161-70ad-47bd-9a6b-5e137f5a8dc4",
  "horizon_hours": 24,
  "dt_minutes": 15,
  "graph": {
    "regions": 2,
    "zones_per_region": [
      5,
      5
    ],
    "sites_per_zone": [
      3,
      6,
      5,
      3,
      8,
      4,
      5,
      5,
      4,
      4
    ],
    "intertie_density": 0.35412093411736734,
    "neighbor_nations": 2
  },
  "assets": {
    "thermal_per_site": [
      1,
      2,
      3,
      2,
      1,
      2,
      1,
      2,
      3,
      1
    ],
    "solar_per_site": [
      1,
      2,
      2,
      2,
      3,
      1,
      2,
      1,
      2,
      3
    ],
    "wind_per_site": [
      2,
      3,
      3,
      1,
      1,
      1,
      2,
      3,
      3,
      3
    ],
    "battery_per_site": [
      2,
      0,
      1,
      0,
      2,
      0,
      1,
      2,
      1,
      1
    ],
    "dr_per_site": [
      1,
      1,
      2,
      2,
      2,
      0,
      1,
      2,
      0,
      0
    ],
    "nuclear_per_region": [
      2,
      1
    ],
    "hydro_reservoir_per_region": [
      1,
      3
    ],
    "hydro_ror_per_zone": [
      2,
      0,
      2,
      1,
      2,
      1,
      2,
      2,
      0,
      0
    ],
    "hydro_pumped_per_region": [
      2,
      0
    ]
  },
  "econ_policy": {
    "co2_price": 84.07773870966504,
    "price_cap": 754.0547406430427,
    "cross_border_policy": "cap",
    "import_export_caps_factor": 1.567954671611771
  },
  "tech": {
    "thermal_marg_cost": 8.654774472373935,
    "thermal_ramp_pct": 0.2407331157356159,
    "battery_roundtrip_eff": 0.9137262748588408,
    "battery_e_to_p_hours": 5.444367584898464,
    "dr_max_shed_share": 0.3173678099501153,
    "dr_duration_hours": 4.288895642132053,
    "hydro_reservoir_head_eff": 0.8714841234387187,
    "battery_initial_soc_fraction": 0.3848748199975654,
    "battery_final_soc_tolerance": 0.13516422343677537,
    "battery_self_discharge_per_hour": 0.003960656108194955,
    "pumped_initial_level_fraction": 0.660101751494204,
    "pumped_final_level_tolerance": 0.14670863275790474,
    "pumped_self_discharge_per_hour": 0.0019211793290857704
  },
  "operation_costs": {
    "thermal_fuel_eur_per_mwh": 76.8433314670514,
    "nuclear_fuel_eur_per_mwh": 10.67624060541701,
    "demand_response_cost_eur_per_mwh": 480.8976516657784,
    "value_of_lost_load_eur_per_mwh": 7468.160596839043,
    "renewable_spill_cost_eur_per_mwh": 1323.2898311486938,
    "hydro_spill_cost_eur_per_mwh": 812.0120824532856,
    "overgen_spill_cost_eur_per_mwh": 2025.571170089525,
    "battery_cycle_cost_eur_per_mwh": 91.72113186904865,
    "pumped_cycle_cost_eur_per_mwh": 50.33759883723322
  },
  "exogenous": {
    "weather_profile": "sunny_summer",
    "weather_spread_intensity": 0.7257421073890608,
    "demand_profile": "wkday_peak",
    "demand_scale_factor": 1.2509460861869721,
    "inflow_factor": 1.5364834932495994,
    "zone_profile_variants": {
      "evening_peak": 0.28,
      "double_peak": 0.16,
      "office_peak": 0.2,
      "industrial": 0.14,
      "night_shift": 0.1,
      "residential_morning": 0.12
    },
    "zone_profile_mix_weight": [
      0.4,
      0.8
    ],
    "zone_profile_phase_shift_hours": [
      -2.5,
      2.5
    ],
    "zone_profile_noise_std": [
      0.02,
      0.06
    ],
    "zone_profile_curvature_exp": [
      0.9,
      1.18
    ],
    "region_weather": {
      "R1": {
        "weather_profile": "calm_winter",
        "weather_spread_intensity": 0.6534320039114319
      },
      "R2": {
        "weather_profile": "sunny_summer",
        "weather_spread_intensity": 0.7980522108666896
      }
    }
  },
  "mip_gap_target_pct": 0.7484226068705663,
  "estimates": {
    "vars_total": 52896,
    "cons_total": 68764,
    "est_cpu_hours": 1.0172262222222221
  },
  "meta": {
    "regions": 2,
    "zones": 10,
    "sites": 10,
    "intertie_density": 0.35412093411736734,
    "neighbor_nations": 2,
    "assets": {
      "thermal": 18,
      "solar": 19,
      "wind": 22,
      "battery": 10,
      "dr": 11,
      "nuclear": 3,
      "hydro_reservoir": 4,
      "hydro_ror": 12,
      "hydro_pumped": 2
    },
    "demand_scale_factor": 1.2509460861869721,
    "zone_profile_variants": {
      "evening_peak": 0.28,
      "double_peak": 0.16,
      "office_peak": 0.2,
      "industrial": 0.14,
      "night_shift": 0.1,
      "residential_morning": 0.12
    },
    "zone_profile_mix_weight": [
      0.4,
      0.8
    ],
    "weather_profile": "sunny_summer",
    "cross_border_policy": "cap",
    "price_cap": 754.0547406430427,
    "co2_price": 84.07773870966504,
    "import_export_caps_factor": 1.567954671611771,
    "operation_costs": {
      "thermal_fuel_eur_per_mwh": 76.8433314670514,
      "nuclear_fuel_eur_per_mwh": 10.67624060541701,
      "demand_response_cost_eur_per_mwh": 480.8976516657784,
      "value_of_lost_load_eur_per_mwh": 7468.160596839043,
      "renewable_spill_cost_eur_per_mwh": 1323.2898311486938,
      "hydro_spill_cost_eur_per_mwh": 812.0120824532856,
      "overgen_spill_cost_eur_per_mwh": 2025.571170089525,
      "battery_cycle_cost_eur_per_mwh": 91.72113186904865,
      "pumped_cycle_cost_eur_per_mwh": 50.33759883723322
    },
    "tech_scalers": {
      "thermal_marg_cost": 8.654774472373935,
      "thermal_ramp_pct": 0.2407331157356159,
      "battery_roundtrip_eff": 0.9137262748588408,
      "battery_e_to_p_hours": 5.444367584898464,
      "dr_max_shed_share": 0.3173678099501153,
      "dr_duration_hours": 4.288895642132053,
      "hydro_reservoir_head_eff": 0.8714841234387187,
      "battery_initial_soc_fraction": 0.3848748199975654,
      "battery_final_soc_tolerance": 0.13516422343677537,
      "battery_self_discharge_per_hour": 0.003960656108194955,
      "pumped_initial_level_fraction": 0.660101751494204,
      "pumped_final_level_tolerance": 0.14670863275790474,
      "pumped_self_discharge_per_hour": 0.0019211793290857704
    }
  },
  "flexibility_metrics": {
    "total_storage_power_mw": 900.0,
    "total_storage_capacity_mwh": 5922.2,
    "battery_power_mw": 500.0,
    "battery_capacity_mwh": 2722.2,
    "pumped_power_mw": 400.0,
    "pumped_capacity_mwh": 3200.0,
    "total_dr_capacity_mw": 1985.1,
    "total_ramp_up_mw_per_step": 362.5,
    "total_ramp_down_mw_per_step": 362.5,
    "thermal_flex_ratio": 0.343,
    "dr_duration_hours": 4.29,
    "battery_roundtrip_efficiency": 0.914
  },
  "difficulty_indicators": {
    "vre_penetration_pct": 28.89,
    "net_demand_volatility": 0.266,
    "peak_to_valley_ratio": 2.25,
    "estimated_milp_solve_time_seconds": 3662.0,
    "complexity_score": "medium",
    "n_binary_variables": 1728,
    "n_timesteps": 96,
    "n_zones": 10,
    "weather_profile": "sunny_summer",
    "demand_profile": "wkday_peak"
  }
}