{
  "id": "3cc0b2aa-8969-4d93-b63b-b647b3a97d14",
  "horizon_hours": 24,
  "dt_minutes": 15,
  "graph": {
    "regions": 4,
    "zones_per_region": [
      6,
      5,
      9,
      6
    ],
    "sites_per_zone": [
      4,
      6,
      4,
      7,
      8,
      2,
      4,
      3,
      3,
      4,
      8,
      8,
      8,
      3,
      5,
      2,
      3,
      3,
      8,
      3,
      8,
      4,
      3,
      3,
      8,
      5
    ],
    "intertie_density": 0.26830835103223877,
    "neighbor_nations": 3
  },
  "assets": {
    "thermal_per_site": [
      0,
      3,
      3,
      2,
      1,
      2,
      2,
      3,
      1,
      0,
      1,
      1,
      0,
      0,
      0,
      3,
      3,
      3,
      3,
      2,
      3,
      3,
      2,
      3,
      0,
      0
    ],
    "solar_per_site": [
      3,
      1,
      2,
      1,
      3,
      1,
      2,
      2,
      1,
      1,
      2,
      2,
      3,
      3,
      1,
      3,
      1,
      1,
      2,
      3,
      2,
      2,
      2,
      1,
      1,
      1
    ],
    "wind_per_site": [
      1,
      3,
      3,
      3,
      2,
      2,
      2,
      1,
      1,
      3,
      2,
      1,
      2,
      1,
      3,
      1,
      3,
      3,
      3,
      3,
      2,
      2,
      1,
      1,
      1,
      1
    ],
    "battery_per_site": [
      2,
      2,
      2,
      0,
      2,
      1,
      1,
      1,
      0,
      0,
      0,
      2,
      0,
      2,
      1,
      2,
      2,
      2,
      1,
      0,
      2,
      2,
      2,
      1,
      2,
      1
    ],
    "dr_per_site": [
      1,
      1,
      1,
      2,
      1,
      2,
      0,
      2,
      1,
      0,
      0,
      2,
      0,
      1,
      2,
      0,
      2,
      2,
      0,
      0,
      1,
      1,
      2,
      2,
      1,
      2
    ],
    "nuclear_per_region": [
      1,
      1,
      2,
      1
    ],
    "hydro_reservoir_per_region": [
      3,
      0,
      1,
      1
    ],
    "hydro_ror_per_zone": [
      2,
      2,
      1,
      2,
      1,
      0,
      1,
      0,
      2,
      0,
      0,
      2,
      1,
      1,
      2,
      1,
      0,
      2,
      1,
      1,
      1,
      0,
      2,
      2,
      2,
      1
    ],
    "hydro_pumped_per_region": [
      1,
      2,
      1,
      1
    ]
  },
  "econ_policy": {
    "co2_price": 132.55639785235553,
    "price_cap": 2359.0242362524823,
    "cross_border_policy": "block",
    "import_export_caps_factor": 0.9846374270002544
  },
  "tech": {
    "thermal_marg_cost": 14.856513839295689,
    "thermal_ramp_pct": 0.40150987924939396,
    "battery_roundtrip_eff": 0.903645719688521,
    "battery_e_to_p_hours": 2.8196825948180773,
    "dr_max_shed_share": 0.1871728739317866,
    "dr_duration_hours": 3.170831995625985,
    "hydro_reservoir_head_eff": 1.0250566080774972,
    "battery_initial_soc_fraction": 0.44974351207612584,
    "battery_final_soc_tolerance": 0.14005278444599073,
    "battery_self_discharge_per_hour": 0.0019576484855898927,
    "pumped_initial_level_fraction": 0.42295931090304156,
    "pumped_final_level_tolerance": 0.15753464784532145,
    "pumped_self_discharge_per_hour": 0.0030662593842828434
  },
  "operation_costs": {
    "thermal_fuel_eur_per_mwh": 49.949259225388985,
    "nuclear_fuel_eur_per_mwh": 9.252696263944626,
    "demand_response_cost_eur_per_mwh": 605.9050496061121,
    "value_of_lost_load_eur_per_mwh": 10668.207216237846,
    "renewable_spill_cost_eur_per_mwh": 1651.6387638369645,
    "hydro_spill_cost_eur_per_mwh": 1143.5515253695564,
    "overgen_spill_cost_eur_per_mwh": 6878.624277353781,
    "battery_cycle_cost_eur_per_mwh": 93.12221126470789,
    "pumped_cycle_cost_eur_per_mwh": 53.53115225168173
  },
  "exogenous": {
    "weather_profile": "sunny_summer",
    "weather_spread_intensity": 0.8505483036249718,
    "demand_profile": "heatwave",
    "demand_scale_factor": 0.8471000495633317,
    "inflow_factor": 1.634153550536313,
    "zone_profile_variants": {
      "evening_peak": 0.28,
      "double_peak": 0.16,
      "office_peak": 0.2,
      "industrial": 0.14,
      "night_shift": 0.1,
      "residential_morning": 0.12
    },
    "zone_profile_mix_weight": [
      0.4,
      0.8
    ],
    "zone_profile_phase_shift_hours": [
      -2.5,
      2.5
    ],
    "zone_profile_noise_std": [
      0.02,
      0.06
    ],
    "zone_profile_curvature_exp": [
      0.9,
      1.18
    ],
    "region_weather": {
      "R1": {
        "weather_profile": "calm_winter",
        "weather_spread_intensity": 0.5355433052457557
      },
      "R2": {
        "weather_profile": "sunny_summer",
        "weather_spread_intensity": 0.785877267089909
      },
      "R3": {
        "weather_profile": "mixed",
        "weather_spread_intensity": 1.2909742623187714
      },
      "R4": {
        "weather_profile": "stormy_winter",
        "weather_spread_intensity": 0.7897983798454511
      }
    }
  },
  "mip_gap_target_pct": 0.4493022133587564,
  "estimates": {
    "vars_total": 134016,
    "cons_total": 174220,
    "est_cpu_hours": 2.464767555555556
  },
  "meta": {
    "regions": 4,
    "zones": 26,
    "sites": 26,
    "intertie_density": 0.26830835103223877,
    "neighbor_nations": 3,
    "assets": {
      "thermal": 44,
      "solar": 47,
      "wind": 51,
      "battery": 33,
      "dr": 29,
      "nuclear": 5,
      "hydro_reservoir": 5,
      "hydro_ror": 30,
      "hydro_pumped": 5
    },
    "demand_scale_factor": 0.8471000495633317,
    "zone_profile_variants": {
      "evening_peak": 0.28,
      "double_peak": 0.16,
      "office_peak": 0.2,
      "industrial": 0.14,
      "night_shift": 0.1,
      "residential_morning": 0.12
    },
    "zone_profile_mix_weight": [
      0.4,
      0.8
    ],
    "weather_profile": "sunny_summer",
    "cross_border_policy": "block",
    "price_cap": 2359.0242362524823,
    "co2_price": 132.55639785235553,
    "import_export_caps_factor": 0.9846374270002544,
    "operation_costs": {
      "thermal_fuel_eur_per_mwh": 49.949259225388985,
      "nuclear_fuel_eur_per_mwh": 9.252696263944626,
      "demand_response_cost_eur_per_mwh": 605.9050496061121,
      "value_of_lost_load_eur_per_mwh": 10668.207216237846,
      "renewable_spill_cost_eur_per_mwh": 1651.6387638369645,
      "hydro_spill_cost_eur_per_mwh": 1143.5515253695564,
      "overgen_spill_cost_eur_per_mwh": 6878.624277353781,
      "battery_cycle_cost_eur_per_mwh": 93.12221126470789,
      "pumped_cycle_cost_eur_per_mwh": 53.53115225168173
    },
    "tech_scalers": {
      "thermal_marg_cost": 14.856513839295689,
      "thermal_ramp_pct": 0.40150987924939396,
      "battery_roundtrip_eff": 0.903645719688521,
      "battery_e_to_p_hours": 2.8196825948180773,
      "dr_max_shed_share": 0.1871728739317866,
      "dr_duration_hours": 3.170831995625985,
      "hydro_reservoir_head_eff": 1.0250566080774972,
      "battery_initial_soc_fraction": 0.44974351207612584,
      "battery_final_soc_tolerance": 0.14005278444599073,
      "battery_self_discharge_per_hour": 0.0019576484855898927,
      "pumped_initial_level_fraction": 0.42295931090304156,
      "pumped_final_level_tolerance": 0.15753464784532145,
      "pumped_self_discharge_per_hour": 0.0030662593842828434
    }
  },
  "flexibility_metrics": {
    "total_storage_power_mw": 2650.0,
    "total_storage_capacity_mwh": 12652.5,
    "battery_power_mw": 1650.0,
    "battery_capacity_mwh": 4652.5,
    "pumped_power_mw": 1000.0,
    "pumped_capacity_mwh": 8000.0,
    "total_dr_capacity_mw": 2061.2,
    "total_ramp_up_mw_per_step": 1387.5,
    "total_ramp_down_mw_per_step": 1387.5,
    "thermal_flex_ratio": 0.259,
    "dr_duration_hours": 3.17,
    "battery_roundtrip_efficiency": 0.904
  },
  "difficulty_indicators": {
    "vre_penetration_pct": 31.63,
    "net_demand_volatility": 0.311,
    "peak_to_valley_ratio": 1.52,
    "estimated_milp_solve_time_seconds": 8873.2,
    "complexity_score": "very_hard",