{
  "id": "af8afaf1-0427-42d9-9cc4-edf601605f8d",
  "horizon_hours": 24,
  "dt_minutes": 15,
  "graph": {
    "regions": 4,
    "zones_per_region": [
      8,
      8,
      3,
      3
    ],
    "sites_per_zone": [
      5,
      7,
      5,
      4,
      8,
      2,
      3,
      3,
      8,
      4,
      7,
      6,
      5,
      4,
      2,
      6,
      3,
      6,
      4,
      3,
      4,
      2
    ],
    "intertie_density": 0.3892559387795024,
    "neighbor_nations": 1
  },
  "assets": {
    "thermal_per_site": [
      1,
      0,
      2,
      3,
      3,
      1,
      2,
      2,
      2,
      3,
      1,
      3,
      2,
      1,
      0,
      3,
      2,
      0,
      0,
      2,
      3,
      3
    ],
    "solar_per_site": [
      2,
      3,
      2,
      1,
      3,
      3,
      3,
      2,
      3,
      3,
      1,
      2,
      1,
      3,
      1,
      2,
      3,
      2,
      3,
      2,
      2,
      2
    ],
    "wind_per_site": [
      3,
      2,
      1,
      1,
      1,
      1,
      1,
      3,
      3,
      3,
      2,
      1,
      3,
      3,
      3,
      3,
      2,
      1,
      1,
      2,
      2,
      3
    ],
    "battery_per_site": [
      2,
      0,
      1,
      0,
      0,
      2,
      1,
      2,
      1,
      2,
      1,
      0,
      0,
      2,
      0,
      1,
      2,
      0,
      0,
      2,
      0,
      0
    ],
    "dr_per_site": [
      1,
      0,
      0,
      2,
      2,
      2,
      1,
      1,
      2,
      2,
      2,
      1,
      2,
      1,
      2,
      1,
      1,
      2,
      2,
      1,
      0,
      2
    ],
    "nuclear_per_region": [
      1,
      2,
      0,
      2
    ],
    "hydro_reservoir_per_region": [
      0,
      0,
      3,
      0
    ],
    "hydro_ror_per_zone": [
      2,
      0,
      0,
      0,
      0,
      0,
      1,
      0,
      1,
      0,
      1,
      1,
      2,
      2,
      0,
      0,
      2,
      2,
      2,
      0,
      0,
      0
    ],
    "hydro_pumped_per_region": [
      1,
      1,
      2,
      1
    ]
  },
  "econ_policy": {
    "co2_price": 143.00967528478952,
    "price_cap": 2589.8950492138038,
    "cross_border_policy": "cap",
    "import_export_caps_factor": 1.125601625719412
  },
  "tech": {
    "thermal_marg_cost": 8.938107351877775,
    "thermal_ramp_pct": 0.08147014187931889,
    "battery_roundtrip_eff": 0.8699840864334634,
    "battery_e_to_p_hours": 1.430127510235252,
    "dr_max_shed_share": 0.053811444556671695,
    "dr_duration_hours": 1.9851332536351802,
    "hydro_reservoir_head_eff": 0.7523665083061327,
    "battery_initial_soc_fraction": 0.48320330632903197,
    "battery_final_soc_tolerance": 0.16417157196289844,
    "battery_self_discharge_per_hour": 0.0030263836249352512,
    "pumped_initial_level_fraction": 0.6084736623230447,
    "pumped_final_level_tolerance": 0.08670400747280059,
    "pumped_self_discharge_per_hour": 0.0010951570332155835
  },
  "operation_costs": {
    "thermal_fuel_eur_per_mwh": 51.83200597324011,
    "nuclear_fuel_eur_per_mwh": 8.853765167465777,
    "demand_response_cost_eur_per_mwh": 611.1826419261133,
    "value_of_lost_load_eur_per_mwh": 10154.340803794004,
    "renewable_spill_cost_eur_per_mwh": 1688.690470512621,
    "hydro_spill_cost_eur_per_mwh": 712.4332664536919,
    "overgen_spill_cost_eur_per_mwh": 3745.3409588606646,
    "battery_cycle_cost_eur_per_mwh": 75.29411612585436,
    "pumped_cycle_cost_eur_per_mwh": 72.2951102518614
  },
  "exogenous": {
    "weather_profile": "sunny_summer",
    "weather_spread_intensity": 0.9963140779562133,
    "demand_profile": "shoulder",
    "demand_scale_factor": 0.7672507474117106,
    "inflow_factor": 0.9266864638333624,
    "zone_profile_variants": {
      "evening_peak": 0.28,
      "double_peak": 0.16,
      "office_peak": 0.2,
      "industrial": 0.14,
      "night_shift": 0.1,
      "residential_morning": 0.12
    },
    "zone_profile_mix_weight": [
      0.4,
      0.8
    ],
    "zone_profile_phase_shift_hours": [
      -2.5,
      2.5
    ],
    "zone_profile_noise_std": [
      0.02,
      0.06
    ],
    "zone_profile_curvature_exp": [
      0.9,
      1.18
    ],
    "region_weather": {
      "R1": {
        "weather_profile": "sunny_summer",
        "weather_spread_intensity": 0.7614386755666089
      },
      "R2": {
        "weather_profile": "mixed",
        "weather_spread_intensity": 0.7614932844988018
      },
      "R3": {
        "weather_profile": "sunny_summer",
        "weather_spread_intensity": 1.3170780200787866
      },
      "R4": {
        "weather_profile": "overcast_summer",
        "weather_spread_intensity": 1.1452463316806558
      }
    }
  },
  "mip_gap_target_pct": 1.4872763883710682,
  "estimates": {
    "vars_total": 113568,
    "cons_total": 147638,
    "est_cpu_hours": 2.099887777777778
  },
  "meta": {
    "regions": 4,
    "zones": 22,
    "sites": 22,
    "intertie_density": 0.3892559387795024,
    "neighbor_nations": 1,
    "assets": {
      "thermal": 39,
      "solar": 49,
      "wind": 45,
      "battery": 19,
      "dr": 30,
      "nuclear": 5,
      "hydro_reservoir": 3,
      "hydro_ror": 16,
      "hydro_pumped": 5
    },
    "demand_scale_factor": 0.7672507474117106,
    "zone_profile_variants": {
      "evening_peak": 0.28,
      "double_peak": 0.16,
      "office_peak": 0.2,
      "industrial": 0.14,
      "night_shift": 0.1,
      "residential_morning": 0.12
    },
    "zone_profile_mix_weight": [
      0.4,
      0.8
    ],
    "weather_profile": "sunny_summer",
    "cross_border_policy": "cap",
    "price_cap": 2589.8950492138038,
    "co2_price": 143.00967528478952,
    "import_export_caps_factor": 1.125601625719412,
    "operation_costs": {
      "thermal_fuel_eur_per_mwh": 51.83200597324011,
      "nuclear_fuel_eur_per_mwh": 8.853765167465777,
      "demand_response_cost_eur_per_mwh": 611.1826419261133,
      "value_of_lost_load_eur_per_mwh": 10154.340803794004,
      "renewable_spill_cost_eur_per_mwh": 1688.690470512621,
      "hydro_spill_cost_eur_per_mwh": 712.4332664536919,
      "overgen_spill_cost_eur_per_mwh": 3745.3409588606646,
      "battery_cycle_cost_eur_per_mwh": 75.29411612585436,
      "pumped_cycle_cost_eur_per_mwh": 72.2951102518614
    },
    "tech_scalers": {
      "thermal_marg_cost": 8.938107351877775,
      "thermal_ramp_pct": 0.08147014187931889,
      "battery_roundtrip_eff": 0.8699840864334634,
      "battery_e_to_p_hours": 1.430127510235252,
      "dr_max_shed_share": 0.053811444556671695,
      "dr_duration_hours": 1.9851332536351802,
      "hydro_reservoir_head_eff": 0.7523665083061327,
      "battery_initial_soc_fraction": 0.48320330632903197,
      "battery_final_soc_tolerance": 0.16417157196289844,
      "battery_self_discharge_per_hour": 0.0030263836249352512,
      "pumped_initial_level_fraction": 0.6084736623230447,
      "pumped_final_level_tolerance": 0.08670400747280059,
      "pumped_self_discharge_per_hour": 0.0010951570332155835
    }
  },
  "flexibility_metrics": {
    "total_storage_power_mw": 1950.0,
    "total_storage_capacity_mwh": 9358.6,
    "battery_power_mw": 950.0,
    "battery_capacity_mwh": 1358.6,
    "pumped_power_mw": 1000.0,
    "pumped_capacity_mwh": 8000.0,
    "total_dr_capacity_mw": 454.2,
    "total_ramp_up_mw_per_step": 300.8,
    "total_ramp_down_mw_per_step": 300.8,
    "thermal_flex_ratio": 0.144,
    "dr_duration_hours": 1.99,
    "battery_roundtrip_efficiency": 0.87
  },
  "difficulty_indicators": {
    "vre_penetration_pct": 35.25,
    "net_demand_volatility": 0.242,
    "peak_to_valley_ratio": 1.38,
    "estimated_milp_solve_time_seconds": 7559.6,
    "complexity_score": "hard",
    "n_binary_variables": 3744,
    "n_timesteps": 96,
    "n_zones": 22,
    "weather_profile": "sunny_summer",
    "demand_profile": "shoulder"
  }
}