{
  "id": "85076477-1bc3-4dcc-9f3e-a2a9900ee143",
  "horizon_hours": 24,
  "dt_minutes": 15,
  "graph": {
    "regions": 4,
    "zones_per_region": [
      9,
      6,
      7,
      5
    ],
    "sites_per_zone": [
      3,
      3,
      7,
      5,
      5,
      3,
      8,
      2,
      2,
      5,
      8,
      2,
      5,
      7,
      6,
      3,
      3,
      8,
      8,
      2,
      7,
      4,
      3,
      2,
      3,
      5,
      5
    ],
    "intertie_density": 0.4171571635450205,
    "neighbor_nations": 3
  },
  "assets": {
    "thermal_per_site": [
      1,
      2,
      0,
      0,
      1,
      0,
      2,
      3,
      3,
      3,
      3,
      3,
      0,
      1,
      0,
      3,
      3,
      0,
      2,
      3,
      2,
      2,
      2,
      1,
      3,
      1,
      0
    ],
    "solar_per_site": [
      2,
      1,
      1,
      1,
      3,
      2,
      2,
      1,
      3,
      3,
      3,
      3,
      3,
      3,
      3,
      3,
      2,
      3,
      2,
      1,
      3,
      2,
      1,
      1,
      3,
      3,
      3
    ],
    "wind_per_site": [
      3,
      3,
      1,
      3,
      2,
      1,
      3,
      2,
      2,
      3,
      1,
      1,
      1,
      3,
      2,
      1,
      2,
      3,
      3,
      1,
      2,
      2,
      2,
      3,
      3,
      2,
      2
    ],
    "battery_per_site": [
      1,
      1,
      1,
      1,
      2,
      0,
      2,
      1,
      1,
      1,
      2,
      2,
      0,
      2,
      0,
      0,
      1,
      1,
      0,
      2,
      1,
      1,
      1,
      2,
      2,
      1,
      1
    ],
    "dr_per_site": [
      1,
      2,
      0,
      1,
      1,
      0,
      2,
      2,
      1,
      2,
      1,
      0,
      0,
      1,
      1,
      1,
      2,
      2,
      0,
      1,
      0,
      1,
      1,
      1,
      0,
      2,
      2
    ],
    "nuclear_per_region": [
      0,
      1,
      2,
      2
    ],
    "hydro_reservoir_per_region": [
      3,
      2,
      3,
      2
    ],
    "hydro_ror_per_zone": [
      1,
      1,
      2,
      0,
      2,
      0,
      2,
      2,
      0,
      2,
      0,
      0,
      1,
      2,
      0,
      1,
      0,
      1,
      0,
      0,
      1,
      0,
      0,
      1,
      0,
      2,
      2
    ],
    "hydro_pumped_per_region": [
      1,
      1,
      1,
      2
    ]
  },
  "econ_policy": {
    "co2_price": 52.31450567522441,
    "price_cap": 1618.9883477266817,
    "cross_border_policy": "allow",
    "import_export_caps_factor": 0.9614306335838606
  },
  "tech": {
    "thermal_marg_cost": 5.642631603727282,
    "thermal_ramp_pct": 0.10508795557640203,
    "battery_roundtrip_eff": 0.8353494744121361,
    "battery_e_to_p_hours": 5.365343373338618,
    "dr_max_shed_share": 0.23393606963680258,
    "dr_duration_hours": 5.135533241354062,
    "hydro_reservoir_head_eff": 0.9051188960770782,
    "battery_initial_soc_fraction": 0.3554433888667062,
    "battery_final_soc_tolerance": 0.08913586562696499,
    "battery_self_discharge_per_hour": 0.009233619033279163,
    "pumped_initial_level_fraction": 0.40169363494610993,
    "pumped_final_level_tolerance": 0.15619089507327516,
    "pumped_self_discharge_per_hour": 0.0021900276086314332
  },
  "operation_costs": {
    "thermal_fuel_eur_per_mwh": 84.79811139947975,
    "nuclear_fuel_eur_per_mwh": 14.323177374302377,
    "demand_response_cost_eur_per_mwh": 891.1489652141687,
    "value_of_lost_load_eur_per_mwh": 11211.715962229333,
    "renewable_spill_cost_eur_per_mwh": 722.7554524068107,
    "hydro_spill_cost_eur_per_mwh": 382.6219148308694,
    "overgen_spill_cost_eur_per_mwh": 6079.087528222668,
    "battery_cycle_cost_eur_per_mwh": 91.70971781463919,
    "pumped_cycle_cost_eur_per_mwh": 54.43292776758656
  },
  "exogenous": {
    "weather_profile": "sunny_summer",
    "weather_spread_intensity": 1.3490916780894864,
    "demand_profile": "shoulder",
    "demand_scale_factor": 1.295945810813905,
    "inflow_factor": 0.5693525642336966,
    "zone_profile_variants": {
      "evening_peak": 0.28,
      "double_peak": 0.16,
      "office_peak": 0.2,
      "industrial": 0.14,
      "night_shift": 0.1,
      "residential_morning": 0.12
    },
    "zone_profile_mix_weight": [
      0.4,
      0.8
    ],
    "zone_profile_phase_shift_hours": [
      -2.5,
      2.5
    ],
    "zone_profile_noise_std": [
      0.02,
      0.06
    ],
    "zone_profile_curvature_exp": [
      0.9,
      1.18
    ],
    "region_weather": {
      "R1": {
        "weather_profile": "calm_winter",
        "weather_spread_intensity": 1.4921764677290337
      },
      "R2": {
        "weather_profile": "stormy_winter",
        "weather_spread_intensity": 1.4743461386179537
      },
      "R3": {
        "weather_profile": "sunny_summer",
        "weather_spread_intensity": 1.3197294215811017
      },
      "R4": {
        "weather_profile": "sunny_summer",
        "weather_spread_intensity": 1.1101146844298562
      }
    }
  },
  "mip_gap_target_pct": 0.6966335587934778,
  "estimates": {
    "vars_total": 139488,
    "cons_total": 181334,
    "est_cpu_hours": 2.562415777777778
  },
  "meta": {
    "regions": 4,
    "zones": 27,
    "sites": 27,
    "intertie_density": 0.4171571635450205,
    "neighbor_nations": 3,
    "assets": {
      "thermal": 44,
      "solar": 61,
      "wind": 57,
      "battery": 30,
      "dr": 28,
      "nuclear": 5,
      "hydro_reservoir": 10,
      "hydro_ror": 23,
      "hydro_pumped": 5
    },
    "demand_scale_factor": 1.295945810813905,
    "zone_profile_variants": {
      "evening_peak": 0.28,
      "double_peak": 0.16,
      "office_peak": 0.2,
      "industrial": 0.14,
      "night_shift": 0.1,
      "residential_morning": 0.12
    },
    "zone_profile_mix_weight": [
      0.4,
      0.8
    ],
    "weather_profile": "sunny_summer",
    "cross_border_policy": "allow",
    "price_cap": 1618.9883477266817,
    "co2_price": 52.31450567522441,
    "import_export_caps_factor": 0.9614306335838606,
    "operation_costs": {
      "thermal_fuel_eur_per_mwh": 84.79811139947975,
      "nuclear_fuel_eur_per_mwh": 14.323177374302377,
      "demand_response_cost_eur_per_mwh": 891.1489652141687,
      "value_of_lost_load_eur_per_mwh": 11211.715962229333,
      "renewable_spill_cost_eur_per_mwh": 722.7554524068107,
      "hydro_spill_cost_eur_per_mwh": 382.6219148308694,
      "overgen_spill_cost_eur_per_mwh": 6079.087528222668,
      "battery_cycle_cost_eur_per_mwh": 91.70971781463919,
      "pumped_cycle_cost_eur_per_mwh": 54.43292776758656
    },
    "tech_scalers": {
      "thermal_marg_cost": 5.642631603727282,
      "thermal_ramp_pct": 0.10508795557640203,
      "battery_roundtrip_eff": 0.8353494744121361,
      "battery_e_to_p_hours": 5.365343373338618,
      "dr_max_shed_share": 0.23393606963680258,
      "dr_duration_hours": 5.135533241354062,
      "hydro_reservoir_head_eff": 0.9051188960770782,
      "battery_initial_soc_fraction": 0.3554433888667062,
      "battery_final_soc_tolerance": 0.08913586562696499,
      "battery_self_discharge_per_hour": 0.009233619033279163,
      "pumped_initial_level_fraction": 0.40169363494610993,
      "pumped_final_level_tolerance": 0.15619089507327516,
      "pumped_self_discharge_per_hour": 0.0021900276086314332
    }
  },
  "flexibility_metrics": {
    "total_storage_power_mw": 2500.0,
    "total_storage_capacity_mwh": 16048.0,
    "battery_power_mw": 1500.0,
    "battery_capacity_mwh": 8048.0,
    "pumped_power_mw": 1000.0,
    "pumped_capacity_mwh": 8000.0,
    "total_dr_capacity_mw": 4092.8,
    "total_ramp_up_mw_per_step": 409.3,
    "total_ramp_down_mw_per_step": 409.3,
    "thermal_flex_ratio": 0.362,
    "dr_duration_hours": 5.14,
    "battery_roundtrip_efficiency": 0.835
  },
  "difficulty_indicators": {
    "vre_penetration_pct": 34.51,
    "net_demand_volatility": 0.242,
    "peak_to_valley_ratio": 2.33,
    "estimated_milp_solve_time_seconds": 9224.7,