{
  "id": "0de02f30-afb8-4cbb-a18f-56969f0adc60",
  "horizon_hours": 24,
  "dt_minutes": 15,
  "graph": {
    "regions": 4,
    "zones_per_region": [
      8,
      9,
      6,
      4
    ],
    "sites_per_zone": [
      4,
      7,
      8,
      8,
      7,
      3,
      8,
      2,
      8,
      7,
      2,
      2,
      6,
      5,
      2,
      6,
      3,
      7,
      4,
      2,
      4,
      5,
      4,
      8,
      8,
      4,
      6
    ],
    "intertie_density": 0.5373351127732244,
    "neighbor_nations": 2
  },
  "assets": {
    "thermal_per_site": [
      3,
      0,
      0,
      2,
      0,
      3,
      3,
      1,
      3,
      2,
      2,
      0,
      3,
      3,
      0,
      1,
      1,
      2,
      0,
      0,
      0,
      0,
      2,
      1,
      0,
      3,
      3
    ],
    "solar_per_site": [
      1,
      1,
      1,
      3,
      1,
      2,
      3,
      2,
      1,
      1,
      3,
      3,
      3,
      2,
      3,
      3,
      1,
      1,
      2,
      3,
      2,
      1,
      2,
      1,
      3,
      2,
      1
    ],
    "wind_per_site": [
      2,
      2,
      1,
      1,
      1,
      2,
      2,
      2,
      3,
      3,
      2,
      2,
      2,
      2,
      3,
      2,
      1,
      2,
      1,
      2,
      1,
      3,
      2,
      2,
      1,
      2,
      3
    ],
    "battery_per_site": [
      1,
      1,
      1,
      1,
      1,
      2,
      2,
      1,
      1,
      1,
      0,
      2,
      1,
      1,
      1,
      0,
      0,
      1,
      1,
      1,
      0,
      0,
      2,
      1,
      1,
      0,
      2
    ],
    "dr_per_site": [
      0,
      2,
      1,
      0,
      0,
      1,
      0,
      1,
      2,
      2,
      1,
      2,
      0,
      0,
      2,
      2,
      1,
      1,
      0,
      2,
      2,
      2,
      2,
      0,
      0,
      0,
      0
    ],
    "nuclear_per_region": [
      0,
      1,
      0,
      2
    ],
    "hydro_reservoir_per_region": [
      3,
      1,
      3,
      0
    ],
    "hydro_ror_per_zone": [
      0,
      2,
      1,
      2,
      0,
      0,
      1,
      0,
      0,
      2,
      1,
      1,
      0,
      2,
      1,
      0,
      2,
      0,
      1,
      1,
      1,
      1,
      0,
      0,
      2,
      0,
      1
    ],
    "hydro_pumped_per_region": [
      2,
      2,
      2,
      0
    ]
  },
  "econ_policy": {
    "co2_price": 105.40234200556071,
    "price_cap": 3455.703452356873,
    "cross_border_policy": "block",
    "import_export_caps_factor": 0.8248311370791637
  },
  "tech": {
    "thermal_marg_cost": 5.903066322101253,
    "thermal_ramp_pct": 0.10298538895807777,
    "battery_roundtrip_eff": 0.9187840075803326,
    "battery_e_to_p_hours": 5.977130018944877,
    "dr_max_shed_share": 0.10300684403940696,
    "dr_duration_hours": 5.068131357510968,
    "hydro_reservoir_head_eff": 1.0061658840831769,
    "battery_initial_soc_fraction": 0.6083485143257046,
    "battery_final_soc_tolerance": 0.1640800162025046,
    "battery_self_discharge_per_hour": 0.0013142881552217346,
    "pumped_initial_level_fraction": 0.4257612078641922,
    "pumped_final_level_tolerance": 0.11602929340491952,
    "pumped_self_discharge_per_hour": 0.0036889381626446214
  },
  "operation_costs": {
    "thermal_fuel_eur_per_mwh": 76.78263970334704,
    "nuclear_fuel_eur_per_mwh": 11.633701346526365,
    "demand_response_cost_eur_per_mwh": 794.3946442554673,
    "value_of_lost_load_eur_per_mwh": 11660.98284706532,
    "renewable_spill_cost_eur_per_mwh": 573.902570906308,
    "hydro_spill_cost_eur_per_mwh": 1025.788421090974,
    "overgen_spill_cost_eur_per_mwh": 3560.4752954731093,
    "battery_cycle_cost_eur_per_mwh": 70.95869242687704,
    "pumped_cycle_cost_eur_per_mwh": 50.59178736315155
  },
  "exogenous": {
    "weather_profile": "calm_winter",
    "weather_spread_intensity": 0.9551126400277024,
    "demand_profile": "shoulder",
    "demand_scale_factor": 0.7676456003696145,
    "inflow_factor": 0.61139535966758,
    "zone_profile_variants": {
      "evening_peak": 0.28,
      "double_peak": 0.16,
      "office_peak": 0.2,
      "industrial": 0.14,
      "night_shift": 0.1,
      "residential_morning": 0.12
    },
    "zone_profile_mix_weight": [
      0.4,
      0.8
    ],
    "zone_profile_phase_shift_hours": [
      -2.5,
      2.5
    ],
    "zone_profile_noise_std": [
      0.02,
      0.06
    ],
    "zone_profile_curvature_exp": [
      0.9,
      1.18
    ],
    "region_weather": {
      "R1": {
        "weather_profile": "calm_winter",
        "weather_spread_intensity": 1.0245314622559172
      },
      "R2": {
        "weather_profile": "calm_winter",
        "weather_spread_intensity": 1.3955516625671458
      },
      "R3": {
        "weather_profile": "stormy_winter",
        "weather_spread_intensity": 0.6277039355923124
      },
      "R4": {
        "weather_profile": "mixed",
        "weather_spread_intensity": 0.7726634996954339
      }
    }
  },
  "mip_gap_target_pct": 1.4827334246020527,
  "estimates": {
    "vars_total": 131232,
    "cons_total": 170601,
    "est_cpu_hours": 2.415090333333333
  },
  "meta": {
    "regions": 4,
    "zones": 27,
    "sites": 27,
    "intertie_density": 0.5373351127732244,
    "neighbor_nations": 2,
    "assets": {
      "thermal": 38,
      "solar": 52,
      "wind": 52,
      "battery": 26,
      "dr": 26,
      "nuclear": 3,
      "hydro_reservoir": 7,
      "hydro_ror": 22,
      "hydro_pumped": 6
    },
    "demand_scale_factor": 0.7676456003696145,
    "zone_profile_variants": {
      "evening_peak": 0.28,
      "double_peak": 0.16,
      "office_peak": 0.2,
      "industrial": 0.14,
      "night_shift": 0.1,
      "residential_morning": 0.12
    },
    "zone_profile_mix_weight": [
      0.4,
      0.8
    ],
    "weather_profile": "calm_winter",
    "cross_border_policy": "block",
    "price_cap": 3455.703452356873,
    "co2_price": 105.40234200556071,
    "import_export_caps_factor": 0.8248311370791637,
    "operation_costs": {
      "thermal_fuel_eur_per_mwh": 76.78263970334704,
      "nuclear_fuel_eur_per_mwh": 11.633701346526365,
      "demand_response_cost_eur_per_mwh": 794.3946442554673,
      "value_of_lost_load_eur_per_mwh": 11660.98284706532,
      "renewable_spill_cost_eur_per_mwh": 573.902570906308,
      "hydro_spill_cost_eur_per_mwh": 1025.788421090974,
      "overgen_spill_cost_eur_per_mwh": 3560.4752954731093,
      "battery_cycle_cost_eur_per_mwh": 70.95869242687704,
      "pumped_cycle_cost_eur_per_mwh": 50.59178736315155
    },
    "tech_scalers": {
      "thermal_marg_cost": 5.903066322101253,
      "thermal_ramp_pct": 0.10298538895807777,
      "battery_roundtrip_eff": 0.9187840075803326,
      "battery_e_to_p_hours": 5.977130018944877,
      "dr_max_shed_share": 0.10300684403940696,
      "dr_duration_hours": 5.068131357510968,
      "hydro_reservoir_head_eff": 1.0061658840831769,
      "battery_initial_soc_fraction": 0.6083485143257046,
      "battery_final_soc_tolerance": 0.1640800162025046,
      "battery_self_discharge_per_hour": 0.0013142881552217346,
      "pumped_initial_level_fraction": 0.4257612078641922,
      "pumped_final_level_tolerance": 0.11602929340491952,
      "pumped_self_discharge_per_hour": 0.0036889381626446214
    }
  },
  "flexibility_metrics": {
    "total_storage_power_mw": 2500.0,
    "total_storage_capacity_mwh": 17370.3,
    "battery_power_mw": 1300.0,
    "battery_capacity_mwh": 7770.3,
    "pumped_power_mw": 1200.0,
    "pumped_capacity_mwh": 9600.0,
    "total_dr_capacity_mw": 1067.5,
    "total_ramp_up_mw_per_step": 331.0,
    "total_ramp_down_mw_per_step": 331.0,
    "thermal_flex_ratio": 0.248,
    "dr_duration_hours": 5.07,
    "battery_roundtrip_efficiency": 0.919
  },
  "difficulty_indicators": {
    "vre_penetration_pct": 36.83,
    "net_demand_volatility": 0.156,
    "peak_to_valley_ratio": 1.38,
    "estimated_milp_solve_time_seconds": 8694.3,