{
  "id": "f5a54e5c-b9be-4758-9b3b-047cbdadf773",
  "horizon_hours": 24,
  "dt_minutes": 15,
  "graph": {
    "regions": 2,
    "zones_per_region": [
      5,
      4
    ],
    "sites_per_zone": [
      6,
      2,
      5,
      7,
      9,
      5,
      9,
      4,
      6
    ],
    "intertie_density": 0.20085639398370547,
    "neighbor_nations": 5
  },
  "assets": {
    "thermal_per_site": [
      1,
      2,
      2,
      0,
      2,
      3,
      3,
      3,
      0
    ],
    "solar_per_site": [
      1,
      3,
      2,
      3,
      2,
      1,
      2,
      2,
      1
    ],
    "wind_per_site": [
      3,
      1,
      1,
      3,
      1,
      2,
      3,
      1,
      3
    ],
    "battery_per_site": [
      2,
      0,
      0,
      2,
      2,
      2,
      2,
      2,
      0
    ],
    "dr_per_site": [
      0,
      0,
      1,
      1,
      1,
      0,
      0,
      1,
      2
    ],
    "nuclear_per_region": [
      2,
      1
    ],
    "hydro_reservoir_per_region": [
      0,
      0
    ],
    "hydro_ror_per_zone": [
      1,
      1,
      2,
      0,
      2,
      1,
      0,
      1,
      1
    ],
    "hydro_pumped_per_region": [
      0,
      1
    ]
  },
  "econ_policy": {
    "co2_price": 53.45268807863488,
    "price_cap": 3674.9621188941474,
    "cross_border_policy": "allow",
    "import_export_caps_factor": 1.3969374821271847
  },
  "tech": {
    "thermal_marg_cost": 6.7654113218741365,
    "thermal_ramp_pct": 0.08024232901092501,
    "battery_roundtrip_eff": 0.8951202463259637,
    "battery_e_to_p_hours": 5.494274242621065,
    "dr_max_shed_share": 0.1747901513985175,
    "dr_duration_hours": 2.70459050228167,
    "hydro_reservoir_head_eff": 0.9424749716652729,
    "battery_initial_soc_fraction": 0.6103032778962603,
    "battery_final_soc_tolerance": 0.1109626560344602,
    "battery_self_discharge_per_hour": 0.002805894153214257,
    "pumped_initial_level_fraction": 0.4108655923679227,
    "pumped_final_level_tolerance": 0.09504556643780594,
    "pumped_self_discharge_per_hour": 0.003714715139820632
  },
  "operation_costs": {
    "thermal_fuel_eur_per_mwh": 53.86348014933341,
    "nuclear_fuel_eur_per_mwh": 19.7342403863826,
    "thermal_startup_cost_eur": 5428.651578525387,
    "nuclear_startup_cost_eur": 32801.93173901959,
    "demand_response_cost_eur_per_mwh": 356.45937736289983,
    "value_of_lost_load_eur_per_mwh": 9141.592924050941,
    "renewable_spill_cost_eur_per_mwh": 1520.5504209479823,
    "hydro_spill_cost_eur_per_mwh": 1154.953424487588,
    "overgen_spill_cost_eur_per_mwh": 4995.8731674616765,
    "battery_cycle_cost_eur_per_mwh": 130.7388599203221,
    "pumped_cycle_cost_eur_per_mwh": 57.68030954324715
  },
  "exogenous": {
    "weather_profile": "stormy_winter",
    "weather_spread_intensity": 1.1730537969978574,
    "demand_profile": "cold_snap",
    "demand_scale_factor": 0.9682243357066255,
    "inflow_factor": 1.3912877101935677,
    "zone_profile_variants": {
      "evening_peak": 0.28,
      "double_peak": 0.16,
      "office_peak": 0.2,
      "industrial": 0.14,
      "night_shift": 0.1,
      "residential_morning": 0.12
    },
    "zone_profile_mix_weight": [
      0.4,
      0.8
    ],
    "zone_profile_phase_shift_hours": [
      -2.5,
      2.5
    ],
    "zone_profile_noise_std": [
      0.02,
      0.06
    ],
    "zone_profile_curvature_exp": [
      0.9,
      1.18
    ],
    "region_weather": {
      "R1": {
        "weather_profile": "stormy_winter",
        "weather_spread_intensity": 1.359869584108984
      },
      "R2": {
        "weather_profile": "calm_winter",
        "weather_spread_intensity": 0.9862380098867308
      }
    }
  },
  "mip_gap_target_pct": 1.1398796705533945,
  "estimates": {
    "vars_total": 45408,
    "cons_total": 59030,
    "est_cpu_hours": 0.8836104444444446
  },
  "meta": {
    "regions": 2,
    "zones": 9,
    "sites": 9,
    "intertie_density": 0.20085639398370547,
    "neighbor_nations": 5,
    "assets": {
      "thermal": 16,
      "solar": 17,
      "wind": 18,
      "battery": 12,
      "dr": 6,
      "nuclear": 3,
      "hydro_reservoir": 0,
      "hydro_ror": 9,
      "hydro_pumped": 1
    },
    "demand_scale_factor": 0.9682243357066255,
    "zone_profile_variants": {
      "evening_peak": 0.28,
      "double_peak": 0.16,
      "office_peak": 0.2,
      "industrial": 0.14,
      "night_shift": 0.1,
      "residential_morning": 0.12
    },
    "zone_profile_mix_weight": [
      0.4,
      0.8
    ],
    "weather_profile": "stormy_winter",
    "cross_border_policy": "allow",
    "price_cap": 3674.9621188941474,
    "co2_price": 53.45268807863488,
    "import_export_caps_factor": 1.3969374821271847,
    "operation_costs": {
      "thermal_fuel_eur_per_mwh": 53.86348014933341,
      "nuclear_fuel_eur_per_mwh": 19.7342403863826,
      "thermal_startup_cost_eur": 5428.651578525387,
      "nuclear_startup_cost_eur": 32801.93173901959,
      "demand_response_cost_eur_per_mwh": 356.45937736289983,
      "value_of_lost_load_eur_per_mwh": 9141.592924050941,
      "renewable_spill_cost_eur_per_mwh": 1520.5504209479823,
      "hydro_spill_cost_eur_per_mwh": 1154.953424487588,
      "overgen_spill_cost_eur_per_mwh": 4995.8731674616765,
      "battery_cycle_cost_eur_per_mwh": 130.7388599203221,
      "pumped_cycle_cost_eur_per_mwh": 57.68030954324715
    },
    "tech_scalers": {
      "thermal_marg_cost": 6.7654113218741365,
      "thermal_ramp_pct": 0.08024232901092501,
      "battery_roundtrip_eff": 0.8951202463259637,
      "battery_e_to_p_hours": 5.494274242621065,
      "dr_max_shed_share": 0.1747901513985175,
      "dr_duration_hours": 2.70459050228167,
      "hydro_reservoir_head_eff": 0.9424749716652729,
      "battery_initial_soc_fraction": 0.6103032778962603,
      "battery_final_soc_tolerance": 0.1109626560344602,
      "battery_self_discharge_per_hour": 0.002805894153214257,
      "pumped_initial_level_fraction": 0.4108655923679227,
      "pumped_final_level_tolerance": 0.09504556643780594,
      "pumped_self_discharge_per_hour": 0.003714715139820632
    }
  },
  "flexibility_metrics": {
    "total_storage_power_mw": 800.0,
    "total_storage_capacity_mwh": 4896.6,
    "battery_power_mw": 600.0,
    "battery_capacity_mwh": 3296.6,
    "pumped_power_mw": 200.0,
    "pumped_capacity_mwh": 1600.0,
    "total_dr_capacity_mw": 761.6,
    "total_ramp_up_mw_per_step": 133.8,
    "total_ramp_down_mw_per_step": 133.8,
    "thermal_flex_ratio": 0.2,
    "dr_duration_hours": 2.7,
    "battery_roundtrip_efficiency": 0.895
  },
  "difficulty_indicators": {
    "vre_penetration_pct": 31.43,
    "net_demand_volatility": 0.32,
    "peak_to_valley_ratio": 1.74,
    "estimated_milp_solve_time_seconds": 3181.0,
    "complexity_score": "medium",
    "n_binary_variables": 1536,
    "n_timesteps": 96,
    "n_zones": 9,
    "weather_profile": "stormy_winter",
    "demand_profile": "cold_snap"
  }
}