{
  "id": "ed217740-d50e-49a9-91a8-6395ca70b59f",
  "horizon_hours": 24,
  "dt_minutes": 15,
  "graph": {
    "regions": 4,
    "zones_per_region": [
      8,
      5,
      7,
      3
    ],
    "sites_per_zone": [
      6,
      3,
      7,
      6,
      5,
      8,
      4,
      6,
      4,
      8,
      3,
      7,
      2,
      5,
      4,
      2,
      3,
      4,
      8,
      6,
      4,
      4,
      8
    ],
    "intertie_density": 0.24166861110429272,
    "neighbor_nations": 1
  },
  "assets": {
    "thermal_per_site": [
      1,
      1,
      3,
      1,
      3,
      2,
      3,
      1,
      1,
      2,
      1,
      1,
      2,
      1,
      3,
      0,
      3,
      2,
      2,
      0,
      2,
      3,
      0
    ],
    "solar_per_site": [
      1,
      1,
      1,
      1,
      1,
      3,
      1,
      3,
      1,
      3,
      1,
      1,
      3,
      2,
      2,
      3,
      1,
      3,
      3,
      1,
      1,
      2,
      3
    ],
    "wind_per_site": [
      2,
      2,
      3,
      3,
      1,
      1,
      1,
      3,
      2,
      1,
      2,
      3,
      3,
      3,
      1,
      3,
      2,
      2,
      3,
      1,
      1,
      1,
      1
    ],
    "battery_per_site": [
      0,
      2,
      2,
      1,
      0,
      1,
      0,
      2,
      0,
      1,
      1,
      2,
      0,
      1,
      2,
      1,
      0,
      0,
      1,
      1,
      1,
      2,
      2
    ],
    "dr_per_site": [
      0,
      2,
      0,
      2,
      1,
      2,
      1,
      1,
      2,
      1,
      2,
      0,
      1,
      1,
      0,
      2,
      2,
      0,
      2,
      0,
      1,
      0,
      0
    ],
    "nuclear_per_region": [
      0,
      0,
      0,
      2
    ],
    "hydro_reservoir_per_region": [
      3,
      0,
      1,
      1
    ],
    "hydro_ror_per_zone": [
      2,
      2,
      2,
      2,
      2,
      2,
      2,
      0,
      2,
      0,
      2,
      2,
      1,
      1,
      2,
      2,
      2,
      1,
      2,
      2,
      1,
      1,
      2
    ],
    "hydro_pumped_per_region": [
      2,
      2,
      0,
      1
    ]
  },
  "econ_policy": {
    "co2_price": 188.75656324050829,
    "price_cap": 2661.814963492334,
    "cross_border_policy": "block",
    "import_export_caps_factor": 0.5569830552964483
  },
  "tech": {
    "thermal_marg_cost": 1.557251623604654,
    "thermal_ramp_pct": 0.11395890807251484,
    "battery_roundtrip_eff": 0.809281499389475,
    "battery_e_to_p_hours": 4.8864428560965045,
    "dr_max_shed_share": 0.26675332878861624,
    "dr_duration_hours": 4.0859154872122385,
    "hydro_reservoir_head_eff": 0.9929400020130236,
    "battery_initial_soc_fraction": 0.6111850195958195,
    "battery_final_soc_tolerance": 0.11842773720742222,
    "battery_self_discharge_per_hour": 0.0033241973011585296,
    "pumped_initial_level_fraction": 0.6466140746442166,
    "pumped_final_level_tolerance": 0.07747354299680338,
    "pumped_self_discharge_per_hour": 0.0014165378672662296
  },
  "operation_costs": {
    "thermal_fuel_eur_per_mwh": 49.21116285613835,
    "nuclear_fuel_eur_per_mwh": 9.436062666600712,
    "demand_response_cost_eur_per_mwh": 869.8441880178594,
    "value_of_lost_load_eur_per_mwh": 8219.946597622771,
    "renewable_spill_cost_eur_per_mwh": 1852.3272357229944,
    "hydro_spill_cost_eur_per_mwh": 278.33401185721584,
    "overgen_spill_cost_eur_per_mwh": 7132.46754445214,
    "battery_cycle_cost_eur_per_mwh": 113.77482329364824,
    "pumped_cycle_cost_eur_per_mwh": 60.166127158505454
  },
  "exogenous": {
    "weather_profile": "sunny_summer",
    "weather_spread_intensity": 0.8063373689760004,
    "demand_profile": "shoulder",
    "demand_scale_factor": 1.0689272235861926,
    "inflow_factor": 0.7635725993130508,
    "zone_profile_variants": {
      "evening_peak": 0.28,
      "double_peak": 0.16,
      "office_peak": 0.2,
      "industrial": 0.14,
      "night_shift": 0.1,
      "residential_morning": 0.12
    },
    "zone_profile_mix_weight": [
      0.4,
      0.8
    ],
    "zone_profile_phase_shift_hours": [
      -2.5,
      2.5
    ],
    "zone_profile_noise_std": [
      0.02,
      0.06
    ],
    "zone_profile_curvature_exp": [
      0.9,
      1.18
    ],
    "region_weather": {
      "R1": {
        "weather_profile": "sunny_summer",
        "weather_spread_intensity": 0.6222297760882642
      },
      "R2": {
        "weather_profile": "calm_winter",
        "weather_spread_intensity": 0.9202283100456282
      },
      "R3": {
        "weather_profile": "sunny_summer",
        "weather_spread_intensity": 0.5206380018122594
      },
      "R4": {
        "weather_profile": "overcast_summer",
        "weather_spread_intensity": 1.1622533879578496
      }
    }
  },
  "mip_gap_target_pct": 1.4049391112883578,
  "estimates": {
    "vars_total": 117120,
    "cons_total": 152256,
    "est_cpu_hours": 2.1632746666666667
  },
  "meta": {
    "regions": 4,
    "zones": 23,
    "sites": 23,
    "intertie_density": 0.24166861110429272,
    "neighbor_nations": 1,
    "assets": {
      "thermal": 38,
      "solar": 42,
      "wind": 45,
      "battery": 23,
      "dr": 23,
      "nuclear": 2,
      "hydro_reservoir": 5,
      "hydro_ror": 37,
      "hydro_pumped": 5
    },
    "demand_scale_factor": 1.0689272235861926,
    "zone_profile_variants": {
      "evening_peak": 0.28,
      "double_peak": 0.16,
      "office_peak": 0.2,
      "industrial": 0.14,
      "night_shift": 0.1,
      "residential_morning": 0.12
    },
    "zone_profile_mix_weight": [
      0.4,
      0.8
    ],
    "weather_profile": "sunny_summer",
    "cross_border_policy": "block",
    "price_cap": 2661.814963492334,
    "co2_price": 188.75656324050829,
    "import_export_caps_factor": 0.5569830552964483,
    "operation_costs": {
      "thermal_fuel_eur_per_mwh": 49.21116285613835,
      "nuclear_fuel_eur_per_mwh": 9.436062666600712,
      "demand_response_cost_eur_per_mwh": 869.8441880178594,
      "value_of_lost_load_eur_per_mwh": 8219.946597622771,
      "renewable_spill_cost_eur_per_mwh": 1852.3272357229944,
      "hydro_spill_cost_eur_per_mwh": 278.33401185721584,
      "overgen_spill_cost_eur_per_mwh": 7132.46754445214,
      "battery_cycle_cost_eur_per_mwh": 113.77482329364824,
      "pumped_cycle_cost_eur_per_mwh": 60.166127158505454
    },
    "tech_scalers": {
      "thermal_marg_cost": 1.557251623604654,
      "thermal_ramp_pct": 0.11395890807251484,
      "battery_roundtrip_eff": 0.809281499389475,
      "battery_e_to_p_hours": 4.8864428560965045,
      "dr_max_shed_share": 0.26675332878861624,
      "dr_duration_hours": 4.0859154872122385,
      "hydro_reservoir_head_eff": 0.9929400020130236,
      "battery_initial_soc_fraction": 0.6111850195958195,
      "battery_final_soc_tolerance": 0.11842773720742222,
      "battery_self_discharge_per_hour": 0.0033241973011585296,
      "pumped_initial_level_fraction": 0.6466140746442166,
      "pumped_final_level_tolerance": 0.07747354299680338,
      "pumped_self_discharge_per_hour": 0.0014165378672662296
    }
  },
  "flexibility_metrics": {
    "total_storage_power_mw": 2150.0,
    "total_storage_capacity_mwh": 13619.4,
    "battery_power_mw": 1150.0,
    "battery_capacity_mwh": 5619.4,
    "pumped_power_mw": 1000.0,
    "pumped_capacity_mwh": 8000.0,
    "total_dr_capacity_mw": 3279.1,
    "total_ramp_up_mw_per_step": 349.8,
    "total_ramp_down_mw_per_step": 349.8,
    "thermal_flex_ratio": 0.405,
    "dr_duration_hours": 4.09,
    "battery_roundtrip_efficiency": 0.809
  },
  "difficulty_indicators": {
    "vre_penetration_pct": 31.97,
    "net_demand_volatility": 0.242,
    "peak_to_valley_ratio": 1.92,
    "estimated_milp_solve_time_seconds": 7787.8,
    "complexity_score": "hard",
    "n_binary_variables": 3648,
    "n_timesteps": 96,
    "n_zones": 23,
    "weather_profile": "sunny_summer",
    "demand_profile": "shoulder"
  }
}