{
  "id": "c92996ed-de10-4253-9b0c-c4ad80c33489",
  "horizon_hours": 24,
  "dt_minutes": 15,
  "graph": {
    "regions": 3,
    "zones_per_region": [
      3,
      7,
      8
    ],
    "sites_per_zone": [
      3,
      3,
      8,
      7,
      3,
      5,
      7,
      4,
      4,
      2,
      7,
      4,
      7,
      4,
      7,
      7,
      5,
      6
    ],
    "intertie_density": 0.23488587032776476,
    "neighbor_nations": 2
  },
  "assets": {
    "thermal_per_site": [
      2,
      1,
      1,
      0,
      2,
      2,
      3,
      0,
      0,
      1,
      3,
      0,
      1,
      3,
      1,
      0,
      3,
      1
    ],
    "solar_per_site": [
      2,
      1,
      1,
      3,
      1,
      1,
      3,
      3,
      1,
      3,
      2,
      2,
      3,
      3,
      2,
      2,
      3,
      2
    ],
    "wind_per_site": [
      1,
      2,
      1,
      1,
      3,
      2,
      3,
      1,
      3,
      1,
      1,
      2,
      3,
      1,
      2,
      2,
      2,
      2
    ],
    "battery_per_site": [
      1,
      1,
      2,
      2,
      0,
      2,
      1,
      2,
      0,
      2,
      1,
      2,
      0,
      1,
      1,
      1,
      0,
      0
    ],
    "dr_per_site": [
      2,
      2,
      2,
      0,
      0,
      0,
      1,
      2,
      1,
      2,
      1,
      1,
      1,
      1,
      0,
      2,
      0,
      2
    ],
    "nuclear_per_region": [
      0,
      0,
      2
    ],
    "hydro_reservoir_per_region": [
      1,
      2,
      3
    ],
    "hydro_ror_per_zone": [
      1,
      2,
      0,
      0,
      0,
      1,
      2,
      0,
      2,
      1,
      0,
      0,
      0,
      1,
      1,
      0,
      1,
      1
    ],
    "hydro_pumped_per_region": [
      1,
      0,
      1
    ]
  },
  "econ_policy": {
    "co2_price": 56.51409561616673,
    "price_cap": 4424.2776214961405,
    "cross_border_policy": "cap",
    "import_export_caps_factor": 0.7300975470297985
  },
  "tech": {
    "thermal_marg_cost": 14.719841981501435,
    "thermal_ramp_pct": 0.3083966618019072,
    "battery_roundtrip_eff": 0.7948171753388801,
    "battery_e_to_p_hours": 2.0898767606304482,
    "dr_max_shed_share": 0.3195359387172489,
    "dr_duration_hours": 3.4109159108194693,
    "hydro_reservoir_head_eff": 0.9339075841451333,
    "battery_initial_soc_fraction": 0.5050392826876171,
    "battery_final_soc_tolerance": 0.1446164468699609,
    "battery_self_discharge_per_hour": 0.007395609724084225,
    "pumped_initial_level_fraction": 0.690798341568803,
    "pumped_final_level_tolerance": 0.07806003283368126,
    "pumped_self_discharge_per_hour": 0.002854286156453699
  },
  "operation_costs": {
    "thermal_fuel_eur_per_mwh": 58.525620194618085,
    "nuclear_fuel_eur_per_mwh": 13.453316546271825,
    "demand_response_cost_eur_per_mwh": 1029.2760027884656,
    "value_of_lost_load_eur_per_mwh": 7169.098123498738,
    "renewable_spill_cost_eur_per_mwh": 1468.707551315887,
    "hydro_spill_cost_eur_per_mwh": 739.6494724890862,
    "overgen_spill_cost_eur_per_mwh": 5349.428830291552,
    "battery_cycle_cost_eur_per_mwh": 94.71466278205216,
    "pumped_cycle_cost_eur_per_mwh": 76.2397407582618
  },
  "exogenous": {
    "weather_profile": "mixed",
    "weather_spread_intensity": 0.8798969826768609,
    "demand_profile": "wkend_flat",
    "demand_scale_factor": 0.7207306281026589,
    "inflow_factor": 0.946400724098876,
    "zone_profile_variants": {
      "evening_peak": 0.28,
      "double_peak": 0.16,
      "office_peak": 0.2,
      "industrial": 0.14,
      "night_shift": 0.1,
      "residential_morning": 0.12
    },
    "zone_profile_mix_weight": [
      0.4,
      0.8
    ],
    "zone_profile_phase_shift_hours": [
      -2.5,
      2.5
    ],
    "zone_profile_noise_std": [
      0.02,
      0.06
    ],
    "zone_profile_curvature_exp": [
      0.9,
      1.18
    ],
    "region_weather": {
      "R1": {
        "weather_profile": "mixed",
        "weather_spread_intensity": 0.638824419377724
      },
      "R2": {
        "weather_profile": "stormy_winter",
        "weather_spread_intensity": 1.211306948490599
      },
      "R3": {
        "weather_profile": "mixed",
        "weather_spread_intensity": 0.78955958016226
      }
    }
  },
  "mip_gap_target_pct": 1.1419896130590366,
  "estimates": {
    "vars_total": 88032,
    "cons_total": 114441,
    "est_cpu_hours": 1.6442103333333336
  },
  "meta": {
    "regions": 3,
    "zones": 18,
    "sites": 18,
    "intertie_density": 0.23488587032776476,
    "neighbor_nations": 2,
    "assets": {
      "thermal": 24,
      "solar": 38,
      "wind": 33,
      "battery": 19,
      "dr": 20,
      "nuclear": 2,
      "hydro_reservoir": 6,
      "hydro_ror": 13,
      "hydro_pumped": 2
    },
    "demand_scale_factor": 0.7207306281026589,
    "zone_profile_variants": {
      "evening_peak": 0.28,
      "double_peak": 0.16,
      "office_peak": 0.2,
      "industrial": 0.14,
      "night_shift": 0.1,
      "residential_morning": 0.12
    },
    "zone_profile_mix_weight": [
      0.4,
      0.8
    ],
    "weather_profile": "mixed",
    "cross_border_policy": "cap",
    "price_cap": 4424.2776214961405,
    "co2_price": 56.51409561616673,
    "import_export_caps_factor": 0.7300975470297985,
    "operation_costs": {
      "thermal_fuel_eur_per_mwh": 58.525620194618085,
      "nuclear_fuel_eur_per_mwh": 13.453316546271825,
      "demand_response_cost_eur_per_mwh": 1029.2760027884656,
      "value_of_lost_load_eur_per_mwh": 7169.098123498738,
      "renewable_spill_cost_eur_per_mwh": 1468.707551315887,
      "hydro_spill_cost_eur_per_mwh": 739.6494724890862,
      "overgen_spill_cost_eur_per_mwh": 5349.428830291552,
      "battery_cycle_cost_eur_per_mwh": 94.71466278205216,
      "pumped_cycle_cost_eur_per_mwh": 76.2397407582618
    },
    "tech_scalers": {
      "thermal_marg_cost": 14.719841981501435,
      "thermal_ramp_pct": 0.3083966618019072,
      "battery_roundtrip_eff": 0.7948171753388801,
      "battery_e_to_p_hours": 2.0898767606304482,
      "dr_max_shed_share": 0.3195359387172489,
      "dr_duration_hours": 3.4109159108194693,
      "hydro_reservoir_head_eff": 0.9339075841451333,
      "battery_initial_soc_fraction": 0.5050392826876171,
      "battery_final_soc_tolerance": 0.1446164468699609,
      "battery_self_discharge_per_hour": 0.007395609724084225,
      "pumped_initial_level_fraction": 0.690798341568803,
      "pumped_final_level_tolerance": 0.07806003283368126,
      "pumped_self_discharge_per_hour": 0.002854286156453699
    }
  },
  "flexibility_metrics": {
    "total_storage_power_mw": 1350.0,
    "total_storage_capacity_mwh": 5185.4,
    "battery_power_mw": 950.0,
    "battery_capacity_mwh": 1985.4,
    "pumped_power_mw": 400.0,
    "pumped_capacity_mwh": 3200.0,
    "total_dr_capacity_mw": 2072.7,
    "total_ramp_up_mw_per_step": 580.1,
    "total_ramp_down_mw_per_step": 580.1,
    "thermal_flex_ratio": 0.372,
    "dr_duration_hours": 3.41,
    "battery_roundtrip_efficiency": 0.795
  },
  "difficulty_indicators": {
    "vre_penetration_pct": 37.15,
    "net_demand_volatility": 0.197,
    "peak_to_valley_ratio": 1.3,
    "estimated_milp_solve_time_seconds": 5919.2,
    "complexity_score": "hard",
    "n_binary_variables": 2304,
    "n_timesteps": 96,
    "n_zones": 18,
    "weather_profile": "mixed",
    "demand_profile": "wkend_flat"
  }
}