{
  "id": "6e29430d-dc1c-46f8-ac02-96a13574bc51",
  "horizon_hours": 24,
  "dt_minutes": 15,
  "graph": {
    "regions": 2,
    "zones_per_region": [
      6,
      5
    ],
    "sites_per_zone": [
      5,
      8,
      6,
      4,
      7,
      2,
      2,
      3,
      7,
      5,
      5
    ],
    "intertie_density": 0.25344601616176154,
    "neighbor_nations": 1
  },
  "assets": {
    "thermal_per_site": [
      3,
      1,
      1,
      3,
      0,
      3,
      3,
      0,
      1,
      3,
      2
    ],
    "solar_per_site": [
      3,
      2,
      3,
      2,
      2,
      1,
      2,
      1,
      3,
      1,
      3
    ],
    "wind_per_site": [
      3,
      2,
      3,
      3,
      1,
      2,
      1,
      1,
      3,
      3,
      3
    ],
    "battery_per_site": [
      2,
      0,
      1,
      2,
      1,
      1,
      2,
      2,
      1,
      0,
      0
    ],
    "dr_per_site": [
      0,
      1,
      1,
      1,
      1,
      2,
      2,
      2,
      2,
      0,
      0
    ],
    "nuclear_per_region": [
      2,
      1
    ],
    "hydro_reservoir_per_region": [
      0,
      1
    ],
    "hydro_ror_per_zone": [
      0,
      0,
      1,
      0,
      2,
      1,
      0,
      1,
      2,
      2,
      0
    ],
    "hydro_pumped_per_region": [
      1,
      2
    ]
  },
  "econ_policy": {
    "co2_price": 75.17735154775067,
    "price_cap": 2450.840102666003,
    "cross_border_policy": "cap",
    "import_export_caps_factor": 1.116418348366768
  },
  "tech": {
    "thermal_marg_cost": 12.47934249816397,
    "thermal_ramp_pct": 0.36991179729176776,
    "battery_roundtrip_eff": 0.8334140659981543,
    "battery_e_to_p_hours": 5.377294583713789,
    "dr_max_shed_share": 0.24639314781299437,
    "dr_duration_hours": 5.848091333829602,
    "hydro_reservoir_head_eff": 0.8623037218255356,
    "battery_initial_soc_fraction": 0.4836000515847259,
    "battery_final_soc_tolerance": 0.10174904466922688,
    "battery_self_discharge_per_hour": 0.009262447093140284,
    "pumped_initial_level_fraction": 0.640184926835176,
    "pumped_final_level_tolerance": 0.06110991224160965,
    "pumped_self_discharge_per_hour": 0.001756026822722906
  },
  "operation_costs": {
    "thermal_fuel_eur_per_mwh": 63.68144400495203,
    "nuclear_fuel_eur_per_mwh": 15.520367317817104,
    "demand_response_cost_eur_per_mwh": 808.8773163823894,
    "value_of_lost_load_eur_per_mwh": 6078.316547014556,
    "renewable_spill_cost_eur_per_mwh": 1075.2397594925942,
    "hydro_spill_cost_eur_per_mwh": 434.1001784727632,
    "overgen_spill_cost_eur_per_mwh": 4588.433029535232,
    "battery_cycle_cost_eur_per_mwh": 77.17296191867968,
    "pumped_cycle_cost_eur_per_mwh": 76.67074479130893
  },
  "exogenous": {
    "weather_profile": "mixed",
    "weather_spread_intensity": 1.2561690717660894,
    "demand_profile": "cold_snap",
    "demand_scale_factor": 0.8117172277377794,
    "inflow_factor": 0.55821400494301,
    "zone_profile_variants": {
      "evening_peak": 0.28,
      "double_peak": 0.16,
      "office_peak": 0.2,
      "industrial": 0.14,
      "night_shift": 0.1,
      "residential_morning": 0.12
    },
    "zone_profile_mix_weight": [
      0.4,
      0.8
    ],
    "zone_profile_phase_shift_hours": [
      -2.5,
      2.5
    ],
    "zone_profile_noise_std": [
      0.02,
      0.06
    ],
    "zone_profile_curvature_exp": [
      0.9,
      1.18
    ],
    "region_weather": {
      "R1": {
        "weather_profile": "mixed",
        "weather_spread_intensity": 1.1668198880934295
      },
      "R2": {
        "weather_profile": "mixed",
        "weather_spread_intensity": 1.345518255438749
      }
    }
  },
  "mip_gap_target_pct": 1.2858559349805958,
  "estimates": {
    "vars_total": 57408,
    "cons_total": 74630,
    "est_cpu_hours": 1.0977437777777779
  },
  "meta": {
    "regions": 2,
    "zones": 11,
    "sites": 11,
    "intertie_density": 0.25344601616176154,
    "neighbor_nations": 1,
    "assets": {
      "thermal": 20,
      "solar": 23,
      "wind": 25,
      "battery": 12,
      "dr": 12,
      "nuclear": 3,
      "hydro_reservoir": 1,
      "hydro_ror": 9,
      "hydro_pumped": 3
    },
    "demand_scale_factor": 0.8117172277377794,
    "zone_profile_variants": {
      "evening_peak": 0.28,
      "double_peak": 0.16,
      "office_peak": 0.2,
      "industrial": 0.14,
      "night_shift": 0.1,
      "residential_morning": 0.12
    },
    "zone_profile_mix_weight": [
      0.4,
      0.8
    ],
    "weather_profile": "mixed",
    "cross_border_policy": "cap",
    "price_cap": 2450.840102666003,
    "co2_price": 75.17735154775067,
    "import_export_caps_factor": 1.116418348366768,
    "operation_costs": {
      "thermal_fuel_eur_per_mwh": 63.68144400495203,
      "nuclear_fuel_eur_per_mwh": 15.520367317817104,
      "demand_response_cost_eur_per_mwh": 808.8773163823894,
      "value_of_lost_load_eur_per_mwh": 6078.316547014556,
      "renewable_spill_cost_eur_per_mwh": 1075.2397594925942,
      "hydro_spill_cost_eur_per_mwh": 434.1001784727632,
      "overgen_spill_cost_eur_per_mwh": 4588.433029535232,
      "battery_cycle_cost_eur_per_mwh": 77.17296191867968,
      "pumped_cycle_cost_eur_per_mwh": 76.67074479130893
    },
    "tech_scalers": {
      "thermal_marg_cost": 12.47934249816397,
      "thermal_ramp_pct": 0.36991179729176776,
      "battery_roundtrip_eff": 0.8334140659981543,
      "battery_e_to_p_hours": 5.377294583713789,
      "dr_max_shed_share": 0.24639314781299437,
      "dr_duration_hours": 5.848091333829602,
      "hydro_reservoir_head_eff": 0.8623037218255356,
      "battery_initial_soc_fraction": 0.4836000515847259,
      "battery_final_soc_tolerance": 0.10174904466922688,
      "battery_self_discharge_per_hour": 0.009262447093140284,
      "pumped_initial_level_fraction": 0.640184926835176,
      "pumped_final_level_tolerance": 0.06110991224160965,
      "pumped_self_discharge_per_hour": 0.001756026822722906
    }
  }
}