{
  "id": "07710a36-5f40-45c5-8612-103da3d064c2",
  "horizon_hours": 24,
  "dt_minutes": 15,
  "graph": {
    "regions": 4,
    "zones_per_region": [
      5,
      6,
      3,
      9
    ],
    "sites_per_zone": [
      5,
      6,
      2,
      7,
      6,
      6,
      6,
      3,
      7,
      5,
      7,
      4,
      2,
      3,
      7,
      8,
      6,
      5,
      6,
      5,
      2,
      5,
      3
    ],
    "intertie_density": 0.39086499755306103,
    "neighbor_nations": 1
  },
  "assets": {
    "thermal_per_site": [
      3,
      2,
      0,
      0,
      0,
      1,
      2,
      1,
      0,
      1,
      2,
      1,
      1,
      0,
      0,
      3,
      3,
      0,
      2,
      2,
      3,
      3,
      1
    ],
    "solar_per_site": [
      1,
      1,
      2,
      1,
      2,
      3,
      2,
      3,
      1,
      1,
      3,
      2,
      1,
      1,
      3,
      2,
      3,
      2,
      3,
      2,
      2,
      3,
      1
    ],
    "wind_per_site": [
      3,
      2,
      2,
      2,
      3,
      2,
      2,
      2,
      1,
      1,
      2,
      2,
      1,
      3,
      2,
      1,
      2,
      1,
      2,
      2,
      2,
      3,
      3
    ],
    "battery_per_site": [
      1,
      1,
      1,
      2,
      2,
      0,
      1,
      0,
      1,
      1,
      1,
      1,
      2,
      2,
      1,
      0,
      0,
      0,
      1,
      1,
      2,
      2,
      1
    ],
    "dr_per_site": [
      1,
      2,
      1,
      2,
      2,
      1,
      1,
      1,
      2,
      2,
      1,
      2,
      0,
      0,
      0,
      1,
      1,
      1,
      0,
      1,
      1,
      0,
      2
    ],
    "nuclear_per_region": [
      0,
      2,
      0,
      1
    ],
    "hydro_reservoir_per_region": [
      2,
      1,
      3,
      2
    ],
    "hydro_ror_per_zone": [
      1,
      2,
      0,
      0,
      2,
      1,
      1,
      0,
      1,
      0,
      1,
      2,
      2,
      1,
      0,
      2,
      0,
      1,
      1,
      0,
      0,
      0,
      2
    ],
    "hydro_pumped_per_region": [
      0,
      0,
      2,
      0
    ]
  },
  "econ_policy": {
    "co2_price": 216.99989960922295,
    "price_cap": 4153.026178327643,
    "cross_border_policy": "allow",
    "import_export_caps_factor": 0.8868101925228635
  },
  "tech": {
    "thermal_marg_cost": 1.8211502908791193,
    "thermal_ramp_pct": 0.06893948679095421,
    "battery_roundtrip_eff": 0.8143267012455904,
    "battery_e_to_p_hours": 4.168482605276341,
    "dr_max_shed_share": 0.28322612867008495,
    "dr_duration_hours": 1.183605340372659,
    "hydro_reservoir_head_eff": 1.0352377241668735,
    "battery_initial_soc_fraction": 0.45606553305178593,
    "battery_final_soc_tolerance": 0.0623883735289628,
    "battery_self_discharge_per_hour": 0.004203109336355959,
    "pumped_initial_level_fraction": 0.5439034973789918,
    "pumped_final_level_tolerance": 0.058701621345114016,
    "pumped_self_discharge_per_hour": 0.0016792330041173146
  },
  "operation_costs": {
    "thermal_fuel_eur_per_mwh": 76.85195358654178,
    "nuclear_fuel_eur_per_mwh": 15.894010180408696,
    "demand_response_cost_eur_per_mwh": 1149.266505248238,
    "value_of_lost_load_eur_per_mwh": 10158.136328452463,
    "renewable_spill_cost_eur_per_mwh": 1720.2611091473977,
    "hydro_spill_cost_eur_per_mwh": 341.52391615553296,
    "overgen_spill_cost_eur_per_mwh": 2080.181155346718,
    "battery_cycle_cost_eur_per_mwh": 112.19605099994588,
    "pumped_cycle_cost_eur_per_mwh": 64.33901560712005
  },
  "exogenous": {
    "weather_profile": "sunny_summer",
    "weather_spread_intensity": 1.111230113923608,
    "demand_profile": "shoulder",
    "demand_scale_factor": 0.9277449437963656,
    "inflow_factor": 1.6369334169819645,
    "zone_profile_variants": {
      "evening_peak": 0.28,
      "double_peak": 0.16,
      "office_peak": 0.2,
      "industrial": 0.14,
      "night_shift": 0.1,
      "residential_morning": 0.12
    },
    "zone_profile_mix_weight": [
      0.4,
      0.8
    ],
    "zone_profile_phase_shift_hours": [
      -2.5,
      2.5
    ],
    "zone_profile_noise_std": [
      0.02,
      0.06
    ],
    "zone_profile_curvature_exp": [
      0.9,
      1.18
    ],
    "region_weather": {
      "R1": {
        "weather_profile": "calm_winter",
        "weather_spread_intensity": 1.1143601644344518
      },
      "R2": {
        "weather_profile": "mixed",
        "weather_spread_intensity": 0.9445543244966755
      },
      "R3": {
        "weather_profile": "sunny_summer",
        "weather_spread_intensity": 1.1142947026767915
      },
      "R4": {
        "weather_profile": "sunny_summer",
        "weather_spread_intensity": 1.271711264086513
      }
    }
  },
  "mip_gap_target_pct": 1.3492200671326366,
  "estimates": {
    "vars_total": 113184,
    "cons_total": 147139,
    "est_cpu_hours": 2.093037222222222
  },
  "meta": {
    "regions": 4,
    "zones": 23,
    "sites": 23,
    "intertie_density": 0.39086499755306103,
    "neighbor_nations": 1,
    "assets": {
      "thermal": 31,
      "solar": 45,
      "wind": 46,
      "battery": 24,
      "dr": 25,
      "nuclear": 3,
      "hydro_reservoir": 8,
      "hydro_ror": 20,
      "hydro_pumped": 2
    },
    "demand_scale_factor": 0.9277449437963656,
    "zone_profile_variants": {
      "evening_peak": 0.28,
      "double_peak": 0.16,
      "office_peak": 0.2,
      "industrial": 0.14,
      "night_shift": 0.1,
      "residential_morning": 0.12
    },
    "zone_profile_mix_weight": [
      0.4,
      0.8
    ],
    "weather_profile": "sunny_summer",
    "cross_border_policy": "allow",
    "price_cap": 4153.026178327643,
    "co2_price": 216.99989960922295,
    "import_export_caps_factor": 0.8868101925228635,
    "operation_costs": {
      "thermal_fuel_eur_per_mwh": 76.85195358654178,
      "nuclear_fuel_eur_per_mwh": 15.894010180408696,
      "demand_response_cost_eur_per_mwh": 1149.266505248238,
      "value_of_lost_load_eur_per_mwh": 10158.136328452463,
      "renewable_spill_cost_eur_per_mwh": 1720.2611091473977,
      "hydro_spill_cost_eur_per_mwh": 341.52391615553296,
      "overgen_spill_cost_eur_per_mwh": 2080.181155346718,
      "battery_cycle_cost_eur_per_mwh": 112.19605099994588,
      "pumped_cycle_cost_eur_per_mwh": 64.33901560712005
    },
    "tech_scalers": {
      "thermal_marg_cost": 1.8211502908791193,
      "thermal_ramp_pct": 0.06893948679095421,
      "battery_roundtrip_eff": 0.8143267012455904,
      "battery_e_to_p_hours": 4.168482605276341,
      "dr_max_shed_share": 0.28322612867008495,
      "dr_duration_hours": 1.183605340372659,
      "hydro_reservoir_head_eff": 1.0352377241668735,
      "battery_initial_soc_fraction": 0.45606553305178593,
      "battery_final_soc_tolerance": 0.0623883735289628,
      "battery_self_discharge_per_hour": 0.004203109336355959,
      "pumped_initial_level_fraction": 0.5439034973789918,
      "pumped_final_level_tolerance": 0.058701621345114016,
      "pumped_self_discharge_per_hour": 0.0016792330041173146
    }
  },
  "flexibility_metrics": {
    "total_storage_power_mw": 1600.0,
    "total_storage_capacity_mwh": 8202.2,
    "battery_power_mw": 1200.0,
    "battery_capacity_mwh": 5002.2,
    "pumped_power_mw": 400.0,
    "pumped_capacity_mwh": 3200.0,
    "total_dr_capacity_mw": 3021.8,
    "total_ramp_up_mw_per_step": 197.8,
    "total_ramp_down_mw_per_step": 197.8,
    "thermal_flex_ratio": 0.376,
    "dr_duration_hours": 1.18,
    "battery_roundtrip_efficiency": 0.814
  },
  "difficulty_indicators": {
    "vre_penetration_pct": 35.96,
    "net_demand_volatility": 0.242,
    "peak_to_valley_ratio": 1.67,
    "estimated_milp_solve_time_seconds": 7534.9,
    "complexity_score": "hard",
    "n_binary_variables": 2976,
    "n_timesteps": 96,
    "n_zones": 23,
    "weather_profile": "sunny_summer",
    "demand_profile": "shoulder"
  }
}