{
  "id": "020379b3-f20e-4c6d-9927-af5c8a499eed",
  "horizon_hours": 24,
  "dt_minutes": 15,
  "graph": {
    "regions": 2,
    "zones_per_region": [
      8,
      2
    ],
    "sites_per_zone": [
      5,
      8,
      2,
      2,
      9,
      10,
      6,
      5,
      7,
      2
    ],
    "intertie_density": 0.36050826638342365,
    "neighbor_nations": 4
  },
  "assets": {
    "thermal_per_site": [
      3,
      1,
      1,
      1,
      0,
      3,
      2,
      0,
      0,
      1
    ],
    "solar_per_site": [
      2,
      3,
      2,
      2,
      2,
      3,
      2,
      3,
      3,
      1
    ],
    "wind_per_site": [
      1,
      1,
      1,
      1,
      1,
      1,
      2,
      1,
      1,
      2
    ],
    "battery_per_site": [
      0,
      2,
      0,
      2,
      0,
      1,
      2,
      2,
      2,
      1
    ],
    "dr_per_site": [
      2,
      1,
      0,
      0,
      0,
      1,
      2,
      1,
      1,
      1
    ],
    "nuclear_per_region": [
      0,
      2
    ],
    "hydro_reservoir_per_region": [
      0,
      2
    ],
    "hydro_ror_per_zone": [
      0,
      1,
      0,
      1,
      2,
      0,
      1,
      0,
      0,
      2
    ],
    "hydro_pumped_per_region": [
      1,
      2
    ]
  },
  "econ_policy": {
    "co2_price": 135.42153894403305,
    "price_cap": 4184.616986137811,
    "cross_border_policy": "allow",
    "import_export_caps_factor": 0.9032456656825654
  },
  "tech": {
    "thermal_marg_cost": 0.7543108102662477,
    "thermal_ramp_pct": 0.4275522303945001,
    "battery_roundtrip_eff": 0.8916648004801639,
    "battery_e_to_p_hours": 5.908905522232157,
    "dr_max_shed_share": 0.12930858442186902,
    "dr_duration_hours": 2.8555888525379975,
    "hydro_reservoir_head_eff": 0.9921975081439425,
    "battery_initial_soc_fraction": 0.6296616787006315,
    "battery_final_soc_tolerance": 0.16552509685051148,
    "battery_self_discharge_per_hour": 0.0013278120116540907,
    "pumped_initial_level_fraction": 0.504828076354063,
    "pumped_final_level_tolerance": 0.07419849962212713,
    "pumped_self_discharge_per_hour": 0.002478784816769867
  },
  "operation_costs": {
    "thermal_fuel_eur_per_mwh": 53.24207251880992,
    "nuclear_fuel_eur_per_mwh": 21.42630409980512,
    "thermal_startup_cost_eur": 5174.024818402431,
    "nuclear_startup_cost_eur": 32771.10730086357,
    "demand_response_cost_eur_per_mwh": 349.44163220037797,
    "value_of_lost_load_eur_per_mwh": 10915.206586867473,
    "renewable_spill_cost_eur_per_mwh": 1113.40553856909,
    "hydro_spill_cost_eur_per_mwh": 362.7746127372052,
    "overgen_spill_cost_eur_per_mwh": 7923.658526108049,
    "battery_cycle_cost_eur_per_mwh": 119.83389922168782,
    "pumped_cycle_cost_eur_per_mwh": 71.09786367924642
  },
  "exogenous": {
    "weather_profile": "overcast_summer",
    "weather_spread_intensity": 0.9199601746812887,
    "demand_profile": "cold_snap",
    "demand_scale_factor": 1.0390276058007402,
    "inflow_factor": 0.5215044354896509,
    "zone_profile_variants": {
      "evening_peak": 0.28,
      "double_peak": 0.16,
      "office_peak": 0.2,
      "industrial": 0.14,
      "night_shift": 0.1,
      "residential_morning": 0.12
    },
    "zone_profile_mix_weight": [
      0.4,
      0.8
    ],
    "zone_profile_phase_shift_hours": [
      -2.5,
      2.5
    ],
    "zone_profile_noise_std": [
      0.02,
      0.06
    ],
    "zone_profile_curvature_exp": [
      0.9,
      1.18
    ],
    "region_weather": {
      "R1": {
        "weather_profile": "mixed",
        "weather_spread_intensity": 0.5654862423177627
      },
      "R2": {
        "weather_profile": "overcast_summer",
        "weather_spread_intensity": 1.2744341070448146
      }
    }
  },
  "mip_gap_target_pct": 0.7242234714248021,
  "estimates": {
    "vars_total": 47808,
    "cons_total": 62150,
    "est_cpu_hours": 0.9264371111111113
  },
  "meta": {
    "regions": 2,
    "zones": 10,
    "sites": 10,
    "intertie_density": 0.36050826638342365,
    "neighbor_nations": 4,
    "assets": {
      "thermal": 12,
      "solar": 23,
      "wind": 12,
      "battery": 12,
      "dr": 9,
      "nuclear": 2,
      "hydro_reservoir": 2,
      "hydro_ror": 7,
      "hydro_pumped": 3
    },
    "demand_scale_factor": 1.0390276058007402,
    "zone_profile_variants": {
      "evening_peak": 0.28,
      "double_peak": 0.16,
      "office_peak": 0.2,
      "industrial": 0.14,
      "night_shift": 0.1,
      "residential_morning": 0.12
    },
    "zone_profile_mix_weight": [
      0.4,
      0.8
    ],
    "weather_profile": "overcast_summer",
    "cross_border_policy": "allow",
    "price_cap": 4184.616986137811,
    "co2_price": 135.42153894403305,
    "import_export_caps_factor": 0.9032456656825654,
    "operation_costs": {
      "thermal_fuel_eur_per_mwh": 53.24207251880992,
      "nuclear_fuel_eur_per_mwh": 21.42630409980512,
      "thermal_startup_cost_eur": 5174.024818402431,
      "nuclear_startup_cost_eur": 32771.10730086357,
      "demand_response_cost_eur_per_mwh": 349.44163220037797,
      "value_of_lost_load_eur_per_mwh": 10915.206586867473,
      "renewable_spill_cost_eur_per_mwh": 1113.40553856909,
      "hydro_spill_cost_eur_per_mwh": 362.7746127372052,
      "overgen_spill_cost_eur_per_mwh": 7923.658526108049,
      "battery_cycle_cost_eur_per_mwh": 119.83389922168782,
      "pumped_cycle_cost_eur_per_mwh": 71.09786367924642
    },
    "tech_scalers": {
      "thermal_marg_cost": 0.7543108102662477,
      "thermal_ramp_pct": 0.4275522303945001,
      "battery_roundtrip_eff": 0.8916648004801639,
      "battery_e_to_p_hours": 5.908905522232157,
      "dr_max_shed_share": 0.12930858442186902,
      "dr_duration_hours": 2.8555888525379975,
      "hydro_reservoir_head_eff": 0.9921975081439425,
      "battery_initial_soc_fraction": 0.6296616787006315,
      "battery_final_soc_tolerance": 0.16552509685051148,
      "battery_self_discharge_per_hour": 0.0013278120116540907,
      "pumped_initial_level_fraction": 0.504828076354063,
      "pumped_final_level_tolerance": 0.07419849962212713,
      "pumped_self_discharge_per_hour": 0.002478784816769867
    }
  },
  "flexibility_metrics": {
    "total_storage_power_mw": 1200.0,
    "total_storage_capacity_mwh": 8345.3,
    "battery_power_mw": 600.0,
    "battery_capacity_mwh": 3545.3,
    "pumped_power_mw": 600.0,
    "pumped_capacity_mwh": 4800.0,
    "total_dr_capacity_mw": 671.8,
    "total_ramp_up_mw_per_step": 409.8,
    "total_ramp_down_mw_per_step": 409.8,
    "thermal_flex_ratio": 0.334,
    "dr_duration_hours": 2.86,
    "battery_roundtrip_efficiency": 0.892
  },
  "difficulty_indicators": {
    "vre_penetration_pct": 33.88,
    "net_demand_volatility": 0.224,
    "peak_to_valley_ratio": 1.87,
    "estimated_milp_solve_time_seconds": 3335.2,
    "complexity_score": "medium",
    "n_binary_variables": 1152,
    "n_timesteps": 96,
    "n_zones": 10,
    "weather_profile": "overcast_summer",
    "demand_profile": "cold_snap"
  }
}