{
  "id": "30526b85-4b81-42a1-9b27-d828a6f6af33",
  "horizon_hours": 24,
  "dt_minutes": 15,
  "graph": {
    "regions": 4,
    "zones_per_region": [
      6,
      9,
      9,
      3
    ],
    "sites_per_zone": [
      4,
      8,
      3,
      6,
      8,
      5,
      6,
      3,
      3,
      8,
      7,
      7,
      6,
      6,
      8,
      4,
      3,
      5,
      6,
      8,
      3,
      8,
      3,
      3,
      7,
      6,
      7
    ],
    "intertie_density": 0.20374510944063157,
    "neighbor_nations": 3
  },
  "assets": {
    "thermal_per_site": [
      0,
      2,
      0,
      1,
      1,
      0,
      2,
      1,
      0,
      3,
      2,
      2,
      2,
      0,
      3,
      2,
      2,
      3,
      0,
      0,
      2,
      2,
      0,
      1,
      1,
      0,
      2
    ],
    "solar_per_site": [
      2,
      2,
      2,
      2,
      2,
      2,
      1,
      2,
      1,
      3,
      1,
      2,
      3,
      2,
      1,
      1,
      3,
      1,
      2,
      1,
      3,
      1,
      2,
      2,
      3,
      1,
      3
    ],
    "wind_per_site": [
      1,
      3,
      2,
      3,
      1,
      1,
      1,
      2,
      2,
      1,
      2,
      3,
      1,
      2,
      3,
      1,
      2,
      3,
      3,
      3,
      1,
      1,
      2,
      1,
      1,
      3,
      1
    ],
    "battery_per_site": [
      1,
      1,
      2,
      0,
      2,
      2,
      0,
      1,
      0,
      0,
      1,
      1,
      0,
      0,
      2,
      0,
      0,
      0,
      0,
      0,
      0,
      1,
      0,
      1,
      1,
      1,
      1
    ],
    "dr_per_site": [
      0,
      0,
      1,
      0,
      2,
      2,
      1,
      1,
      2,
      1,
      0,
      1,
      0,
      1,
      1,
      1,
      2,
      2,
      0,
      1,
      1,
      1,
      1,
      1,
      0,
      2,
      1
    ],
    "nuclear_per_region": [
      0,
      2,
      0,
      1
    ],
    "hydro_reservoir_per_region": [
      2,
      0,
      2,
      1
    ],
    "hydro_ror_per_zone": [
      1,
      0,
      2,
      0,
      0,
      1,
      1,
      1,
      1,
      1,
      2,
      2,
      2,
      0,
      1,
      0,
      1,
      0,
      1,
      2,
      1,
      1,
      1,
      2,
      0,
      1,
      0
    ],
    "hydro_pumped_per_region": [
      2,
      0,
      1,
      0
    ]
  },
  "econ_policy": {
    "co2_price": 119.07286617816149,
    "price_cap": 870.329758258667,
    "cross_border_policy": "block",
    "import_export_caps_factor": 1.5515187506752217
  },
  "tech": {
    "thermal_marg_cost": 14.473810352815546,
    "thermal_ramp_pct": 0.34749696556747517,
    "battery_roundtrip_eff": 0.9355133486270654,
    "battery_e_to_p_hours": 4.7869675461851084,
    "dr_max_shed_share": 0.07150736033304352,
    "dr_duration_hours": 1.6788164845870197,
    "hydro_reservoir_head_eff": 0.9384505490375138,
    "battery_initial_soc_fraction": 0.4627850333139481,
    "battery_final_soc_tolerance": 0.0845959684747648,
    "battery_self_discharge_per_hour": 0.0027454046976271252,
    "pumped_initial_level_fraction": 0.43478330444256824,
    "pumped_final_level_tolerance": 0.1159629163094117,
    "pumped_self_discharge_per_hour": 0.003774967549437293
  },
  "operation_costs": {
    "thermal_fuel_eur_per_mwh": 68.54383618271534,
    "nuclear_fuel_eur_per_mwh": 11.071019620456854,
    "demand_response_cost_eur_per_mwh": 944.9216547513086,
    "value_of_lost_load_eur_per_mwh": 6162.726293036954,
    "renewable_spill_cost_eur_per_mwh": 1237.2356651854266,
    "hydro_spill_cost_eur_per_mwh": 604.105321707352,
    "overgen_spill_cost_eur_per_mwh": 4179.718500452787,
    "battery_cycle_cost_eur_per_mwh": 72.51783821811557,
    "pumped_cycle_cost_eur_per_mwh": 76.26267417173325
  },
  "exogenous": {
    "weather_profile": "sunny_summer",
    "weather_spread_intensity": 1.052465433491521,
    "demand_profile": "wkend_flat",
    "demand_scale_factor": 0.6565924682901229,
    "inflow_factor": 1.0004201029178752,
    "zone_profile_variants": {
      "evening_peak": 0.28,
      "double_peak": 0.16,
      "office_peak": 0.2,
      "industrial": 0.14,
      "night_shift": 0.1,
      "residential_morning": 0.12
    },
    "zone_profile_mix_weight": [
      0.4,
      0.8
    ],
    "zone_profile_phase_shift_hours": [
      -2.5,
      2.5
    ],
    "zone_profile_noise_std": [
      0.02,
      0.06
    ],
    "zone_profile_curvature_exp": [
      0.9,
      1.18
    ],
    "region_weather": {
      "R1": {
        "weather_profile": "stormy_winter",
        "weather_spread_intensity": 0.9694202582834375
      },
      "R2": {
        "weather_profile": "sunny_summer",
        "weather_spread_intensity": 0.9245140118772734
      },
      "R3": {
        "weather_profile": "sunny_summer",
        "weather_spread_intensity": 1.4023245472693486
      },
      "R4": {
        "weather_profile": "stormy_winter",
        "weather_spread_intensity": 0.9136029165360251
      }
    }
  },
  "mip_gap_target_pct": 1.1093103871207357,
  "estimates": {
    "vars_total": 125952,
    "cons_total": 163737,
    "est_cpu_hours": 2.320871666666667
  },
  "meta": {
    "regions": 4,
    "zones": 27,
    "sites": 27,
    "intertie_density": 0.20374510944063157,
    "neighbor_nations": 3,
    "assets": {
      "thermal": 34,
      "solar": 51,
      "wind": 50,
      "battery": 18,
      "dr": 26,
      "nuclear": 3,
      "hydro_reservoir": 5,
      "hydro_ror": 25,
      "hydro_pumped": 3
    },
    "demand_scale_factor": 0.6565924682901229,
    "zone_profile_variants": {
      "evening_peak": 0.28,
      "double_peak": 0.16,
      "office_peak": 0.2,
      "industrial": 0.14,
      "night_shift": 0.1,
      "residential_morning": 0.12
    },
    "zone_profile_mix_weight": [
      0.4,
      0.8
    ],
    "weather_profile": "sunny_summer",
    "cross_border_policy": "block",
    "price_cap": 870.329758258667,
    "co2_price": 119.07286617816149,
    "import_export_caps_factor": 1.5515187506752217,
    "operation_costs": {
      "thermal_fuel_eur_per_mwh": 68.54383618271534,
      "nuclear_fuel_eur_per_mwh": 11.071019620456854,
      "demand_response_cost_eur_per_mwh": 944.9216547513086,
      "value_of_lost_load_eur_per_mwh": 6162.726293036954,
      "renewable_spill_cost_eur_per_mwh": 1237.2356651854266,
      "hydro_spill_cost_eur_per_mwh": 604.105321707352,
      "overgen_spill_cost_eur_per_mwh": 4179.718500452787,
      "battery_cycle_cost_eur_per_mwh": 72.51783821811557,
      "pumped_cycle_cost_eur_per_mwh": 76.26267417173325
    },
    "tech_scalers": {
      "thermal_marg_cost": 14.473810352815546,
      "thermal_ramp_pct": 0.34749696556747517,
      "battery_roundtrip_eff": 0.9355133486270654,
      "battery_e_to_p_hours": 4.7869675461851084,
      "dr_max_shed_share": 0.07150736033304352,
      "dr_duration_hours": 1.6788164845870197,
      "hydro_reservoir_head_eff": 0.9384505490375138,
      "battery_initial_soc_fraction": 0.4627850333139481,
      "battery_final_soc_tolerance": 0.0845959684747648,
      "battery_self_discharge_per_hour": 0.0027454046976271252,
      "pumped_initial_level_fraction": 0.43478330444256824,
      "pumped_final_level_tolerance": 0.1159629163094117,
      "pumped_self_discharge_per_hour": 0.003774967549437293
    }
  },
  "flexibility_metrics": {
    "total_storage_power_mw": 1500.0,
    "total_storage_capacity_mwh": 9108.3,
    "battery_power_mw": 900.0,
    "battery_capacity_mwh": 4308.3,
    "pumped_power_mw": 600.0,
    "pumped_capacity_mwh": 4800.0,
    "total_dr_capacity_mw": 633.8,
    "total_ramp_up_mw_per_step": 923.6,
    "total_ramp_down_mw_per_step": 923.6,
    "thermal_flex_ratio": 0.162,
    "dr_duration_hours": 1.68,
    "battery_roundtrip_efficiency": 0.936
  },
  "difficulty_indicators": {
    "vre_penetration_pct": 37.84,
    "net_demand_volatility": 0.234,
    "peak_to_valley_ratio": 1.18,
    "estimated_milp_solve_time_seconds": 8355.1,