{
  "id": "38bbfde2-972f-41c0-9df9-62b7bbeb9b53",
  "horizon_hours": 24,
  "dt_minutes": 15,
  "graph": {
    "regions": 2,
    "zones_per_region": [
      6,
      7
    ],
    "sites_per_zone": [
      2,
      7,
      6,
      8,
      6,
      3,
      2,
      2,
      5,
      3,
      2,
      7,
      3
    ],
    "intertie_density": 0.22550338702428752,
    "neighbor_nations": 2
  },
  "assets": {
    "thermal_per_site": [
      1,
      2,
      0,
      0,
      1,
      2,
      1,
      0,
      2,
      0,
      0,
      1,
      1
    ],
    "solar_per_site": [
      2,
      3,
      1,
      2,
      3,
      1,
      3,
      2,
      1,
      3,
      2,
      1,
      2
    ],
    "wind_per_site": [
      2,
      2,
      2,
      2,
      1,
      3,
      3,
      1,
      1,
      1,
      2,
      1,
      2
    ],
    "battery_per_site": [
      1,
      0,
      0,
      1,
      0,
      2,
      2,
      2,
      1,
      0,
      1,
      1,
      1
    ],
    "dr_per_site": [
      2,
      2,
      2,
      2,
      2,
      0,
      0,
      2,
      2,
      0,
      2,
      0,
      0
    ],
    "nuclear_per_region": [
      2,
      2
    ],
    "hydro_reservoir_per_region": [
      1,
      0
    ],
    "hydro_ror_per_zone": [
      0,
      0,
      0,
      1,
      0,
      0,
      1,
      2,
      2,
      2,
      2,
      1,
      1
    ],
    "hydro_pumped_per_region": [
      1,
      1
    ]
  },
  "econ_policy": {
    "co2_price": 55.07599706412894,
    "price_cap": 4475.957399554476,
    "cross_border_policy": "cap",
    "import_export_caps_factor": 1.0612782146918787
  },
  "tech": {
    "thermal_marg_cost": 0.36285479240421914,
    "thermal_ramp_pct": 0.30447815243350695,
    "battery_roundtrip_eff": 0.8828727821458539,
    "battery_e_to_p_hours": 2.9788801024828935,
    "dr_max_shed_share": 0.06164297557392884,
    "dr_duration_hours": 3.803738674169387,
    "hydro_reservoir_head_eff": 0.8622559729395699,
    "battery_initial_soc_fraction": 0.63969833578288,
    "battery_final_soc_tolerance": 0.15334446092596032,
    "battery_self_discharge_per_hour": 0.005851950835710871,
    "pumped_initial_level_fraction": 0.6327662858514778,
    "pumped_final_level_tolerance": 0.17490505519237332,
    "pumped_self_discharge_per_hour": 0.002738164089532357
  },
  "operation_costs": {
    "thermal_fuel_eur_per_mwh": 64.30583386352312,
    "nuclear_fuel_eur_per_mwh": 13.77528026677155,
    "demand_response_cost_eur_per_mwh": 1019.7150018294415,
    "value_of_lost_load_eur_per_mwh": 9069.929218884583,
    "renewable_spill_cost_eur_per_mwh": 1371.1192308781178,
    "hydro_spill_cost_eur_per_mwh": 1173.274256940233,
    "overgen_spill_cost_eur_per_mwh": 6260.172354681697,
    "battery_cycle_cost_eur_per_mwh": 90.46084535785194,
    "pumped_cycle_cost_eur_per_mwh": 46.63621213174856
  },
  "exogenous": {
    "weather_profile": "stormy_winter",
    "weather_spread_intensity": 0.7829439500473803,
    "demand_profile": "cold_snap",
    "demand_scale_factor": 1.0976254121612912,
    "inflow_factor": 0.6431935897733687,
    "zone_profile_variants": {
      "evening_peak": 0.28,
      "double_peak": 0.16,
      "office_peak": 0.2,
      "industrial": 0.14,
      "night_shift": 0.1,
      "residential_morning": 0.12
    },
    "zone_profile_mix_weight": [
      0.4,
      0.8
    ],
    "zone_profile_phase_shift_hours": [
      -2.5,
      2.5
    ],
    "zone_profile_noise_std": [
      0.02,
      0.06
    ],
    "zone_profile_curvature_exp": [
      0.9,
      1.18
    ],
    "region_weather": {
      "R1": {
        "weather_profile": "mixed",
        "weather_spread_intensity": 0.647894357992351
      },
      "R2": {
        "weather_profile": "stormy_winter",
        "weather_spread_intensity": 0.9179935421024095
      }
    }
  },
  "mip_gap_target_pct": 1.2886878824547603,
  "estimates": {
    "vars_total": 61344,
    "cons_total": 79747,
    "est_cpu_hours": 1.1679812222222223
  },
  "meta": {
    "regions": 2,
    "zones": 13,
    "sites": 13,
    "intertie_density": 0.22550338702428752,
    "neighbor_nations": 2,
    "assets": {
      "thermal": 11,
      "solar": 26,
      "wind": 23,
      "battery": 12,
      "dr": 16,
      "nuclear": 4,
      "hydro_reservoir": 1,
      "hydro_ror": 12,
      "hydro_pumped": 2
    },
    "demand_scale_factor": 1.0976254121612912,
    "zone_profile_variants": {
      "evening_peak": 0.28,
      "double_peak": 0.16,
      "office_peak": 0.2,
      "industrial": 0.14,
      "night_shift": 0.1,
      "residential_morning": 0.12
    },
    "zone_profile_mix_weight": [
      0.4,
      0.8
    ],
    "weather_profile": "stormy_winter",
    "cross_border_policy": "cap",
    "price_cap": 4475.957399554476,
    "co2_price": 55.07599706412894,
    "import_export_caps_factor": 1.0612782146918787,
    "operation_costs": {
      "thermal_fuel_eur_per_mwh": 64.30583386352312,
      "nuclear_fuel_eur_per_mwh": 13.77528026677155,
      "demand_response_cost_eur_per_mwh": 1019.7150018294415,
      "value_of_lost_load_eur_per_mwh": 9069.929218884583,
      "renewable_spill_cost_eur_per_mwh": 1371.1192308781178,
      "hydro_spill_cost_eur_per_mwh": 1173.274256940233,
      "overgen_spill_cost_eur_per_mwh": 6260.172354681697,
      "battery_cycle_cost_eur_per_mwh": 90.46084535785194,
      "pumped_cycle_cost_eur_per_mwh": 46.63621213174856
    },
    "tech_scalers": {
      "thermal_marg_cost": 0.36285479240421914,
      "thermal_ramp_pct": 0.30447815243350695,
      "battery_roundtrip_eff": 0.8828727821458539,
      "battery_e_to_p_hours": 2.9788801024828935,
      "dr_max_shed_share": 0.06164297557392884,
      "dr_duration_hours": 3.803738674169387,
      "hydro_reservoir_head_eff": 0.8622559729395699,
      "battery_initial_soc_fraction": 0.63969833578288,
      "battery_final_soc_tolerance": 0.15334446092596032,
      "battery_self_discharge_per_hour": 0.005851950835710871,
      "pumped_initial_level_fraction": 0.6327662858514778,
      "pumped_final_level_tolerance": 0.17490505519237332,
      "pumped_self_discharge_per_hour": 0.002738164089532357
    }
  },
  "flexibility_metrics": {
    "total_storage_power_mw": 1000.0,
    "total_storage_capacity_mwh": 4987.3,
    "battery_power_mw": 600.0,
    "battery_capacity_mwh": 1787.3,
    "pumped_power_mw": 400.0,
    "pumped_capacity_mwh": 3200.0,
    "total_dr_capacity_mw": 439.8,
    "total_ramp_up_mw_per_step": 301.2,
    "total_ramp_down_mw_per_step": 301.2,
    "thermal_flex_ratio": 0.197,
    "dr_duration_hours": 3.8,
    "battery_roundtrip_efficiency": 0.883
  },
  "difficulty_indicators": {
    "vre_penetration_pct": 37.23,
    "net_demand_volatility": 0.32,
    "peak_to_valley_ratio": 1.98,
    "estimated_milp_solve_time_seconds": 4204.7,
    "complexity_score": "medium",
    "n_binary_variables": 1056,
    "n_timesteps": 96,
    "n_zones": 13,
    "weather_profile": "stormy_winter",
    "demand_profile": "cold_snap"
  }
}