{
  "id": "565414ac-6a6a-4afc-a31f-8ff1ea15b28c",
  "horizon_hours": 24,
  "dt_minutes": 15,
  "graph": {
    "regions": 5,
    "zones_per_region": [
      3,
      4,
      4,
      3,
      5
    ],
    "sites_per_zone": [
      8,
      5,
      7,
      8,
      6,
      4,
      3,
      4,
      3,
      5,
      8,
      2,
      2,
      5,
      5,
      7,
      7,
      5,
      3
    ],
    "intertie_density": 0.47751500699239097,
    "neighbor_nations": 2
  },
  "assets": {
    "thermal_per_site": [
      1,
      1,
      3,
      0,
      2,
      2,
      1,
      1,
      1,
      0,
      0,
      3,
      3,
      1,
      2,
      3,
      3,
      0,
      3
    ],
    "solar_per_site": [
      1,
      1,
      3,
      1,
      2,
      1,
      3,
      1,
      2,
      2,
      3,
      2,
      3,
      3,
      2,
      3,
      1,
      1,
      1
    ],
    "wind_per_site": [
      1,
      3,
      2,
      2,
      1,
      3,
      3,
      3,
      1,
      3,
      1,
      1,
      2,
      3,
      1,
      1,
      2,
      1,
      3
    ],
    "battery_per_site": [
      2,
      2,
      2,
      2,
      2,
      1,
      1,
      0,
      1,
      1,
      2,
      1,
      1,
      2,
      1,
      0,
      2,
      1,
      1
    ],
    "dr_per_site": [
      0,
      0,
      2,
      1,
      2,
      1,
      0,
      2,
      0,
      2,
      2,
      0,
      0,
      0,
      1,
      2,
      0,
      1,
      2
    ],
    "nuclear_per_region": [
      1,
      2,
      2,
      2,
      0
    ],
    "hydro_reservoir_per_region": [
      0,
      2,
      0,
      2,
      1
    ],
    "hydro_ror_per_zone": [
      0,
      1,
      0,
      2,
      1,
      1,
      0,
      0,
      1,
      0,
      1,
      2,
      0,
      1,
      1,
      1,
      1,
      2,
      2
    ],
    "hydro_pumped_per_region": [
      0,
      0,
      1,
      0,
      2
    ]
  },
  "econ_policy": {
    "co2_price": 199.00593530826555,
    "price_cap": 3826.4074493504663,
    "cross_border_policy": "allow",
    "import_export_caps_factor": 1.496140716495784
  },
  "tech": {
    "thermal_marg_cost": 1.3609949874665133,
    "thermal_ramp_pct": 0.05458907833382085,
    "battery_roundtrip_eff": 0.8702553395659218,
    "battery_e_to_p_hours": 1.3484541340655944,
    "dr_max_shed_share": 0.15563380027099755,
    "dr_duration_hours": 3.0001775711080056,
    "hydro_reservoir_head_eff": 0.7522732613958184,
    "battery_initial_soc_fraction": 0.6266396413205975,
    "battery_final_soc_tolerance": 0.12942263885073474,
    "battery_self_discharge_per_hour": 0.0046133079846158945,
    "pumped_initial_level_fraction": 0.4072475252715876,
    "pumped_final_level_tolerance": 0.05036113835763915,
    "pumped_self_discharge_per_hour": 0.003489375478198725
  },
  "operation_costs": {
    "thermal_fuel_eur_per_mwh": 77.29452791166563,
    "nuclear_fuel_eur_per_mwh": 10.816750130949476,
    "demand_response_cost_eur_per_mwh": 444.7237416412481,
    "value_of_lost_load_eur_per_mwh": 6208.853238693085,
    "renewable_spill_cost_eur_per_mwh": 1473.5086904737777,
    "hydro_spill_cost_eur_per_mwh": 971.1382347417242,
    "overgen_spill_cost_eur_per_mwh": 5673.571678338365,
    "battery_cycle_cost_eur_per_mwh": 113.34458367930634,
    "pumped_cycle_cost_eur_per_mwh": 70.9137488206063
  },
  "exogenous": {
    "weather_profile": "overcast_summer",
    "weather_spread_intensity": 1.0097393009732687,
    "demand_profile": "wkend_flat",
    "demand_scale_factor": 0.8923222480084735,
    "inflow_factor": 1.2862791526232442,
    "zone_profile_variants": {
      "evening_peak": 0.28,
      "double_peak": 0.16,
      "office_peak": 0.2,
      "industrial": 0.14,
      "night_shift": 0.1,
      "residential_morning": 0.12
    },
    "zone_profile_mix_weight": [
      0.4,
      0.8
    ],
    "zone_profile_phase_shift_hours": [
      -2.5,
      2.5
    ],
    "zone_profile_noise_std": [
      0.02,
      0.06
    ],
    "zone_profile_curvature_exp": [
      0.9,
      1.18
    ],
    "region_weather": {
      "R1": {
        "weather_profile": "calm_winter",
        "weather_spread_intensity": 0.8195054541847685
      },
      "R2": {
        "weather_profile": "overcast_summer",
        "weather_spread_intensity": 1.360885398419629
      },
      "R3": {
        "weather_profile": "calm_winter",
        "weather_spread_intensity": 1.484995081838834
      },
      "R4": {
        "weather_profile": "overcast_summer",
        "weather_spread_intensity": 0.6311796353480917
      },
      "R5": {
        "weather_profile": "sunny_summer",
        "weather_spread_intensity": 0.7521309350750198
      }
    }
  },
  "mip_gap_target_pct": 0.5647991241342152,
  "estimates": {
    "vars_total": 97248,
    "cons_total": 126422,
    "est_cpu_hours": 1.8086664444444445
  },
  "meta": {
    "regions": 5,
    "zones": 19,
    "sites": 19,
    "intertie_density": 0.47751500699239097,
    "neighbor_nations": 2,
    "assets": {
      "thermal": 30,
      "solar": 36,
      "wind": 37,
      "battery": 25,
      "dr": 18,
      "nuclear": 7,
      "hydro_reservoir": 5,
      "hydro_ror": 17,
      "hydro_pumped": 3
    },
    "demand_scale_factor": 0.8923222480084735,
    "zone_profile_variants": {
      "evening_peak": 0.28,
      "double_peak": 0.16,
      "office_peak": 0.2,
      "industrial": 0.14,
      "night_shift": 0.1,
      "residential_morning": 0.12
    },
    "zone_profile_mix_weight": [
      0.4,
      0.8
    ],
    "weather_profile": "overcast_summer",
    "cross_border_policy": "allow",
    "price_cap": 3826.4074493504663,
    "co2_price": 199.00593530826555,
    "import_export_caps_factor": 1.496140716495784,
    "operation_costs": {
      "thermal_fuel_eur_per_mwh": 77.29452791166563,
      "nuclear_fuel_eur_per_mwh": 10.816750130949476,
      "demand_response_cost_eur_per_mwh": 444.7237416412481,
      "value_of_lost_load_eur_per_mwh": 6208.853238693085,
      "renewable_spill_cost_eur_per_mwh": 1473.5086904737777,
      "hydro_spill_cost_eur_per_mwh": 971.1382347417242,
      "overgen_spill_cost_eur_per_mwh": 5673.571678338365,
      "battery_cycle_cost_eur_per_mwh": 113.34458367930634,
      "pumped_cycle_cost_eur_per_mwh": 70.9137488206063
    },
    "tech_scalers": {
      "thermal_marg_cost": 1.3609949874665133,
      "thermal_ramp_pct": 0.05458907833382085,
      "battery_roundtrip_eff": 0.8702553395659218,
      "battery_e_to_p_hours": 1.3484541340655944,
      "dr_max_shed_share": 0.15563380027099755,
      "dr_duration_hours": 3.0001775711080056,
      "hydro_reservoir_head_eff": 0.7522732613958184,
      "battery_initial_soc_fraction": 0.6266396413205975,
      "battery_final_soc_tolerance": 0.12942263885073474,
      "battery_self_discharge_per_hour": 0.0046133079846158945,
      "pumped_initial_level_fraction": 0.4072475252715876,
      "pumped_final_level_tolerance": 0.05036113835763915,
      "pumped_self_discharge_per_hour": 0.003489375478198725
    }
  },
  "flexibility_metrics": {
    "total_storage_power_mw": 1850.0,
    "total_storage_capacity_mwh": 6485.6,
    "battery_power_mw": 1250.0,
    "battery_capacity_mwh": 1685.6,
    "pumped_power_mw": 600.0,
    "pumped_capacity_mwh": 4800.0,
    "total_dr_capacity_mw": 1319.3,
    "total_ramp_up_mw_per_step": 210.3,
    "total_ramp_down_mw_per_step": 210.3,
    "thermal_flex_ratio": 0.198,
    "dr_duration_hours": 3.0,
    "battery_roundtrip_efficiency": 0.87
  },
  "difficulty_indicators": {
    "vre_penetration_pct": 29.47,
    "net_demand_volatility": 0.128,
    "peak_to_valley_ratio": 1.61,
    "estimated_milp_solve_time_seconds": 6511.2,
    "complexity_score": "hard",
    "n_binary_variables": 2880,
    "n_timesteps": 96,
    "n_zones": 19,
    "weather_profile": "overcast_summer",
    "demand_profile": "wkend_flat"
  }
}