{
  "id": "7b40a3cc-71d2-4942-bea2-5694da76c106",
  "horizon_hours": 24,
  "dt_minutes": 15,
  "graph": {
    "regions": 4,
    "zones_per_region": [
      7,
      7,
      3,
      9
    ],
    "sites_per_zone": [
      6,
      5,
      8,
      5,
      5,
      3,
      6,
      4,
      6,
      5,
      7,
      8,
      7,
      6,
      3,
      3,
      4,
      7,
      7,
      7,
      4,
      3,
      5,
      7,
      5,
      3
    ],
    "intertie_density": 0.3683734429038943,
    "neighbor_nations": 1
  },
  "assets": {
    "thermal_per_site": [
      3,
      0,
      0,
      3,
      0,
      3,
      2,
      1,
      2,
      2,
      2,
      1,
      2,
      2,
      0,
      3,
      2,
      1,
      2,
      3,
      1,
      0,
      3,
      1,
      2,
      2
    ],
    "solar_per_site": [
      3,
      3,
      2,
      1,
      2,
      3,
      1,
      3,
      3,
      2,
      1,
      1,
      2,
      3,
      3,
      1,
      2,
      1,
      1,
      2,
      2,
      2,
      3,
      1,
      3,
      2
    ],
    "wind_per_site": [
      2,
      2,
      1,
      2,
      1,
      3,
      2,
      2,
      2,
      1,
      2,
      1,
      2,
      1,
      3,
      3,
      3,
      2,
      3,
      3,
      2,
      1,
      1,
      2,
      2,
      2
    ],
    "battery_per_site": [
      1,
      1,
      0,
      0,
      1,
      2,
      1,
      2,
      2,
      1,
      1,
      0,
      2,
      2,
      0,
      2,
      0,
      1,
      2,
      2,
      1,
      0,
      2,
      1,
      0,
      1
    ],
    "dr_per_site": [
      0,
      0,
      1,
      1,
      0,
      1,
      2,
      0,
      1,
      0,
      2,
      2,
      0,
      1,
      0,
      2,
      0,
      2,
      0,
      0,
      0,
      2,
      0,
      1,
      0,
      2
    ],
    "nuclear_per_region": [
      0,
      2,
      0,
      0
    ],
    "hydro_reservoir_per_region": [
      1,
      2,
      0,
      0
    ],
    "hydro_ror_per_zone": [
      2,
      0,
      1,
      1,
      1,
      2,
      1,
      0,
      2,
      2,
      0,
      2,
      1,
      1,
      1,
      0,
      0,
      1,
      2,
      0,
      2,
      2,
      0,
      1,
      2,
      1
    ],
    "hydro_pumped_per_region": [
      1,
      1,
      2,
      1
    ]
  },
  "econ_policy": {
    "co2_price": 102.36125596612578,
    "price_cap": 4190.09837113978,
    "cross_border_policy": "cap",
    "import_export_caps_factor": 0.7402636242187265
  },
  "tech": {
    "thermal_marg_cost": 12.370404122267924,
    "thermal_ramp_pct": 0.1427561676370509,
    "battery_roundtrip_eff": 0.8137179038802895,
    "battery_e_to_p_hours": 5.71757628938673,
    "dr_max_shed_share": 0.2830521074654722,
    "dr_duration_hours": 5.254385293817107,
    "hydro_reservoir_head_eff": 0.917430859530054,
    "battery_initial_soc_fraction": 0.6174872598965588,
    "battery_final_soc_tolerance": 0.1649609844754582,
    "battery_self_discharge_per_hour": 0.008798602869580703,
    "pumped_initial_level_fraction": 0.502794900684528,
    "pumped_final_level_tolerance": 0.12419515765800354,
    "pumped_self_discharge_per_hour": 0.000647150402703269
  },
  "operation_costs": {
    "thermal_fuel_eur_per_mwh": 73.51778068868995,
    "nuclear_fuel_eur_per_mwh": 12.491629493226425,
    "demand_response_cost_eur_per_mwh": 1023.1855511300832,
    "value_of_lost_load_eur_per_mwh": 9354.921391809476,
    "renewable_spill_cost_eur_per_mwh": 941.882547987949,
    "hydro_spill_cost_eur_per_mwh": 448.0309161475707,
    "overgen_spill_cost_eur_per_mwh": 2705.0550917791884,
    "battery_cycle_cost_eur_per_mwh": 107.67889561460998,
    "pumped_cycle_cost_eur_per_mwh": 59.19556664797582
  },
  "exogenous": {
    "weather_profile": "sunny_summer",
    "weather_spread_intensity": 0.9776143071799006,
    "demand_profile": "cold_snap",
    "demand_scale_factor": 1.2990835618440713,
    "inflow_factor": 0.5543865528311432,
    "zone_profile_variants": {
      "evening_peak": 0.28,
      "double_peak": 0.16,
      "office_peak": 0.2,
      "industrial": 0.14,
      "night_shift": 0.1,
      "residential_morning": 0.12
    },
    "zone_profile_mix_weight": [
      0.4,
      0.8
    ],
    "zone_profile_phase_shift_hours": [
      -2.5,
      2.5
    ],
    "zone_profile_noise_std": [
      0.02,
      0.06
    ],
    "zone_profile_curvature_exp": [
      0.9,
      1.18
    ],
    "region_weather": {
      "R1": {
        "weather_profile": "sunny_summer",
        "weather_spread_intensity": 1.161480984521658
      },
      "R2": {
        "weather_profile": "sunny_summer",
        "weather_spread_intensity": 1.3045436112706015
      },
      "R3": {
        "weather_profile": "calm_winter",
        "weather_spread_intensity": 0.7013464224796021
      },
      "R4": {
        "weather_profile": "mixed",
        "weather_spread_intensity": 0.7430862104477409
      }
    }
  },
  "mip_gap_target_pct": 0.9338569987649842,
  "estimates": {
    "vars_total": 128640,
    "cons_total": 167232,
    "est_cpu_hours": 2.3688426666666667
  },
  "meta": {
    "regions": 4,
    "zones": 26,
    "sites": 26,
    "intertie_density": 0.3683734429038943,
    "neighbor_nations": 1,
    "assets": {
      "thermal": 43,
      "solar": 53,
      "wind": 51,
      "battery": 28,
      "dr": 20,
      "nuclear": 2,
      "hydro_reservoir": 3,
      "hydro_ror": 28,
      "hydro_pumped": 5
    },
    "demand_scale_factor": 1.2990835618440713,
    "zone_profile_variants": {
      "evening_peak": 0.28,
      "double_peak": 0.16,
      "office_peak": 0.2,
      "industrial": 0.14,
      "night_shift": 0.1,
      "residential_morning": 0.12
    },
    "zone_profile_mix_weight": [
      0.4,
      0.8
    ],
    "weather_profile": "sunny_summer",
    "cross_border_policy": "cap",
    "price_cap": 4190.09837113978,
    "co2_price": 102.36125596612578,
    "import_export_caps_factor": 0.7402636242187265,
    "operation_costs": {
      "thermal_fuel_eur_per_mwh": 73.51778068868995,
      "nuclear_fuel_eur_per_mwh": 12.491629493226425,
      "demand_response_cost_eur_per_mwh": 1023.1855511300832,
      "value_of_lost_load_eur_per_mwh": 9354.921391809476,
      "renewable_spill_cost_eur_per_mwh": 941.882547987949,
      "hydro_spill_cost_eur_per_mwh": 448.0309161475707,
      "overgen_spill_cost_eur_per_mwh": 2705.0550917791884,
      "battery_cycle_cost_eur_per_mwh": 107.67889561460998,
      "pumped_cycle_cost_eur_per_mwh": 59.19556664797582
    },
    "tech_scalers": {
      "thermal_marg_cost": 12.370404122267924,
      "thermal_ramp_pct": 0.1427561676370509,
      "battery_roundtrip_eff": 0.8137179038802895,
      "battery_e_to_p_hours": 5.71757628938673,
      "dr_max_shed_share": 0.2830521074654722,
      "dr_duration_hours": 5.254385293817107,
      "hydro_reservoir_head_eff": 0.917430859530054,
      "battery_initial_soc_fraction": 0.6174872598965588,
      "battery_final_soc_tolerance": 0.1649609844754582,
      "battery_self_discharge_per_hour": 0.008798602869580703,
      "pumped_initial_level_fraction": 0.502794900684528,
      "pumped_final_level_tolerance": 0.12419515765800354,
      "pumped_self_discharge_per_hour": 0.000647150402703269
    }
  },
  "flexibility_metrics": {
    "total_storage_power_mw": 2400.0,
    "total_storage_capacity_mwh": 16004.6,
    "battery_power_mw": 1400.0,
    "battery_capacity_mwh": 8004.6,
    "pumped_power_mw": 1000.0,
    "pumped_capacity_mwh": 8000.0,
    "total_dr_capacity_mw": 4780.2,
    "total_ramp_up_mw_per_step": 485.4,
    "total_ramp_down_mw_per_step": 485.4,
    "thermal_flex_ratio": 0.482,
    "dr_duration_hours": 5.25,
    "battery_roundtrip_efficiency": 0.814
  },
  "difficulty_indicators": {
    "vre_penetration_pct": 37.05,
    "net_demand_volatility": 0.297,
    "peak_to_valley_ratio": 2.34,
    "estimated_milp_solve_time_seconds": 8527.8,
    "complexity_score": "very_hard",
    "n_binary_variables": 4128,