{
  "id": "8414a883-1ecc-4602-bb36-104f87c866de",
  "horizon_hours": 24,
  "dt_minutes": 15,
  "graph": {
    "regions": 3,
    "zones_per_region": [
      5,
      4,
      3
    ],
    "sites_per_zone": [
      7,
      5,
      2,
      3,
      4,
      3,
      3,
      6,
      4,
      8,
      2,
      3
    ],
    "intertie_density": 0.5817399434225808,
    "neighbor_nations": 3
  },
  "assets": {
    "thermal_per_site": [
      0,
      2,
      2,
      3,
      3,
      1,
      3,
      0,
      1,
      1,
      3,
      2
    ],
    "solar_per_site": [
      2,
      1,
      1,
      1,
      2,
      2,
      1,
      3,
      2,
      3,
      2,
      3
    ],
    "wind_per_site": [
      3,
      1,
      3,
      1,
      2,
      2,
      3,
      2,
      3,
      3,
      2,
      1
    ],
    "battery_per_site": [
      1,
      0,
      0,
      0,
      0,
      2,
      2,
      0,
      1,
      2,
      2,
      0
    ],
    "dr_per_site": [
      0,
      1,
      2,
      1,
      2,
      1,
      2,
      2,
      2,
      1,
      1,
      1
    ],
    "nuclear_per_region": [
      2,
      1,
      2
    ],
    "hydro_reservoir_per_region": [
      3,
      1,
      1
    ],
    "hydro_ror_per_zone": [
      1,
      1,
      0,
      0,
      2,
      2,
      1,
      1,
      1,
      1,
      0,
      2
    ],
    "hydro_pumped_per_region": [
      2,
      0,
      1
    ]
  },
  "econ_policy": {
    "co2_price": 211.48584102340098,
    "price_cap": 2588.3578555147456,
    "cross_border_policy": "allow",
    "import_export_caps_factor": 1.5720648249795
  },
  "tech": {
    "thermal_marg_cost": 1.6430318994693898,
    "thermal_ramp_pct": 0.06301160004942324,
    "battery_roundtrip_eff": 0.8266521473165884,
    "battery_e_to_p_hours": 5.231853878768302,
    "dr_max_shed_share": 0.08918884862755394,
    "dr_duration_hours": 3.1859160922756615,
    "hydro_reservoir_head_eff": 0.7630836279325602,
    "battery_initial_soc_fraction": 0.4710991767897023,
    "battery_final_soc_tolerance": 0.14580701697165482,
    "battery_self_discharge_per_hour": 0.0078768216502799,
    "pumped_initial_level_fraction": 0.6799869898495371,
    "pumped_final_level_tolerance": 0.14990954157848208,
    "pumped_self_discharge_per_hour": 0.0037983567931555106
  },
  "operation_costs": {
    "thermal_fuel_eur_per_mwh": 53.064000425648125,
    "nuclear_fuel_eur_per_mwh": 12.863435623761877,
    "demand_response_cost_eur_per_mwh": 970.8079176509988,
    "value_of_lost_load_eur_per_mwh": 6767.145298433559,
    "renewable_spill_cost_eur_per_mwh": 796.0707446793806,
    "hydro_spill_cost_eur_per_mwh": 559.7335899670798,
    "overgen_spill_cost_eur_per_mwh": 3382.767361936084,
    "battery_cycle_cost_eur_per_mwh": 92.41994631395437,
    "pumped_cycle_cost_eur_per_mwh": 62.84515284222826
  },
  "exogenous": {
    "weather_profile": "calm_winter",
    "weather_spread_intensity": 0.8924061647960381,
    "demand_profile": "shoulder",
    "demand_scale_factor": 0.9371528992279827,
    "inflow_factor": 0.7566173684686532,
    "zone_profile_variants": {
      "evening_peak": 0.28,
      "double_peak": 0.16,
      "office_peak": 0.2,
      "industrial": 0.14,
      "night_shift": 0.1,
      "residential_morning": 0.12
    },
    "zone_profile_mix_weight": [
      0.4,
      0.8
    ],
    "zone_profile_phase_shift_hours": [
      -2.5,
      2.5
    ],
    "zone_profile_noise_std": [
      0.02,
      0.06
    ],
    "zone_profile_curvature_exp": [
      0.9,
      1.18
    ],
    "region_weather": {
      "R1": {
        "weather_profile": "sunny_summer",
        "weather_spread_intensity": 0.9490473713319667
      },
      "R2": {
        "weather_profile": "calm_winter",
        "weather_spread_intensity": 1.0041696813532734
      },
      "R3": {
        "weather_profile": "calm_winter",
        "weather_spread_intensity": 0.7240014417028744
      }
    }
  },
  "mip_gap_target_pct": 0.6062408220979394,
  "estimates": {
    "vars_total": 63744,
    "cons_total": 82867,
    "est_cpu_hours": 1.210807888888889
  },
  "meta": {
    "regions": 3,
    "zones": 12,
    "sites": 12,
    "intertie_density": 0.5817399434225808,
    "neighbor_nations": 3,
    "assets": {
      "thermal": 21,
      "solar": 23,
      "wind": 26,
      "battery": 10,
      "dr": 16,
      "nuclear": 5,
      "hydro_reservoir": 5,
      "hydro_ror": 12,
      "hydro_pumped": 3
    },
    "demand_scale_factor": 0.9371528992279827,
    "zone_profile_variants": {
      "evening_peak": 0.28,
      "double_peak": 0.16,
      "office_peak": 0.2,
      "industrial": 0.14,
      "night_shift": 0.1,
      "residential_morning": 0.12
    },
    "zone_profile_mix_weight": [
      0.4,
      0.8
    ],
    "weather_profile": "calm_winter",
    "cross_border_policy": "allow",
    "price_cap": 2588.3578555147456,
    "co2_price": 211.48584102340098,
    "import_export_caps_factor": 1.5720648249795,
    "operation_costs": {
      "thermal_fuel_eur_per_mwh": 53.064000425648125,
      "nuclear_fuel_eur_per_mwh": 12.863435623761877,
      "demand_response_cost_eur_per_mwh": 970.8079176509988,
      "value_of_lost_load_eur_per_mwh": 6767.145298433559,
      "renewable_spill_cost_eur_per_mwh": 796.0707446793806,
      "hydro_spill_cost_eur_per_mwh": 559.7335899670798,
      "overgen_spill_cost_eur_per_mwh": 3382.767361936084,
      "battery_cycle_cost_eur_per_mwh": 92.41994631395437,
      "pumped_cycle_cost_eur_per_mwh": 62.84515284222826
    },
    "tech_scalers": {
      "thermal_marg_cost": 1.6430318994693898,
      "thermal_ramp_pct": 0.06301160004942324,
      "battery_roundtrip_eff": 0.8266521473165884,
      "battery_e_to_p_hours": 5.231853878768302,
      "dr_max_shed_share": 0.08918884862755394,
      "dr_duration_hours": 3.1859160922756615,
      "hydro_reservoir_head_eff": 0.7630836279325602,
      "battery_initial_soc_fraction": 0.4710991767897023,
      "battery_final_soc_tolerance": 0.14580701697165482,
      "battery_self_discharge_per_hour": 0.0078768216502799,
      "pumped_initial_level_fraction": 0.6799869898495371,
      "pumped_final_level_tolerance": 0.14990954157848208,
      "pumped_self_discharge_per_hour": 0.0037983567931555106
    }
  },
  "flexibility_metrics": {
    "total_storage_power_mw": 1100.0,
    "total_storage_capacity_mwh": 7415.9,
    "battery_power_mw": 500.0,
    "battery_capacity_mwh": 2615.9,
    "pumped_power_mw": 600.0,
    "pumped_capacity_mwh": 4800.0,
    "total_dr_capacity_mw": 501.5,
    "total_ramp_up_mw_per_step": 161.7,
    "total_ramp_down_mw_per_step": 161.7,
    "thermal_flex_ratio": 0.142,
    "dr_duration_hours": 3.19,
    "battery_roundtrip_efficiency": 0.827
  },
  "difficulty_indicators": {
    "vre_penetration_pct": 27.68,
    "net_demand_volatility": 0.156,
    "peak_to_valley_ratio": 1.69,
    "estimated_milp_solve_time_seconds": 4358.9,
    "complexity_score": "medium",
    "n_binary_variables": 2016,
    "n_timesteps": 96,
    "n_zones": 12,
    "weather_profile": "calm_winter",
    "demand_profile": "shoulder"
  }
}