{
  "id": "dcd77e5a-b032-44d2-81a9-21737d10ac82",
  "horizon_hours": 24,
  "dt_minutes": 15,
  "graph": {
    "regions": 2,
    "zones_per_region": [
      5,
      5
    ],
    "sites_per_zone": [
      3,
      6,
      2,
      3,
      7,
      2,
      8,
      8,
      3,
      7
    ],
    "intertie_density": 0.20675455908762919,
    "neighbor_nations": 2
  },
  "assets": {
    "thermal_per_site": [
      2,
      2,
      0,
      2,
      1,
      3,
      2,
      3,
      3,
      1
    ],
    "solar_per_site": [
      2,
      1,
      1,
      2,
      1,
      2,
      1,
      1,
      1,
      3
    ],
    "wind_per_site": [
      3,
      1,
      3,
      1,
      3,
      1,
      2,
      1,
      2,
      1
    ],
    "battery_per_site": [
      0,
      1,
      1,
      0,
      1,
      1,
      1,
      1,
      0,
      0
    ],
    "dr_per_site": [
      0,
      1,
      2,
      1,
      2,
      0,
      0,
      0,
      1,
      2
    ],
    "nuclear_per_region": [
      0,
      2
    ],
    "hydro_reservoir_per_region": [
      1,
      2
    ],
    "hydro_ror_per_zone": [
      0,
      2,
      0,
      1,
      2,
      0,
      1,
      0,
      2,
      1
    ],
    "hydro_pumped_per_region": [
      2,
      2
    ]
  },
  "econ_policy": {
    "co2_price": 105.41109540511678,
    "price_cap": 1759.8105684041109,
    "cross_border_policy": "allow",
    "import_export_caps_factor": 1.071632859371131
  },
  "tech": {
    "thermal_marg_cost": 14.760964634141041,
    "thermal_ramp_pct": 0.21878859715225057,
    "battery_roundtrip_eff": 0.7892236929618323,
    "battery_e_to_p_hours": 4.424993259749032,
    "dr_max_shed_share": 0.0860024040457637,
    "dr_duration_hours": 2.9537931820556045,
    "hydro_reservoir_head_eff": 0.933557160807908,
    "battery_initial_soc_fraction": 0.5967471049730436,
    "battery_final_soc_tolerance": 0.10706292034169165,
    "battery_self_discharge_per_hour": 0.0013361137111758724,
    "pumped_initial_level_fraction": 0.420663048831672,
    "pumped_final_level_tolerance": 0.07700475992046582,
    "pumped_self_discharge_per_hour": 0.0008590371274747172
  },
  "operation_costs": {
    "thermal_fuel_eur_per_mwh": 46.26569839427297,
    "nuclear_fuel_eur_per_mwh": 13.592290868883605,
    "demand_response_cost_eur_per_mwh": 883.7606256830215,
    "value_of_lost_load_eur_per_mwh": 10932.700089736849,
    "renewable_spill_cost_eur_per_mwh": 785.9143338117476,
    "hydro_spill_cost_eur_per_mwh": 858.3653516610691,
    "overgen_spill_cost_eur_per_mwh": 3707.92723947153,
    "battery_cycle_cost_eur_per_mwh": 63.152382620015075,
    "pumped_cycle_cost_eur_per_mwh": 49.76444554439545
  },
  "exogenous": {
    "weather_profile": "sunny_summer",
    "weather_spread_intensity": 1.1469641091560123,
    "demand_profile": "cold_snap",
    "demand_scale_factor": 1.0974939691145704,
    "inflow_factor": 0.543341780304083,
    "zone_profile_variants": {
      "evening_peak": 0.28,
      "double_peak": 0.16,
      "office_peak": 0.2,
      "industrial": 0.14,
      "night_shift": 0.1,
      "residential_morning": 0.12
    },
    "zone_profile_mix_weight": [
      0.4,
      0.8
    ],
    "zone_profile_phase_shift_hours": [
      -2.5,
      2.5
    ],
    "zone_profile_noise_std": [
      0.02,
      0.06
    ],
    "zone_profile_curvature_exp": [
      0.9,
      1.18
    ],
    "region_weather": {
      "R1": {
        "weather_profile": "sunny_summer",
        "weather_spread_intensity": 1.2005002695012763
      },
      "R2": {
        "weather_profile": "overcast_summer",
        "weather_spread_intensity": 1.0934279488107483
      }
    }
  },
  "mip_gap_target_pct": 1.0503458556922727,
  "estimates": {
    "vars_total": 49344,
    "cons_total": 64147,
    "est_cpu_hours": 0.953847888888889
  },
  "meta": {
    "regions": 2,
    "zones": 10,
    "sites": 10,
    "intertie_density": 0.20675455908762919,
    "neighbor_nations": 2,
    "assets": {
      "thermal": 19,
      "solar": 15,
      "wind": 18,
      "battery": 6,
      "dr": 9,
      "nuclear": 2,
      "hydro_reservoir": 3,
      "hydro_ror": 9,
      "hydro_pumped": 4
    },
    "demand_scale_factor": 1.0974939691145704,
    "zone_profile_variants": {
      "evening_peak": 0.28,
      "double_peak": 0.16,
      "office_peak": 0.2,
      "industrial": 0.14,
      "night_shift": 0.1,
      "residential_morning": 0.12
    },
    "zone_profile_mix_weight": [
      0.4,
      0.8
    ],
    "weather_profile": "sunny_summer",
    "cross_border_policy": "allow",
    "price_cap": 1759.8105684041109,
    "co2_price": 105.41109540511678,
    "import_export_caps_factor": 1.071632859371131,
    "operation_costs": {
      "thermal_fuel_eur_per_mwh": 46.26569839427297,
      "nuclear_fuel_eur_per_mwh": 13.592290868883605,
      "demand_response_cost_eur_per_mwh": 883.7606256830215,
      "value_of_lost_load_eur_per_mwh": 10932.700089736849,
      "renewable_spill_cost_eur_per_mwh": 785.9143338117476,
      "hydro_spill_cost_eur_per_mwh": 858.3653516610691,
      "overgen_spill_cost_eur_per_mwh": 3707.92723947153,
      "battery_cycle_cost_eur_per_mwh": 63.152382620015075,
      "pumped_cycle_cost_eur_per_mwh": 49.76444554439545
    },
    "tech_scalers": {
      "thermal_marg_cost": 14.760964634141041,
      "thermal_ramp_pct": 0.21878859715225057,
      "battery_roundtrip_eff": 0.7892236929618323,
      "battery_e_to_p_hours": 4.424993259749032,
      "dr_max_shed_share": 0.0860024040457637,
      "dr_duration_hours": 2.9537931820556045,
      "hydro_reservoir_head_eff": 0.933557160807908,
      "battery_initial_soc_fraction": 0.5967471049730436,
      "battery_final_soc_tolerance": 0.10706292034169165,
      "battery_self_discharge_per_hour": 0.0013361137111758724,
      "pumped_initial_level_fraction": 0.420663048831672,
      "pumped_final_level_tolerance": 0.07700475992046582,
      "pumped_self_discharge_per_hour": 0.0008590371274747172
    }
  },
  "flexibility_metrics": {
    "total_storage_power_mw": 1100.0,
    "total_storage_capacity_mwh": 7727.5,
    "battery_power_mw": 300.0,
    "battery_capacity_mwh": 1327.5,
    "pumped_power_mw": 800.0,
    "pumped_capacity_mwh": 6400.0,
    "total_dr_capacity_mw": 471.9,
    "total_ramp_up_mw_per_step": 336.8,
    "total_ramp_down_mw_per_step": 336.8,
    "thermal_flex_ratio": 0.204,
    "dr_duration_hours": 2.95,
    "battery_roundtrip_efficiency": 0.789
  },
  "difficulty_indicators": {
    "vre_penetration_pct": 27.63,
    "net_demand_volatility": 0.297,
    "peak_to_valley_ratio": 1.98,
    "estimated_milp_solve_time_seconds": 3433.9,
    "complexity_score": "medium",
    "n_binary_variables": 1824,
    "n_timesteps": 96,
    "n_zones": 10,
    "weather_profile": "sunny_summer",
    "demand_profile": "cold_snap"
  }
}