{
  "id": "583d4124-df3f-4362-9f97-a1e40f141720",
  "horizon_hours": 24,
  "dt_minutes": 15,
  "graph": {
    "regions": 2,
    "zones_per_region": [
      11,
      2
    ],
    "sites_per_zone": [
      8,
      4,
      9,
      7,
      5,
      2,
      4,
      10,
      10,
      5,
      7,
      2,
      6
    ],
    "intertie_density": 0.2847167459146573,
    "neighbor_nations": 2
  },
  "assets": {
    "thermal_per_site": [
      1,
      1,
      3,
      0,
      0,
      3,
      3,
      3,
      3,
      3,
      3,
      3,
      2
    ],
    "solar_per_site": [
      3,
      2,
      3,
      2,
      3,
      1,
      1,
      2,
      2,
      3,
      1,
      2,
      2
    ],
    "wind_per_site": [
      2,
      1,
      1,
      2,
      1,
      3,
      3,
      2,
      1,
      2,
      1,
      3,
      3
    ],
    "battery_per_site": [
      2,
      1,
      0,
      0,
      0,
      2,
      0,
      1,
      0,
      2,
      1,
      0,
      1
    ],
    "dr_per_site": [
      0,
      1,
      0,
      1,
      0,
      0,
      1,
      0,
      2,
      0,
      1,
      1,
      0
    ],
    "nuclear_per_region": [
      1,
      1
    ],
    "hydro_reservoir_per_region": [
      1,
      2
    ],
    "hydro_ror_per_zone": [
      1,
      2,
      2,
      2,
      1,
      1,
      1,
      1,
      2,
      0,
      1,
      1,
      0
    ],
    "hydro_pumped_per_region": [
      2,
      1
    ]
  },
  "econ_policy": {
    "co2_price": 81.2904661846448,
    "price_cap": 687.2641100126502,
    "cross_border_policy": "allow",
    "import_export_caps_factor": 0.7589527486690599
  },
  "tech": {
    "thermal_marg_cost": 10.296480989608224,
    "thermal_ramp_pct": 0.4215577336561919,
    "battery_roundtrip_eff": 0.9069194193024634,
    "battery_e_to_p_hours": 4.5320999415431675,
    "dr_max_shed_share": 0.2163487684733818,
    "dr_duration_hours": 5.369119616272687,
    "hydro_reservoir_head_eff": 1.002138249003309,
    "battery_initial_soc_fraction": 0.5852079111170816,
    "battery_final_soc_tolerance": 0.10854295355211453,
    "battery_self_discharge_per_hour": 0.004258643364551073,
    "pumped_initial_level_fraction": 0.5870726544864394,
    "pumped_final_level_tolerance": 0.08072574747591932,
    "pumped_self_discharge_per_hour": 0.0030842844245895376
  },
  "operation_costs": {
    "thermal_fuel_eur_per_mwh": 58.37885842208014,
    "nuclear_fuel_eur_per_mwh": 24.711033164443617,
    "thermal_startup_cost_eur": 3247.78651610724,
    "nuclear_startup_cost_eur": 27686.792635878777,
    "demand_response_cost_eur_per_mwh": 1145.2217461027926,
    "value_of_lost_load_eur_per_mwh": 10365.160325824552,
    "renewable_spill_cost_eur_per_mwh": 644.107419679425,
    "hydro_spill_cost_eur_per_mwh": 1123.3670013078586,
    "overgen_spill_cost_eur_per_mwh": 7305.076004003832,
    "battery_cycle_cost_eur_per_mwh": 94.45810110160315,
    "pumped_cycle_cost_eur_per_mwh": 69.44374640115515
  },
  "exogenous": {
    "weather_profile": "calm_winter",
    "weather_spread_intensity": 1.1038481353412415,
    "demand_profile": "heatwave",
    "demand_scale_factor": 1.2110796687954466,
    "inflow_factor": 1.1240255625878004,
    "zone_profile_variants": {
      "evening_peak": 0.28,
      "double_peak": 0.16,
      "office_peak": 0.2,
      "industrial": 0.14,
      "night_shift": 0.1,
      "residential_morning": 0.12
    },
    "zone_profile_mix_weight": [
      0.4,
      0.8
    ],
    "zone_profile_phase_shift_hours": [
      -2.5,
      2.5
    ],
    "zone_profile_noise_std": [
      0.02,
      0.06
    ],
    "zone_profile_curvature_exp": [
      0.9,
      1.18
    ],
    "region_weather": {
      "R1": {
        "weather_profile": "calm_winter",
        "weather_spread_intensity": 0.74086233423016
      },
      "R2": {
        "weather_profile": "calm_winter",
        "weather_spread_intensity": 1.466833936452323
      }
    }
  },
  "mip_gap_target_pct": 1.2370421321131022,
  "estimates": {
    "vars_total": 65952,
    "cons_total": 85737,
    "est_cpu_hours": 1.250205
  },
  "meta": {
    "regions": 2,
    "zones": 13,
    "sites": 13,
    "intertie_density": 0.2847167459146573,
    "neighbor_nations": 2,
    "assets": {
      "thermal": 28,
      "solar": 27,
      "wind": 25,
      "battery": 10,
      "dr": 7,
      "nuclear": 2,
      "hydro_reservoir": 3,
      "hydro_ror": 15,
      "hydro_pumped": 3
    },
    "demand_scale_factor": 1.2110796687954466,
    "zone_profile_variants": {
      "evening_peak": 0.28,
      "double_peak": 0.16,
      "office_peak": 0.2,
      "industrial": 0.14,
      "night_shift": 0.1,
      "residential_morning": 0.12
    },
    "zone_profile_mix_weight": [
      0.4,
      0.8
    ],
    "weather_profile": "calm_winter",
    "cross_border_policy": "allow",
    "price_cap": 687.2641100126502,
    "co2_price": 81.2904661846448,
    "import_export_caps_factor": 0.7589527486690599,
    "operation_costs": {
      "thermal_fuel_eur_per_mwh": 58.37885842208014,
      "nuclear_fuel_eur_per_mwh": 24.711033164443617,
      "thermal_startup_cost_eur": 3247.78651610724,
      "nuclear_startup_cost_eur": 27686.792635878777,
      "demand_response_cost_eur_per_mwh": 1145.2217461027926,
      "value_of_lost_load_eur_per_mwh": 10365.160325824552,
      "renewable_spill_cost_eur_per_mwh": 644.107419679425,
      "hydro_spill_cost_eur_per_mwh": 1123.3670013078586,
      "overgen_spill_cost_eur_per_mwh": 7305.076004003832,
      "battery_cycle_cost_eur_per_mwh": 94.45810110160315,
      "pumped_cycle_cost_eur_per_mwh": 69.44374640115515
    },
    "tech_scalers": {
      "thermal_marg_cost": 10.296480989608224,
      "thermal_ramp_pct": 0.4215577336561919,
      "battery_roundtrip_eff": 0.9069194193024634,
      "battery_e_to_p_hours": 4.5320999415431675,
      "dr_max_shed_share": 0.2163487684733818,
      "dr_duration_hours": 5.369119616272687,
      "hydro_reservoir_head_eff": 1.002138249003309,
      "battery_initial_soc_fraction": 0.5852079111170816,
      "battery_final_soc_tolerance": 0.10854295355211453,
      "battery_self_discharge_per_hour": 0.004258643364551073,
      "pumped_initial_level_fraction": 0.5870726544864394,
      "pumped_final_level_tolerance": 0.08072574747591932,
      "pumped_self_discharge_per_hour": 0.0030842844245895376
    }
  },
  "flexibility_metrics": {
    "total_storage_power_mw": 1100.0,
    "total_storage_capacity_mwh": 7066.0,
    "battery_power_mw": 500.0,
    "battery_capacity_mwh": 2266.0,
    "pumped_power_mw": 600.0,
    "pumped_capacity_mwh": 4800.0,
    "total_dr_capacity_mw": 1703.1,
    "total_ramp_up_mw_per_step": 910.3,
    "total_ramp_down_mw_per_step": 910.3,
    "thermal_flex_ratio": 0.27,
    "dr_duration_hours": 5.37,
    "battery_roundtrip_efficiency": 0.907
  },
  "difficulty_indicators": {
    "vre_penetration_pct": 30.21,
    "net_demand_volatility": 0.251,
    "peak_to_valley_ratio": 2.18,
    "estimated_milp_solve_time_seconds": 4500.7,
    "complexity_score": "medium",
    "n_binary_variables": 2688,
    "n_timesteps": 96,
    "n_zones": 13,
    "weather_profile": "calm_winter",
    "demand_profile": "heatwave"
  }
}