{
  "id": "64e0d6db-1b8f-45da-923e-0281eace6dcd",
  "horizon_hours": 24,
  "dt_minutes": 15,
  "graph": {
    "regions": 3,
    "zones_per_region": [
      11,
      9,
      2
    ],
    "sites_per_zone": [
      7,
      9,
      6,
      6,
      7,
      6,
      2,
      8,
      3,
      6,
      5,
      10,
      9,
      8,
      9,
      5,
      10,
      6,
      5,
      3,
      7,
      7
    ],
    "intertie_density": 0.36526068298619685,
    "neighbor_nations": 4
  },
  "assets": {
    "thermal_per_site": [
      2,
      3,
      1,
      3,
      1,
      3,
      1,
      1,
      3,
      1,
      1,
      2,
      1,
      3,
      0,
      1,
      0,
      0,
      2,
      3,
      3,
      2
    ],
    "solar_per_site": [
      3,
      1,
      2,
      1,
      3,
      1,
      2,
      1,
      1,
      2,
      2,
      3,
      3,
      1,
      1,
      3,
      3,
      2,
      2,
      3,
      3,
      1
    ],
    "wind_per_site": [
      3,
      3,
      3,
      2,
      1,
      2,
      3,
      3,
      1,
      3,
      1,
      2,
      1,
      1,
      3,
      2,
      1,
      1,
      2,
      3,
      1,
      2
    ],
    "battery_per_site": [
      1,
      2,
      2,
      0,
      1,
      0,
      2,
      0,
      0,
      0,
      0,
      2,
      1,
      0,
      1,
      0,
      0,
      1,
      2,
      1,
      2,
      0
    ],
    "dr_per_site": [
      1,
      2,
      2,
      0,
      1,
      0,
      0,
      0,
      2,
      1,
      1,
      1,
      0,
      0,
      1,
      0,
      1,
      1,
      2,
      1,
      0,
      2
    ],
    "nuclear_per_region": [
      1,
      1,
      0
    ],
    "hydro_reservoir_per_region": [
      2,
      2,
      2
    ],
    "hydro_ror_per_zone": [
      1,
      1,
      1,
      0,
      0,
      2,
      0,
      1,
      2,
      2,
      1,
      2,
      0,
      1,
      1,
      0,
      1,
      2,
      2,
      0,
      0,
      2
    ],
    "hydro_pumped_per_region": [
      2,
      2,
      2
    ]
  },
  "econ_policy": {
    "co2_price": 92.73489466363567,
    "price_cap": 2550.8974662390897,
    "cross_border_policy": "allow",
    "import_export_caps_factor": 0.5494905081231581
  },
  "tech": {
    "thermal_marg_cost": 8.20511806769994,
    "thermal_ramp_pct": 0.19636333428002145,
    "battery_roundtrip_eff": 0.861136396808386,
    "battery_e_to_p_hours": 5.9770139489350935,
    "dr_max_shed_share": 0.08121473358109792,
    "dr_duration_hours": 2.8676116653521935,
    "hydro_reservoir_head_eff": 0.8800707601229256,
    "battery_initial_soc_fraction": 0.5057246912930498,
    "battery_final_soc_tolerance": 0.17583720889792692,
    "battery_self_discharge_per_hour": 0.009010336131605675,
    "pumped_initial_level_fraction": 0.637660947316883,
    "pumped_final_level_tolerance": 0.0843983090416964,
    "pumped_self_discharge_per_hour": 0.0007398521473921383
  },
  "operation_costs": {
    "thermal_fuel_eur_per_mwh": 72.35149640465407,
    "nuclear_fuel_eur_per_mwh": 16.45296633998056,
    "thermal_startup_cost_eur": 7674.173856984506,
    "nuclear_startup_cost_eur": 19545.07551972239,
    "demand_response_cost_eur_per_mwh": 412.766059806975,
    "value_of_lost_load_eur_per_mwh": 8412.880397130357,
    "renewable_spill_cost_eur_per_mwh": 1573.4023472433898,
    "hydro_spill_cost_eur_per_mwh": 777.9592596032879,
    "overgen_spill_cost_eur_per_mwh": 6690.491385928077,
    "battery_cycle_cost_eur_per_mwh": 107.41727262675873,
    "pumped_cycle_cost_eur_per_mwh": 66.02797861572463
  },
  "exogenous": {
    "weather_profile": "sunny_summer",
    "weather_spread_intensity": 1.1924994278311942,
    "demand_profile": "heatwave",
    "demand_scale_factor": 1.2341491299951963,
    "inflow_factor": 0.5016501973605156,
    "zone_profile_variants": {
      "evening_peak": 0.28,
      "double_peak": 0.16,
      "office_peak": 0.2,
      "industrial": 0.14,
      "night_shift": 0.1,
      "residential_morning": 0.12
    },
    "zone_profile_mix_weight": [
      0.4,
      0.8
    ],
    "zone_profile_phase_shift_hours": [
      -2.5,
      2.5
    ],
    "zone_profile_noise_std": [
      0.02,
      0.06
    ],
    "zone_profile_curvature_exp": [
      0.9,
      1.18
    ],
    "region_weather": {
      "R1": {
        "weather_profile": "sunny_summer",
        "weather_spread_intensity": 1.192481557857493
      },
      "R2": {
        "weather_profile": "calm_winter",
        "weather_spread_intensity": 1.4275052319418289
      },
      "R3": {
        "weather_profile": "mixed",
        "weather_spread_intensity": 0.9575114936942609
      }
    }
  },
  "mip_gap_target_pct": 1.0203718283374714,
  "estimates": {
    "vars_total": 109344,
    "cons_total": 142147,
    "est_cpu_hours": 2.0245145555555553
  },
  "meta": {
    "regions": 3,
    "zones": 22,
    "sites": 22,
    "intertie_density": 0.36526068298619685,
    "neighbor_nations": 4,
    "assets": {
      "thermal": 37,
      "solar": 44,
      "wind": 44,
      "battery": 18,
      "dr": 19,
      "nuclear": 2,
      "hydro_reservoir": 6,
      "hydro_ror": 22,
      "hydro_pumped": 6
    },
    "demand_scale_factor": 1.2341491299951963,
    "zone_profile_variants": {
      "evening_peak": 0.28,
      "double_peak": 0.16,
      "office_peak": 0.2,
      "industrial": 0.14,
      "night_shift": 0.1,
      "residential_morning": 0.12
    },
    "zone_profile_mix_weight": [
      0.4,
      0.8
    ],
    "weather_profile": "sunny_summer",
    "cross_border_policy": "allow",
    "price_cap": 2550.8974662390897,
    "co2_price": 92.73489466363567,
    "import_export_caps_factor": 0.5494905081231581,
    "operation_costs": {
      "thermal_fuel_eur_per_mwh": 72.35149640465407,
      "nuclear_fuel_eur_per_mwh": 16.45296633998056,
      "thermal_startup_cost_eur": 7674.173856984506,
      "nuclear_startup_cost_eur": 19545.07551972239,
      "demand_response_cost_eur_per_mwh": 412.766059806975,
      "value_of_lost_load_eur_per_mwh": 8412.880397130357,
      "renewable_spill_cost_eur_per_mwh": 1573.4023472433898,
      "hydro_spill_cost_eur_per_mwh": 777.9592596032879,
      "overgen_spill_cost_eur_per_mwh": 6690.491385928077,
      "battery_cycle_cost_eur_per_mwh": 107.41727262675873,
      "pumped_cycle_cost_eur_per_mwh": 66.02797861572463
    },
    "tech_scalers": {
      "thermal_marg_cost": 8.20511806769994,
      "thermal_ramp_pct": 0.19636333428002145,
      "battery_roundtrip_eff": 0.861136396808386,
      "battery_e_to_p_hours": 5.9770139489350935,
      "dr_max_shed_share": 0.08121473358109792,
      "dr_duration_hours": 2.8676116653521935,
      "hydro_reservoir_head_eff": 0.8800707601229256,
      "battery_initial_soc_fraction": 0.5057246912930498,
      "battery_final_soc_tolerance": 0.17583720889792692,
      "battery_self_discharge_per_hour": 0.009010336131605675,
      "pumped_initial_level_fraction": 0.637660947316883,
      "pumped_final_level_tolerance": 0.0843983090416964,
      "pumped_self_discharge_per_hour": 0.0007398521473921383
    }
  },
  "flexibility_metrics": {
    "total_storage_power_mw": 2100.0,
    "total_storage_capacity_mwh": 14979.3,
    "battery_power_mw": 900.0,
    "battery_capacity_mwh": 5379.3,
    "pumped_power_mw": 1200.0,
    "pumped_capacity_mwh": 9600.0,
    "total_dr_capacity_mw": 1102.5,
    "total_ramp_up_mw_per_step": 569.9,
    "total_ramp_down_mw_per_step": 569.9,
    "thermal_flex_ratio": 0.244,
    "dr_duration_hours": 2.87,
    "battery_roundtrip_efficiency": 0.861
  },
  "difficulty_indicators": {
    "vre_penetration_pct": 34.92,
    "net_demand_volatility": 0.311,
    "peak_to_valley_ratio": 2.22,
    "estimated_milp_solve_time_seconds": 7288.3,
    "complexity_score": "hard",
    "n_binary_variables": 3552,
    "n_timesteps": 96,
    "n_zones": 22,
    "weather_profile": "sunny_summer",
    "demand_profile": "heatwave"
  }
}