{
  "id": "a3097722-0041-4ed7-bdf9-22c435223666",
  "horizon_hours": 24,
  "dt_minutes": 15,
  "graph": {
    "regions": 2,
    "zones_per_region": [
      3,
      8
    ],
    "sites_per_zone": [
      7,
      2,
      3,
      7,
      6,
      3,
      4,
      3,
      2,
      3,
      7
    ],
    "intertie_density": 0.24649674363939963,
    "neighbor_nations": 2
  },
  "assets": {
    "thermal_per_site": [
      2,
      1,
      2,
      2,
      0,
      2,
      3,
      0,
      3,
      1,
      2
    ],
    "solar_per_site": [
      1,
      3,
      1,
      1,
      3,
      3,
      1,
      3,
      3,
      2,
      3
    ],
    "wind_per_site": [
      2,
      3,
      3,
      3,
      1,
      2,
      3,
      2,
      3,
      2,
      1
    ],
    "battery_per_site": [
      2,
      0,
      2,
      2,
      2,
      0,
      2,
      1,
      0,
      1,
      1
    ],
    "dr_per_site": [
      0,
      2,
      0,
      2,
      1,
      2,
      2,
      1,
      0,
      0,
      2
    ],
    "nuclear_per_region": [
      0,
      2
    ],
    "hydro_reservoir_per_region": [
      3,
      1
    ],
    "hydro_ror_per_zone": [
      2,
      2,
      1,
      1,
      2,
      2,
      2,
      2,
      0,
      2,
      0
    ],
    "hydro_pumped_per_region": [
      0,
      2
    ]
  },
  "econ_policy": {
    "co2_price": 139.92690121720935,
    "price_cap": 4403.0233351180095,
    "cross_border_policy": "block",
    "import_export_caps_factor": 0.9483771472572524
  },
  "tech": {
    "thermal_marg_cost": 12.509493703624186,
    "thermal_ramp_pct": 0.41103831030686305,
    "battery_roundtrip_eff": 0.8546684178486061,
    "battery_e_to_p_hours": 2.935133156020096,
    "dr_max_shed_share": 0.32762758085644905,
    "dr_duration_hours": 3.210012983762932,
    "hydro_reservoir_head_eff": 0.7674711548188412,
    "battery_initial_soc_fraction": 0.5372591798723241,
    "battery_final_soc_tolerance": 0.059429982704319255,
    "battery_self_discharge_per_hour": 0.008408720946306486,
    "pumped_initial_level_fraction": 0.4862094906010792,
    "pumped_final_level_tolerance": 0.1575167937117049,
    "pumped_self_discharge_per_hour": 0.001467818710779216
  },
  "operation_costs": {
    "thermal_fuel_eur_per_mwh": 70.61754695708238,
    "nuclear_fuel_eur_per_mwh": 8.863821804853934,
    "demand_response_cost_eur_per_mwh": 433.79716191674174,
    "value_of_lost_load_eur_per_mwh": 7119.420712034427,
    "renewable_spill_cost_eur_per_mwh": 1294.258796483246,
    "hydro_spill_cost_eur_per_mwh": 635.3118336591473,
    "overgen_spill_cost_eur_per_mwh": 3996.456895248852,
    "battery_cycle_cost_eur_per_mwh": 108.3642419895464,
    "pumped_cycle_cost_eur_per_mwh": 49.38981855588835
  },
  "exogenous": {
    "weather_profile": "sunny_summer",
    "weather_spread_intensity": 1.318517681043431,
    "demand_profile": "wkend_flat",
    "demand_scale_factor": 1.1527795610017895,
    "inflow_factor": 1.5620547399504723,
    "zone_profile_variants": {
      "evening_peak": 0.28,
      "double_peak": 0.16,
      "office_peak": 0.2,
      "industrial": 0.14,
      "night_shift": 0.1,
      "residential_morning": 0.12
    },
    "zone_profile_mix_weight": [
      0.4,
      0.8
    ],
    "zone_profile_phase_shift_hours": [
      -2.5,
      2.5
    ],
    "zone_profile_noise_std": [
      0.02,
      0.06
    ],
    "zone_profile_curvature_exp": [
      0.9,
      1.18
    ],
    "region_weather": {
      "R1": {
        "weather_profile": "sunny_summer",
        "weather_spread_intensity": 1.1686860457193438
      },
      "R2": {
        "weather_profile": "mixed",
        "weather_spread_intensity": 1.4683493163675183
      }
    }
  },
  "mip_gap_target_pct": 1.3277419154879881,
  "estimates": {
    "vars_total": 58656,
    "cons_total": 76252,
    "est_cpu_hours": 1.1200102222222224
  },
  "meta": {
    "regions": 2,
    "zones": 11,
    "sites": 11,
    "intertie_density": 0.24649674363939963,
    "neighbor_nations": 2,
    "assets": {
      "thermal": 18,
      "solar": 24,
      "wind": 25,
      "battery": 13,
      "dr": 12,
      "nuclear": 2,
      "hydro_reservoir": 4,
      "hydro_ror": 16,
      "hydro_pumped": 2
    },
    "demand_scale_factor": 1.1527795610017895,
    "zone_profile_variants": {
      "evening_peak": 0.28,
      "double_peak": 0.16,
      "office_peak": 0.2,
      "industrial": 0.14,
      "night_shift": 0.1,
      "residential_morning": 0.12
    },
    "zone_profile_mix_weight": [
      0.4,
      0.8
    ],
    "weather_profile": "sunny_summer",
    "cross_border_policy": "block",
    "price_cap": 4403.0233351180095,
    "co2_price": 139.92690121720935,
    "import_export_caps_factor": 0.9483771472572524,
    "operation_costs": {
      "thermal_fuel_eur_per_mwh": 70.61754695708238,
      "nuclear_fuel_eur_per_mwh": 8.863821804853934,
      "demand_response_cost_eur_per_mwh": 433.79716191674174,
      "value_of_lost_load_eur_per_mwh": 7119.420712034427,
      "renewable_spill_cost_eur_per_mwh": 1294.258796483246,
      "hydro_spill_cost_eur_per_mwh": 635.3118336591473,
      "overgen_spill_cost_eur_per_mwh": 3996.456895248852,
      "battery_cycle_cost_eur_per_mwh": 108.3642419895464,
      "pumped_cycle_cost_eur_per_mwh": 49.38981855588835
    },
    "tech_scalers": {
      "thermal_marg_cost": 12.509493703624186,
      "thermal_ramp_pct": 0.41103831030686305,
      "battery_roundtrip_eff": 0.8546684178486061,
      "battery_e_to_p_hours": 2.935133156020096,
      "dr_max_shed_share": 0.32762758085644905,
      "dr_duration_hours": 3.210012983762932,
      "hydro_reservoir_head_eff": 0.7674711548188412,
      "battery_initial_soc_fraction": 0.5372591798723241,
      "battery_final_soc_tolerance": 0.059429982704319255,
      "battery_self_discharge_per_hour": 0.008408720946306486,
      "pumped_initial_level_fraction": 0.4862094906010792,
      "pumped_final_level_tolerance": 0.1575167937117049,
      "pumped_self_discharge_per_hour": 0.001467818710779216
    }
  },
  "flexibility_metrics": {
    "total_storage_power_mw": 1050.0,
    "total_storage_capacity_mwh": 5107.8,
    "battery_power_mw": 650.0,
    "battery_capacity_mwh": 1907.8,
    "pumped_power_mw": 400.0,
    "pumped_capacity_mwh": 3200.0,
    "total_dr_capacity_mw": 2077.3,
    "total_ramp_up_mw_per_step": 579.9,
    "total_ramp_down_mw_per_step": 579.9,
    "thermal_flex_ratio": 0.423,
    "dr_duration_hours": 3.21,
    "battery_roundtrip_efficiency": 0.855
  },
  "difficulty_indicators": {
    "vre_penetration_pct": 32.8,
    "net_demand_volatility": 0.234,
    "peak_to_valley_ratio": 2.08,
    "estimated_milp_solve_time_seconds": 4032.0,
    "complexity_score": "medium",
    "n_binary_variables": 1728,
    "n_timesteps": 96,
    "n_zones": 11,
    "weather_profile": "sunny_summer",
    "demand_profile": "wkend_flat"
  }
}