{
  "id": "c53d547c-01fd-4a71-a1e8-2a90e5a7af83",
  "horizon_hours": 24,
  "dt_minutes": 15,
  "graph": {
    "regions": 3,
    "zones_per_region": [
      6,
      5,
      4
    ],
    "sites_per_zone": [
      3,
      5,
      6,
      7,
      5,
      2,
      2,
      7,
      5,
      3,
      3,
      4,
      8,
      8,
      6
    ],
    "intertie_density": 0.4661581343971422,
    "neighbor_nations": 1
  },
  "assets": {
    "thermal_per_site": [
      3,
      1,
      0,
      0,
      0,
      1,
      3,
      1,
      0,
      3,
      0,
      1,
      0,
      3,
      3
    ],
    "solar_per_site": [
      3,
      1,
      2,
      2,
      1,
      3,
      2,
      3,
      1,
      2,
      1,
      1,
      2,
      2,
      3
    ],
    "wind_per_site": [
      1,
      1,
      3,
      1,
      3,
      3,
      1,
      2,
      1,
      1,
      1,
      1,
      2,
      3,
      1
    ],
    "battery_per_site": [
      2,
      2,
      2,
      0,
      1,
      1,
      1,
      0,
      2,
      0,
      0,
      1,
      2,
      1,
      0
    ],
    "dr_per_site": [
      1,
      2,
      1,
      2,
      1,
      0,
      1,
      1,
      2,
      1,
      2,
      0,
      0,
      0,
      2
    ],
    "nuclear_per_region": [
      2,
      2,
      2
    ],
    "hydro_reservoir_per_region": [
      2,
      0,
      2
    ],
    "hydro_ror_per_zone": [
      1,
      1,
      2,
      0,
      1,
      1,
      1,
      0,
      0,
      0,
      1,
      2,
      1,
      2,
      2
    ],
    "hydro_pumped_per_region": [
      0,
      1,
      2
    ]
  },
  "econ_policy": {
    "co2_price": 35.875036418611934,
    "price_cap": 4391.568209662647,
    "cross_border_policy": "block",
    "import_export_caps_factor": 0.4292756397404049
  },
  "tech": {
    "thermal_marg_cost": 2.273412005403843,
    "thermal_ramp_pct": 0.16324328313689163,
    "battery_roundtrip_eff": 0.8423813228339718,
    "battery_e_to_p_hours": 3.500423601935937,
    "dr_max_shed_share": 0.10437259590562876,
    "dr_duration_hours": 5.165505665004901,
    "hydro_reservoir_head_eff": 0.9723388350277449,
    "battery_initial_soc_fraction": 0.5463053332469294,
    "battery_final_soc_tolerance": 0.12602084867090568,
    "battery_self_discharge_per_hour": 0.009764512405949631,
    "pumped_initial_level_fraction": 0.6584802972195305,
    "pumped_final_level_tolerance": 0.05374112805985158,
    "pumped_self_discharge_per_hour": 0.0038983706614569356
  },
  "operation_costs": {
    "thermal_fuel_eur_per_mwh": 79.67513027243422,
    "nuclear_fuel_eur_per_mwh": 12.493614319141997,
    "demand_response_cost_eur_per_mwh": 961.7306957549887,
    "value_of_lost_load_eur_per_mwh": 9372.215839304326,
    "renewable_spill_cost_eur_per_mwh": 1039.4695083859235,
    "hydro_spill_cost_eur_per_mwh": 1179.9886829740508,
    "overgen_spill_cost_eur_per_mwh": 2639.7797159987463,
    "battery_cycle_cost_eur_per_mwh": 64.16521600244015,
    "pumped_cycle_cost_eur_per_mwh": 54.80180478687535
  },
  "exogenous": {
    "weather_profile": "calm_winter",
    "weather_spread_intensity": 0.8115812719960117,
    "demand_profile": "cold_snap",
    "demand_scale_factor": 1.2933572981323116,
    "inflow_factor": 1.3525604919670666,
    "zone_profile_variants": {
      "evening_peak": 0.28,
      "double_peak": 0.16,
      "office_peak": 0.2,
      "industrial": 0.14,
      "night_shift": 0.1,
      "residential_morning": 0.12
    },
    "zone_profile_mix_weight": [
      0.4,
      0.8
    ],
    "zone_profile_phase_shift_hours": [
      -2.5,
      2.5
    ],
    "zone_profile_noise_std": [
      0.02,
      0.06
    ],
    "zone_profile_curvature_exp": [
      0.9,
      1.18
    ],
    "region_weather": {
      "R1": {
        "weather_profile": "calm_winter",
        "weather_spread_intensity": 0.5624750670567813
      },
      "R2": {
        "weather_profile": "calm_winter",
        "weather_spread_intensity": 1.1664676325872088
      },
      "R3": {
        "weather_profile": "sunny_summer",
        "weather_spread_intensity": 0.7058011163440451
      }
    }
  },
  "mip_gap_target_pct": 1.4344011221468893,
  "estimates": {
    "vars_total": 74112,
    "cons_total": 96345,
    "est_cpu_hours": 1.3958156666666668
  },
  "meta": {
    "regions": 3,
    "zones": 15,
    "sites": 15,
    "intertie_density": 0.4661581343971422,
    "neighbor_nations": 1,
    "assets": {
      "thermal": 19,
      "solar": 29,
      "wind": 25,
      "battery": 15,
      "dr": 16,
      "nuclear": 6,
      "hydro_reservoir": 4,
      "hydro_ror": 15,
      "hydro_pumped": 3
    },
    "demand_scale_factor": 1.2933572981323116,
    "zone_profile_variants": {
      "evening_peak": 0.28,
      "double_peak": 0.16,
      "office_peak": 0.2,
      "industrial": 0.14,
      "night_shift": 0.1,
      "residential_morning": 0.12
    },
    "zone_profile_mix_weight": [
      0.4,
      0.8
    ],
    "weather_profile": "calm_winter",
    "cross_border_policy": "block",
    "price_cap": 4391.568209662647,
    "co2_price": 35.875036418611934,
    "import_export_caps_factor": 0.4292756397404049,
    "operation_costs": {
      "thermal_fuel_eur_per_mwh": 79.67513027243422,
      "nuclear_fuel_eur_per_mwh": 12.493614319141997,
      "demand_response_cost_eur_per_mwh": 961.7306957549887,
      "value_of_lost_load_eur_per_mwh": 9372.215839304326,
      "renewable_spill_cost_eur_per_mwh": 1039.4695083859235,
      "hydro_spill_cost_eur_per_mwh": 1179.9886829740508,
      "overgen_spill_cost_eur_per_mwh": 2639.7797159987463,
      "battery_cycle_cost_eur_per_mwh": 64.16521600244015,
      "pumped_cycle_cost_eur_per_mwh": 54.80180478687535
    },
    "tech_scalers": {
      "thermal_marg_cost": 2.273412005403843,
      "thermal_ramp_pct": 0.16324328313689163,
      "battery_roundtrip_eff": 0.8423813228339718,
      "battery_e_to_p_hours": 3.500423601935937,
      "dr_max_shed_share": 0.10437259590562876,
      "dr_duration_hours": 5.165505665004901,
      "hydro_reservoir_head_eff": 0.9723388350277449,
      "battery_initial_soc_fraction": 0.5463053332469294,
      "battery_final_soc_tolerance": 0.12602084867090568,
      "battery_self_discharge_per_hour": 0.009764512405949631,
      "pumped_initial_level_fraction": 0.6584802972195305,
      "pumped_final_level_tolerance": 0.05374112805985158,
      "pumped_self_discharge_per_hour": 0.0038983706614569356
    }
  },
  "flexibility_metrics": {
    "total_storage_power_mw": 1350.0,
    "total_storage_capacity_mwh": 7425.3,
    "battery_power_mw": 750.0,
    "battery_capacity_mwh": 2625.3,
    "pumped_power_mw": 600.0,
    "pumped_capacity_mwh": 4800.0,
    "total_dr_capacity_mw": 1012.4,
    "total_ramp_up_mw_per_step": 307.6,
    "total_ramp_down_mw_per_step": 307.6,
    "thermal_flex_ratio": 0.202,
    "dr_duration_hours": 5.17,
    "battery_roundtrip_efficiency": 0.842
  },
  "difficulty_indicators": {
    "vre_penetration_pct": 28.48,
    "net_demand_volatility": 0.233,
    "peak_to_valley_ratio": 2.33,
    "estimated_milp_solve_time_seconds": 5024.9,
    "complexity_score": "hard",
    "n_binary_variables": 1824,
    "n_timesteps": 96,
    "n_zones": 15,
    "weather_profile": "calm_winter",
    "demand_profile": "cold_snap"
  }
}