{
  "id": "8eef63cb-646b-47b7-a93f-ed7f48e67714",
  "horizon_hours": 24,
  "dt_minutes": 15,
  "graph": {
    "regions": 3,
    "zones_per_region": [
      8,
      6,
      6
    ],
    "sites_per_zone": [
      2,
      4,
      7,
      4,
      5,
      4,
      6,
      7,
      2,
      6,
      5,
      7,
      6,
      2,
      7,
      4,
      5,
      7,
      4,
      7
    ],
    "intertie_density": 0.33083478729503923,
    "neighbor_nations": 2
  },
  "assets": {
    "thermal_per_site": [
      2,
      1,
      3,
      3,
      1,
      2,
      1,
      1,
      1,
      0,
      3,
      2,
      3,
      3,
      1,
      3,
      2,
      1,
      2,
      2
    ],
    "solar_per_site": [
      2,
      2,
      1,
      1,
      3,
      2,
      1,
      3,
      1,
      2,
      2,
      2,
      3,
      1,
      3,
      3,
      3,
      3,
      1,
      2
    ],
    "wind_per_site": [
      1,
      2,
      3,
      2,
      2,
      2,
      2,
      3,
      3,
      1,
      2,
      2,
      1,
      2,
      2,
      3,
      2,
      2,
      2,
      3
    ],
    "battery_per_site": [
      2,
      2,
      1,
      1,
      1,
      0,
      2,
      1,
      2,
      1,
      1,
      1,
      0,
      2,
      0,
      0,
      1,
      1,
      0,
      1
    ],
    "dr_per_site": [
      0,
      0,
      2,
      0,
      0,
      1,
      0,
      2,
      2,
      0,
      1,
      2,
      1,
      1,
      0,
      1,
      1,
      1,
      0,
      2
    ],
    "nuclear_per_region": [
      2,
      0,
      0
    ],
    "hydro_reservoir_per_region": [
      1,
      0,
      0
    ],
    "hydro_ror_per_zone": [
      2,
      0,
      1,
      2,
      1,
      2,
      2,
      2,
      0,
      0,
      2,
      2,
      1,
      0,
      1,
      1,
      2,
      2,
      1,
      2
    ],
    "hydro_pumped_per_region": [
      0,
      0,
      0
    ]
  },
  "econ_policy": {
    "co2_price": 202.60266094889298,
    "price_cap": 1065.7001077055936,
    "cross_border_policy": "cap",
    "import_export_caps_factor": 0.9761885004918277
  },
  "tech": {
    "thermal_marg_cost": 12.599971793510674,
    "thermal_ramp_pct": 0.10012682465635665,
    "battery_roundtrip_eff": 0.8020490109952503,
    "battery_e_to_p_hours": 3.2027179576715032,
    "dr_max_shed_share": 0.2480220376339619,
    "dr_duration_hours": 4.308197014003135,
    "hydro_reservoir_head_eff": 0.8263291279253665,
    "battery_initial_soc_fraction": 0.5086646434306344,
    "battery_final_soc_tolerance": 0.11609354191466316,
    "battery_self_discharge_per_hour": 0.00842545624462068,
    "pumped_initial_level_fraction": 0.6692560247215051,
    "pumped_final_level_tolerance": 0.07244644705227674,
    "pumped_self_discharge_per_hour": 0.002039699528130526
  },
  "operation_costs": {
    "thermal_fuel_eur_per_mwh": 72.52979305372324,
    "nuclear_fuel_eur_per_mwh": 9.705577731975307,
    "demand_response_cost_eur_per_mwh": 548.2520906107752,
    "value_of_lost_load_eur_per_mwh": 9503.947340250455,
    "renewable_spill_cost_eur_per_mwh": 780.8193844562345,
    "hydro_spill_cost_eur_per_mwh": 1000.3327086272359,
    "overgen_spill_cost_eur_per_mwh": 6648.329985178733,
    "battery_cycle_cost_eur_per_mwh": 101.14117826889054,
    "pumped_cycle_cost_eur_per_mwh": 77.40669617932753
  },
  "exogenous": {
    "weather_profile": "overcast_summer",
    "weather_spread_intensity": 1.004473763692422,
    "demand_profile": "wkend_flat",
    "demand_scale_factor": 0.9990720120430597,
    "inflow_factor": 1.3786184843657896,
    "zone_profile_variants": {
      "evening_peak": 0.28,
      "double_peak": 0.16,
      "office_peak": 0.2,
      "industrial": 0.14,
      "night_shift": 0.1,
      "residential_morning": 0.12
    },
    "zone_profile_mix_weight": [
      0.4,
      0.8
    ],
    "zone_profile_phase_shift_hours": [
      -2.5,
      2.5
    ],
    "zone_profile_noise_std": [
      0.02,
      0.06
    ],
    "zone_profile_curvature_exp": [
      0.9,
      1.18
    ],
    "region_weather": {
      "R1": {
        "weather_profile": "overcast_summer",
        "weather_spread_intensity": 1.2476102821066797
      },
      "R2": {
        "weather_profile": "overcast_summer",
        "weather_spread_intensity": 0.8746112904268318
      },
      "R3": {
        "weather_profile": "calm_winter",
        "weather_spread_intensity": 0.891199718543754
      }
    }
  },
  "mip_gap_target_pct": 0.5280617491384129,
  "estimates": {
    "vars_total": 100608,
    "cons_total": 130790,
    "est_cpu_hours": 1.8686237777777779
  },
  "meta": {
    "regions": 3,
    "zones": 20,
    "sites": 20,
    "intertie_density": 0.33083478729503923,
    "neighbor_nations": 2,
    "assets": {
      "thermal": 37,
      "solar": 41,
      "wind": 42,
      "battery": 20,
      "dr": 17,
      "nuclear": 2,
      "hydro_reservoir": 1,
      "hydro_ror": 26,
      "hydro_pumped": 0
    },
    "demand_scale_factor": 0.9990720120430597,
    "zone_profile_variants": {
      "evening_peak": 0.28,
      "double_peak": 0.16,
      "office_peak": 0.2,
      "industrial": 0.14,
      "night_shift": 0.1,
      "residential_morning": 0.12
    },
    "zone_profile_mix_weight": [
      0.4,
      0.8
    ],
    "weather_profile": "overcast_summer",
    "cross_border_policy": "cap",
    "price_cap": 1065.7001077055936,
    "co2_price": 202.60266094889298,
    "import_export_caps_factor": 0.9761885004918277,
    "operation_costs": {
      "thermal_fuel_eur_per_mwh": 72.52979305372324,
      "nuclear_fuel_eur_per_mwh": 9.705577731975307,
      "demand_response_cost_eur_per_mwh": 548.2520906107752,
      "value_of_lost_load_eur_per_mwh": 9503.947340250455,
      "renewable_spill_cost_eur_per_mwh": 780.8193844562345,
      "hydro_spill_cost_eur_per_mwh": 1000.3327086272359,
      "overgen_spill_cost_eur_per_mwh": 6648.329985178733,
      "battery_cycle_cost_eur_per_mwh": 101.14117826889054,
      "pumped_cycle_cost_eur_per_mwh": 77.40669617932753
    },
    "tech_scalers": {
      "thermal_marg_cost": 12.599971793510674,
      "thermal_ramp_pct": 0.10012682465635665,
      "battery_roundtrip_eff": 0.8020490109952503,
      "battery_e_to_p_hours": 3.2027179576715032,
      "dr_max_shed_share": 0.2480220376339619,
      "dr_duration_hours": 4.308197014003135,
      "hydro_reservoir_head_eff": 0.8263291279253665,
      "battery_initial_soc_fraction": 0.5086646434306344,
      "battery_final_soc_tolerance": 0.11609354191466316,
      "battery_self_discharge_per_hour": 0.00842545624462068,
      "pumped_initial_level_fraction": 0.6692560247215051,
      "pumped_final_level_tolerance": 0.07244644705227674,
      "pumped_self_discharge_per_hour": 0.002039699528130526
    }
  },
  "flexibility_metrics": {
    "total_storage_power_mw": 1000.0,
    "total_storage_capacity_mwh": 3202.7,
    "battery_power_mw": 1000.0,
    "battery_capacity_mwh": 3202.7,
    "pumped_power_mw": 0.0,
    "pumped_capacity_mwh": 0.0,
    "total_dr_capacity_mw": 2477.9,
    "total_ramp_up_mw_per_step": 302.9,
    "total_ramp_down_mw_per_step": 302.9,
    "thermal_flex_ratio": 0.265,
    "dr_duration_hours": 4.31,
    "battery_roundtrip_efficiency": 0.802
  },
  "difficulty_indicators": {
    "vre_penetration_pct": 35.62,
    "net_demand_volatility": 0.128,
    "peak_to_valley_ratio": 1.8,
    "estimated_milp_solve_time_seconds": 6727.0,
    "complexity_score": "hard",
    "n_binary_variables": 3552,
    "n_timesteps": 96,
    "n_zones": 20,
    "weather_profile": "overcast_summer",
    "demand_profile": "wkend_flat"
  }
}