{
  "id": "852aa140-320d-413d-a380-52aad026b0cf",
  "horizon_hours": 24,
  "dt_minutes": 15,
  "graph": {
    "regions": 4,
    "zones_per_region": [
      7,
      3,
      6,
      9
    ],
    "sites_per_zone": [
      7,
      2,
      5,
      6,
      7,
      6,
      6,
      8,
      5,
      4,
      5,
      3,
      4,
      2,
      5,
      6,
      3,
      2,
      3,
      2,
      2,
      5,
      4,
      4,
      2
    ],
    "intertie_density": 0.28377645638735804,
    "neighbor_nations": 2
  },
  "assets": {
    "thermal_per_site": [
      0,
      1,
      3,
      3,
      0,
      2,
      2,
      2,
      2,
      0,
      0,
      1,
      2,
      2,
      3,
      1,
      2,
      3,
      3,
      0,
      1,
      1,
      3,
      3,
      0
    ],
    "solar_per_site": [
      3,
      3,
      1,
      2,
      2,
      2,
      3,
      1,
      2,
      2,
      2,
      2,
      2,
      3,
      3,
      3,
      3,
      1,
      2,
      3,
      1,
      2,
      2,
      2,
      1
    ],
    "wind_per_site": [
      1,
      2,
      2,
      1,
      3,
      1,
      3,
      3,
      2,
      2,
      1,
      2,
      1,
      3,
      1,
      2,
      2,
      3,
      3,
      1,
      2,
      2,
      2,
      3,
      1
    ],
    "battery_per_site": [
      0,
      2,
      2,
      0,
      1,
      2,
      2,
      1,
      0,
      1,
      0,
      0,
      2,
      1,
      1,
      1,
      0,
      0,
      2,
      0,
      2,
      2,
      0,
      1,
      0
    ],
    "dr_per_site": [
      0,
      2,
      1,
      0,
      0,
      1,
      0,
      2,
      1,
      0,
      1,
      0,
      0,
      2,
      2,
      2,
      2,
      0,
      2,
      2,
      2,
      1,
      1,
      2,
      0
    ],
    "nuclear_per_region": [
      2,
      0,
      2,
      0
    ],
    "hydro_reservoir_per_region": [
      3,
      3,
      1,
      2
    ],
    "hydro_ror_per_zone": [
      1,
      0,
      1,
      0,
      1,
      2,
      0,
      2,
      2,
      0,
      0,
      1,
      1,
      0,
      1,
      1,
      0,
      1,
      1,
      1,
      0,
      1,
      0,
      1,
      2
    ],
    "hydro_pumped_per_region": [
      2,
      2,
      1,
      1
    ]
  },
  "econ_policy": {
    "co2_price": 155.97250455557457,
    "price_cap": 4262.2178185212915,
    "cross_border_policy": "block",
    "import_export_caps_factor": 1.3441552278759055
  },
  "tech": {
    "thermal_marg_cost": 0.1809766699499482,
    "thermal_ramp_pct": 0.14974559037043456,
    "battery_roundtrip_eff": 0.8366744561407188,
    "battery_e_to_p_hours": 4.22989397746355,
    "dr_max_shed_share": 0.17068011171144254,
    "dr_duration_hours": 2.878263936977676,
    "hydro_reservoir_head_eff": 0.823518255052851,
    "battery_initial_soc_fraction": 0.5522947187126475,
    "battery_final_soc_tolerance": 0.10704085313339101,
    "battery_self_discharge_per_hour": 0.006511165216840963,
    "pumped_initial_level_fraction": 0.6222235057003298,
    "pumped_final_level_tolerance": 0.06594215972074563,
    "pumped_self_discharge_per_hour": 0.002748322495320242
  },
  "operation_costs": {
    "thermal_fuel_eur_per_mwh": 57.499629500681635,
    "nuclear_fuel_eur_per_mwh": 11.925561407062427,
    "demand_response_cost_eur_per_mwh": 499.008112285444,
    "value_of_lost_load_eur_per_mwh": 11864.914945332774,
    "renewable_spill_cost_eur_per_mwh": 1843.9020476994247,
    "hydro_spill_cost_eur_per_mwh": 416.26360132028515,
    "overgen_spill_cost_eur_per_mwh": 5002.055940975357,
    "battery_cycle_cost_eur_per_mwh": 66.08877487979191,
    "pumped_cycle_cost_eur_per_mwh": 58.29431950291966
  },
  "exogenous": {
    "weather_profile": "stormy_winter",
    "weather_spread_intensity": 0.8846724339881065,
    "demand_profile": "heatwave",
    "demand_scale_factor": 0.7469891991660923,
    "inflow_factor": 1.1667504687981407,
    "zone_profile_variants": {
      "evening_peak": 0.28,
      "double_peak": 0.16,
      "office_peak": 0.2,
      "industrial": 0.14,
      "night_shift": 0.1,
      "residential_morning": 0.12
    },
    "zone_profile_mix_weight": [
      0.4,
      0.8
    ],
    "zone_profile_phase_shift_hours": [
      -2.5,
      2.5
    ],
    "zone_profile_noise_std": [
      0.02,
      0.06
    ],
    "zone_profile_curvature_exp": [
      0.9,
      1.18
    ],
    "region_weather": {
      "R1": {
        "weather_profile": "calm_winter",
        "weather_spread_intensity": 1.1404208599183212
      },
      "R2": {
        "weather_profile": "stormy_winter",
        "weather_spread_intensity": 0.5078846560862329
      },
      "R3": {
        "weather_profile": "mixed",
        "weather_spread_intensity": 1.3868148236862374
      },
      "R4": {
        "weather_profile": "overcast_summer",
        "weather_spread_intensity": 0.5035693962616344
      }
    }
  },
  "mip_gap_target_pct": 1.160588496972744,
  "estimates": {
    "vars_total": 125952,
    "cons_total": 163737,
    "est_cpu_hours": 2.320871666666667
  },
  "meta": {
    "regions": 4,
    "zones": 25,
    "sites": 25,
    "intertie_density": 0.28377645638735804,
    "neighbor_nations": 2,
    "assets": {
      "thermal": 40,
      "solar": 53,
      "wind": 49,
      "battery": 23,
      "dr": 26,
      "nuclear": 4,
      "hydro_reservoir": 9,
      "hydro_ror": 20,
      "hydro_pumped": 6
    },
    "demand_scale_factor": 0.7469891991660923,
    "zone_profile_variants": {
      "evening_peak": 0.28,
      "double_peak": 0.16,
      "office_peak": 0.2,
      "industrial": 0.14,
      "night_shift": 0.1,
      "residential_morning": 0.12
    },
    "zone_profile_mix_weight": [
      0.4,
      0.8
    ],
    "weather_profile": "stormy_winter",
    "cross_border_policy": "block",
    "price_cap": 4262.2178185212915,
    "co2_price": 155.97250455557457,
    "import_export_caps_factor": 1.3441552278759055,
    "operation_costs": {
      "thermal_fuel_eur_per_mwh": 57.499629500681635,
      "nuclear_fuel_eur_per_mwh": 11.925561407062427,
      "demand_response_cost_eur_per_mwh": 499.008112285444,
      "value_of_lost_load_eur_per_mwh": 11864.914945332774,
      "renewable_spill_cost_eur_per_mwh": 1843.9020476994247,
      "hydro_spill_cost_eur_per_mwh": 416.26360132028515,
      "overgen_spill_cost_eur_per_mwh": 5002.055940975357,
      "battery_cycle_cost_eur_per_mwh": 66.08877487979191,
      "pumped_cycle_cost_eur_per_mwh": 58.29431950291966
    },
    "tech_scalers": {
      "thermal_marg_cost": 0.1809766699499482,
      "thermal_ramp_pct": 0.14974559037043456,
      "battery_roundtrip_eff": 0.8366744561407188,
      "battery_e_to_p_hours": 4.22989397746355,
      "dr_max_shed_share": 0.17068011171144254,
      "dr_duration_hours": 2.878263936977676,
      "hydro_reservoir_head_eff": 0.823518255052851,
      "battery_initial_soc_fraction": 0.5522947187126475,
      "battery_final_soc_tolerance": 0.10704085313339101,
      "battery_self_discharge_per_hour": 0.006511165216840963,
      "pumped_initial_level_fraction": 0.6222235057003298,
      "pumped_final_level_tolerance": 0.06594215972074563,
      "pumped_self_discharge_per_hour": 0.002748322495320242
    }
  },
  "flexibility_metrics": {
    "total_storage_power_mw": 2350.0,
    "total_storage_capacity_mwh": 14464.4,
    "battery_power_mw": 1150.0,
    "battery_capacity_mwh": 4864.4,
    "pumped_power_mw": 1200.0,
    "pumped_capacity_mwh": 9600.0,
    "total_dr_capacity_mw": 1593.7,
    "total_ramp_up_mw_per_step": 499.2,
    "total_ramp_down_mw_per_step": 499.2,
    "thermal_flex_ratio": 0.246,
    "dr_duration_hours": 2.88,
    "battery_roundtrip_efficiency": 0.837
  },
  "difficulty_indicators": {
    "vre_penetration_pct": 34.05,
    "net_demand_volatility": 0.333,
    "peak_to_valley_ratio": 1.34,
    "estimated_milp_solve_time_seconds": 8355.1,
    "complexity_score": "very_hard",
    "n_binary_variables": 3840,
    "n_timesteps": 96,
    "n_zones": 25,