{
  "id": "39dff8b2-4ac2-4b71-9291-193777bd3d90",
  "horizon_hours": 24,
  "dt_minutes": 15,
  "graph": {
    "regions": 2,
    "zones_per_region": [
      8,
      5
    ],
    "sites_per_zone": [
      4,
      5,
      2,
      8,
      3,
      4,
      7,
      8,
      8,
      2,
      8,
      6,
      4
    ],
    "intertie_density": 0.39389221769232363,
    "neighbor_nations": 2
  },
  "assets": {
    "thermal_per_site": [
      0,
      3,
      3,
      3,
      2,
      2,
      3,
      0,
      2,
      0,
      2,
      3,
      1
    ],
    "solar_per_site": [
      2,
      1,
      3,
      1,
      3,
      3,
      2,
      2,
      3,
      3,
      2,
      2,
      1
    ],
    "wind_per_site": [
      2,
      1,
      1,
      3,
      3,
      2,
      2,
      3,
      2,
      2,
      3,
      3,
      2
    ],
    "battery_per_site": [
      1,
      1,
      2,
      2,
      1,
      2,
      0,
      0,
      0,
      2,
      1,
      1,
      1
    ],
    "dr_per_site": [
      2,
      0,
      1,
      0,
      1,
      0,
      0,
      2,
      2,
      0,
      1,
      0,
      0
    ],
    "nuclear_per_region": [
      0,
      2
    ],
    "hydro_reservoir_per_region": [
      1,
      3
    ],
    "hydro_ror_per_zone": [
      2,
      2,
      2,
      1,
      1,
      1,
      2,
      2,
      2,
      0,
      2,
      1,
      0
    ],
    "hydro_pumped_per_region": [
      0,
      1
    ]
  },
  "econ_policy": {
    "co2_price": 177.1110926193892,
    "price_cap": 761.8909489724163,
    "cross_border_policy": "block",
    "import_export_caps_factor": 0.7241844153071232
  },
  "tech": {
    "thermal_marg_cost": 7.7127366993275395,
    "thermal_ramp_pct": 0.29950570206466737,
    "battery_roundtrip_eff": 0.8007192174098549,
    "battery_e_to_p_hours": 4.7912856868262415,
    "dr_max_shed_share": 0.06587371286603208,
    "dr_duration_hours": 2.615204479035861,
    "hydro_reservoir_head_eff": 0.9477070563989237,
    "battery_initial_soc_fraction": 0.3775800681842253,
    "battery_final_soc_tolerance": 0.17852831985265583,
    "battery_self_discharge_per_hour": 0.0015528838997140907,
    "pumped_initial_level_fraction": 0.5291231723204706,
    "pumped_final_level_tolerance": 0.10687020805748623,
    "pumped_self_discharge_per_hour": 0.003371555657633055
  },
  "operation_costs": {
    "thermal_fuel_eur_per_mwh": 66.76526285353324,
    "nuclear_fuel_eur_per_mwh": 14.399315954123882,
    "demand_response_cost_eur_per_mwh": 922.0696585220013,
    "value_of_lost_load_eur_per_mwh": 10034.966279619572,
    "renewable_spill_cost_eur_per_mwh": 759.9058701647828,
    "hydro_spill_cost_eur_per_mwh": 284.74068652545753,
    "overgen_spill_cost_eur_per_mwh": 6616.776286958622,
    "battery_cycle_cost_eur_per_mwh": 83.27837635061918,
    "pumped_cycle_cost_eur_per_mwh": 49.36724092052661
  },
  "exogenous": {
    "weather_profile": "stormy_winter",
    "weather_spread_intensity": 0.885164281238519,
    "demand_profile": "wkend_flat",
    "demand_scale_factor": 0.7887891129699078,
    "inflow_factor": 0.9090740857658733,
    "zone_profile_variants": {
      "evening_peak": 0.28,
      "double_peak": 0.16,
      "office_peak": 0.2,
      "industrial": 0.14,
      "night_shift": 0.1,
      "residential_morning": 0.12
    },
    "zone_profile_mix_weight": [
      0.4,
      0.8
    ],
    "zone_profile_phase_shift_hours": [
      -2.5,
      2.5
    ],
    "zone_profile_noise_std": [
      0.02,
      0.06
    ],
    "zone_profile_curvature_exp": [
      0.9,
      1.18
    ],
    "region_weather": {
      "R1": {
        "weather_profile": "stormy_winter",
        "weather_spread_intensity": 0.5970487149263257
      },
      "R2": {
        "weather_profile": "calm_winter",
        "weather_spread_intensity": 1.1732798475507122
      }
    }
  },
  "mip_gap_target_pct": 0.4306902484381504,
  "estimates": {
    "vars_total": 67392,
    "cons_total": 87609,
    "est_cpu_hours": 1.275901
  },
  "meta": {
    "regions": 2,
    "zones": 13,
    "sites": 13,
    "intertie_density": 0.39389221769232363,
    "neighbor_nations": 2,
    "assets": {
      "thermal": 24,
      "solar": 28,
      "wind": 29,
      "battery": 14,
      "dr": 9,
      "nuclear": 2,
      "hydro_reservoir": 4,
      "hydro_ror": 18,
      "hydro_pumped": 1
    },
    "demand_scale_factor": 0.7887891129699078,
    "zone_profile_variants": {
      "evening_peak": 0.28,
      "double_peak": 0.16,
      "office_peak": 0.2,
      "industrial": 0.14,
      "night_shift": 0.1,
      "residential_morning": 0.12
    },
    "zone_profile_mix_weight": [
      0.4,
      0.8
    ],
    "weather_profile": "stormy_winter",
    "cross_border_policy": "block",
    "price_cap": 761.8909489724163,
    "co2_price": 177.1110926193892,
    "import_export_caps_factor": 0.7241844153071232,
    "operation_costs": {
      "thermal_fuel_eur_per_mwh": 66.76526285353324,
      "nuclear_fuel_eur_per_mwh": 14.399315954123882,
      "demand_response_cost_eur_per_mwh": 922.0696585220013,
      "value_of_lost_load_eur_per_mwh": 10034.966279619572,
      "renewable_spill_cost_eur_per_mwh": 759.9058701647828,
      "hydro_spill_cost_eur_per_mwh": 284.74068652545753,
      "overgen_spill_cost_eur_per_mwh": 6616.776286958622,
      "battery_cycle_cost_eur_per_mwh": 83.27837635061918,
      "pumped_cycle_cost_eur_per_mwh": 49.36724092052661
    },
    "tech_scalers": {
      "thermal_marg_cost": 7.7127366993275395,
      "thermal_ramp_pct": 0.29950570206466737,
      "battery_roundtrip_eff": 0.8007192174098549,
      "battery_e_to_p_hours": 4.7912856868262415,
      "dr_max_shed_share": 0.06587371286603208,
      "dr_duration_hours": 2.615204479035861,
      "hydro_reservoir_head_eff": 0.9477070563989237,
      "battery_initial_soc_fraction": 0.3775800681842253,
      "battery_final_soc_tolerance": 0.17852831985265583,
      "battery_self_discharge_per_hour": 0.0015528838997140907,
      "pumped_initial_level_fraction": 0.5291231723204706,
      "pumped_final_level_tolerance": 0.10687020805748623,
      "pumped_self_discharge_per_hour": 0.003371555657633055
    }
  },
  "flexibility_metrics": {
    "total_storage_power_mw": 900.0,
    "total_storage_capacity_mwh": 4953.9,
    "battery_power_mw": 700.0,
    "battery_capacity_mwh": 3353.9,
    "pumped_power_mw": 200.0,
    "pumped_capacity_mwh": 1600.0,
    "total_dr_capacity_mw": 337.7,
    "total_ramp_up_mw_per_step": 564.1,
    "total_ramp_down_mw_per_step": 564.1,
    "thermal_flex_ratio": 0.135,
    "dr_duration_hours": 2.62,
    "battery_roundtrip_efficiency": 0.801
  },
  "difficulty_indicators": {
    "vre_penetration_pct": 32.57,
    "net_demand_volatility": 0.262,
    "peak_to_valley_ratio": 1.42,
    "estimated_milp_solve_time_seconds": 4593.2,
    "complexity_score": "medium",
    "n_binary_variables": 2304,
    "n_timesteps": 96,
    "n_zones": 13,
    "weather_profile": "stormy_winter",
    "demand_profile": "wkend_flat"
  }
}