{
  "id": "9fb58e29-058e-4a71-af2e-39ee6718d38f",
  "horizon_hours": 24,
  "dt_minutes": 15,
  "graph": {
    "regions": 4,
    "zones_per_region": [
      9,
      5,
      4,
      5
    ],
    "sites_per_zone": [
      4,
      6,
      4,
      8,
      3,
      3,
      4,
      5,
      3,
      2,
      6,
      2,
      5,
      4,
      6,
      7,
      7,
      5,
      8,
      3,
      7,
      7,
      8
    ],
    "intertie_density": 0.37793765722820644,
    "neighbor_nations": 1
  },
  "assets": {
    "thermal_per_site": [
      1,
      1,
      2,
      2,
      1,
      0,
      1,
      3,
      2,
      0,
      0,
      0,
      2,
      0,
      3,
      0,
      3,
      0,
      3,
      2,
      0,
      3,
      3
    ],
    "solar_per_site": [
      2,
      3,
      1,
      1,
      1,
      2,
      2,
      2,
      1,
      1,
      3,
      2,
      1,
      1,
      2,
      1,
      3,
      3,
      3,
      3,
      3,
      2,
      3
    ],
    "wind_per_site": [
      2,
      2,
      2,
      1,
      2,
      3,
      2,
      3,
      2,
      1,
      3,
      3,
      2,
      2,
      1,
      2,
      3,
      2,
      1,
      1,
      3,
      1,
      3
    ],
    "battery_per_site": [
      0,
      2,
      2,
      2,
      0,
      1,
      1,
      1,
      2,
      1,
      1,
      1,
      2,
      1,
      1,
      0,
      2,
      1,
      0,
      2,
      2,
      0,
      2
    ],
    "dr_per_site": [
      2,
      1,
      1,
      0,
      2,
      1,
      0,
      0,
      0,
      2,
      1,
      0,
      1,
      0,
      2,
      2,
      0,
      2,
      2,
      2,
      0,
      1,
      2
    ],
    "nuclear_per_region": [
      1,
      2,
      1,
      2
    ],
    "hydro_reservoir_per_region": [
      3,
      1,
      1,
      1
    ],
    "hydro_ror_per_zone": [
      1,
      0,
      2,
      1,
      1,
      2,
      2,
      0,
      1,
      0,
      0,
      0,
      2,
      2,
      0,
      0,
      2,
      1,
      2,
      0,
      1,
      1,
      1
    ],
    "hydro_pumped_per_region": [
      2,
      1,
      0,
      2
    ]
  },
  "econ_policy": {
    "co2_price": 186.7371949848118,
    "price_cap": 2905.41842037654,
    "cross_border_policy": "allow",
    "import_export_caps_factor": 0.661486052841608
  },
  "tech": {
    "thermal_marg_cost": 14.163233871360418,
    "thermal_ramp_pct": 0.3623999783897184,
    "battery_roundtrip_eff": 0.822194237379742,
    "battery_e_to_p_hours": 5.343096752230685,
    "dr_max_shed_share": 0.23696813543895512,
    "dr_duration_hours": 1.5601058913210828,
    "hydro_reservoir_head_eff": 0.9531183910880151,
    "battery_initial_soc_fraction": 0.4576742684222312,
    "battery_final_soc_tolerance": 0.1688747033584364,
    "battery_self_discharge_per_hour": 0.00576609803071183,
    "pumped_initial_level_fraction": 0.5828000395998825,
    "pumped_final_level_tolerance": 0.07662436310742532,
    "pumped_self_discharge_per_hour": 0.0017924787206675034
  },
  "operation_costs": {
    "thermal_fuel_eur_per_mwh": 65.84586823785708,
    "nuclear_fuel_eur_per_mwh": 11.926515700398092,
    "demand_response_cost_eur_per_mwh": 525.5565083052788,
    "value_of_lost_load_eur_per_mwh": 7313.782934055574,
    "renewable_spill_cost_eur_per_mwh": 1633.2188244121169,
    "hydro_spill_cost_eur_per_mwh": 898.7937535670562,
    "overgen_spill_cost_eur_per_mwh": 3029.186592487571,
    "battery_cycle_cost_eur_per_mwh": 64.31426889126625,
    "pumped_cycle_cost_eur_per_mwh": 61.195445050487415
  },
  "exogenous": {
    "weather_profile": "mixed",
    "weather_spread_intensity": 0.9139412886030139,
    "demand_profile": "cold_snap",
    "demand_scale_factor": 1.1046267844823543,
    "inflow_factor": 1.0855349689115368,
    "zone_profile_variants": {
      "evening_peak": 0.28,
      "double_peak": 0.16,
      "office_peak": 0.2,
      "industrial": 0.14,
      "night_shift": 0.1,
      "residential_morning": 0.12
    },
    "zone_profile_mix_weight": [
      0.4,
      0.8
    ],
    "zone_profile_phase_shift_hours": [
      -2.5,
      2.5
    ],
    "zone_profile_noise_std": [
      0.02,
      0.06
    ],
    "zone_profile_curvature_exp": [
      0.9,
      1.18
    ],
    "region_weather": {
      "R1": {
        "weather_profile": "mixed",
        "weather_spread_intensity": 0.5845372535984125
      },
      "R2": {
        "weather_profile": "mixed",
        "weather_spread_intensity": 1.0606410530817025
      },
      "R3": {
        "weather_profile": "sunny_summer",
        "weather_spread_intensity": 1.1291821871734937
      },
      "R4": {
        "weather_profile": "stormy_winter",
        "weather_spread_intensity": 0.8814046605584471
      }
    }
  },
  "mip_gap_target_pct": 0.621738798728455,
  "estimates": {
    "vars_total": 116352,
    "cons_total": 151257,
    "est_cpu_hours": 2.1495650000000004
  },
  "meta": {
    "regions": 4,
    "zones": 23,
    "sites": 23,
    "intertie_density": 0.37793765722820644,
    "neighbor_nations": 1,
    "assets": {
      "thermal": 32,
      "solar": 46,
      "wind": 47,
      "battery": 27,
      "dr": 24,
      "nuclear": 6,
      "hydro_reservoir": 6,
      "hydro_ror": 22,
      "hydro_pumped": 5
    },
    "demand_scale_factor": 1.1046267844823543,
    "zone_profile_variants": {
      "evening_peak": 0.28,
      "double_peak": 0.16,
      "office_peak": 0.2,
      "industrial": 0.14,
      "night_shift": 0.1,
      "residential_morning": 0.12
    },
    "zone_profile_mix_weight": [
      0.4,
      0.8
    ],
    "weather_profile": "mixed",
    "cross_border_policy": "allow",
    "price_cap": 2905.41842037654,
    "co2_price": 186.7371949848118,
    "import_export_caps_factor": 0.661486052841608,
    "operation_costs": {
      "thermal_fuel_eur_per_mwh": 65.84586823785708,
      "nuclear_fuel_eur_per_mwh": 11.926515700398092,
      "demand_response_cost_eur_per_mwh": 525.5565083052788,
      "value_of_lost_load_eur_per_mwh": 7313.782934055574,
      "renewable_spill_cost_eur_per_mwh": 1633.2188244121169,
      "hydro_spill_cost_eur_per_mwh": 898.7937535670562,
      "overgen_spill_cost_eur_per_mwh": 3029.186592487571,
      "battery_cycle_cost_eur_per_mwh": 64.31426889126625,
      "pumped_cycle_cost_eur_per_mwh": 61.195445050487415
    },
    "tech_scalers": {
      "thermal_marg_cost": 14.163233871360418,
      "thermal_ramp_pct": 0.3623999783897184,
      "battery_roundtrip_eff": 0.822194237379742,
      "battery_e_to_p_hours": 5.343096752230685,
      "dr_max_shed_share": 0.23696813543895512,
      "dr_duration_hours": 1.5601058913210828,
      "hydro_reservoir_head_eff": 0.9531183910880151,
      "battery_initial_soc_fraction": 0.4576742684222312,
      "battery_final_soc_tolerance": 0.1688747033584364,
      "battery_self_discharge_per_hour": 0.00576609803071183,
      "pumped_initial_level_fraction": 0.5828000395998825,
      "pumped_final_level_tolerance": 0.07662436310742532,
      "pumped_self_discharge_per_hour": 0.0017924787206675034
    }
  },
  "flexibility_metrics": {
    "total_storage_power_mw": 2350.0,
    "total_storage_capacity_mwh": 15213.2,
    "battery_power_mw": 1350.0,
    "battery_capacity_mwh": 7213.2,
    "pumped_power_mw": 1000.0,
    "pumped_capacity_mwh": 8000.0,
    "total_dr_capacity_mw": 3010.3,
    "total_ramp_up_mw_per_step": 944.8,
    "total_ramp_down_mw_per_step": 944.8,
    "thermal_flex_ratio": 0.344,
    "dr_duration_hours": 1.56,
    "battery_roundtrip_efficiency": 0.822
  },
  "difficulty_indicators": {
    "vre_penetration_pct": 33.62,
    "net_demand_volatility": 0.269,
    "peak_to_valley_ratio": 1.99,
    "estimated_milp_solve_time_seconds": 7738.4,
    "complexity_score": "hard",
    "n_binary_variables": 3072,
    "n_timesteps": 96,
    "n_zones": 23,
    "weather_profile": "mixed",
    "demand_profile": "cold_snap"
  }
}