{
  "id": "497c5170-5ee5-4734-8505-b2b66c428575",
  "horizon_hours": 24,
  "dt_minutes": 15,
  "graph": {
    "regions": 2,
    "zones_per_region": [
      8,
      6
    ],
    "sites_per_zone": [
      5,
      4,
      4,
      4,
      3,
      8,
      3,
      2,
      3,
      7,
      7,
      5,
      6,
      8
    ],
    "intertie_density": 0.30233955790605493,
    "neighbor_nations": 3
  },
  "assets": {
    "thermal_per_site": [
      0,
      2,
      1,
      0,
      1,
      3,
      1,
      2,
      3,
      3,
      3,
      0,
      2,
      0
    ],
    "solar_per_site": [
      1,
      1,
      3,
      2,
      1,
      1,
      3,
      2,
      3,
      3,
      2,
      2,
      3,
      3
    ],
    "wind_per_site": [
      1,
      3,
      3,
      3,
      3,
      2,
      2,
      1,
      3,
      3,
      2,
      2,
      3,
      3
    ],
    "battery_per_site": [
      0,
      0,
      2,
      2,
      0,
      2,
      1,
      2,
      2,
      1,
      2,
      1,
      0,
      0
    ],
    "dr_per_site": [
      0,
      0,
      1,
      0,
      0,
      2,
      1,
      0,
      1,
      1,
      2,
      1,
      2,
      2
    ],
    "nuclear_per_region": [
      1,
      2
    ],
    "hydro_reservoir_per_region": [
      2,
      0
    ],
    "hydro_ror_per_zone": [
      2,
      1,
      2,
      0,
      2,
      2,
      0,
      0,
      2,
      0,
      0,
      1,
      2,
      1
    ],
    "hydro_pumped_per_region": [
      2,
      2
    ]
  },
  "econ_policy": {
    "co2_price": 160.87321659810084,
    "price_cap": 1336.7011975256582,
    "cross_border_policy": "allow",
    "import_export_caps_factor": 0.4647918596655063
  },
  "tech": {
    "thermal_marg_cost": 3.398425347251248,
    "thermal_ramp_pct": 0.10754076340272488,
    "battery_roundtrip_eff": 0.9052169493079303,
    "battery_e_to_p_hours": 1.2260673664137651,
    "dr_max_shed_share": 0.14852407081096913,
    "dr_duration_hours": 3.2722659458919803,
    "hydro_reservoir_head_eff": 0.867828696126283,
    "battery_initial_soc_fraction": 0.6225687129023905,
    "battery_final_soc_tolerance": 0.17427078483736236,
    "battery_self_discharge_per_hour": 0.007350941272533206,
    "pumped_initial_level_fraction": 0.5352272031956022,
    "pumped_final_level_tolerance": 0.12005481315902936,
    "pumped_self_discharge_per_hour": 0.0014349631201024558
  },
  "operation_costs": {
    "thermal_fuel_eur_per_mwh": 57.90226116194808,
    "nuclear_fuel_eur_per_mwh": 8.732097612041828,
    "demand_response_cost_eur_per_mwh": 402.4207513425554,
    "value_of_lost_load_eur_per_mwh": 6359.079553647795,
    "renewable_spill_cost_eur_per_mwh": 1184.7516807861866,
    "hydro_spill_cost_eur_per_mwh": 562.8277903666958,
    "overgen_spill_cost_eur_per_mwh": 4139.283335502607,
    "battery_cycle_cost_eur_per_mwh": 86.76567413679119,
    "pumped_cycle_cost_eur_per_mwh": 54.17984850509944
  },
  "exogenous": {
    "weather_profile": "mixed",
    "weather_spread_intensity": 0.6728800296091122,
    "demand_profile": "wkend_flat",
    "demand_scale_factor": 0.9915093773852224,
    "inflow_factor": 0.9869095751454492,
    "zone_profile_variants": {
      "evening_peak": 0.28,
      "double_peak": 0.16,
      "office_peak": 0.2,
      "industrial": 0.14,
      "night_shift": 0.1,
      "residential_morning": 0.12
    },
    "zone_profile_mix_weight": [
      0.4,
      0.8
    ],
    "zone_profile_phase_shift_hours": [
      -2.5,
      2.5
    ],
    "zone_profile_noise_std": [
      0.02,
      0.06
    ],
    "zone_profile_curvature_exp": [
      0.9,
      1.18
    ],
    "region_weather": {
      "R1": {
        "weather_profile": "calm_winter",
        "weather_spread_intensity": 0.6875877791314708
      },
      "R2": {
        "weather_profile": "mixed",
        "weather_spread_intensity": 0.6581722800867537
      }
    }
  },
  "mip_gap_target_pct": 1.1319421886239653,
  "estimates": {
    "vars_total": 71808,
    "cons_total": 93350,
    "est_cpu_hours": 1.354703777777778
  },
  "meta": {
    "regions": 2,
    "zones": 14,
    "sites": 14,
    "intertie_density": 0.30233955790605493,
    "neighbor_nations": 3,
    "assets": {
      "thermal": 21,
      "solar": 30,
      "wind": 34,
      "battery": 15,
      "dr": 13,
      "nuclear": 3,
      "hydro_reservoir": 2,
      "hydro_ror": 15,
      "hydro_pumped": 4
    },
    "demand_scale_factor": 0.9915093773852224,
    "zone_profile_variants": {
      "evening_peak": 0.28,
      "double_peak": 0.16,
      "office_peak": 0.2,
      "industrial": 0.14,
      "night_shift": 0.1,
      "residential_morning": 0.12
    },
    "zone_profile_mix_weight": [
      0.4,
      0.8
    ],
    "weather_profile": "mixed",
    "cross_border_policy": "allow",
    "price_cap": 1336.7011975256582,
    "co2_price": 160.87321659810084,
    "import_export_caps_factor": 0.4647918596655063,
    "operation_costs": {
      "thermal_fuel_eur_per_mwh": 57.90226116194808,
      "nuclear_fuel_eur_per_mwh": 8.732097612041828,
      "demand_response_cost_eur_per_mwh": 402.4207513425554,
      "value_of_lost_load_eur_per_mwh": 6359.079553647795,
      "renewable_spill_cost_eur_per_mwh": 1184.7516807861866,
      "hydro_spill_cost_eur_per_mwh": 562.8277903666958,
      "overgen_spill_cost_eur_per_mwh": 4139.283335502607,
      "battery_cycle_cost_eur_per_mwh": 86.76567413679119,
      "pumped_cycle_cost_eur_per_mwh": 54.17984850509944
    },
    "tech_scalers": {
      "thermal_marg_cost": 3.398425347251248,
      "thermal_ramp_pct": 0.10754076340272488,
      "battery_roundtrip_eff": 0.9052169493079303,
      "battery_e_to_p_hours": 1.2260673664137651,
      "dr_max_shed_share": 0.14852407081096913,
      "dr_duration_hours": 3.2722659458919803,
      "hydro_reservoir_head_eff": 0.867828696126283,
      "battery_initial_soc_fraction": 0.6225687129023905,
      "battery_final_soc_tolerance": 0.17427078483736236,
      "battery_self_discharge_per_hour": 0.007350941272533206,
      "pumped_initial_level_fraction": 0.5352272031956022,
      "pumped_final_level_tolerance": 0.12005481315902936,
      "pumped_self_discharge_per_hour": 0.0014349631201024558
    }
  },
  "flexibility_metrics": {
    "total_storage_power_mw": 1550.0,
    "total_storage_capacity_mwh": 7319.6,
    "battery_power_mw": 750.0,
    "battery_capacity_mwh": 919.6,
    "pumped_power_mw": 800.0,
    "pumped_capacity_mwh": 6400.0,
    "total_dr_capacity_mw": 1030.8,
    "total_ramp_up_mw_per_step": 206.9,
    "total_ramp_down_mw_per_step": 206.9,
    "thermal_flex_ratio": 0.278,
    "dr_duration_hours": 3.27,
    "battery_roundtrip_efficiency": 0.905
  },
  "difficulty_indicators": {
    "vre_penetration_pct": 37.85,
    "net_demand_volatility": 0.197,
    "peak_to_valley_ratio": 1.78,
    "estimated_milp_solve_time_seconds": 4876.9,
    "complexity_score": "hard",
    "n_binary_variables": 2016,
    "n_timesteps": 96,
    "n_zones": 14,
    "weather_profile": "mixed",
    "demand_profile": "wkend_flat"
  }
}