{
  "id": "41af9031-17f4-47e1-ac7a-9792b4ee6e48",
  "horizon_hours": 24,
  "dt_minutes": 15,
  "graph": {
    "regions": 2,
    "zones_per_region": [
      5,
      5
    ],
    "sites_per_zone": [
      5,
      4,
      6,
      4,
      4,
      7,
      8,
      8,
      3,
      8
    ],
    "intertie_density": 0.4285492616170119,
    "neighbor_nations": 2
  },
  "assets": {
    "thermal_per_site": [
      0,
      3,
      3,
      0,
      1,
      0,
      1,
      0,
      0,
      2
    ],
    "solar_per_site": [
      3,
      2,
      3,
      2,
      3,
      3,
      2,
      2,
      2,
      3
    ],
    "wind_per_site": [
      3,
      3,
      2,
      2,
      3,
      2,
      1,
      3,
      1,
      2
    ],
    "battery_per_site": [
      2,
      0,
      2,
      0,
      2,
      1,
      1,
      0,
      0,
      1
    ],
    "dr_per_site": [
      1,
      2,
      1,
      0,
      1,
      2,
      2,
      2,
      1,
      1
    ],
    "nuclear_per_region": [
      0,
      0
    ],
    "hydro_reservoir_per_region": [
      1,
      0
    ],
    "hydro_ror_per_zone": [
      2,
      0,
      2,
      1,
      2,
      2,
      0,
      0,
      0,
      2
    ],
    "hydro_pumped_per_region": [
      2,
      2
    ]
  },
  "econ_policy": {
    "co2_price": 172.78972997008455,
    "price_cap": 3563.7623303976734,
    "cross_border_policy": "block",
    "import_export_caps_factor": 0.4219736086485427
  },
  "tech": {
    "thermal_marg_cost": 3.5155313983221133,
    "thermal_ramp_pct": 0.1742676544736837,
    "battery_roundtrip_eff": 0.8719956675599776,
    "battery_e_to_p_hours": 1.0186017977632758,
    "dr_max_shed_share": 0.07771335746852524,
    "dr_duration_hours": 3.799064262029515,
    "hydro_reservoir_head_eff": 0.9822131392381508,
    "battery_initial_soc_fraction": 0.5214126916343345,
    "battery_final_soc_tolerance": 0.08292486324724338,
    "battery_self_discharge_per_hour": 0.005315172469710192,
    "pumped_initial_level_fraction": 0.6152054980605955,
    "pumped_final_level_tolerance": 0.07829478962524439,
    "pumped_self_discharge_per_hour": 0.0005061023625010792
  },
  "operation_costs": {
    "thermal_fuel_eur_per_mwh": 47.153236167108574,
    "nuclear_fuel_eur_per_mwh": 15.94473097839994,
    "demand_response_cost_eur_per_mwh": 1018.180461087959,
    "value_of_lost_load_eur_per_mwh": 8808.531573839617,
    "renewable_spill_cost_eur_per_mwh": 901.8356220050714,
    "hydro_spill_cost_eur_per_mwh": 537.3959442849832,
    "overgen_spill_cost_eur_per_mwh": 7100.713248423599,
    "battery_cycle_cost_eur_per_mwh": 71.31221942304077,
    "pumped_cycle_cost_eur_per_mwh": 48.52790232798807
  },
  "exogenous": {
    "weather_profile": "mixed",
    "weather_spread_intensity": 1.102654303299715,
    "demand_profile": "cold_snap",
    "demand_scale_factor": 0.6526083944336176,
    "inflow_factor": 0.5645595275308083,
    "zone_profile_variants": {
      "evening_peak": 0.28,
      "double_peak": 0.16,
      "office_peak": 0.2,
      "industrial": 0.14,
      "night_shift": 0.1,
      "residential_morning": 0.12
    },
    "zone_profile_mix_weight": [
      0.4,
      0.8
    ],
    "zone_profile_phase_shift_hours": [
      -2.5,
      2.5
    ],
    "zone_profile_noise_std": [
      0.02,
      0.06
    ],
    "zone_profile_curvature_exp": [
      0.9,
      1.18
    ],
    "region_weather": {
      "R1": {
        "weather_profile": "calm_winter",
        "weather_spread_intensity": 1.0379347394425427
      },
      "R2": {
        "weather_profile": "mixed",
        "weather_spread_intensity": 1.1673738671568872
      }
    }
  },
  "mip_gap_target_pct": 0.9012895719490975,
  "estimates": {
    "vars_total": 49632,
    "cons_total": 64521,
    "est_cpu_hours": 0.9589836666666668
  },
  "meta": {
    "regions": 2,
    "zones": 10,
    "sites": 10,
    "intertie_density": 0.4285492616170119,
    "neighbor_nations": 2,
    "assets": {
      "thermal": 10,
      "solar": 25,
      "wind": 22,
      "battery": 9,
      "dr": 13,
      "nuclear": 0,
      "hydro_reservoir": 1,
      "hydro_ror": 11,
      "hydro_pumped": 4
    },
    "demand_scale_factor": 0.6526083944336176,
    "zone_profile_variants": {
      "evening_peak": 0.28,
      "double_peak": 0.16,
      "office_peak": 0.2,
      "industrial": 0.14,
      "night_shift": 0.1,
      "residential_morning": 0.12
    },
    "zone_profile_mix_weight": [
      0.4,
      0.8
    ],
    "weather_profile": "mixed",
    "cross_border_policy": "block",
    "price_cap": 3563.7623303976734,
    "co2_price": 172.78972997008455,
    "import_export_caps_factor": 0.4219736086485427,
    "operation_costs": {
      "thermal_fuel_eur_per_mwh": 47.153236167108574,
      "nuclear_fuel_eur_per_mwh": 15.94473097839994,
      "demand_response_cost_eur_per_mwh": 1018.180461087959,
      "value_of_lost_load_eur_per_mwh": 8808.531573839617,
      "renewable_spill_cost_eur_per_mwh": 901.8356220050714,
      "hydro_spill_cost_eur_per_mwh": 537.3959442849832,
      "overgen_spill_cost_eur_per_mwh": 7100.713248423599,
      "battery_cycle_cost_eur_per_mwh": 71.31221942304077,
      "pumped_cycle_cost_eur_per_mwh": 48.52790232798807
    },
    "tech_scalers": {
      "thermal_marg_cost": 3.5155313983221133,
      "thermal_ramp_pct": 0.1742676544736837,
      "battery_roundtrip_eff": 0.8719956675599776,
      "battery_e_to_p_hours": 1.0186017977632758,
      "dr_max_shed_share": 0.07771335746852524,
      "dr_duration_hours": 3.799064262029515,
      "hydro_reservoir_head_eff": 0.9822131392381508,
      "battery_initial_soc_fraction": 0.5214126916343345,
      "battery_final_soc_tolerance": 0.08292486324724338,
      "battery_self_discharge_per_hour": 0.005315172469710192,
      "pumped_initial_level_fraction": 0.6152054980605955,
      "pumped_final_level_tolerance": 0.07829478962524439,
      "pumped_self_discharge_per_hour": 0.0005061023625010792
    }
  },
  "flexibility_metrics": {
    "total_storage_power_mw": 1250.0,
    "total_storage_capacity_mwh": 6858.4,
    "battery_power_mw": 450.0,
    "battery_capacity_mwh": 458.4,
    "pumped_power_mw": 800.0,
    "pumped_capacity_mwh": 6400.0,
    "total_dr_capacity_mw": 253.6,
    "total_ramp_up_mw_per_step": 130.7,
    "total_ramp_down_mw_per_step": 130.7,
    "thermal_flex_ratio": 0.501,
    "dr_duration_hours": 3.8,
    "battery_roundtrip_efficiency": 0.872
  },
  "difficulty_indicators": {
    "vre_penetration_pct": 50.43,
    "net_demand_volatility": 0.269,
    "peak_to_valley_ratio": 1.17,
    "estimated_milp_solve_time_seconds": 3452.3,
    "complexity_score": "medium",
    "n_binary_variables": 960,
    "n_timesteps": 96,
    "n_zones": 10,
    "weather_profile": "mixed",
    "demand_profile": "cold_snap"
  }
}