{
  "id": "95ddc325-8d6d-46e3-981a-549547e643fc",
  "horizon_hours": 24,
  "dt_minutes": 15,
  "graph": {
    "regions": 4,
    "zones_per_region": [
      5,
      3,
      7,
      8
    ],
    "sites_per_zone": [
      8,
      3,
      6,
      5,
      5,
      3,
      7,
      7,
      7,
      2,
      3,
      2,
      4,
      8,
      8,
      2,
      8,
      8,
      2,
      4,
      7,
      5,
      3
    ],
    "intertie_density": 0.586477900520621,
    "neighbor_nations": 1
  },
  "assets": {
    "thermal_per_site": [
      0,
      1,
      0,
      2,
      0,
      3,
      1,
      2,
      3,
      1,
      3,
      1,
      3,
      2,
      3,
      0,
      2,
      1,
      1,
      0,
      0,
      3,
      2
    ],
    "solar_per_site": [
      2,
      2,
      1,
      1,
      2,
      1,
      1,
      1,
      2,
      2,
      1,
      3,
      3,
      3,
      3,
      2,
      1,
      2,
      2,
      3,
      3,
      2,
      2
    ],
    "wind_per_site": [
      1,
      2,
      3,
      3,
      2,
      1,
      1,
      1,
      1,
      2,
      3,
      2,
      1,
      1,
      2,
      2,
      3,
      1,
      3,
      3,
      2,
      3,
      3
    ],
    "battery_per_site": [
      2,
      0,
      0,
      2,
      1,
      1,
      2,
      0,
      0,
      0,
      2,
      1,
      0,
      2,
      0,
      2,
      1,
      1,
      1,
      1,
      1,
      2,
      0
    ],
    "dr_per_site": [
      0,
      0,
      1,
      2,
      2,
      1,
      0,
      0,
      2,
      0,
      1,
      1,
      2,
      0,
      1,
      2,
      1,
      1,
      2,
      0,
      0,
      2,
      1
    ],
    "nuclear_per_region": [
      0,
      2,
      1,
      1
    ],
    "hydro_reservoir_per_region": [
      3,
      3,
      2,
      0
    ],
    "hydro_ror_per_zone": [
      2,
      0,
      2,
      0,
      0,
      1,
      2,
      0,
      0,
      0,
      1,
      2,
      1,
      1,
      0,
      0,
      0,
      2,
      0,
      1,
      1,
      1,
      0
    ],
    "hydro_pumped_per_region": [
      0,
      2,
      1,
      2
    ]
  },
  "econ_policy": {
    "co2_price": 247.94431480322734,
    "price_cap": 4363.464394936744,
    "cross_border_policy": "block",
    "import_export_caps_factor": 0.4337161784158036
  },
  "tech": {
    "thermal_marg_cost": 10.099460552526883,
    "thermal_ramp_pct": 0.15446427344107416,
    "battery_roundtrip_eff": 0.9275226134075711,
    "battery_e_to_p_hours": 1.7550184904655683,
    "dr_max_shed_share": 0.2921479858883366,
    "dr_duration_hours": 2.2700090819029453,
    "hydro_reservoir_head_eff": 0.9297555739404384,
    "battery_initial_soc_fraction": 0.4622605664092407,
    "battery_final_soc_tolerance": 0.09496303382775473,
    "battery_self_discharge_per_hour": 0.008314159537832034,
    "pumped_initial_level_fraction": 0.5729440387077124,
    "pumped_final_level_tolerance": 0.1707189140579425,
    "pumped_self_discharge_per_hour": 0.00254142763843267
  },
  "operation_costs": {
    "thermal_fuel_eur_per_mwh": 63.12513228953583,
    "nuclear_fuel_eur_per_mwh": 8.449997402577555,
    "demand_response_cost_eur_per_mwh": 721.4835574939309,
    "value_of_lost_load_eur_per_mwh": 10690.004925235296,
    "renewable_spill_cost_eur_per_mwh": 1907.305344376453,
    "hydro_spill_cost_eur_per_mwh": 578.3652454555402,
    "overgen_spill_cost_eur_per_mwh": 5558.734760594998,
    "battery_cycle_cost_eur_per_mwh": 103.34710920349929,
    "pumped_cycle_cost_eur_per_mwh": 61.30508928573451
  },
  "exogenous": {
    "weather_profile": "mixed",
    "weather_spread_intensity": 1.1236571540232445,
    "demand_profile": "wkday_peak",
    "demand_scale_factor": 1.034979065129601,
    "inflow_factor": 1.1842243365624796,
    "zone_profile_variants": {
      "evening_peak": 0.28,
      "double_peak": 0.16,
      "office_peak": 0.2,
      "industrial": 0.14,
      "night_shift": 0.1,
      "residential_morning": 0.12
    },
    "zone_profile_mix_weight": [
      0.4,
      0.8
    ],
    "zone_profile_phase_shift_hours": [
      -2.5,
      2.5
    ],
    "zone_profile_noise_std": [
      0.02,
      0.06
    ],
    "zone_profile_curvature_exp": [
      0.9,
      1.18
    ],
    "region_weather": {
      "R1": {
        "weather_profile": "overcast_summer",
        "weather_spread_intensity": 1.000000953680953
      },
      "R2": {
        "weather_profile": "stormy_winter",
        "weather_spread_intensity": 1.3965805896993977
      },
      "R3": {
        "weather_profile": "mixed",
        "weather_spread_intensity": 0.9417889910880042
      },
      "R4": {
        "weather_profile": "mixed",
        "weather_spread_intensity": 1.1562580816246228
      }
    }
  },
  "mip_gap_target_pct": 0.9528197635054941,
  "estimates": {
    "vars_total": 113568,
    "cons_total": 147638,
    "est_cpu_hours": 2.099887777777778
  },
  "meta": {
    "regions": 4,
    "zones": 23,
    "sites": 23,
    "intertie_density": 0.586477900520621,
    "neighbor_nations": 1,
    "assets": {
      "thermal": 34,
      "solar": 45,
      "wind": 46,
      "battery": 22,
      "dr": 22,
      "nuclear": 4,
      "hydro_reservoir": 8,
      "hydro_ror": 17,
      "hydro_pumped": 5
    },
    "demand_scale_factor": 1.034979065129601,
    "zone_profile_variants": {
      "evening_peak": 0.28,
      "double_peak": 0.16,
      "office_peak": 0.2,
      "industrial": 0.14,
      "night_shift": 0.1,
      "residential_morning": 0.12
    },
    "zone_profile_mix_weight": [
      0.4,
      0.8
    ],
    "weather_profile": "mixed",
    "cross_border_policy": "block",
    "price_cap": 4363.464394936744,
    "co2_price": 247.94431480322734,
    "import_export_caps_factor": 0.4337161784158036,
    "operation_costs": {
      "thermal_fuel_eur_per_mwh": 63.12513228953583,
      "nuclear_fuel_eur_per_mwh": 8.449997402577555,
      "demand_response_cost_eur_per_mwh": 721.4835574939309,
      "value_of_lost_load_eur_per_mwh": 10690.004925235296,
      "renewable_spill_cost_eur_per_mwh": 1907.305344376453,
      "hydro_spill_cost_eur_per_mwh": 578.3652454555402,
      "overgen_spill_cost_eur_per_mwh": 5558.734760594998,
      "battery_cycle_cost_eur_per_mwh": 103.34710920349929,
      "pumped_cycle_cost_eur_per_mwh": 61.30508928573451
    },
    "tech_scalers": {
      "thermal_marg_cost": 10.099460552526883,
      "thermal_ramp_pct": 0.15446427344107416,
      "battery_roundtrip_eff": 0.9275226134075711,
      "battery_e_to_p_hours": 1.7550184904655683,
      "dr_max_shed_share": 0.2921479858883366,
      "dr_duration_hours": 2.2700090819029453,
      "hydro_reservoir_head_eff": 0.9297555739404384,
      "battery_initial_soc_fraction": 0.4622605664092407,
      "battery_final_soc_tolerance": 0.09496303382775473,
      "battery_self_discharge_per_hour": 0.008314159537832034,
      "pumped_initial_level_fraction": 0.5729440387077124,
      "pumped_final_level_tolerance": 0.1707189140579425,
      "pumped_self_discharge_per_hour": 0.00254142763843267
    }
  },
  "flexibility_metrics": {
    "total_storage_power_mw": 2100.0,
    "total_storage_capacity_mwh": 9930.5,
    "battery_power_mw": 1100.0,
    "battery_capacity_mwh": 1930.5,
    "pumped_power_mw": 1000.0,
    "pumped_capacity_mwh": 8000.0,
    "total_dr_capacity_mw": 3477.2,
    "total_ramp_up_mw_per_step": 443.9,
    "total_ramp_down_mw_per_step": 443.9,
    "thermal_flex_ratio": 0.393,
    "dr_duration_hours": 2.27,
    "battery_roundtrip_efficiency": 0.928
  },
  "difficulty_indicators": {
    "vre_penetration_pct": 34.55,
    "net_demand_volatility": 0.234,
    "peak_to_valley_ratio": 1.86,
    "estimated_milp_solve_time_seconds": 7559.6,
    "complexity_score": "hard",
    "n_binary_variables": 3264,
    "n_timesteps": 96,
    "n_zones": 23,
    "weather_profile": "mixed",
    "demand_profile": "wkday_peak"
  }
}