{
  "id": "dfdbf60d-0f19-4e3a-b24d-8e4c6aba80f9",
  "horizon_hours": 24,
  "dt_minutes": 15,
  "graph": {
    "regions": 2,
    "zones_per_region": [
      4,
      8
    ],
    "sites_per_zone": [
      2,
      2,
      5,
      4,
      8,
      4,
      6,
      7,
      5,
      2,
      7,
      7
    ],
    "intertie_density": 0.26067132765809675,
    "neighbor_nations": 3
  },
  "assets": {
    "thermal_per_site": [
      2,
      0,
      0,
      1,
      1,
      1,
      1,
      2,
      1,
      2,
      3,
      3
    ],
    "solar_per_site": [
      2,
      1,
      2,
      2,
      1,
      3,
      3,
      2,
      3,
      3,
      2,
      3
    ],
    "wind_per_site": [
      3,
      2,
      2,
      2,
      3,
      1,
      2,
      2,
      3,
      2,
      2,
      1
    ],
    "battery_per_site": [
      0,
      1,
      1,
      1,
      0,
      2,
      1,
      2,
      0,
      2,
      0,
      0
    ],
    "dr_per_site": [
      1,
      1,
      2,
      2,
      0,
      0,
      0,
      2,
      2,
      0,
      2,
      0
    ],
    "nuclear_per_region": [
      2,
      0
    ],
    "hydro_reservoir_per_region": [
      1,
      2
    ],
    "hydro_ror_per_zone": [
      2,
      2,
      2,
      1,
      1,
      2,
      1,
      1,
      1,
      0,
      2,
      2
    ],
    "hydro_pumped_per_region": [
      2,
      0
    ]
  },
  "econ_policy": {
    "co2_price": 196.68681404021933,
    "price_cap": 663.5048758248587,
    "cross_border_policy": "block",
    "import_export_caps_factor": 0.4078434678315359
  },
  "tech": {
    "thermal_marg_cost": 11.237513453373039,
    "thermal_ramp_pct": 0.42285828545307497,
    "battery_roundtrip_eff": 0.8547860405353106,
    "battery_e_to_p_hours": 4.484901019419323,
    "dr_max_shed_share": 0.13676334669357423,
    "dr_duration_hours": 1.8609649143809084,
    "hydro_reservoir_head_eff": 0.9216704953591697,
    "battery_initial_soc_fraction": 0.4283535010804252,
    "battery_final_soc_tolerance": 0.08615648803556503,
    "battery_self_discharge_per_hour": 0.009494406506658132,
    "pumped_initial_level_fraction": 0.47298344819182575,
    "pumped_final_level_tolerance": 0.17738501895764935,
    "pumped_self_discharge_per_hour": 0.002972945238052075
  },
  "operation_costs": {
    "thermal_fuel_eur_per_mwh": 46.72907743193689,
    "nuclear_fuel_eur_per_mwh": 12.557351191013595,
    "demand_response_cost_eur_per_mwh": 591.3384699163282,
    "value_of_lost_load_eur_per_mwh": 8515.422850003928,
    "renewable_spill_cost_eur_per_mwh": 852.2337377769968,
    "hydro_spill_cost_eur_per_mwh": 1115.9194626681115,
    "overgen_spill_cost_eur_per_mwh": 5247.655691482656,
    "battery_cycle_cost_eur_per_mwh": 115.3846273992682,
    "pumped_cycle_cost_eur_per_mwh": 67.45817207484068
  },
  "exogenous": {
    "weather_profile": "sunny_summer",
    "weather_spread_intensity": 0.9673933461442298,
    "demand_profile": "cold_snap",
    "demand_scale_factor": 0.9677687800494201,
    "inflow_factor": 0.6346989072551318,
    "zone_profile_variants": {
      "evening_peak": 0.28,
      "double_peak": 0.16,
      "office_peak": 0.2,
      "industrial": 0.14,
      "night_shift": 0.1,
      "residential_morning": 0.12
    },
    "zone_profile_mix_weight": [
      0.4,
      0.8
    ],
    "zone_profile_phase_shift_hours": [
      -2.5,
      2.5
    ],
    "zone_profile_noise_std": [
      0.02,
      0.06
    ],
    "zone_profile_curvature_exp": [
      0.9,
      1.18
    ],
    "region_weather": {
      "R1": {
        "weather_profile": "sunny_summer",
        "weather_spread_intensity": 1.1477708520667762
      },
      "R2": {
        "weather_profile": "mixed",
        "weather_spread_intensity": 0.7870158402216834
      }
    }
  },
  "mip_gap_target_pct": 1.0514524544752886,
  "estimates": {
    "vars_total": 60576,
    "cons_total": 78748,
    "est_cpu_hours": 1.1542715555555558
  },
  "meta": {
    "regions": 2,
    "zones": 12,
    "sites": 12,
    "intertie_density": 0.26067132765809675,
    "neighbor_nations": 3,
    "assets": {
      "thermal": 17,
      "solar": 27,
      "wind": 25,
      "battery": 10,
      "dr": 12,
      "nuclear": 2,
      "hydro_reservoir": 3,
      "hydro_ror": 17,
      "hydro_pumped": 2
    },
    "demand_scale_factor": 0.9677687800494201,
    "zone_profile_variants": {
      "evening_peak": 0.28,
      "double_peak": 0.16,
      "office_peak": 0.2,
      "industrial": 0.14,
      "night_shift": 0.1,
      "residential_morning": 0.12
    },
    "zone_profile_mix_weight": [
      0.4,
      0.8
    ],
    "weather_profile": "sunny_summer",
    "cross_border_policy": "block",
    "price_cap": 663.5048758248587,
    "co2_price": 196.68681404021933,
    "import_export_caps_factor": 0.4078434678315359,
    "operation_costs": {
      "thermal_fuel_eur_per_mwh": 46.72907743193689,
      "nuclear_fuel_eur_per_mwh": 12.557351191013595,
      "demand_response_cost_eur_per_mwh": 591.3384699163282,
      "value_of_lost_load_eur_per_mwh": 8515.422850003928,
      "renewable_spill_cost_eur_per_mwh": 852.2337377769968,
      "hydro_spill_cost_eur_per_mwh": 1115.9194626681115,
      "overgen_spill_cost_eur_per_mwh": 5247.655691482656,
      "battery_cycle_cost_eur_per_mwh": 115.3846273992682,
      "pumped_cycle_cost_eur_per_mwh": 67.45817207484068
    },
    "tech_scalers": {
      "thermal_marg_cost": 11.237513453373039,
      "thermal_ramp_pct": 0.42285828545307497,
      "battery_roundtrip_eff": 0.8547860405353106,
      "battery_e_to_p_hours": 4.484901019419323,
      "dr_max_shed_share": 0.13676334669357423,
      "dr_duration_hours": 1.8609649143809084,
      "hydro_reservoir_head_eff": 0.9216704953591697,
      "battery_initial_soc_fraction": 0.4283535010804252,
      "battery_final_soc_tolerance": 0.08615648803556503,
      "battery_self_discharge_per_hour": 0.009494406506658132,
      "pumped_initial_level_fraction": 0.47298344819182575,
      "pumped_final_level_tolerance": 0.17738501895764935,
      "pumped_self_discharge_per_hour": 0.002972945238052075
    }
  },
  "flexibility_metrics": {
    "total_storage_power_mw": 900.0,
    "total_storage_capacity_mwh": 5442.5,
    "battery_power_mw": 500.0,
    "battery_capacity_mwh": 2242.5,
    "pumped_power_mw": 400.0,
    "pumped_capacity_mwh": 3200.0,
    "total_dr_capacity_mw": 794.1,
    "total_ramp_up_mw_per_step": 564.1,
    "total_ramp_down_mw_per_step": 564.1,
    "thermal_flex_ratio": 0.239,
    "dr_duration_hours": 1.86,
    "battery_roundtrip_efficiency": 0.855
  },
  "difficulty_indicators": {
    "vre_penetration_pct": 34.96,
    "net_demand_volatility": 0.297,
    "peak_to_valley_ratio": 1.74,
    "estimated_milp_solve_time_seconds": 4155.4,
    "complexity_score": "medium",
    "n_binary_variables": 1632,
    "n_timesteps": 96,
    "n_zones": 12,
    "weather_profile": "sunny_summer",
    "demand_profile": "cold_snap"
  }
}