{
  "id": "cdf2bb62-d330-4f75-bc51-e10cd7c88aba",
  "horizon_hours": 24,
  "dt_minutes": 15,
  "graph": {
    "regions": 3,
    "zones_per_region": [
      7,
      8,
      7
    ],
    "sites_per_zone": [
      6,
      6,
      6,
      6,
      4,
      2,
      8,
      2,
      7,
      6,
      2,
      4,
      4,
      7,
      2,
      8,
      6,
      5,
      7,
      8,
      8,
      3
    ],
    "intertie_density": 0.35450302029174446,
    "neighbor_nations": 1
  },
  "assets": {
    "thermal_per_site": [
      1,
      1,
      2,
      1,
      2,
      1,
      2,
      2,
      3,
      3,
      0,
      1,
      3,
      2,
      0,
      2,
      3,
      3,
      3,
      3,
      3,
      3
    ],
    "solar_per_site": [
      1,
      2,
      3,
      2,
      3,
      3,
      1,
      3,
      1,
      1,
      3,
      3,
      3,
      2,
      2,
      3,
      2,
      2,
      2,
      1,
      2,
      1
    ],
    "wind_per_site": [
      1,
      3,
      3,
      1,
      3,
      3,
      2,
      2,
      3,
      1,
      3,
      1,
      2,
      2,
      3,
      3,
      1,
      3,
      3,
      3,
      1,
      3
    ],
    "battery_per_site": [
      2,
      0,
      0,
      1,
      2,
      0,
      1,
      2,
      2,
      2,
      1,
      0,
      2,
      0,
      0,
      2,
      1,
      1,
      1,
      0,
      1,
      0
    ],
    "dr_per_site": [
      0,
      0,
      2,
      1,
      0,
      0,
      0,
      2,
      1,
      2,
      0,
      1,
      2,
      0,
      2,
      0,
      1,
      2,
      1,
      0,
      2,
      1
    ],
    "nuclear_per_region": [
      2,
      1,
      1
    ],
    "hydro_reservoir_per_region": [
      1,
      2,
      1
    ],
    "hydro_ror_per_zone": [
      0,
      1,
      2,
      2,
      0,
      2,
      2,
      0,
      1,
      1,
      0,
      1,
      2,
      0,
      2,
      0,
      0,
      2,
      2,
      2,
      1,
      1
    ],
    "hydro_pumped_per_region": [
      0,
      2,
      0
    ]
  },
  "econ_policy": {
    "co2_price": 207.94818935671316,
    "price_cap": 3304.800691020095,
    "cross_border_policy": "allow",
    "import_export_caps_factor": 0.5832865014574392
  },
  "tech": {
    "thermal_marg_cost": 11.110397880011499,
    "thermal_ramp_pct": 0.054855212107944556,
    "battery_roundtrip_eff": 0.806394960083681,
    "battery_e_to_p_hours": 2.278119017349307,
    "dr_max_shed_share": 0.2990083387573672,
    "dr_duration_hours": 3.9023076602712883,
    "hydro_reservoir_head_eff": 0.9963177793622527,
    "battery_initial_soc_fraction": 0.544839812039771,
    "battery_final_soc_tolerance": 0.16850250433755576,
    "battery_self_discharge_per_hour": 0.002068996020202442,
    "pumped_initial_level_fraction": 0.697767816563596,
    "pumped_final_level_tolerance": 0.06558657726199717,
    "pumped_self_discharge_per_hour": 0.0034853980620263786
  },
  "operation_costs": {
    "thermal_fuel_eur_per_mwh": 76.78975542717156,
    "nuclear_fuel_eur_per_mwh": 13.87856381079956,
    "demand_response_cost_eur_per_mwh": 763.7951324470816,
    "value_of_lost_load_eur_per_mwh": 11368.26155685722,
    "renewable_spill_cost_eur_per_mwh": 1395.1501810837035,
    "hydro_spill_cost_eur_per_mwh": 1085.1342904264384,
    "overgen_spill_cost_eur_per_mwh": 4757.799057617518,
    "battery_cycle_cost_eur_per_mwh": 71.09550903089853,
    "pumped_cycle_cost_eur_per_mwh": 50.66065000112819
  },
  "exogenous": {
    "weather_profile": "overcast_summer",
    "weather_spread_intensity": 1.0200348293651587,
    "demand_profile": "cold_snap",
    "demand_scale_factor": 1.1029155648620768,
    "inflow_factor": 0.4969093905707791,
    "zone_profile_variants": {
      "evening_peak": 0.28,
      "double_peak": 0.16,
      "office_peak": 0.2,
      "industrial": 0.14,
      "night_shift": 0.1,
      "residential_morning": 0.12
    },
    "zone_profile_mix_weight": [
      0.4,
      0.8
    ],
    "zone_profile_phase_shift_hours": [
      -2.5,
      2.5
    ],
    "zone_profile_noise_std": [
      0.02,
      0.06
    ],
    "zone_profile_curvature_exp": [
      0.9,
      1.18
    ],
    "region_weather": {
      "R1": {
        "weather_profile": "calm_winter",
        "weather_spread_intensity": 1.4059843500041904
      },
      "R2": {
        "weather_profile": "overcast_summer",
        "weather_spread_intensity": 0.9525060346338172
      },
      "R3": {
        "weather_profile": "mixed",
        "weather_spread_intensity": 0.7016141034574683
      }
    }
  },
  "mip_gap_target_pct": 0.5710568055728081,
  "estimates": {
    "vars_total": 114144,
    "cons_total": 148387,
    "est_cpu_hours": 2.1101678888888893
  },
  "meta": {
    "regions": 3,
    "zones": 22,
    "sites": 22,
    "intertie_density": 0.35450302029174446,
    "neighbor_nations": 1,
    "assets": {
      "thermal": 44,
      "solar": 46,
      "wind": 50,
      "battery": 21,
      "dr": 20,
      "nuclear": 4,
      "hydro_reservoir": 4,
      "hydro_ror": 24,
      "hydro_pumped": 2
    },
    "demand_scale_factor": 1.1029155648620768,
    "zone_profile_variants": {
      "evening_peak": 0.28,
      "double_peak": 0.16,
      "office_peak": 0.2,
      "industrial": 0.14,
      "night_shift": 0.1,
      "residential_morning": 0.12
    },
    "zone_profile_mix_weight": [
      0.4,
      0.8
    ],
    "weather_profile": "overcast_summer",
    "cross_border_policy": "allow",
    "price_cap": 3304.800691020095,
    "co2_price": 207.94818935671316,
    "import_export_caps_factor": 0.5832865014574392,
    "operation_costs": {
      "thermal_fuel_eur_per_mwh": 76.78975542717156,
      "nuclear_fuel_eur_per_mwh": 13.87856381079956,
      "demand_response_cost_eur_per_mwh": 763.7951324470816,
      "value_of_lost_load_eur_per_mwh": 11368.26155685722,
      "renewable_spill_cost_eur_per_mwh": 1395.1501810837035,
      "hydro_spill_cost_eur_per_mwh": 1085.1342904264384,
      "overgen_spill_cost_eur_per_mwh": 4757.799057617518,
      "battery_cycle_cost_eur_per_mwh": 71.09550903089853,
      "pumped_cycle_cost_eur_per_mwh": 50.66065000112819
    },
    "tech_scalers": {
      "thermal_marg_cost": 11.110397880011499,
      "thermal_ramp_pct": 0.054855212107944556,
      "battery_roundtrip_eff": 0.806394960083681,
      "battery_e_to_p_hours": 2.278119017349307,
      "dr_max_shed_share": 0.2990083387573672,
      "dr_duration_hours": 3.9023076602712883,
      "hydro_reservoir_head_eff": 0.9963177793622527,
      "battery_initial_soc_fraction": 0.544839812039771,
      "battery_final_soc_tolerance": 0.16850250433755576,
      "battery_self_discharge_per_hour": 0.002068996020202442,
      "pumped_initial_level_fraction": 0.697767816563596,
      "pumped_final_level_tolerance": 0.06558657726199717,
      "pumped_self_discharge_per_hour": 0.0034853980620263786
    }
  },
  "flexibility_metrics": {
    "total_storage_power_mw": 1450.0,
    "total_storage_capacity_mwh": 5592.0,
    "battery_power_mw": 1050.0,
    "battery_capacity_mwh": 2392.0,
    "pumped_power_mw": 400.0,
    "pumped_capacity_mwh": 3200.0,
    "total_dr_capacity_mw": 3627.6,
    "total_ramp_up_mw_per_step": 231.0,
    "total_ramp_down_mw_per_step": 231.0,
    "thermal_flex_ratio": 0.295,
    "dr_duration_hours": 3.9,
    "battery_roundtrip_efficiency": 0.806
  },
  "difficulty_indicators": {
    "vre_penetration_pct": 33.52,
    "net_demand_volatility": 0.224,
    "peak_to_valley_ratio": 1.99,
    "estimated_milp_solve_time_seconds": 7596.6,
    "complexity_score": "hard",
    "n_binary_variables": 4224,
    "n_timesteps": 96,
    "n_zones": 22,
    "weather_profile": "overcast_summer",
    "demand_profile": "cold_snap"
  }
}