{
  "id": "6e71d243-3802-4330-882d-3ad8b9a68235",
  "horizon_hours": 24,
  "dt_minutes": 15,
  "graph": {
    "regions": 3,
    "zones_per_region": [
      3,
      6,
      8
    ],
    "sites_per_zone": [
      4,
      3,
      5,
      8,
      4,
      7,
      5,
      3,
      2,
      4,
      4,
      2,
      6,
      3,
      8,
      4,
      6
    ],
    "intertie_density": 0.5311973729768504,
    "neighbor_nations": 1
  },
  "assets": {
    "thermal_per_site": [
      1,
      2,
      2,
      1,
      0,
      2,
      1,
      3,
      2,
      3,
      3,
      2,
      2,
      3,
      2,
      1,
      3
    ],
    "solar_per_site": [
      2,
      3,
      2,
      3,
      1,
      1,
      2,
      1,
      1,
      1,
      1,
      2,
      1,
      3,
      3,
      2,
      2
    ],
    "wind_per_site": [
      3,
      3,
      2,
      1,
      1,
      3,
      3,
      2,
      2,
      3,
      2,
      1,
      1,
      2,
      2,
      1,
      2
    ],
    "battery_per_site": [
      0,
      1,
      1,
      2,
      0,
      2,
      0,
      1,
      1,
      0,
      2,
      2,
      2,
      2,
      2,
      0,
      2
    ],
    "dr_per_site": [
      1,
      0,
      1,
      0,
      2,
      2,
      2,
      0,
      2,
      1,
      1,
      1,
      0,
      0,
      0,
      0,
      0
    ],
    "nuclear_per_region": [
      0,
      1,
      0
    ],
    "hydro_reservoir_per_region": [
      0,
      3,
      1
    ],
    "hydro_ror_per_zone": [
      0,
      1,
      0,
      0,
      1,
      2,
      0,
      1,
      1,
      0,
      2,
      2,
      1,
      0,
      1,
      2,
      1
    ],
    "hydro_pumped_per_region": [
      2,
      2,
      2
    ]
  },
  "econ_policy": {
    "co2_price": 48.22631186131895,
    "price_cap": 3541.710497755309,
    "cross_border_policy": "block",
    "import_export_caps_factor": 1.2024694774375062
  },
  "tech": {
    "thermal_marg_cost": 5.557999103634299,
    "thermal_ramp_pct": 0.4377611839184929,
    "battery_roundtrip_eff": 0.798691116700135,
    "battery_e_to_p_hours": 3.6727360527775694,
    "dr_max_shed_share": 0.21923626387868966,
    "dr_duration_hours": 2.3248977354718243,
    "hydro_reservoir_head_eff": 0.7938339047758872,
    "battery_initial_soc_fraction": 0.6406904808199878,
    "battery_final_soc_tolerance": 0.1603617718892492,
    "battery_self_discharge_per_hour": 0.0015036623754257233,
    "pumped_initial_level_fraction": 0.6017984735575013,
    "pumped_final_level_tolerance": 0.14724203482141252,
    "pumped_self_discharge_per_hour": 0.0014522233758790292
  },
  "operation_costs": {
    "thermal_fuel_eur_per_mwh": 59.681805602910416,
    "nuclear_fuel_eur_per_mwh": 15.557428011892116,
    "demand_response_cost_eur_per_mwh": 1097.7048216089554,
    "value_of_lost_load_eur_per_mwh": 11280.83326813933,
    "renewable_spill_cost_eur_per_mwh": 875.0896236900719,
    "hydro_spill_cost_eur_per_mwh": 360.3105555702876,
    "overgen_spill_cost_eur_per_mwh": 7424.3327702689,
    "battery_cycle_cost_eur_per_mwh": 71.04689479455102,
    "pumped_cycle_cost_eur_per_mwh": 63.65935603342838
  },
  "exogenous": {
    "weather_profile": "overcast_summer",
    "weather_spread_intensity": 1.12016015572134,
    "demand_profile": "cold_snap",
    "demand_scale_factor": 1.3477895565657638,
    "inflow_factor": 0.5022762856154912,
    "zone_profile_variants": {
      "evening_peak": 0.28,
      "double_peak": 0.16,
      "office_peak": 0.2,
      "industrial": 0.14,
      "night_shift": 0.1,
      "residential_morning": 0.12
    },
    "zone_profile_mix_weight": [
      0.4,
      0.8
    ],
    "zone_profile_phase_shift_hours": [
      -2.5,
      2.5
    ],
    "zone_profile_noise_std": [
      0.02,
      0.06
    ],
    "zone_profile_curvature_exp": [
      0.9,
      1.18
    ],
    "region_weather": {
      "R1": {
        "weather_profile": "sunny_summer",
        "weather_spread_intensity": 1.351066377649627
      },
      "R2": {
        "weather_profile": "overcast_summer",
        "weather_spread_intensity": 0.6489809553734979
      },
      "R3": {
        "weather_profile": "overcast_summer",
        "weather_spread_intensity": 1.3604331341408953
      }
    }
  },
  "mip_gap_target_pct": 0.8530520377976192,
  "estimates": {
    "vars_total": 86496,
    "cons_total": 112444,
    "est_cpu_hours": 1.6167995555555559
  },
  "meta": {
    "regions": 3,
    "zones": 17,
    "sites": 17,
    "intertie_density": 0.5311973729768504,
    "neighbor_nations": 1,
    "assets": {
      "thermal": 33,
      "solar": 31,
      "wind": 34,
      "battery": 20,
      "dr": 13,
      "nuclear": 1,
      "hydro_reservoir": 4,
      "hydro_ror": 15,
      "hydro_pumped": 6
    },
    "demand_scale_factor": 1.3477895565657638,
    "zone_profile_variants": {
      "evening_peak": 0.28,
      "double_peak": 0.16,
      "office_peak": 0.2,
      "industrial": 0.14,
      "night_shift": 0.1,
      "residential_morning": 0.12
    },
    "zone_profile_mix_weight": [
      0.4,
      0.8
    ],
    "weather_profile": "overcast_summer",
    "cross_border_policy": "block",
    "price_cap": 3541.710497755309,
    "co2_price": 48.22631186131895,
    "import_export_caps_factor": 1.2024694774375062,
    "operation_costs": {
      "thermal_fuel_eur_per_mwh": 59.681805602910416,
      "nuclear_fuel_eur_per_mwh": 15.557428011892116,
      "demand_response_cost_eur_per_mwh": 1097.7048216089554,
      "value_of_lost_load_eur_per_mwh": 11280.83326813933,
      "renewable_spill_cost_eur_per_mwh": 875.0896236900719,
      "hydro_spill_cost_eur_per_mwh": 360.3105555702876,
      "overgen_spill_cost_eur_per_mwh": 7424.3327702689,
      "battery_cycle_cost_eur_per_mwh": 71.04689479455102,
      "pumped_cycle_cost_eur_per_mwh": 63.65935603342838
    },
    "tech_scalers": {
      "thermal_marg_cost": 5.557999103634299,
      "thermal_ramp_pct": 0.4377611839184929,
      "battery_roundtrip_eff": 0.798691116700135,
      "battery_e_to_p_hours": 3.6727360527775694,
      "dr_max_shed_share": 0.21923626387868966,
      "dr_duration_hours": 2.3248977354718243,
      "hydro_reservoir_head_eff": 0.7938339047758872,
      "battery_initial_soc_fraction": 0.6406904808199878,
      "battery_final_soc_tolerance": 0.1603617718892492,
      "battery_self_discharge_per_hour": 0.0015036623754257233,
      "pumped_initial_level_fraction": 0.6017984735575013,
      "pumped_final_level_tolerance": 0.14724203482141252,
      "pumped_self_discharge_per_hour": 0.0014522233758790292
    }
  },
  "flexibility_metrics": {
    "total_storage_power_mw": 2200.0,
    "total_storage_capacity_mwh": 13272.7,
    "battery_power_mw": 1000.0,
    "battery_capacity_mwh": 3672.7,
    "pumped_power_mw": 1200.0,
    "pumped_capacity_mwh": 9600.0,
    "total_dr_capacity_mw": 2511.6,
    "total_ramp_up_mw_per_step": 1096.0,
    "total_ramp_down_mw_per_step": 1096.0,
    "thermal_flex_ratio": 0.432,
    "dr_duration_hours": 2.32,
    "battery_roundtrip_efficiency": 0.799
  },
  "difficulty_indicators": {
    "vre_penetration_pct": 34.02,
    "net_demand_volatility": 0.224,
    "peak_to_valley_ratio": 2.43,
    "estimated_milp_solve_time_seconds": 5820.5,
    "complexity_score": "hard",
    "n_binary_variables": 3168,
    "n_timesteps": 96,
    "n_zones": 17,
    "weather_profile": "overcast_summer",
    "demand_profile": "cold_snap"
  }
}