{
  "id": "1f017b70-a76b-4fe8-8493-f4d65b83ce65",
  "horizon_hours": 24,
  "dt_minutes": 15,
  "graph": {
    "regions": 3,
    "zones_per_region": [
      5,
      5,
      6
    ],
    "sites_per_zone": [
      3,
      2,
      7,
      6,
      5,
      7,
      2,
      3,
      7,
      3,
      3,
      3,
      7,
      6,
      8,
      2
    ],
    "intertie_density": 0.36914433741278646,
    "neighbor_nations": 3
  },
  "assets": {
    "thermal_per_site": [
      2,
      1,
      2,
      0,
      0,
      1,
      1,
      0,
      1,
      0,
      0,
      1,
      1,
      2,
      3,
      0
    ],
    "solar_per_site": [
      3,
      2,
      1,
      1,
      2,
      2,
      2,
      3,
      3,
      3,
      1,
      1,
      1,
      2,
      3,
      1
    ],
    "wind_per_site": [
      2,
      1,
      2,
      2,
      2,
      1,
      3,
      1,
      1,
      1,
      3,
      1,
      2,
      2,
      3,
      3
    ],
    "battery_per_site": [
      2,
      2,
      1,
      1,
      2,
      0,
      1,
      1,
      1,
      1,
      1,
      2,
      0,
      0,
      1,
      1
    ],
    "dr_per_site": [
      2,
      2,
      1,
      2,
      0,
      0,
      1,
      1,
      0,
      0,
      1,
      0,
      1,
      2,
      0,
      2
    ],
    "nuclear_per_region": [
      2,
      0,
      2
    ],
    "hydro_reservoir_per_region": [
      2,
      3,
      3
    ],
    "hydro_ror_per_zone": [
      1,
      1,
      2,
      1,
      1,
      0,
      1,
      0,
      1,
      2,
      0,
      2,
      0,
      0,
      1,
      2
    ],
    "hydro_pumped_per_region": [
      0,
      2,
      2
    ]
  },
  "econ_policy": {
    "co2_price": 125.02806241896926,
    "price_cap": 837.6607076841444,
    "cross_border_policy": "block",
    "import_export_caps_factor": 1.3901206723685806
  },
  "tech": {
    "thermal_marg_cost": 11.112663885965944,
    "thermal_ramp_pct": 0.3019015912393258,
    "battery_roundtrip_eff": 0.9126902446651373,
    "battery_e_to_p_hours": 1.9988458508333093,
    "dr_max_shed_share": 0.1806162814946523,
    "dr_duration_hours": 5.582043782995829,
    "hydro_reservoir_head_eff": 0.7526690814727887,
    "battery_initial_soc_fraction": 0.5780854291348714,
    "battery_final_soc_tolerance": 0.08216573409026348,
    "battery_self_discharge_per_hour": 0.001527942313911619,
    "pumped_initial_level_fraction": 0.565296358077607,
    "pumped_final_level_tolerance": 0.13560004992583444,
    "pumped_self_discharge_per_hour": 0.0005099207759941001
  },
  "operation_costs": {
    "thermal_fuel_eur_per_mwh": 49.9220801998637,
    "nuclear_fuel_eur_per_mwh": 14.647053754041252,
    "demand_response_cost_eur_per_mwh": 489.1816666602749,
    "value_of_lost_load_eur_per_mwh": 8335.237609199412,
    "renewable_spill_cost_eur_per_mwh": 805.806206520678,
    "hydro_spill_cost_eur_per_mwh": 951.8606806402615,
    "overgen_spill_cost_eur_per_mwh": 2782.754666774746,
    "battery_cycle_cost_eur_per_mwh": 100.94458306772378,
    "pumped_cycle_cost_eur_per_mwh": 63.436045340148205
  },
  "exogenous": {
    "weather_profile": "sunny_summer",
    "weather_spread_intensity": 1.3329379239773838,
    "demand_profile": "cold_snap",
    "demand_scale_factor": 0.7837841767249637,
    "inflow_factor": 1.1334027526157433,
    "zone_profile_variants": {
      "evening_peak": 0.28,
      "double_peak": 0.16,
      "office_peak": 0.2,
      "industrial": 0.14,
      "night_shift": 0.1,
      "residential_morning": 0.12
    },
    "zone_profile_mix_weight": [
      0.4,
      0.8
    ],
    "zone_profile_phase_shift_hours": [
      -2.5,
      2.5
    ],
    "zone_profile_noise_std": [
      0.02,
      0.06
    ],
    "zone_profile_curvature_exp": [
      0.9,
      1.18
    ],
    "region_weather": {
      "R1": {
        "weather_profile": "sunny_summer",
        "weather_spread_intensity": 1.4702562979468992
      },
      "R2": {
        "weather_profile": "overcast_summer",
        "weather_spread_intensity": 1.3913487011580252
      },
      "R3": {
        "weather_profile": "sunny_summer",
        "weather_spread_intensity": 1.1372087728272269
      }
    }
  },
  "mip_gap_target_pct": 1.2106495761517297,
  "estimates": {
    "vars_total": 77568,
    "cons_total": 100838,
    "est_cpu_hours": 1.4574877777777777
  },
  "meta": {
    "regions": 3,
    "zones": 16,
    "sites": 16,
    "intertie_density": 0.36914433741278646,
    "neighbor_nations": 3,
    "assets": {
      "thermal": 15,
      "solar": 31,
      "wind": 30,
      "battery": 17,
      "dr": 15,
      "nuclear": 4,
      "hydro_reservoir": 8,
      "hydro_ror": 15,
      "hydro_pumped": 4
    },
    "demand_scale_factor": 0.7837841767249637,
    "zone_profile_variants": {
      "evening_peak": 0.28,
      "double_peak": 0.16,
      "office_peak": 0.2,
      "industrial": 0.14,
      "night_shift": 0.1,
      "residential_morning": 0.12
    },
    "zone_profile_mix_weight": [
      0.4,
      0.8
    ],
    "weather_profile": "sunny_summer",
    "cross_border_policy": "block",
    "price_cap": 837.6607076841444,
    "co2_price": 125.02806241896926,
    "import_export_caps_factor": 1.3901206723685806,
    "operation_costs": {
      "thermal_fuel_eur_per_mwh": 49.9220801998637,
      "nuclear_fuel_eur_per_mwh": 14.647053754041252,
      "demand_response_cost_eur_per_mwh": 489.1816666602749,
      "value_of_lost_load_eur_per_mwh": 8335.237609199412,
      "renewable_spill_cost_eur_per_mwh": 805.806206520678,
      "hydro_spill_cost_eur_per_mwh": 951.8606806402615,
      "overgen_spill_cost_eur_per_mwh": 2782.754666774746,
      "battery_cycle_cost_eur_per_mwh": 100.94458306772378,
      "pumped_cycle_cost_eur_per_mwh": 63.436045340148205
    },
    "tech_scalers": {
      "thermal_marg_cost": 11.112663885965944,
      "thermal_ramp_pct": 0.3019015912393258,
      "battery_roundtrip_eff": 0.9126902446651373,
      "battery_e_to_p_hours": 1.9988458508333093,
      "dr_max_shed_share": 0.1806162814946523,
      "dr_duration_hours": 5.582043782995829,
      "hydro_reservoir_head_eff": 0.7526690814727887,
      "battery_initial_soc_fraction": 0.5780854291348714,
      "battery_final_soc_tolerance": 0.08216573409026348,
      "battery_self_discharge_per_hour": 0.001527942313911619,
      "pumped_initial_level_fraction": 0.565296358077607,
      "pumped_final_level_tolerance": 0.13560004992583444,
      "pumped_self_discharge_per_hour": 0.0005099207759941001
    }
  },
  "flexibility_metrics": {
    "total_storage_power_mw": 1650.0,
    "total_storage_capacity_mwh": 8099.0,
    "battery_power_mw": 850.0,
    "battery_capacity_mwh": 1699.0,
    "pumped_power_mw": 800.0,
    "pumped_capacity_mwh": 6400.0,
    "total_dr_capacity_mw": 1132.5,
    "total_ramp_up_mw_per_step": 389.6,
    "total_ramp_down_mw_per_step": 389.6,
    "thermal_flex_ratio": 0.327,
    "dr_duration_hours": 5.58,
    "battery_roundtrip_efficiency": 0.913
  },
  "difficulty_indicators": {
    "vre_penetration_pct": 32.9,
    "net_demand_volatility": 0.297,
    "peak_to_valley_ratio": 1.41,
    "estimated_milp_solve_time_seconds": 5247.0,
    "complexity_score": "hard",
    "n_binary_variables": 1440,
    "n_timesteps": 96,
    "n_zones": 16,
    "weather_profile": "sunny_summer",
    "demand_profile": "cold_snap"
  }
}