{
  "id": "e20c4573-d2e1-4df6-bdea-549bb12f199b",
  "horizon_hours": 24,
  "dt_minutes": 15,
  "graph": {
    "regions": 2,
    "zones_per_region": [
      6,
      9
    ],
    "sites_per_zone": [
      7,
      8,
      7,
      7,
      8,
      2,
      5,
      5,
      4,
      7,
      6,
      8,
      7,
      2,
      7
    ],
    "intertie_density": 0.5498799022240424,
    "neighbor_nations": 3
  },
  "assets": {
    "thermal_per_site": [
      1,
      1,
      1,
      3,
      0,
      1,
      0,
      3,
      0,
      3,
      3,
      0,
      0,
      2,
      2
    ],
    "solar_per_site": [
      3,
      2,
      2,
      2,
      1,
      3,
      3,
      2,
      1,
      1,
      1,
      1,
      2,
      2,
      2
    ],
    "wind_per_site": [
      3,
      1,
      3,
      3,
      1,
      3,
      2,
      1,
      1,
      1,
      1,
      2,
      2,
      2,
      3
    ],
    "battery_per_site": [
      1,
      1,
      1,
      2,
      2,
      1,
      2,
      0,
      2,
      1,
      1,
      0,
      0,
      1,
      1
    ],
    "dr_per_site": [
      1,
      2,
      0,
      1,
      2,
      1,
      1,
      0,
      1,
      2,
      0,
      1,
      1,
      0,
      2
    ],
    "nuclear_per_region": [
      1,
      0
    ],
    "hydro_reservoir_per_region": [
      2,
      0
    ],
    "hydro_ror_per_zone": [
      2,
      0,
      1,
      1,
      2,
      1,
      2,
      1,
      2,
      1,
      1,
      2,
      0,
      0,
      0
    ],
    "hydro_pumped_per_region": [
      2,
      0
    ]
  },
  "econ_policy": {
    "co2_price": 129.90513241436844,
    "price_cap": 3143.643475840116,
    "cross_border_policy": "allow",
    "import_export_caps_factor": 1.598253637204392
  },
  "tech": {
    "thermal_marg_cost": 12.989506881327292,
    "thermal_ramp_pct": 0.2252654334371948,
    "battery_roundtrip_eff": 0.8786560678572117,
    "battery_e_to_p_hours": 1.4378885480834416,
    "dr_max_shed_share": 0.3080395445207728,
    "dr_duration_hours": 3.068609938609925,
    "hydro_reservoir_head_eff": 1.0006501139053217,
    "battery_initial_soc_fraction": 0.43290653542456103,
    "battery_final_soc_tolerance": 0.05221260824513286,
    "battery_self_discharge_per_hour": 0.001769030659628315,
    "pumped_initial_level_fraction": 0.6301900805669356,
    "pumped_final_level_tolerance": 0.09953714442007486,
    "pumped_self_discharge_per_hour": 0.002460724684626034
  },
  "operation_costs": {
    "thermal_fuel_eur_per_mwh": 80.30701736525411,
    "nuclear_fuel_eur_per_mwh": 9.171474376065207,
    "demand_response_cost_eur_per_mwh": 603.2822478027907,
    "value_of_lost_load_eur_per_mwh": 6759.700313612176,
    "renewable_spill_cost_eur_per_mwh": 1186.9036848568157,
    "hydro_spill_cost_eur_per_mwh": 1189.0538697860234,
    "overgen_spill_cost_eur_per_mwh": 5896.343934718552,
    "battery_cycle_cost_eur_per_mwh": 64.69506170761714,
    "pumped_cycle_cost_eur_per_mwh": 69.51721657951718
  },
  "exogenous": {
    "weather_profile": "sunny_summer",
    "weather_spread_intensity": 1.0489563200520515,
    "demand_profile": "shoulder",
    "demand_scale_factor": 0.9472048245160313,
    "inflow_factor": 0.48723390764168306,
    "zone_profile_variants": {
      "evening_peak": 0.28,
      "double_peak": 0.16,
      "office_peak": 0.2,
      "industrial": 0.14,
      "night_shift": 0.1,
      "residential_morning": 0.12
    },
    "zone_profile_mix_weight": [
      0.4,
      0.8
    ],
    "zone_profile_phase_shift_hours": [
      -2.5,
      2.5
    ],
    "zone_profile_noise_std": [
      0.02,
      0.06
    ],
    "zone_profile_curvature_exp": [
      0.9,
      1.18
    ],
    "region_weather": {
      "R1": {
        "weather_profile": "sunny_summer",
        "weather_spread_intensity": 0.9127714571808243
      },
      "R2": {
        "weather_profile": "stormy_winter",
        "weather_spread_intensity": 1.185141182923279
      }
    }
  },
  "mip_gap_target_pct": 1.3619098459386765,
  "estimates": {
    "vars_total": 72480,
    "cons_total": 94224,
    "est_cpu_hours": 1.366698666666667
  },
  "meta": {
    "regions": 2,
    "zones": 15,
    "sites": 15,
    "intertie_density": 0.5498799022240424,
    "neighbor_nations": 3,
    "assets": {
      "thermal": 20,
      "solar": 28,
      "wind": 29,
      "battery": 16,
      "dr": 15,
      "nuclear": 1,
      "hydro_reservoir": 2,
      "hydro_ror": 16,
      "hydro_pumped": 2
    },
    "demand_scale_factor": 0.9472048245160313,
    "zone_profile_variants": {
      "evening_peak": 0.28,
      "double_peak": 0.16,
      "office_peak": 0.2,
      "industrial": 0.14,
      "night_shift": 0.1,
      "residential_morning": 0.12
    },
    "zone_profile_mix_weight": [
      0.4,
      0.8
    ],
    "weather_profile": "sunny_summer",
    "cross_border_policy": "allow",
    "price_cap": 3143.643475840116,
    "co2_price": 129.90513241436844,
    "import_export_caps_factor": 1.598253637204392,
    "operation_costs": {
      "thermal_fuel_eur_per_mwh": 80.30701736525411,
      "nuclear_fuel_eur_per_mwh": 9.171474376065207,
      "demand_response_cost_eur_per_mwh": 603.2822478027907,
      "value_of_lost_load_eur_per_mwh": 6759.700313612176,
      "renewable_spill_cost_eur_per_mwh": 1186.9036848568157,
      "hydro_spill_cost_eur_per_mwh": 1189.0538697860234,
      "overgen_spill_cost_eur_per_mwh": 5896.343934718552,
      "battery_cycle_cost_eur_per_mwh": 64.69506170761714,
      "pumped_cycle_cost_eur_per_mwh": 69.51721657951718
    },
    "tech_scalers": {
      "thermal_marg_cost": 12.989506881327292,
      "thermal_ramp_pct": 0.2252654334371948,
      "battery_roundtrip_eff": 0.8786560678572117,
      "battery_e_to_p_hours": 1.4378885480834416,
      "dr_max_shed_share": 0.3080395445207728,
      "dr_duration_hours": 3.068609938609925,
      "hydro_reservoir_head_eff": 1.0006501139053217,
      "battery_initial_soc_fraction": 0.43290653542456103,
      "battery_final_soc_tolerance": 0.05221260824513286,
      "battery_self_discharge_per_hour": 0.001769030659628315,
      "pumped_initial_level_fraction": 0.6301900805669356,
      "pumped_final_level_tolerance": 0.09953714442007486,
      "pumped_self_discharge_per_hour": 0.002460724684626034
    }
  },
  "flexibility_metrics": {
    "total_storage_power_mw": 1200.0,
    "total_storage_capacity_mwh": 4350.3,
    "battery_power_mw": 800.0,
    "battery_capacity_mwh": 1150.3,
    "pumped_power_mw": 400.0,
    "pumped_capacity_mwh": 3200.0,
    "total_dr_capacity_mw": 2188.3,
    "total_ramp_up_mw_per_step": 350.4,
    "total_ramp_down_mw_per_step": 350.4,
    "thermal_flex_ratio": 0.484,
    "dr_duration_hours": 3.07,
    "battery_roundtrip_efficiency": 0.879
  },
  "difficulty_indicators": {
    "vre_penetration_pct": 38.96,
    "net_demand_volatility": 0.242,
    "peak_to_valley_ratio": 1.7,
    "estimated_milp_solve_time_seconds": 4920.1,
    "complexity_score": "hard",
    "n_binary_variables": 1920,
    "n_timesteps": 96,
    "n_zones": 15,
    "weather_profile": "sunny_summer",
    "demand_profile": "shoulder"
  }
}