{
  "id": "ade6b012-5e84-4688-b5f2-28c5e1eac0c6",
  "horizon_hours": 24,
  "dt_minutes": 15,
  "graph": {
    "regions": 3,
    "zones_per_region": [
      9,
      5,
      3
    ],
    "sites_per_zone": [
      6,
      8,
      6,
      4,
      3,
      4,
      6,
      7,
      2,
      8,
      7,
      2,
      2,
      3,
      4,
      4,
      8
    ],
    "intertie_density": 0.5219200238699606,
    "neighbor_nations": 2
  },
  "assets": {
    "thermal_per_site": [
      0,
      3,
      1,
      1,
      1,
      0,
      0,
      3,
      1,
      3,
      3,
      1,
      1,
      2,
      2,
      2,
      3
    ],
    "solar_per_site": [
      2,
      1,
      2,
      1,
      2,
      2,
      2,
      1,
      3,
      3,
      1,
      3,
      2,
      2,
      3,
      1,
      2
    ],
    "wind_per_site": [
      3,
      3,
      3,
      1,
      3,
      1,
      3,
      1,
      3,
      2,
      1,
      2,
      2,
      3,
      1,
      1,
      2
    ],
    "battery_per_site": [
      1,
      2,
      2,
      2,
      2,
      0,
      2,
      2,
      2,
      2,
      0,
      2,
      2,
      2,
      2,
      2,
      2
    ],
    "dr_per_site": [
      1,
      2,
      1,
      1,
      1,
      2,
      2,
      1,
      2,
      0,
      1,
      1,
      2,
      0,
      1,
      1,
      1
    ],
    "nuclear_per_region": [
      1,
      1,
      2
    ],
    "hydro_reservoir_per_region": [
      0,
      2,
      1
    ],
    "hydro_ror_per_zone": [
      2,
      0,
      2,
      0,
      0,
      0,
      2,
      2,
      0,
      0,
      0,
      2,
      1,
      0,
      1,
      0,
      0
    ],
    "hydro_pumped_per_region": [
      2,
      0,
      2
    ]
  },
  "econ_policy": {
    "co2_price": 142.50722378736765,
    "price_cap": 3314.025692579965,
    "cross_border_policy": "cap",
    "import_export_caps_factor": 1.0015795051670398
  },
  "tech": {
    "thermal_marg_cost": 12.46325621656354,
    "thermal_ramp_pct": 0.27105464789500605,
    "battery_roundtrip_eff": 0.8568653096715404,
    "battery_e_to_p_hours": 2.066629024998482,
    "dr_max_shed_share": 0.27616994724301525,
    "dr_duration_hours": 2.1170652057961776,
    "hydro_reservoir_head_eff": 0.8222208864194431,
    "battery_initial_soc_fraction": 0.5630323514667923,
    "battery_final_soc_tolerance": 0.1609343796354682,
    "battery_self_discharge_per_hour": 0.006790911993231545,
    "pumped_initial_level_fraction": 0.5970110040634481,
    "pumped_final_level_tolerance": 0.11820123649891849,
    "pumped_self_discharge_per_hour": 0.003043681445643669
  },
  "operation_costs": {
    "thermal_fuel_eur_per_mwh": 57.065303755837604,
    "nuclear_fuel_eur_per_mwh": 10.36496957652329,
    "demand_response_cost_eur_per_mwh": 717.9379697803565,
    "value_of_lost_load_eur_per_mwh": 11572.611975183732,
    "renewable_spill_cost_eur_per_mwh": 1735.017387867891,
    "hydro_spill_cost_eur_per_mwh": 1140.379833112036,
    "overgen_spill_cost_eur_per_mwh": 2446.356687913597,
    "battery_cycle_cost_eur_per_mwh": 80.2473798226927,
    "pumped_cycle_cost_eur_per_mwh": 50.14028532763409
  },
  "exogenous": {
    "weather_profile": "sunny_summer",
    "weather_spread_intensity": 0.7674612677010177,
    "demand_profile": "wkday_peak",
    "demand_scale_factor": 0.9696964984316803,
    "inflow_factor": 1.3380221143553186,
    "zone_profile_variants": {
      "evening_peak": 0.28,
      "double_peak": 0.16,
      "office_peak": 0.2,
      "industrial": 0.14,
      "night_shift": 0.1,
      "residential_morning": 0.12
    },
    "zone_profile_mix_weight": [
      0.4,
      0.8
    ],
    "zone_profile_phase_shift_hours": [
      -2.5,
      2.5
    ],
    "zone_profile_noise_std": [
      0.02,
      0.06
    ],
    "zone_profile_curvature_exp": [
      0.9,
      1.18
    ],
    "region_weather": {
      "R1": {
        "weather_profile": "sunny_summer",
        "weather_spread_intensity": 0.6535360722499565
      },
      "R2": {
        "weather_profile": "mixed",
        "weather_spread_intensity": 0.6308995776673738
      },
      "R3": {
        "weather_profile": "stormy_winter",
        "weather_spread_intensity": 1.0179481531857228
      }
    }
  },
  "mip_gap_target_pct": 1.450682264660828,
  "estimates": {
    "vars_total": 89088,
    "cons_total": 115814,
    "est_cpu_hours": 1.6630557777777777
  },
  "meta": {
    "regions": 3,
    "zones": 17,
    "sites": 17,
    "intertie_density": 0.5219200238699606,
    "neighbor_nations": 2,
    "assets": {
      "thermal": 27,
      "solar": 33,
      "wind": 35,
      "battery": 29,
      "dr": 20,
      "nuclear": 4,
      "hydro_reservoir": 3,
      "hydro_ror": 12,
      "hydro_pumped": 4
    },
    "demand_scale_factor": 0.9696964984316803,
    "zone_profile_variants": {
      "evening_peak": 0.28,
      "double_peak": 0.16,
      "office_peak": 0.2,
      "industrial": 0.14,
      "night_shift": 0.1,
      "residential_morning": 0.12
    },
    "zone_profile_mix_weight": [
      0.4,
      0.8
    ],
    "weather_profile": "sunny_summer",
    "cross_border_policy": "cap",
    "price_cap": 3314.025692579965,
    "co2_price": 142.50722378736765,
    "import_export_caps_factor": 1.0015795051670398,
    "operation_costs": {
      "thermal_fuel_eur_per_mwh": 57.065303755837604,
      "nuclear_fuel_eur_per_mwh": 10.36496957652329,
      "demand_response_cost_eur_per_mwh": 717.9379697803565,
      "value_of_lost_load_eur_per_mwh": 11572.611975183732,
      "renewable_spill_cost_eur_per_mwh": 1735.017387867891,
      "hydro_spill_cost_eur_per_mwh": 1140.379833112036,
      "overgen_spill_cost_eur_per_mwh": 2446.356687913597,
      "battery_cycle_cost_eur_per_mwh": 80.2473798226927,
      "pumped_cycle_cost_eur_per_mwh": 50.14028532763409
    },
    "tech_scalers": {
      "thermal_marg_cost": 12.46325621656354,
      "thermal_ramp_pct": 0.27105464789500605,
      "battery_roundtrip_eff": 0.8568653096715404,
      "battery_e_to_p_hours": 2.066629024998482,
      "dr_max_shed_share": 0.27616994724301525,
      "dr_duration_hours": 2.1170652057961776,
      "hydro_reservoir_head_eff": 0.8222208864194431,
      "battery_initial_soc_fraction": 0.5630323514667923,
      "battery_final_soc_tolerance": 0.1609343796354682,
      "battery_self_discharge_per_hour": 0.006790911993231545,
      "pumped_initial_level_fraction": 0.5970110040634481,
      "pumped_final_level_tolerance": 0.11820123649891849,
      "pumped_self_discharge_per_hour": 0.003043681445643669
    }
  },
  "flexibility_metrics": {
    "total_storage_power_mw": 2250.0,
    "total_storage_capacity_mwh": 9396.6,
    "battery_power_mw": 1450.0,
    "battery_capacity_mwh": 2996.6,
    "pumped_power_mw": 800.0,
    "pumped_capacity_mwh": 6400.0,
    "total_dr_capacity_mw": 2276.3,
    "total_ramp_up_mw_per_step": 598.9,
    "total_ramp_down_mw_per_step": 598.9,
    "thermal_flex_ratio": 0.374,
    "dr_duration_hours": 2.12,
    "battery_roundtrip_efficiency": 0.857
  },
  "difficulty_indicators": {
    "vre_penetration_pct": 34.83,
    "net_demand_volatility": 0.266,
    "peak_to_valley_ratio": 1.75,
    "estimated_milp_solve_time_seconds": 5987.0,
    "complexity_score": "hard",
    "n_binary_variables": 2592,
    "n_timesteps": 96,
    "n_zones": 17,
    "weather_profile": "sunny_summer",
    "demand_profile": "wkday_peak"
  }
}