{
  "id": "80f3df40-fc90-4e9a-9105-c0f1c7faa0c2",
  "horizon_hours": 24,
  "dt_minutes": 15,
  "graph": {
    "regions": 3,
    "zones_per_region": [
      7,
      11,
      6
    ],
    "sites_per_zone": [
      10,
      2,
      5,
      7,
      5,
      7,
      6,
      6,
      3,
      3,
      8,
      2,
      2,
      4,
      5,
      7,
      2,
      8,
      9,
      5,
      10,
      4,
      10,
      2
    ],
    "intertie_density": 0.3571605726261421,
    "neighbor_nations": 4
  },
  "assets": {
    "thermal_per_site": [
      0,
      0,
      1,
      2,
      1,
      1,
      3,
      3,
      0,
      2,
      2,
      1,
      0,
      0,
      3,
      3,
      1,
      1,
      0,
      1,
      0,
      1,
      1,
      0
    ],
    "solar_per_site": [
      1,
      3,
      2,
      3,
      3,
      3,
      1,
      1,
      2,
      2,
      1,
      1,
      1,
      3,
      2,
      1,
      3,
      2,
      3,
      1,
      1,
      1,
      1,
      3
    ],
    "wind_per_site": [
      1,
      3,
      3,
      3,
      2,
      1,
      3,
      3,
      2,
      2,
      2,
      1,
      1,
      3,
      2,
      2,
      2,
      1,
      3,
      3,
      3,
      1,
      2,
      2
    ],
    "battery_per_site": [
      2,
      2,
      1,
      1,
      1,
      2,
      0,
      0,
      0,
      0,
      2,
      0,
      1,
      1,
      0,
      1,
      0,
      1,
      2,
      0,
      1,
      2,
      1,
      2
    ],
    "dr_per_site": [
      0,
      2,
      2,
      2,
      0,
      0,
      2,
      2,
      2,
      1,
      1,
      2,
      2,
      0,
      1,
      2,
      0,
      1,
      1,
      2,
      1,
      1,
      1,
      2
    ],
    "nuclear_per_region": [
      2,
      1,
      0
    ],
    "hydro_reservoir_per_region": [
      3,
      1,
      0
    ],
    "hydro_ror_per_zone": [
      2,
      2,
      1,
      2,
      1,
      1,
      0,
      0,
      0,
      1,
      1,
      2,
      0,
      2,
      1,
      1,
      2,
      1,
      2,
      0,
      0,
      1,
      2,
      2
    ],
    "hydro_pumped_per_region": [
      0,
      2,
      0
    ]
  },
  "econ_policy": {
    "co2_price": 185.1084283438151,
    "price_cap": 2461.4989153532533,
    "cross_border_policy": "block",
    "import_export_caps_factor": 1.0568023163607543
  },
  "tech": {
    "thermal_marg_cost": 12.41437089464769,
    "thermal_ramp_pct": 0.15706371573887024,
    "battery_roundtrip_eff": 0.8511963046189548,
    "battery_e_to_p_hours": 4.582761449469539,
    "dr_max_shed_share": 0.2282617813133731,
    "dr_duration_hours": 1.494471434261059,
    "hydro_reservoir_head_eff": 0.7757499405126069,
    "battery_initial_soc_fraction": 0.5962670039579006,
    "battery_final_soc_tolerance": 0.16382048400828234,
    "battery_self_discharge_per_hour": 0.004712958718946536,
    "pumped_initial_level_fraction": 0.671874399538821,
    "pumped_final_level_tolerance": 0.1257768143994825,
    "pumped_self_discharge_per_hour": 0.0038571232626072164
  },
  "operation_costs": {
    "thermal_fuel_eur_per_mwh": 64.46554397444304,
    "nuclear_fuel_eur_per_mwh": 25.782096033526607,
    "thermal_startup_cost_eur": 7810.352523560617,
    "nuclear_startup_cost_eur": 38304.45809636101,
    "demand_response_cost_eur_per_mwh": 792.4549797044931,
    "value_of_lost_load_eur_per_mwh": 10655.550327909492,
    "renewable_spill_cost_eur_per_mwh": 1401.1455867281406,
    "hydro_spill_cost_eur_per_mwh": 595.5556777886333,
    "overgen_spill_cost_eur_per_mwh": 4289.4837093544575,
    "battery_cycle_cost_eur_per_mwh": 125.36828865868755,
    "pumped_cycle_cost_eur_per_mwh": 51.323716402161146
  },
  "exogenous": {
    "weather_profile": "stormy_winter",
    "weather_spread_intensity": 0.9880865911861084,
    "demand_profile": "wkday_peak",
    "demand_scale_factor": 1.3235289053413153,
    "inflow_factor": 1.6265090958885047,
    "zone_profile_variants": {
      "evening_peak": 0.28,
      "double_peak": 0.16,
      "office_peak": 0.2,
      "industrial": 0.14,
      "night_shift": 0.1,
      "residential_morning": 0.12
    },
    "zone_profile_mix_weight": [
      0.4,
      0.8
    ],
    "zone_profile_phase_shift_hours": [
      -2.5,
      2.5
    ],
    "zone_profile_noise_std": [
      0.02,
      0.06
    ],
    "zone_profile_curvature_exp": [
      0.9,
      1.18
    ],
    "region_weather": {
      "R1": {
        "weather_profile": "stormy_winter",
        "weather_spread_intensity": 1.3543780395065395
      },
      "R2": {
        "weather_profile": "calm_winter",
        "weather_spread_intensity": 0.7849043964165918
      },
      "R3": {
        "weather_profile": "stormy_winter",
        "weather_spread_intensity": 0.8249773376351938
      }
    }
  },
  "mip_gap_target_pct": 0.9135520455714244,
  "estimates": {
    "vars_total": 116640,
    "cons_total": 151632,
    "est_cpu_hours": 2.1547093333333334
  },
  "meta": {
    "regions": 3,
    "zones": 24,
    "sites": 24,
    "intertie_density": 0.3571605726261421,
    "neighbor_nations": 4,
    "assets": {
      "thermal": 27,
      "solar": 45,
      "wind": 51,
      "battery": 23,
      "dr": 30,
      "nuclear": 3,
      "hydro_reservoir": 4,
      "hydro_ror": 27,
      "hydro_pumped": 2
    },
    "demand_scale_factor": 1.3235289053413153,
    "zone_profile_variants": {
      "evening_peak": 0.28,
      "double_peak": 0.16,
      "office_peak": 0.2,
      "industrial": 0.14,
      "night_shift": 0.1,
      "residential_morning": 0.12
    },
    "zone_profile_mix_weight": [
      0.4,
      0.8
    ],
    "weather_profile": "stormy_winter",
    "cross_border_policy": "block",
    "price_cap": 2461.4989153532533,
    "co2_price": 185.1084283438151,
    "import_export_caps_factor": 1.0568023163607543,
    "operation_costs": {
      "thermal_fuel_eur_per_mwh": 64.46554397444304,
      "nuclear_fuel_eur_per_mwh": 25.782096033526607,
      "thermal_startup_cost_eur": 7810.352523560617,
      "nuclear_startup_cost_eur": 38304.45809636101,
      "demand_response_cost_eur_per_mwh": 792.4549797044931,
      "value_of_lost_load_eur_per_mwh": 10655.550327909492,
      "renewable_spill_cost_eur_per_mwh": 1401.1455867281406,
      "hydro_spill_cost_eur_per_mwh": 595.5556777886333,
      "overgen_spill_cost_eur_per_mwh": 4289.4837093544575,
      "battery_cycle_cost_eur_per_mwh": 125.36828865868755,
      "pumped_cycle_cost_eur_per_mwh": 51.323716402161146
    },
    "tech_scalers": {
      "thermal_marg_cost": 12.41437089464769,
      "thermal_ramp_pct": 0.15706371573887024,
      "battery_roundtrip_eff": 0.8511963046189548,
      "battery_e_to_p_hours": 4.582761449469539,
      "dr_max_shed_share": 0.2282617813133731,
      "dr_duration_hours": 1.494471434261059,
      "hydro_reservoir_head_eff": 0.7757499405126069,
      "battery_initial_soc_fraction": 0.5962670039579006,
      "battery_final_soc_tolerance": 0.16382048400828234,
      "battery_self_discharge_per_hour": 0.004712958718946536,
      "pumped_initial_level_fraction": 0.671874399538821,
      "pumped_final_level_tolerance": 0.1257768143994825,
      "pumped_self_discharge_per_hour": 0.0038571232626072164
    }
  },
  "flexibility_metrics": {
    "total_storage_power_mw": 1550.0,
    "total_storage_capacity_mwh": 8470.2,
    "battery_power_mw": 1150.0,
    "battery_capacity_mwh": 5270.2,
    "pumped_power_mw": 400.0,
    "pumped_capacity_mwh": 3200.0,
    "total_dr_capacity_mw": 3625.3,
    "total_ramp_up_mw_per_step": 355.6,
    "total_ramp_down_mw_per_step": 355.6,
    "thermal_flex_ratio": 0.466,
    "dr_duration_hours": 1.49,
    "battery_roundtrip_efficiency": 0.851
  },
  "difficulty_indicators": {
    "vre_penetration_pct": 39.64,
    "net_demand_volatility": 0.292,
    "peak_to_valley_ratio": 2.38,
    "estimated_milp_solve_time_seconds": 7757.0,
    "complexity_score": "hard",
    "n_binary_variables": 2592,
    "n_timesteps": 96,
    "n_zones": 24,