{
  "id": "839de6c7-eab9-4951-8e7b-74d7f2d7ac51",
  "horizon_hours": 24,
  "dt_minutes": 15,
  "graph": {
    "regions": 4,
    "zones_per_region": [
      5,
      8,
      6,
      4
    ],
    "sites_per_zone": [
      2,
      4,
      4,
      8,
      7,
      6,
      3,
      2,
      4,
      2,
      8,
      6,
      5,
      2,
      8,
      2,
      8,
      5,
      7,
      7,
      8,
      5,
      5
    ],
    "intertie_density": 0.27186489554836146,
    "neighbor_nations": 1
  },
  "assets": {
    "thermal_per_site": [
      2,
      0,
      2,
      1,
      3,
      0,
      0,
      1,
      0,
      3,
      1,
      0,
      2,
      3,
      0,
      2,
      1,
      2,
      1,
      2,
      3,
      3,
      2
    ],
    "solar_per_site": [
      1,
      1,
      3,
      3,
      3,
      1,
      3,
      2,
      2,
      2,
      1,
      3,
      1,
      2,
      2,
      2,
      2,
      1,
      2,
      3,
      2,
      2,
      2
    ],
    "wind_per_site": [
      2,
      2,
      1,
      1,
      2,
      1,
      1,
      3,
      2,
      2,
      1,
      1,
      1,
      1,
      1,
      2,
      2,
      3,
      2,
      1,
      1,
      2,
      1
    ],
    "battery_per_site": [
      0,
      1,
      1,
      2,
      2,
      2,
      1,
      0,
      0,
      0,
      0,
      0,
      0,
      2,
      0,
      0,
      2,
      1,
      2,
      1,
      0,
      0,
      0
    ],
    "dr_per_site": [
      0,
      0,
      0,
      0,
      0,
      0,
      1,
      2,
      0,
      1,
      1,
      2,
      0,
      1,
      2,
      0,
      1,
      0,
      1,
      2,
      0,
      2,
      0
    ],
    "nuclear_per_region": [
      0,
      2,
      2,
      2
    ],
    "hydro_reservoir_per_region": [
      1,
      1,
      2,
      1
    ],
    "hydro_ror_per_zone": [
      1,
      2,
      0,
      1,
      0,
      2,
      0,
      0,
      0,
      1,
      1,
      2,
      1,
      0,
      2,
      0,
      1,
      1,
      0,
      2,
      2,
      0,
      2
    ],
    "hydro_pumped_per_region": [
      2,
      0,
      2,
      1
    ]
  },
  "econ_policy": {
    "co2_price": 202.2509657575525,
    "price_cap": 3479.088640180336,
    "cross_border_policy": "cap",
    "import_export_caps_factor": 0.5361816061814186
  },
  "tech": {
    "thermal_marg_cost": 1.6634522172145283,
    "thermal_ramp_pct": 0.08448749384834256,
    "battery_roundtrip_eff": 0.8152307452440739,
    "battery_e_to_p_hours": 5.345755098916571,
    "dr_max_shed_share": 0.2616750587395151,
    "dr_duration_hours": 2.0088423161755005,
    "hydro_reservoir_head_eff": 0.7739557484375702,
    "battery_initial_soc_fraction": 0.5008390721905598,
    "battery_final_soc_tolerance": 0.1178537627139381,
    "battery_self_discharge_per_hour": 0.00207830835196802,
    "pumped_initial_level_fraction": 0.43631853699991013,
    "pumped_final_level_tolerance": 0.0762034565892481,
    "pumped_self_discharge_per_hour": 0.00212762375062429
  },
  "operation_costs": {
    "thermal_fuel_eur_per_mwh": 59.67404672592957,
    "nuclear_fuel_eur_per_mwh": 13.382165111367314,
    "demand_response_cost_eur_per_mwh": 464.87118530473106,
    "value_of_lost_load_eur_per_mwh": 8863.045263627548,
    "renewable_spill_cost_eur_per_mwh": 1438.5238809126809,
    "hydro_spill_cost_eur_per_mwh": 358.35875773596683,
    "overgen_spill_cost_eur_per_mwh": 6647.725792543402,
    "battery_cycle_cost_eur_per_mwh": 72.67362416847804,
    "pumped_cycle_cost_eur_per_mwh": 45.957547068560956
  },
  "exogenous": {
    "weather_profile": "sunny_summer",
    "weather_spread_intensity": 1.0000676103890145,
    "demand_profile": "cold_snap",
    "demand_scale_factor": 0.7839661374211526,
    "inflow_factor": 1.3135187032906592,
    "zone_profile_variants": {
      "evening_peak": 0.28,
      "double_peak": 0.16,
      "office_peak": 0.2,
      "industrial": 0.14,
      "night_shift": 0.1,
      "residential_morning": 0.12
    },
    "zone_profile_mix_weight": [
      0.4,
      0.8
    ],
    "zone_profile_phase_shift_hours": [
      -2.5,
      2.5
    ],
    "zone_profile_noise_std": [
      0.02,
      0.06
    ],
    "zone_profile_curvature_exp": [
      0.9,
      1.18
    ],
    "region_weather": {
      "R1": {
        "weather_profile": "mixed",
        "weather_spread_intensity": 1.254256283526141
      },
      "R2": {
        "weather_profile": "overcast_summer",
        "weather_spread_intensity": 1.0774061566309387
      },
      "R3": {
        "weather_profile": "sunny_summer",
        "weather_spread_intensity": 0.7976741152654914
      },
      "R4": {
        "weather_profile": "stormy_winter",
        "weather_spread_intensity": 0.8709338861334865
      }
    }
  },
  "mip_gap_target_pct": 0.6401263733776971,
  "estimates": {
    "vars_total": 109344,
    "cons_total": 142147,
    "est_cpu_hours": 2.0245145555555553
  },
  "meta": {
    "regions": 4,
    "zones": 23,
    "sites": 23,
    "intertie_density": 0.27186489554836146,
    "neighbor_nations": 1,
    "assets": {
      "thermal": 34,
      "solar": 46,
      "wind": 36,
      "battery": 17,
      "dr": 16,
      "nuclear": 6,
      "hydro_reservoir": 5,
      "hydro_ror": 21,
      "hydro_pumped": 5
    },
    "demand_scale_factor": 0.7839661374211526,
    "zone_profile_variants": {
      "evening_peak": 0.28,
      "double_peak": 0.16,
      "office_peak": 0.2,
      "industrial": 0.14,
      "night_shift": 0.1,
      "residential_morning": 0.12
    },
    "zone_profile_mix_weight": [
      0.4,
      0.8
    ],
    "weather_profile": "sunny_summer",
    "cross_border_policy": "cap",
    "price_cap": 3479.088640180336,
    "co2_price": 202.2509657575525,
    "import_export_caps_factor": 0.5361816061814186,
    "operation_costs": {
      "thermal_fuel_eur_per_mwh": 59.67404672592957,
      "nuclear_fuel_eur_per_mwh": 13.382165111367314,
      "demand_response_cost_eur_per_mwh": 464.87118530473106,
      "value_of_lost_load_eur_per_mwh": 8863.045263627548,
      "renewable_spill_cost_eur_per_mwh": 1438.5238809126809,
      "hydro_spill_cost_eur_per_mwh": 358.35875773596683,
      "overgen_spill_cost_eur_per_mwh": 6647.725792543402,
      "battery_cycle_cost_eur_per_mwh": 72.67362416847804,
      "pumped_cycle_cost_eur_per_mwh": 45.957547068560956
    },
    "tech_scalers": {
      "thermal_marg_cost": 1.6634522172145283,
      "thermal_ramp_pct": 0.08448749384834256,
      "battery_roundtrip_eff": 0.8152307452440739,
      "battery_e_to_p_hours": 5.345755098916571,
      "dr_max_shed_share": 0.2616750587395151,
      "dr_duration_hours": 2.0088423161755005,
      "hydro_reservoir_head_eff": 0.7739557484375702,
      "battery_initial_soc_fraction": 0.5008390721905598,
      "battery_final_soc_tolerance": 0.1178537627139381,
      "battery_self_discharge_per_hour": 0.00207830835196802,
      "pumped_initial_level_fraction": 0.43631853699991013,
      "pumped_final_level_tolerance": 0.0762034565892481,
      "pumped_self_discharge_per_hour": 0.00212762375062429
    }
  },
  "flexibility_metrics": {
    "total_storage_power_mw": 1850.0,
    "total_storage_capacity_mwh": 12543.9,
    "battery_power_mw": 850.0,
    "battery_capacity_mwh": 4543.9,
    "pumped_power_mw": 1000.0,
    "pumped_capacity_mwh": 8000.0,
    "total_dr_capacity_mw": 2359.2,
    "total_ramp_up_mw_per_step": 290.4,
    "total_ramp_down_mw_per_step": 290.4,
    "thermal_flex_ratio": 0.26,
    "dr_duration_hours": 2.01,
    "battery_roundtrip_efficiency": 0.815
  },
  "difficulty_indicators": {
    "vre_penetration_pct": 30.4,
    "net_demand_volatility": 0.297,
    "peak_to_valley_ratio": 1.41,
    "estimated_milp_solve_time_seconds": 7288.3,
    "complexity_score": "hard",
    "n_binary_variables": 3264,
    "n_timesteps": 96,
    "n_zones": 23,
    "weather_profile": "sunny_summer",
    "demand_profile": "cold_snap"
  }
}