{
  "id": "f9cfbf98-06b0-4cde-b945-701a85fc8910",
  "horizon_hours": 24,
  "dt_minutes": 15,
  "graph": {
    "regions": 4,
    "zones_per_region": [
      9,
      3,
      7,
      8
    ],
    "sites_per_zone": [
      5,
      8,
      2,
      9,
      7,
      9,
      9,
      7,
      2,
      2,
      5,
      10,
      3,
      7,
      10,
      3,
      9,
      8,
      3,
      6,
      4,
      3,
      5,
      4,
      8,
      9,
      10
    ],
    "intertie_density": 0.4077356045984326,
    "neighbor_nations": 4
  },
  "assets": {
    "thermal_per_site": [
      0,
      0,
      2,
      0,
      1,
      0,
      3,
      0,
      3,
      3,
      2,
      0,
      1,
      1,
      1,
      0,
      1,
      3,
      0,
      3,
      3,
      2,
      0,
      3,
      3,
      0,
      1
    ],
    "solar_per_site": [
      1,
      1,
      1,
      3,
      1,
      1,
      3,
      3,
      3,
      3,
      3,
      1,
      3,
      1,
      3,
      1,
      1,
      2,
      3,
      1,
      1,
      1,
      1,
      3,
      1,
      2,
      3
    ],
    "wind_per_site": [
      2,
      3,
      3,
      1,
      2,
      2,
      3,
      3,
      1,
      2,
      3,
      1,
      1,
      3,
      3,
      1,
      2,
      1,
      1,
      1,
      1,
      2,
      1,
      2,
      2,
      2,
      2
    ],
    "battery_per_site": [
      0,
      0,
      0,
      1,
      0,
      1,
      1,
      0,
      2,
      2,
      1,
      1,
      0,
      1,
      2,
      1,
      0,
      2,
      0,
      2,
      2,
      0,
      0,
      1,
      0,
      0,
      0
    ],
    "dr_per_site": [
      2,
      0,
      0,
      0,
      2,
      2,
      1,
      0,
      2,
      2,
      2,
      1,
      0,
      0,
      1,
      2,
      0,
      1,
      1,
      0,
      2,
      1,
      0,
      1,
      1,
      2,
      2
    ],
    "nuclear_per_region": [
      0,
      2,
      2,
      1
    ],
    "hydro_reservoir_per_region": [
      1,
      2,
      0,
      1
    ],
    "hydro_ror_per_zone": [
      1,
      2,
      0,
      0,
      1,
      1,
      1,
      1,
      2,
      2,
      1,
      1,
      0,
      2,
      2,
      0,
      0,
      1,
      1,
      2,
      0,
      2,
      0,
      1,
      0,
      2,
      0
    ],
    "hydro_pumped_per_region": [
      0,
      0,
      0,
      2
    ]
  },
  "econ_policy": {
    "co2_price": 189.08258180024077,
    "price_cap": 1179.404085753248,
    "cross_border_policy": "allow",
    "import_export_caps_factor": 1.0601028640253531
  },
  "tech": {
    "thermal_marg_cost": 1.8582570063949577,
    "thermal_ramp_pct": 0.19436626992158557,
    "battery_roundtrip_eff": 0.8863921798762643,
    "battery_e_to_p_hours": 3.423622352217119,
    "dr_max_shed_share": 0.1665371672819561,
    "dr_duration_hours": 1.7181547126021282,
    "hydro_reservoir_head_eff": 0.9377242736805779,
    "battery_initial_soc_fraction": 0.3806336435611334,
    "battery_final_soc_tolerance": 0.07999776123066303,
    "battery_self_discharge_per_hour": 0.003996594709569256,
    "pumped_initial_level_fraction": 0.6279994786911384,
    "pumped_final_level_tolerance": 0.08488209343788322,
    "pumped_self_discharge_per_hour": 0.0006285851952953562
  },
  "operation_costs": {
    "thermal_fuel_eur_per_mwh": 50.723249116229894,
    "nuclear_fuel_eur_per_mwh": 18.37593711537991,
    "thermal_startup_cost_eur": 6924.3590132006,
    "nuclear_startup_cost_eur": 37936.2728535536,
    "demand_response_cost_eur_per_mwh": 110.74139310388142,
    "value_of_lost_load_eur_per_mwh": 9257.005411326123,
    "renewable_spill_cost_eur_per_mwh": 1225.7992619139131,
    "hydro_spill_cost_eur_per_mwh": 919.0833088918482,
    "overgen_spill_cost_eur_per_mwh": 7109.099081146144,
    "battery_cycle_cost_eur_per_mwh": 89.78400227526194,
    "pumped_cycle_cost_eur_per_mwh": 64.54059542557808
  },
  "exogenous": {
    "weather_profile": "overcast_summer",
    "weather_spread_intensity": 0.6838599603024782,
    "demand_profile": "wkend_flat",
    "demand_scale_factor": 0.8927143155846939,
    "inflow_factor": 1.491642349036748,
    "zone_profile_variants": {
      "evening_peak": 0.28,
      "double_peak": 0.16,
      "office_peak": 0.2,
      "industrial": 0.14,
      "night_shift": 0.1,
      "residential_morning": 0.12
    },
    "zone_profile_mix_weight": [
      0.4,
      0.8
    ],
    "zone_profile_phase_shift_hours": [
      -2.5,
      2.5
    ],
    "zone_profile_noise_std": [
      0.02,
      0.06
    ],
    "zone_profile_curvature_exp": [
      0.9,
      1.18
    ],
    "region_weather": {
      "R1": {
        "weather_profile": "overcast_summer",
        "weather_spread_intensity": 0.5123199653495806
      },
      "R2": {
        "weather_profile": "sunny_summer",
        "weather_spread_intensity": 0.6802514992871888
      },
      "R3": {
        "weather_profile": "overcast_summer",
        "weather_spread_intensity": 0.8490090373579962
      },
      "R4": {
        "weather_profile": "overcast_summer",
        "weather_spread_intensity": 0.6938593392151471
      }
    }
  },
  "mip_gap_target_pct": 0.6483387531496129,
  "estimates": {
    "vars_total": 128448,
    "cons_total": 166982,
    "est_cpu_hours": 2.3654131111111116
  },
  "meta": {
    "regions": 4,
    "zones": 27,
    "sites": 27,
    "intertie_density": 0.4077356045984326,
    "neighbor_nations": 4,
    "assets": {
      "thermal": 36,
      "solar": 51,
      "wind": 51,
      "battery": 20,
      "dr": 28,
      "nuclear": 5,
      "hydro_reservoir": 4,
      "hydro_ror": 26,
      "hydro_pumped": 2
    },
    "demand_scale_factor": 0.8927143155846939,
    "zone_profile_variants": {
      "evening_peak": 0.28,
      "double_peak": 0.16,
      "office_peak": 0.2,
      "industrial": 0.14,
      "night_shift": 0.1,
      "residential_morning": 0.12
    },
    "zone_profile_mix_weight": [
      0.4,
      0.8
    ],
    "weather_profile": "overcast_summer",
    "cross_border_policy": "allow",
    "price_cap": 1179.404085753248,
    "co2_price": 189.08258180024077,
    "import_export_caps_factor": 1.0601028640253531,
    "operation_costs": {
      "thermal_fuel_eur_per_mwh": 50.723249116229894,
      "nuclear_fuel_eur_per_mwh": 18.37593711537991,
      "thermal_startup_cost_eur": 6924.3590132006,
      "nuclear_startup_cost_eur": 37936.2728535536,
      "demand_response_cost_eur_per_mwh": 110.74139310388142,
      "value_of_lost_load_eur_per_mwh": 9257.005411326123,
      "renewable_spill_cost_eur_per_mwh": 1225.7992619139131,
      "hydro_spill_cost_eur_per_mwh": 919.0833088918482,
      "overgen_spill_cost_eur_per_mwh": 7109.099081146144,
      "battery_cycle_cost_eur_per_mwh": 89.78400227526194,
      "pumped_cycle_cost_eur_per_mwh": 64.54059542557808
    },
    "tech_scalers": {
      "thermal_marg_cost": 1.8582570063949577,
      "thermal_ramp_pct": 0.19436626992158557,
      "battery_roundtrip_eff": 0.8863921798762643,
      "battery_e_to_p_hours": 3.423622352217119,
      "dr_max_shed_share": 0.1665371672819561,
      "dr_duration_hours": 1.7181547126021282,
      "hydro_reservoir_head_eff": 0.9377242736805779,
      "battery_initial_soc_fraction": 0.3806336435611334,
      "battery_final_soc_tolerance": 0.07999776123066303,
      "battery_self_discharge_per_hour": 0.003996594709569256,
      "pumped_initial_level_fraction": 0.6279994786911384,
      "pumped_final_level_tolerance": 0.08488209343788322,
      "pumped_self_discharge_per_hour": 0.0006285851952953562
    }
  },
  "flexibility_metrics": {
    "total_storage_power_mw": 1400.0,
    "total_storage_capacity_mwh": 6623.6,
    "battery_power_mw": 1000.0,
    "battery_capacity_mwh": 3423.6,
    "pumped_power_mw": 400.0,
    "pumped_capacity_mwh": 3200.0,
    "total_dr_capacity_mw": 2007.0,
    "total_ramp_up_mw_per_step": 587.3,
    "total_ramp_down_mw_per_step": 587.3,
    "thermal_flex_ratio": 0.216,
    "dr_duration_hours": 1.72,