{
  "id": "e8641b80-412e-4457-bfde-1eacc1d671fc",
  "horizon_hours": 24,
  "dt_minutes": 15,
  "graph": {
    "regions": 3,
    "zones_per_region": [
      9,
      4,
      9
    ],
    "sites_per_zone": [
      8,
      8,
      2,
      5,
      5,
      8,
      4,
      3,
      5,
      3,
      3,
      8,
      3,
      7,
      5,
      7,
      5,
      2,
      7,
      6,
      6,
      4
    ],
    "intertie_density": 0.5458874903258807,
    "neighbor_nations": 3
  },
  "assets": {
    "thermal_per_site": [
      3,
      0,
      3,
      3,
      2,
      2,
      3,
      3,
      1,
      1,
      1,
      0,
      1,
      2,
      1,
      1,
      1,
      1,
      0,
      3,
      1,
      0
    ],
    "solar_per_site": [
      1,
      3,
      3,
      3,
      2,
      2,
      2,
      2,
      1,
      3,
      2,
      1,
      1,
      1,
      3,
      1,
      2,
      2,
      3,
      3,
      1,
      1
    ],
    "wind_per_site": [
      2,
      1,
      2,
      2,
      3,
      3,
      1,
      3,
      1,
      3,
      2,
      3,
      1,
      1,
      2,
      2,
      2,
      3,
      3,
      2,
      2,
      1
    ],
    "battery_per_site": [
      0,
      0,
      1,
      1,
      2,
      1,
      0,
      1,
      1,
      1,
      1,
      1,
      0,
      1,
      1,
      1,
      2,
      0,
      0,
      2,
      0,
      1
    ],
    "dr_per_site": [
      2,
      0,
      0,
      2,
      2,
      2,
      2,
      1,
      1,
      0,
      2,
      1,
      0,
      0,
      0,
      1,
      0,
      2,
      2,
      0,
      1,
      1
    ],
    "nuclear_per_region": [
      1,
      1,
      0
    ],
    "hydro_reservoir_per_region": [
      1,
      3,
      2
    ],
    "hydro_ror_per_zone": [
      2,
      0,
      2,
      2,
      1,
      1,
      0,
      2,
      1,
      1,
      2,
      1,
      1,
      2,
      2,
      1,
      2,
      1,
      2,
      0,
      0,
      1
    ],
    "hydro_pumped_per_region": [
      2,
      0,
      0
    ]
  },
  "econ_policy": {
    "co2_price": 97.85938107066684,
    "price_cap": 1451.002265227242,
    "cross_border_policy": "block",
    "import_export_caps_factor": 0.8017012299905746
  },
  "tech": {
    "thermal_marg_cost": 10.502679624527818,
    "thermal_ramp_pct": 0.2431728017232318,
    "battery_roundtrip_eff": 0.8117870527090112,
    "battery_e_to_p_hours": 3.614377024788813,
    "dr_max_shed_share": 0.1667759084049958,
    "dr_duration_hours": 4.527325686201549,
    "hydro_reservoir_head_eff": 0.7721309487257196,
    "battery_initial_soc_fraction": 0.5006672045851643,
    "battery_final_soc_tolerance": 0.16066642043916782,
    "battery_self_discharge_per_hour": 0.006163543030843369,
    "pumped_initial_level_fraction": 0.5528577705099436,
    "pumped_final_level_tolerance": 0.11523915233240091,
    "pumped_self_discharge_per_hour": 0.0008753269315216533
  },
  "operation_costs": {
    "thermal_fuel_eur_per_mwh": 70.13936229778245,
    "nuclear_fuel_eur_per_mwh": 11.612409718439839,
    "demand_response_cost_eur_per_mwh": 789.3247461152329,
    "value_of_lost_load_eur_per_mwh": 6059.574586825969,
    "renewable_spill_cost_eur_per_mwh": 509.77489490295704,
    "hydro_spill_cost_eur_per_mwh": 827.5830619299903,
    "overgen_spill_cost_eur_per_mwh": 7145.537863475533,
    "battery_cycle_cost_eur_per_mwh": 63.204757853409234,
    "pumped_cycle_cost_eur_per_mwh": 46.47812510810045
  },
  "exogenous": {
    "weather_profile": "sunny_summer",
    "weather_spread_intensity": 0.9865545399572594,
    "demand_profile": "wkend_flat",
    "demand_scale_factor": 1.0920410223070625,
    "inflow_factor": 1.3112394062799546,
    "zone_profile_variants": {
      "evening_peak": 0.28,
      "double_peak": 0.16,
      "office_peak": 0.2,
      "industrial": 0.14,
      "night_shift": 0.1,
      "residential_morning": 0.12
    },
    "zone_profile_mix_weight": [
      0.4,
      0.8
    ],
    "zone_profile_phase_shift_hours": [
      -2.5,
      2.5
    ],
    "zone_profile_noise_std": [
      0.02,
      0.06
    ],
    "zone_profile_curvature_exp": [
      0.9,
      1.18
    ],
    "region_weather": {
      "R1": {
        "weather_profile": "mixed",
        "weather_spread_intensity": 1.149461555735487
      },
      "R2": {
        "weather_profile": "stormy_winter",
        "weather_spread_intensity": 0.8985491411753828
      },
      "R3": {
        "weather_profile": "sunny_summer",
        "weather_spread_intensity": 0.9116529229609084
      }
    }
  },
  "mip_gap_target_pct": 1.2972179381751072,
  "estimates": {
    "vars_total": 108480,
    "cons_total": 141024,
    "est_cpu_hours": 2.0090986666666666
  },
  "meta": {
    "regions": 3,
    "zones": 22,
    "sites": 22,
    "intertie_density": 0.5458874903258807,
    "neighbor_nations": 3,
    "assets": {
      "thermal": 33,
      "solar": 43,
      "wind": 45,
      "battery": 18,
      "dr": 22,
      "nuclear": 2,
      "hydro_reservoir": 6,
      "hydro_ror": 27,
      "hydro_pumped": 2
    },
    "demand_scale_factor": 1.0920410223070625,
    "zone_profile_variants": {
      "evening_peak": 0.28,
      "double_peak": 0.16,
      "office_peak": 0.2,
      "industrial": 0.14,
      "night_shift": 0.1,
      "residential_morning": 0.12
    },
    "zone_profile_mix_weight": [
      0.4,
      0.8
    ],
    "weather_profile": "sunny_summer",
    "cross_border_policy": "block",
    "price_cap": 1451.002265227242,
    "co2_price": 97.85938107066684,
    "import_export_caps_factor": 0.8017012299905746,
    "operation_costs": {
      "thermal_fuel_eur_per_mwh": 70.13936229778245,
      "nuclear_fuel_eur_per_mwh": 11.612409718439839,
      "demand_response_cost_eur_per_mwh": 789.3247461152329,
      "value_of_lost_load_eur_per_mwh": 6059.574586825969,
      "renewable_spill_cost_eur_per_mwh": 509.77489490295704,
      "hydro_spill_cost_eur_per_mwh": 827.5830619299903,
      "overgen_spill_cost_eur_per_mwh": 7145.537863475533,
      "battery_cycle_cost_eur_per_mwh": 63.204757853409234,
      "pumped_cycle_cost_eur_per_mwh": 46.47812510810045
    },
    "tech_scalers": {
      "thermal_marg_cost": 10.502679624527818,
      "thermal_ramp_pct": 0.2431728017232318,
      "battery_roundtrip_eff": 0.8117870527090112,
      "battery_e_to_p_hours": 3.614377024788813,
      "dr_max_shed_share": 0.1667759084049958,
      "dr_duration_hours": 4.527325686201549,
      "hydro_reservoir_head_eff": 0.7721309487257196,
      "battery_initial_soc_fraction": 0.5006672045851643,
      "battery_final_soc_tolerance": 0.16066642043916782,
      "battery_self_discharge_per_hour": 0.006163543030843369,
      "pumped_initial_level_fraction": 0.5528577705099436,
      "pumped_final_level_tolerance": 0.11523915233240091,
      "pumped_self_discharge_per_hour": 0.0008753269315216533
    }
  },
  "flexibility_metrics": {
    "total_storage_power_mw": 1300.0,
    "total_storage_capacity_mwh": 6452.9,
    "battery_power_mw": 900.0,
    "battery_capacity_mwh": 3252.9,
    "pumped_power_mw": 400.0,
    "pumped_capacity_mwh": 3200.0,
    "total_dr_capacity_mw": 2003.4,
    "total_ramp_up_mw_per_step": 626.9,
    "total_ramp_down_mw_per_step": 626.9,
    "thermal_flex_ratio": 0.278,
    "dr_duration_hours": 4.53,
    "battery_roundtrip_efficiency": 0.812
  },
  "difficulty_indicators": {
    "vre_penetration_pct": 35.25,
    "net_demand_volatility": 0.234,
    "peak_to_valley_ratio": 1.97,
    "estimated_milp_solve_time_seconds": 7232.8,
    "complexity_score": "hard",
    "n_binary_variables": 3168,
    "n_timesteps": 96,
    "n_zones": 22,
    "weather_profile": "sunny_summer",
    "demand_profile": "wkend_flat"
  }
}