{
  "id": "2cca7afa-d0d1-438d-a1f9-9db16fce0d90",
  "horizon_hours": 24,
  "dt_minutes": 15,
  "graph": {
    "regions": 2,
    "zones_per_region": [
      5,
      7
    ],
    "sites_per_zone": [
      7,
      2,
      6,
      2,
      3,
      7,
      5,
      8,
      3,
      8,
      5,
      7
    ],
    "intertie_density": 0.31105780133775335,
    "neighbor_nations": 1
  },
  "assets": {
    "thermal_per_site": [
      0,
      0,
      0,
      0,
      2,
      3,
      3,
      1,
      0,
      0,
      0,
      2
    ],
    "solar_per_site": [
      3,
      2,
      2,
      2,
      3,
      3,
      3,
      1,
      3,
      3,
      1,
      3
    ],
    "wind_per_site": [
      1,
      1,
      2,
      1,
      1,
      2,
      2,
      2,
      2,
      3,
      2,
      2
    ],
    "battery_per_site": [
      2,
      1,
      1,
      0,
      1,
      2,
      0,
      0,
      0,
      1,
      1,
      0
    ],
    "dr_per_site": [
      2,
      1,
      2,
      0,
      1,
      2,
      0,
      2,
      0,
      1,
      0,
      2
    ],
    "nuclear_per_region": [
      0,
      0
    ],
    "hydro_reservoir_per_region": [
      1,
      3
    ],
    "hydro_ror_per_zone": [
      1,
      0,
      2,
      0,
      0,
      2,
      0,
      2,
      1,
      2,
      0,
      1
    ],
    "hydro_pumped_per_region": [
      0,
      1
    ]
  },
  "econ_policy": {
    "co2_price": 186.00516363396423,
    "price_cap": 3051.2383361314814,
    "cross_border_policy": "block",
    "import_export_caps_factor": 1.1403283162955204
  },
  "tech": {
    "thermal_marg_cost": 1.8413171411850038,
    "thermal_ramp_pct": 0.24135459803719056,
    "battery_roundtrip_eff": 0.8506700374562014,
    "battery_e_to_p_hours": 5.31550525551785,
    "dr_max_shed_share": 0.17863619040436812,
    "dr_duration_hours": 5.886921431457381,
    "hydro_reservoir_head_eff": 0.7677241933929176,
    "battery_initial_soc_fraction": 0.5879260526871648,
    "battery_final_soc_tolerance": 0.15494101852588194,
    "battery_self_discharge_per_hour": 0.009747452665878259,
    "pumped_initial_level_fraction": 0.49613102725992186,
    "pumped_final_level_tolerance": 0.09448281888264391,
    "pumped_self_discharge_per_hour": 0.0038567955337011693
  },
  "operation_costs": {
    "thermal_fuel_eur_per_mwh": 59.38122548741832,
    "nuclear_fuel_eur_per_mwh": 11.638603306529209,
    "demand_response_cost_eur_per_mwh": 988.6297963719904,
    "value_of_lost_load_eur_per_mwh": 6835.36007407756,
    "renewable_spill_cost_eur_per_mwh": 1853.8620294693173,
    "hydro_spill_cost_eur_per_mwh": 892.2588108441379,
    "overgen_spill_cost_eur_per_mwh": 5011.2564193125,
    "battery_cycle_cost_eur_per_mwh": 95.80665607286802,
    "pumped_cycle_cost_eur_per_mwh": 77.65958850688796
  },
  "exogenous": {
    "weather_profile": "overcast_summer",
    "weather_spread_intensity": 0.7513522591473858,
    "demand_profile": "heatwave",
    "demand_scale_factor": 0.7247257141337439,
    "inflow_factor": 1.3377026721498089,
    "zone_profile_variants": {
      "evening_peak": 0.28,
      "double_peak": 0.16,
      "office_peak": 0.2,
      "industrial": 0.14,
      "night_shift": 0.1,
      "residential_morning": 0.12
    },
    "zone_profile_mix_weight": [
      0.4,
      0.8
    ],
    "zone_profile_phase_shift_hours": [
      -2.5,
      2.5
    ],
    "zone_profile_noise_std": [
      0.02,
      0.06
    ],
    "zone_profile_curvature_exp": [
      0.9,
      1.18
    ],
    "region_weather": {
      "R1": {
        "weather_profile": "overcast_summer",
        "weather_spread_intensity": 0.654847236877615
      },
      "R2": {
        "weather_profile": "mixed",
        "weather_spread_intensity": 0.8478572814171567
      }
    }
  },
  "mip_gap_target_pct": 1.0582249733699836,
  "estimates": {
    "vars_total": 55968,
    "cons_total": 72758,
    "est_cpu_hours": 1.072047777777778
  },
  "meta": {
    "regions": 2,
    "zones": 12,
    "sites": 12,
    "intertie_density": 0.31105780133775335,
    "neighbor_nations": 1,
    "assets": {
      "thermal": 11,
      "solar": 29,
      "wind": 21,
      "battery": 9,
      "dr": 13,
      "nuclear": 0,
      "hydro_reservoir": 4,
      "hydro_ror": 11,
      "hydro_pumped": 1
    },
    "demand_scale_factor": 0.7247257141337439,
    "zone_profile_variants": {
      "evening_peak": 0.28,
      "double_peak": 0.16,
      "office_peak": 0.2,
      "industrial": 0.14,
      "night_shift": 0.1,
      "residential_morning": 0.12
    },
    "zone_profile_mix_weight": [
      0.4,
      0.8
    ],
    "weather_profile": "overcast_summer",
    "cross_border_policy": "block",
    "price_cap": 3051.2383361314814,
    "co2_price": 186.00516363396423,
    "import_export_caps_factor": 1.1403283162955204,
    "operation_costs": {
      "thermal_fuel_eur_per_mwh": 59.38122548741832,
      "nuclear_fuel_eur_per_mwh": 11.638603306529209,
      "demand_response_cost_eur_per_mwh": 988.6297963719904,
      "value_of_lost_load_eur_per_mwh": 6835.36007407756,
      "renewable_spill_cost_eur_per_mwh": 1853.8620294693173,
      "hydro_spill_cost_eur_per_mwh": 892.2588108441379,
      "overgen_spill_cost_eur_per_mwh": 5011.2564193125,
      "battery_cycle_cost_eur_per_mwh": 95.80665607286802,
      "pumped_cycle_cost_eur_per_mwh": 77.65958850688796
    },
    "tech_scalers": {
      "thermal_marg_cost": 1.8413171411850038,
      "thermal_ramp_pct": 0.24135459803719056,
      "battery_roundtrip_eff": 0.8506700374562014,
      "battery_e_to_p_hours": 5.31550525551785,
      "dr_max_shed_share": 0.17863619040436812,
      "dr_duration_hours": 5.886921431457381,
      "hydro_reservoir_head_eff": 0.7677241933929176,
      "battery_initial_soc_fraction": 0.5879260526871648,
      "battery_final_soc_tolerance": 0.15494101852588194,
      "battery_self_discharge_per_hour": 0.009747452665878259,
      "pumped_initial_level_fraction": 0.49613102725992186,
      "pumped_final_level_tolerance": 0.09448281888264391,
      "pumped_self_discharge_per_hour": 0.0038567955337011693
    }
  },
  "flexibility_metrics": {
    "total_storage_power_mw": 650.0,
    "total_storage_capacity_mwh": 3992.0,
    "battery_power_mw": 450.0,
    "battery_capacity_mwh": 2392.0,
    "pumped_power_mw": 200.0,
    "pumped_capacity_mwh": 1600.0,
    "total_dr_capacity_mw": 776.8,
    "total_ramp_up_mw_per_step": 199.1,
    "total_ramp_down_mw_per_step": 199.1,
    "thermal_flex_ratio": 0.432,
    "dr_duration_hours": 5.89,
    "battery_roundtrip_efficiency": 0.851
  },
  "difficulty_indicators": {
    "vre_penetration_pct": 44.65,
    "net_demand_volatility": 0.242,
    "peak_to_valley_ratio": 1.3,
    "estimated_milp_solve_time_seconds": 3859.4,
    "complexity_score": "medium",
    "n_binary_variables": 1056,
    "n_timesteps": 96,
    "n_zones": 12,
    "weather_profile": "overcast_summer",
    "demand_profile": "heatwave"
  }
}