{
  "id": "753ae94f-db13-40b9-953d-7dfe060babd8",
  "horizon_hours": 24,
  "dt_minutes": 15,
  "graph": {
    "regions": 4,
    "zones_per_region": [
      8,
      7,
      7,
      4
    ],
    "sites_per_zone": [
      4,
      2,
      7,
      7,
      4,
      6,
      5,
      6,
      4,
      5,
      2,
      4,
      2,
      2,
      2,
      2,
      6,
      8,
      6,
      6,
      2,
      2,
      4,
      8,
      6,
      2
    ],
    "intertie_density": 0.3233069757561937,
    "neighbor_nations": 3
  },
  "assets": {
    "thermal_per_site": [
      0,
      2,
      1,
      3,
      0,
      2,
      1,
      0,
      0,
      2,
      1,
      1,
      0,
      2,
      0,
      3,
      0,
      1,
      1,
      3,
      3,
      1,
      1,
      3,
      0,
      3
    ],
    "solar_per_site": [
      1,
      2,
      1,
      1,
      2,
      2,
      2,
      2,
      2,
      1,
      2,
      3,
      2,
      1,
      3,
      3,
      2,
      3,
      1,
      2,
      1,
      3,
      3,
      2,
      2,
      3
    ],
    "wind_per_site": [
      1,
      2,
      3,
      1,
      2,
      1,
      2,
      3,
      2,
      3,
      3,
      3,
      3,
      2,
      1,
      2,
      1,
      1,
      3,
      3,
      1,
      3,
      1,
      1,
      2,
      3
    ],
    "battery_per_site": [
      2,
      0,
      0,
      1,
      2,
      1,
      1,
      1,
      0,
      0,
      2,
      0,
      0,
      1,
      0,
      2,
      1,
      1,
      2,
      0,
      1,
      0,
      2,
      2,
      2,
      1
    ],
    "dr_per_site": [
      1,
      0,
      1,
      2,
      0,
      1,
      0,
      2,
      0,
      2,
      2,
      2,
      1,
      2,
      1,
      2,
      2,
      2,
      2,
      1,
      2,
      1,
      0,
      2,
      1,
      0
    ],
    "nuclear_per_region": [
      0,
      1,
      0,
      1
    ],
    "hydro_reservoir_per_region": [
      1,
      1,
      3,
      2
    ],
    "hydro_ror_per_zone": [
      0,
      1,
      0,
      2,
      2,
      2,
      1,
      0,
      0,
      0,
      2,
      1,
      0,
      1,
      2,
      0,
      0,
      2,
      0,
      2,
      1,
      2,
      1,
      1,
      2,
      2
    ],
    "hydro_pumped_per_region": [
      2,
      1,
      0,
      2
    ]
  },
  "econ_policy": {
    "co2_price": 80.15331546121274,
    "price_cap": 1430.5846897399501,
    "cross_border_policy": "cap",
    "import_export_caps_factor": 0.5629873267991286
  },
  "tech": {
    "thermal_marg_cost": 8.270276813084664,
    "thermal_ramp_pct": 0.2360457005096625,
    "battery_roundtrip_eff": 0.9289252640665657,
    "battery_e_to_p_hours": 4.290124353938796,
    "dr_max_shed_share": 0.07873466702865717,
    "dr_duration_hours": 2.987136205626978,
    "hydro_reservoir_head_eff": 0.9957952420270466,
    "battery_initial_soc_fraction": 0.6335175657021936,
    "battery_final_soc_tolerance": 0.12176099228371905,
    "battery_self_discharge_per_hour": 0.001701786587593487,
    "pumped_initial_level_fraction": 0.5135846222002555,
    "pumped_final_level_tolerance": 0.14319341175048209,
    "pumped_self_discharge_per_hour": 0.0006328685927930359
  },
  "operation_costs": {
    "thermal_fuel_eur_per_mwh": 59.828042893975514,
    "nuclear_fuel_eur_per_mwh": 11.301776160684181,
    "demand_response_cost_eur_per_mwh": 631.2975079376591,
    "value_of_lost_load_eur_per_mwh": 7389.505307918084,
    "renewable_spill_cost_eur_per_mwh": 1215.0868037846753,
    "hydro_spill_cost_eur_per_mwh": 322.82486082996644,
    "overgen_spill_cost_eur_per_mwh": 3222.6899982715286,
    "battery_cycle_cost_eur_per_mwh": 100.61937949155464,
    "pumped_cycle_cost_eur_per_mwh": 56.53737363528925
  },
  "exogenous": {
    "weather_profile": "mixed",
    "weather_spread_intensity": 1.0503116193023727,
    "demand_profile": "wkend_flat",
    "demand_scale_factor": 1.2885360071092171,
    "inflow_factor": 0.6615157775728662,
    "zone_profile_variants": {
      "evening_peak": 0.28,
      "double_peak": 0.16,
      "office_peak": 0.2,
      "industrial": 0.14,
      "night_shift": 0.1,
      "residential_morning": 0.12
    },
    "zone_profile_mix_weight": [
      0.4,
      0.8
    ],
    "zone_profile_phase_shift_hours": [
      -2.5,
      2.5
    ],
    "zone_profile_noise_std": [
      0.02,
      0.06
    ],
    "zone_profile_curvature_exp": [
      0.9,
      1.18
    ],
    "region_weather": {
      "R1": {
        "weather_profile": "mixed",
        "weather_spread_intensity": 0.9105695894634767
      },
      "R2": {
        "weather_profile": "stormy_winter",
        "weather_spread_intensity": 1.2299104065377178
      },
      "R3": {
        "weather_profile": "overcast_summer",
        "weather_spread_intensity": 1.102887699871385
      },
      "R4": {
        "weather_profile": "mixed",
        "weather_spread_intensity": 0.9578787813369111
      }
    }
  },
  "mip_gap_target_pct": 1.4726453393869456,
  "estimates": {
    "vars_total": 128928,
    "cons_total": 167606,
    "est_cpu_hours": 2.3739784444444445
  },
  "meta": {
    "regions": 4,
    "zones": 26,
    "sites": 26,
    "intertie_density": 0.3233069757561937,
    "neighbor_nations": 3,
    "assets": {
      "thermal": 34,
      "solar": 52,
      "wind": 53,
      "battery": 25,
      "dr": 32,
      "nuclear": 2,
      "hydro_reservoir": 7,
      "hydro_ror": 27,
      "hydro_pumped": 5
    },
    "demand_scale_factor": 1.2885360071092171,
    "zone_profile_variants": {
      "evening_peak": 0.28,
      "double_peak": 0.16,
      "office_peak": 0.2,
      "industrial": 0.14,
      "night_shift": 0.1,
      "residential_morning": 0.12
    },
    "zone_profile_mix_weight": [
      0.4,
      0.8
    ],
    "weather_profile": "mixed",
    "cross_border_policy": "cap",
    "price_cap": 1430.5846897399501,
    "co2_price": 80.15331546121274,
    "import_export_caps_factor": 0.5629873267991286,
    "operation_costs": {
      "thermal_fuel_eur_per_mwh": 59.828042893975514,
      "nuclear_fuel_eur_per_mwh": 11.301776160684181,
      "demand_response_cost_eur_per_mwh": 631.2975079376591,
      "value_of_lost_load_eur_per_mwh": 7389.505307918084,
      "renewable_spill_cost_eur_per_mwh": 1215.0868037846753,
      "hydro_spill_cost_eur_per_mwh": 322.82486082996644,
      "overgen_spill_cost_eur_per_mwh": 3222.6899982715286,
      "battery_cycle_cost_eur_per_mwh": 100.61937949155464,
      "pumped_cycle_cost_eur_per_mwh": 56.53737363528925
    },
    "tech_scalers": {
      "thermal_marg_cost": 8.270276813084664,
      "thermal_ramp_pct": 0.2360457005096625,
      "battery_roundtrip_eff": 0.9289252640665657,
      "battery_e_to_p_hours": 4.290124353938796,
      "dr_max_shed_share": 0.07873466702865717,
      "dr_duration_hours": 2.987136205626978,
      "hydro_reservoir_head_eff": 0.9957952420270466,
      "battery_initial_soc_fraction": 0.6335175657021936,
      "battery_final_soc_tolerance": 0.12176099228371905,
      "battery_self_discharge_per_hour": 0.001701786587593487,
      "pumped_initial_level_fraction": 0.5135846222002555,
      "pumped_final_level_tolerance": 0.14319341175048209,
      "pumped_self_discharge_per_hour": 0.0006328685927930359
    }
  },
  "flexibility_metrics": {
    "total_storage_power_mw": 2250.0,
    "total_storage_capacity_mwh": 13362.7,
    "battery_power_mw": 1250.0,
    "battery_capacity_mwh": 5362.7,
    "pumped_power_mw": 1000.0,
    "pumped_capacity_mwh": 8000.0,
    "total_dr_capacity_mw": 1318.9,
    "total_ramp_up_mw_per_step": 626.9,
    "total_ramp_down_mw_per_step": 626.9,
    "thermal_flex_ratio": 0.293,
    "dr_duration_hours": 2.99,
    "battery_roundtrip_efficiency": 0.929
  },
  "difficulty_indicators": {
    "vre_penetration_pct": 38.39,
    "net_demand_volatility": 0.197,
    "peak_to_valley_ratio": 2.32,
    "estimated_milp_solve_time_seconds": 8546.3,
    "complexity_score": "very_hard",
    "n_binary_variables": 3264,