{
  "id": "3a685788-8743-4cf0-a7a0-eb8da5614c72",
  "horizon_hours": 24,
  "dt_minutes": 15,
  "graph": {
    "regions": 4,
    "zones_per_region": [
      3,
      3,
      4,
      8
    ],
    "sites_per_zone": [
      5,
      5,
      5,
      6,
      6,
      3,
      6,
      2,
      5,
      6,
      2,
      5,
      2,
      3,
      7,
      2,
      3,
      2
    ],
    "intertie_density": 0.585651449301354,
    "neighbor_nations": 1
  },
  "assets": {
    "thermal_per_site": [
      1,
      0,
      2,
      0,
      0,
      0,
      1,
      3,
      3,
      3,
      0,
      3,
      1,
      3,
      3,
      3,
      0,
      0
    ],
    "solar_per_site": [
      2,
      1,
      1,
      1,
      3,
      1,
      2,
      3,
      1,
      2,
      3,
      3,
      2,
      2,
      2,
      3,
      2,
      3
    ],
    "wind_per_site": [
      2,
      2,
      2,
      3,
      2,
      1,
      1,
      2,
      1,
      3,
      3,
      1,
      1,
      1,
      3,
      1,
      3,
      3
    ],
    "battery_per_site": [
      2,
      0,
      2,
      2,
      2,
      1,
      1,
      2,
      0,
      0,
      2,
      1,
      0,
      1,
      2,
      1,
      2,
      0
    ],
    "dr_per_site": [
      2,
      0,
      0,
      2,
      2,
      1,
      1,
      2,
      1,
      2,
      1,
      1,
      2,
      2,
      1,
      1,
      0,
      2
    ],
    "nuclear_per_region": [
      1,
      1,
      2,
      1
    ],
    "hydro_reservoir_per_region": [
      0,
      2,
      2,
      1
    ],
    "hydro_ror_per_zone": [
      0,
      1,
      2,
      2,
      1,
      1,
      1,
      2,
      0,
      1,
      1,
      1,
      1,
      1,
      1,
      1,
      0,
      2
    ],
    "hydro_pumped_per_region": [
      0,
      2,
      1,
      1
    ]
  },
  "econ_policy": {
    "co2_price": 63.81034845708262,
    "price_cap": 4360.302254592141,
    "cross_border_policy": "cap",
    "import_export_caps_factor": 1.33780006770307
  },
  "tech": {
    "thermal_marg_cost": 11.384345094699018,
    "thermal_ramp_pct": 0.32246011938760766,
    "battery_roundtrip_eff": 0.8661775738002921,
    "battery_e_to_p_hours": 3.0291768634809775,
    "dr_max_shed_share": 0.30680172242110504,
    "dr_duration_hours": 5.409856296137352,
    "hydro_reservoir_head_eff": 0.8373419319636012,
    "battery_initial_soc_fraction": 0.5658625216485733,
    "battery_final_soc_tolerance": 0.1678359505065482,
    "battery_self_discharge_per_hour": 0.005815870105415056,
    "pumped_initial_level_fraction": 0.44565707365840873,
    "pumped_final_level_tolerance": 0.07139716920932482,
    "pumped_self_discharge_per_hour": 0.0007458108806662754
  },
  "operation_costs": {
    "thermal_fuel_eur_per_mwh": 70.88639635384246,
    "nuclear_fuel_eur_per_mwh": 12.923226180317533,
    "demand_response_cost_eur_per_mwh": 778.7518334356832,
    "value_of_lost_load_eur_per_mwh": 8747.685572061366,
    "renewable_spill_cost_eur_per_mwh": 1564.5848152566848,
    "hydro_spill_cost_eur_per_mwh": 561.6507569751254,
    "overgen_spill_cost_eur_per_mwh": 6552.514227173356,
    "battery_cycle_cost_eur_per_mwh": 88.22758325851643,
    "pumped_cycle_cost_eur_per_mwh": 55.70171966456429
  },
  "exogenous": {
    "weather_profile": "calm_winter",
    "weather_spread_intensity": 1.166555633819947,
    "demand_profile": "heatwave",
    "demand_scale_factor": 0.9195543310942261,
    "inflow_factor": 0.7718954879517564,
    "zone_profile_variants": {
      "evening_peak": 0.28,
      "double_peak": 0.16,
      "office_peak": 0.2,
      "industrial": 0.14,
      "night_shift": 0.1,
      "residential_morning": 0.12
    },
    "zone_profile_mix_weight": [
      0.4,
      0.8
    ],
    "zone_profile_phase_shift_hours": [
      -2.5,
      2.5
    ],
    "zone_profile_noise_std": [
      0.02,
      0.06
    ],
    "zone_profile_curvature_exp": [
      0.9,
      1.18
    ],
    "region_weather": {
      "R1": {
        "weather_profile": "stormy_winter",
        "weather_spread_intensity": 1.0871788762377226
      },
      "R2": {
        "weather_profile": "calm_winter",
        "weather_spread_intensity": 1.2423494857143602
      },
      "R3": {
        "weather_profile": "mixed",
        "weather_spread_intensity": 1.1030687008729663
      },
      "R4": {
        "weather_profile": "calm_winter",
        "weather_spread_intensity": 1.2336254724547384
      }
    }
  },
  "mip_gap_target_pct": 0.5820841021315251,
  "estimates": {
    "vars_total": 93024,
    "cons_total": 120931,
    "est_cpu_hours": 1.7332932222222222
  },
  "meta": {
    "regions": 4,
    "zones": 18,
    "sites": 18,
    "intertie_density": 0.585651449301354,
    "neighbor_nations": 1,
    "assets": {
      "thermal": 26,
      "solar": 37,
      "wind": 35,
      "battery": 21,
      "dr": 23,
      "nuclear": 5,
      "hydro_reservoir": 5,
      "hydro_ror": 19,
      "hydro_pumped": 4
    },
    "demand_scale_factor": 0.9195543310942261,
    "zone_profile_variants": {
      "evening_peak": 0.28,
      "double_peak": 0.16,
      "office_peak": 0.2,
      "industrial": 0.14,
      "night_shift": 0.1,
      "residential_morning": 0.12
    },
    "zone_profile_mix_weight": [
      0.4,
      0.8
    ],
    "weather_profile": "calm_winter",
    "cross_border_policy": "cap",
    "price_cap": 4360.302254592141,
    "co2_price": 63.81034845708262,
    "import_export_caps_factor": 1.33780006770307,
    "operation_costs": {
      "thermal_fuel_eur_per_mwh": 70.88639635384246,
      "nuclear_fuel_eur_per_mwh": 12.923226180317533,
      "demand_response_cost_eur_per_mwh": 778.7518334356832,
      "value_of_lost_load_eur_per_mwh": 8747.685572061366,
      "renewable_spill_cost_eur_per_mwh": 1564.5848152566848,
      "hydro_spill_cost_eur_per_mwh": 561.6507569751254,
      "overgen_spill_cost_eur_per_mwh": 6552.514227173356,
      "battery_cycle_cost_eur_per_mwh": 88.22758325851643,
      "pumped_cycle_cost_eur_per_mwh": 55.70171966456429
    },
    "tech_scalers": {
      "thermal_marg_cost": 11.384345094699018,
      "thermal_ramp_pct": 0.32246011938760766,
      "battery_roundtrip_eff": 0.8661775738002921,
      "battery_e_to_p_hours": 3.0291768634809775,
      "dr_max_shed_share": 0.30680172242110504,
      "dr_duration_hours": 5.409856296137352,
      "hydro_reservoir_head_eff": 0.8373419319636012,
      "battery_initial_soc_fraction": 0.5658625216485733,
      "battery_final_soc_tolerance": 0.1678359505065482,
      "battery_self_discharge_per_hour": 0.005815870105415056,
      "pumped_initial_level_fraction": 0.44565707365840873,
      "pumped_final_level_tolerance": 0.07139716920932482,
      "pumped_self_discharge_per_hour": 0.0007458108806662754
    }
  },
  "flexibility_metrics": {
    "total_storage_power_mw": 1850.0,
    "total_storage_capacity_mwh": 9580.6,
    "battery_power_mw": 1050.0,
    "battery_capacity_mwh": 3180.6,
    "pumped_power_mw": 800.0,
    "pumped_capacity_mwh": 6400.0,
    "total_dr_capacity_mw": 2539.1,
    "total_ramp_up_mw_per_step": 691.3,
    "total_ramp_down_mw_per_step": 691.3,
    "thermal_flex_ratio": 0.343,
    "dr_duration_hours": 5.41,
    "battery_roundtrip_efficiency": 0.866
  },
  "difficulty_indicators": {
    "vre_penetration_pct": 31.91,
    "net_demand_volatility": 0.251,
    "peak_to_valley_ratio": 1.66,
    "estimated_milp_solve_time_seconds": 6239.9,
    "complexity_score": "hard",
    "n_binary_variables": 2496,
    "n_timesteps": 96,
    "n_zones": 18,
    "weather_profile": "calm_winter",
    "demand_profile": "heatwave"
  }
}