{
  "id": "3e27efcf-54dc-4219-854c-42e103b0acd3",
  "horizon_hours": 24,
  "dt_minutes": 15,
  "graph": {
    "regions": 4,
    "zones_per_region": [
      7,
      6,
      9,
      4
    ],
    "sites_per_zone": [
      7,
      3,
      4,
      8,
      5,
      8,
      5,
      7,
      2,
      7,
      8,
      3,
      2,
      4,
      7,
      5,
      7,
      2,
      4,
      5,
      7,
      4,
      4,
      2,
      2,
      2
    ],
    "intertie_density": 0.39352600161226187,
    "neighbor_nations": 1
  },
  "assets": {
    "thermal_per_site": [
      0,
      3,
      1,
      1,
      1,
      3,
      3,
      0,
      1,
      3,
      2,
      0,
      2,
      0,
      3,
      3,
      0,
      3,
      1,
      0,
      0,
      0,
      0,
      0,
      0,
      2
    ],
    "solar_per_site": [
      3,
      3,
      1,
      1,
      1,
      2,
      1,
      3,
      2,
      2,
      3,
      1,
      3,
      1,
      2,
      1,
      1,
      3,
      1,
      1,
      2,
      3,
      2,
      2,
      2,
      2
    ],
    "wind_per_site": [
      2,
      1,
      2,
      3,
      2,
      2,
      1,
      1,
      3,
      3,
      3,
      3,
      2,
      2,
      1,
      2,
      3,
      2,
      3,
      3,
      3,
      1,
      2,
      3,
      2,
      3
    ],
    "battery_per_site": [
      0,
      0,
      0,
      2,
      1,
      1,
      0,
      0,
      0,
      1,
      0,
      1,
      0,
      2,
      1,
      2,
      2,
      1,
      2,
      2,
      1,
      2,
      2,
      1,
      2,
      1
    ],
    "dr_per_site": [
      0,
      0,
      2,
      1,
      2,
      1,
      0,
      2,
      2,
      0,
      2,
      1,
      2,
      0,
      1,
      2,
      0,
      2,
      0,
      0,
      2,
      0,
      1,
      2,
      1,
      1
    ],
    "nuclear_per_region": [
      2,
      1,
      1,
      1
    ],
    "hydro_reservoir_per_region": [
      0,
      1,
      0,
      1
    ],
    "hydro_ror_per_zone": [
      0,
      1,
      0,
      2,
      1,
      1,
      0,
      0,
      0,
      0,
      0,
      1,
      1,
      2,
      1,
      1,
      0,
      1,
      1,
      2,
      2,
      0,
      0,
      2,
      2,
      1
    ],
    "hydro_pumped_per_region": [
      1,
      1,
      1,
      0
    ]
  },
  "econ_policy": {
    "co2_price": 112.50689115571508,
    "price_cap": 2629.500168625011,
    "cross_border_policy": "allow",
    "import_export_caps_factor": 0.6676330316874746
  },
  "tech": {
    "thermal_marg_cost": 9.247981126616946,
    "thermal_ramp_pct": 0.4405068686930504,
    "battery_roundtrip_eff": 0.8951849406794715,
    "battery_e_to_p_hours": 2.058848354392441,
    "dr_max_shed_share": 0.13834838015628498,
    "dr_duration_hours": 5.513743019769235,
    "hydro_reservoir_head_eff": 0.7896796666548438,
    "battery_initial_soc_fraction": 0.6321552226162165,
    "battery_final_soc_tolerance": 0.07783888916536383,
    "battery_self_discharge_per_hour": 0.005316045842346483,
    "pumped_initial_level_fraction": 0.5269426917638651,
    "pumped_final_level_tolerance": 0.1615663759395401,
    "pumped_self_discharge_per_hour": 0.0038995376699645515
  },
  "operation_costs": {
    "thermal_fuel_eur_per_mwh": 79.35547238827806,
    "nuclear_fuel_eur_per_mwh": 8.244297447629961,
    "demand_response_cost_eur_per_mwh": 670.4293030738465,
    "value_of_lost_load_eur_per_mwh": 8659.88663799921,
    "renewable_spill_cost_eur_per_mwh": 1433.063184276631,
    "hydro_spill_cost_eur_per_mwh": 283.3900909168557,
    "overgen_spill_cost_eur_per_mwh": 7312.109669858976,
    "battery_cycle_cost_eur_per_mwh": 108.50105864265578,
    "pumped_cycle_cost_eur_per_mwh": 50.71779714469705
  },
  "exogenous": {
    "weather_profile": "stormy_winter",
    "weather_spread_intensity": 1.0642680641400537,
    "demand_profile": "heatwave",
    "demand_scale_factor": 0.6534567509865429,
    "inflow_factor": 1.5184864399123241,
    "zone_profile_variants": {
      "evening_peak": 0.28,
      "double_peak": 0.16,
      "office_peak": 0.2,
      "industrial": 0.14,
      "night_shift": 0.1,
      "residential_morning": 0.12
    },
    "zone_profile_mix_weight": [
      0.4,
      0.8
    ],
    "zone_profile_phase_shift_hours": [
      -2.5,
      2.5
    ],
    "zone_profile_noise_std": [
      0.02,
      0.06
    ],
    "zone_profile_curvature_exp": [
      0.9,
      1.18
    ],
    "region_weather": {
      "R1": {
        "weather_profile": "stormy_winter",
        "weather_spread_intensity": 1.0234739998567215
      },
      "R2": {
        "weather_profile": "overcast_summer",
        "weather_spread_intensity": 0.6634428017664952
      },
      "R3": {
        "weather_profile": "stormy_winter",
        "weather_spread_intensity": 1.2047668626267232
      },
      "R4": {
        "weather_profile": "sunny_summer",
        "weather_spread_intensity": 1.3653885923102753
      }
    }
  },
  "mip_gap_target_pct": 0.5857413438699512,
  "estimates": {
    "vars_total": 125856,
    "cons_total": 163612,
    "est_cpu_hours": 2.3191568888888887
  },
  "meta": {
    "regions": 4,
    "zones": 26,
    "sites": 26,
    "intertie_density": 0.39352600161226187,
    "neighbor_nations": 1,
    "assets": {
      "thermal": 32,
      "solar": 49,
      "wind": 58,
      "battery": 27,
      "dr": 27,
      "nuclear": 5,
      "hydro_reservoir": 2,
      "hydro_ror": 22,
      "hydro_pumped": 3
    },
    "demand_scale_factor": 0.6534567509865429,
    "zone_profile_variants": {
      "evening_peak": 0.28,
      "double_peak": 0.16,
      "office_peak": 0.2,
      "industrial": 0.14,
      "night_shift": 0.1,
      "residential_morning": 0.12
    },
    "zone_profile_mix_weight": [
      0.4,
      0.8
    ],
    "weather_profile": "stormy_winter",
    "cross_border_policy": "allow",
    "price_cap": 2629.500168625011,
    "co2_price": 112.50689115571508,
    "import_export_caps_factor": 0.6676330316874746,
    "operation_costs": {
      "thermal_fuel_eur_per_mwh": 79.35547238827806,
      "nuclear_fuel_eur_per_mwh": 8.244297447629961,
      "demand_response_cost_eur_per_mwh": 670.4293030738465,
      "value_of_lost_load_eur_per_mwh": 8659.88663799921,
      "renewable_spill_cost_eur_per_mwh": 1433.063184276631,
      "hydro_spill_cost_eur_per_mwh": 283.3900909168557,
      "overgen_spill_cost_eur_per_mwh": 7312.109669858976,
      "battery_cycle_cost_eur_per_mwh": 108.50105864265578,
      "pumped_cycle_cost_eur_per_mwh": 50.71779714469705
    },
    "tech_scalers": {
      "thermal_marg_cost": 9.247981126616946,
      "thermal_ramp_pct": 0.4405068686930504,
      "battery_roundtrip_eff": 0.8951849406794715,
      "battery_e_to_p_hours": 2.058848354392441,
      "dr_max_shed_share": 0.13834838015628498,
      "dr_duration_hours": 5.513743019769235,
      "hydro_reservoir_head_eff": 0.7896796666548438,
      "battery_initial_soc_fraction": 0.6321552226162165,
      "battery_final_soc_tolerance": 0.07783888916536383,
      "battery_self_discharge_per_hour": 0.005316045842346483,
      "pumped_initial_level_fraction": 0.5269426917638651,
      "pumped_final_level_tolerance": 0.1615663759395401,
      "pumped_self_discharge_per_hour": 0.0038995376699645515
    }
  },
  "flexibility_metrics": {
    "total_storage_power_mw": 1950.0,
    "total_storage_capacity_mwh": 7579.4,
    "battery_power_mw": 1350.0,
    "battery_capacity_mwh": 2779.4,
    "pumped_power_mw": 600.0,
    "pumped_capacity_mwh": 4800.0,
    "total_dr_capacity_mw": 1175.3,
    "total_ramp_up_mw_per_step": 1119.7,
    "total_ramp_down_mw_per_step": 1119.7,
    "thermal_flex_ratio": 0.214,
    "dr_duration_hours": 5.51,
    "battery_roundtrip_efficiency": 0.895
  },
  "difficulty_indicators": {
    "vre_penetration_pct": 40.48,
    "net_demand_volatility": 0.333,
    "peak_to_valley_ratio": 1.18,
    "estimated_milp_solve_time_seconds": 8349.0,
    "complexity_score": "very_hard",