{
  "id": "ebb64cf0-fbf5-4730-8b96-0b8a661f79f3",
  "horizon_hours": 24,
  "dt_minutes": 15,
  "graph": {
    "regions": 3,
    "zones_per_region": [
      8,
      5,
      9
    ],
    "sites_per_zone": [
      7,
      2,
      4,
      2,
      2,
      6,
      8,
      7,
      6,
      6,
      6,
      4,
      4,
      2,
      7,
      6,
      7,
      6,
      8,
      5,
      2,
      4
    ],
    "intertie_density": 0.32171842221413505,
    "neighbor_nations": 2
  },
  "assets": {
    "thermal_per_site": [
      0,
      0,
      3,
      1,
      2,
      1,
      1,
      0,
      3,
      0,
      0,
      2,
      1,
      2,
      3,
      3,
      0,
      1,
      2,
      1,
      3,
      2
    ],
    "solar_per_site": [
      2,
      2,
      3,
      1,
      1,
      2,
      1,
      3,
      3,
      2,
      2,
      3,
      2,
      2,
      2,
      2,
      1,
      2,
      1,
      2,
      2,
      3
    ],
    "wind_per_site": [
      3,
      2,
      1,
      2,
      1,
      3,
      2,
      3,
      3,
      2,
      1,
      3,
      3,
      2,
      2,
      3,
      1,
      3,
      2,
      2,
      3,
      3
    ],
    "battery_per_site": [
      0,
      2,
      1,
      1,
      0,
      2,
      0,
      0,
      0,
      1,
      1,
      1,
      0,
      1,
      0,
      2,
      1,
      2,
      1,
      2,
      0,
      0
    ],
    "dr_per_site": [
      0,
      2,
      0,
      0,
      2,
      0,
      1,
      2,
      0,
      0,
      1,
      2,
      0,
      1,
      1,
      2,
      2,
      2,
      0,
      2,
      1,
      1
    ],
    "nuclear_per_region": [
      1,
      1,
      2
    ],
    "hydro_reservoir_per_region": [
      2,
      1,
      3
    ],
    "hydro_ror_per_zone": [
      1,
      1,
      0,
      0,
      2,
      2,
      1,
      1,
      1,
      0,
      1,
      0,
      2,
      2,
      1,
      2,
      1,
      0,
      1,
      2,
      0,
      1
    ],
    "hydro_pumped_per_region": [
      2,
      0,
      2
    ]
  },
  "econ_policy": {
    "co2_price": 99.85051825597138,
    "price_cap": 3432.1097905585784,
    "cross_border_policy": "block",
    "import_export_caps_factor": 0.7258693610327889
  },
  "tech": {
    "thermal_marg_cost": 14.361498447945799,
    "thermal_ramp_pct": 0.28540901436053046,
    "battery_roundtrip_eff": 0.8662859680043797,
    "battery_e_to_p_hours": 1.9743042453693807,
    "dr_max_shed_share": 0.19430097026719373,
    "dr_duration_hours": 4.083481554474347,
    "hydro_reservoir_head_eff": 0.7909252617501884,
    "battery_initial_soc_fraction": 0.5415742847658975,
    "battery_final_soc_tolerance": 0.12903374833639147,
    "battery_self_discharge_per_hour": 0.004623535525621991,
    "pumped_initial_level_fraction": 0.4857496165729781,
    "pumped_final_level_tolerance": 0.07334243261201473,
    "pumped_self_discharge_per_hour": 0.0015595648141663143
  },
  "operation_costs": {
    "thermal_fuel_eur_per_mwh": 64.42954027905336,
    "nuclear_fuel_eur_per_mwh": 15.757089028787911,
    "demand_response_cost_eur_per_mwh": 890.0234197732149,
    "value_of_lost_load_eur_per_mwh": 9402.67467531299,
    "renewable_spill_cost_eur_per_mwh": 1355.403504614665,
    "hydro_spill_cost_eur_per_mwh": 509.5290315770716,
    "overgen_spill_cost_eur_per_mwh": 3478.34818366976,
    "battery_cycle_cost_eur_per_mwh": 94.88706901486852,
    "pumped_cycle_cost_eur_per_mwh": 45.88717997863665
  },
  "exogenous": {
    "weather_profile": "sunny_summer",
    "weather_spread_intensity": 1.1846115655404121,
    "demand_profile": "cold_snap",
    "demand_scale_factor": 0.7722585558753968,
    "inflow_factor": 1.515965810282101,
    "zone_profile_variants": {
      "evening_peak": 0.28,
      "double_peak": 0.16,
      "office_peak": 0.2,
      "industrial": 0.14,
      "night_shift": 0.1,
      "residential_morning": 0.12
    },
    "zone_profile_mix_weight": [
      0.4,
      0.8
    ],
    "zone_profile_phase_shift_hours": [
      -2.5,
      2.5
    ],
    "zone_profile_noise_std": [
      0.02,
      0.06
    ],
    "zone_profile_curvature_exp": [
      0.9,
      1.18
    ],
    "region_weather": {
      "R1": {
        "weather_profile": "mixed",
        "weather_spread_intensity": 1.4900551255868053
      },
      "R2": {
        "weather_profile": "sunny_summer",
        "weather_spread_intensity": 1.3550723579650432
      },
      "R3": {
        "weather_profile": "sunny_summer",
        "weather_spread_intensity": 0.7087072130693881
      }
    }
  },
  "mip_gap_target_pct": 0.4193239122031413,
  "estimates": {
    "vars_total": 109248,
    "cons_total": 142022,
    "est_cpu_hours": 2.022799777777778
  },
  "meta": {
    "regions": 3,
    "zones": 22,
    "sites": 22,
    "intertie_density": 0.32171842221413505,
    "neighbor_nations": 2,
    "assets": {
      "thermal": 31,
      "solar": 44,
      "wind": 50,
      "battery": 18,
      "dr": 22,
      "nuclear": 4,
      "hydro_reservoir": 6,
      "hydro_ror": 22,
      "hydro_pumped": 4
    },
    "demand_scale_factor": 0.7722585558753968,
    "zone_profile_variants": {
      "evening_peak": 0.28,
      "double_peak": 0.16,
      "office_peak": 0.2,
      "industrial": 0.14,
      "night_shift": 0.1,
      "residential_morning": 0.12
    },
    "zone_profile_mix_weight": [
      0.4,
      0.8
    ],
    "weather_profile": "sunny_summer",
    "cross_border_policy": "block",
    "price_cap": 3432.1097905585784,
    "co2_price": 99.85051825597138,
    "import_export_caps_factor": 0.7258693610327889,
    "operation_costs": {
      "thermal_fuel_eur_per_mwh": 64.42954027905336,
      "nuclear_fuel_eur_per_mwh": 15.757089028787911,
      "demand_response_cost_eur_per_mwh": 890.0234197732149,
      "value_of_lost_load_eur_per_mwh": 9402.67467531299,
      "renewable_spill_cost_eur_per_mwh": 1355.403504614665,
      "hydro_spill_cost_eur_per_mwh": 509.5290315770716,
      "overgen_spill_cost_eur_per_mwh": 3478.34818366976,
      "battery_cycle_cost_eur_per_mwh": 94.88706901486852,
      "pumped_cycle_cost_eur_per_mwh": 45.88717997863665
    },
    "tech_scalers": {
      "thermal_marg_cost": 14.361498447945799,
      "thermal_ramp_pct": 0.28540901436053046,
      "battery_roundtrip_eff": 0.8662859680043797,
      "battery_e_to_p_hours": 1.9743042453693807,
      "dr_max_shed_share": 0.19430097026719373,
      "dr_duration_hours": 4.083481554474347,
      "hydro_reservoir_head_eff": 0.7909252617501884,
      "battery_initial_soc_fraction": 0.5415742847658975,
      "battery_final_soc_tolerance": 0.12903374833639147,
      "battery_self_discharge_per_hour": 0.004623535525621991,
      "pumped_initial_level_fraction": 0.4857496165729781,
      "pumped_final_level_tolerance": 0.07334243261201473,
      "pumped_self_discharge_per_hour": 0.0015595648141663143
    }
  },
  "flexibility_metrics": {
    "total_storage_power_mw": 1700.0,
    "total_storage_capacity_mwh": 8176.9,
    "battery_power_mw": 900.0,
    "battery_capacity_mwh": 1776.9,
    "pumped_power_mw": 800.0,
    "pumped_capacity_mwh": 6400.0,
    "total_dr_capacity_mw": 1650.6,
    "total_ramp_up_mw_per_step": 713.6,
    "total_ramp_down_mw_per_step": 713.6,
    "thermal_flex_ratio": 0.252,
    "dr_duration_hours": 4.08,
    "battery_roundtrip_efficiency": 0.866
  },
  "difficulty_indicators": {
    "vre_penetration_pct": 36.5,
    "net_demand_volatility": 0.297,
    "peak_to_valley_ratio": 1.39,
    "estimated_milp_solve_time_seconds": 7282.1,
    "complexity_score": "hard",
    "n_binary_variables": 2976,
    "n_timesteps": 96,
    "n_zones": 22,
    "weather_profile": "sunny_summer",
    "demand_profile": "cold_snap"
  }
}