{
  "id": "655af7f6-5326-4d23-b43e-69dce0042037",
  "horizon_hours": 24,
  "dt_minutes": 15,
  "graph": {
    "regions": 3,
    "zones_per_region": [
      4,
      8,
      3
    ],
    "sites_per_zone": [
      4,
      3,
      8,
      8,
      3,
      8,
      3,
      2,
      8,
      4,
      5,
      2,
      5,
      7,
      2
    ],
    "intertie_density": 0.5523814624471151,
    "neighbor_nations": 3
  },
  "assets": {
    "thermal_per_site": [
      3,
      2,
      0,
      0,
      2,
      1,
      1,
      3,
      3,
      0,
      1,
      3,
      2,
      1,
      2
    ],
    "solar_per_site": [
      2,
      1,
      2,
      1,
      1,
      3,
      3,
      3,
      3,
      1,
      2,
      2,
      1,
      2,
      2
    ],
    "wind_per_site": [
      3,
      3,
      2,
      1,
      3,
      3,
      2,
      2,
      1,
      3,
      1,
      1,
      2,
      1,
      3
    ],
    "battery_per_site": [
      0,
      0,
      2,
      0,
      1,
      1,
      0,
      2,
      0,
      0,
      2,
      0,
      1,
      2,
      2
    ],
    "dr_per_site": [
      2,
      2,
      2,
      1,
      1,
      2,
      0,
      1,
      0,
      0,
      1,
      1,
      0,
      1,
      2
    ],
    "nuclear_per_region": [
      2,
      1,
      0
    ],
    "hydro_reservoir_per_region": [
      3,
      2,
      0
    ],
    "hydro_ror_per_zone": [
      1,
      2,
      2,
      2,
      2,
      1,
      2,
      2,
      2,
      0,
      2,
      0,
      1,
      0,
      0
    ],
    "hydro_pumped_per_region": [
      1,
      2,
      2
    ]
  },
  "econ_policy": {
    "co2_price": 65.65275669922796,
    "price_cap": 3513.7966721299454,
    "cross_border_policy": "allow",
    "import_export_caps_factor": 1.394683416922566
  },
  "tech": {
    "thermal_marg_cost": 1.7281588728148634,
    "thermal_ramp_pct": 0.24808611529104707,
    "battery_roundtrip_eff": 0.8971843047411863,
    "battery_e_to_p_hours": 2.385634718377645,
    "dr_max_shed_share": 0.06380747434547916,
    "dr_duration_hours": 5.292126449918112,
    "hydro_reservoir_head_eff": 0.8372217161890556,
    "battery_initial_soc_fraction": 0.5013898976923141,
    "battery_final_soc_tolerance": 0.06694469599504566,
    "battery_self_discharge_per_hour": 0.008314354932199161,
    "pumped_initial_level_fraction": 0.5671519085529001,
    "pumped_final_level_tolerance": 0.12618457017010898,
    "pumped_self_discharge_per_hour": 0.0014731726620335604
  },
  "operation_costs": {
    "thermal_fuel_eur_per_mwh": 83.83355547429325,
    "nuclear_fuel_eur_per_mwh": 8.955658533873098,
    "demand_response_cost_eur_per_mwh": 941.94993460427,
    "value_of_lost_load_eur_per_mwh": 6137.998881398088,
    "renewable_spill_cost_eur_per_mwh": 1029.1834288184857,
    "hydro_spill_cost_eur_per_mwh": 391.9066364354412,
    "overgen_spill_cost_eur_per_mwh": 7845.081570761956,
    "battery_cycle_cost_eur_per_mwh": 110.73729349851504,
    "pumped_cycle_cost_eur_per_mwh": 72.33072333679104
  },
  "exogenous": {
    "weather_profile": "mixed",
    "weather_spread_intensity": 1.3530728331352961,
    "demand_profile": "wkday_peak",
    "demand_scale_factor": 1.0403605755013008,
    "inflow_factor": 0.5517005372137834,
    "zone_profile_variants": {
      "evening_peak": 0.28,
      "double_peak": 0.16,
      "office_peak": 0.2,
      "industrial": 0.14,
      "night_shift": 0.1,
      "residential_morning": 0.12
    },
    "zone_profile_mix_weight": [
      0.4,
      0.8
    ],
    "zone_profile_phase_shift_hours": [
      -2.5,
      2.5
    ],
    "zone_profile_noise_std": [
      0.02,
      0.06
    ],
    "zone_profile_curvature_exp": [
      0.9,
      1.18
    ],
    "region_weather": {
      "R1": {
        "weather_profile": "mixed",
        "weather_spread_intensity": 1.3679491002569262
      },
      "R2": {
        "weather_profile": "mixed",
        "weather_spread_intensity": 1.4892277018728093
      },
      "R3": {
        "weather_profile": "stormy_winter",
        "weather_spread_intensity": 1.2020416972761536
      }
    }
  },
  "mip_gap_target_pct": 0.8057513396260063,
  "estimates": {
    "vars_total": 77088,
    "cons_total": 100214,
    "est_cpu_hours": 1.4489224444444446
  },
  "meta": {
    "regions": 3,
    "zones": 15,
    "sites": 15,
    "intertie_density": 0.5523814624471151,
    "neighbor_nations": 3,
    "assets": {
      "thermal": 24,
      "solar": 29,
      "wind": 31,
      "battery": 13,
      "dr": 16,
      "nuclear": 3,
      "hydro_reservoir": 5,
      "hydro_ror": 19,
      "hydro_pumped": 5
    },
    "demand_scale_factor": 1.0403605755013008,
    "zone_profile_variants": {
      "evening_peak": 0.28,
      "double_peak": 0.16,
      "office_peak": 0.2,
      "industrial": 0.14,
      "night_shift": 0.1,
      "residential_morning": 0.12
    },
    "zone_profile_mix_weight": [
      0.4,
      0.8
    ],
    "weather_profile": "mixed",
    "cross_border_policy": "allow",
    "price_cap": 3513.7966721299454,
    "co2_price": 65.65275669922796,
    "import_export_caps_factor": 1.394683416922566,
    "operation_costs": {
      "thermal_fuel_eur_per_mwh": 83.83355547429325,
      "nuclear_fuel_eur_per_mwh": 8.955658533873098,
      "demand_response_cost_eur_per_mwh": 941.94993460427,
      "value_of_lost_load_eur_per_mwh": 6137.998881398088,
      "renewable_spill_cost_eur_per_mwh": 1029.1834288184857,
      "hydro_spill_cost_eur_per_mwh": 391.9066364354412,
      "overgen_spill_cost_eur_per_mwh": 7845.081570761956,
      "battery_cycle_cost_eur_per_mwh": 110.73729349851504,
      "pumped_cycle_cost_eur_per_mwh": 72.33072333679104
    },
    "tech_scalers": {
      "thermal_marg_cost": 1.7281588728148634,
      "thermal_ramp_pct": 0.24808611529104707,
      "battery_roundtrip_eff": 0.8971843047411863,
      "battery_e_to_p_hours": 2.385634718377645,
      "dr_max_shed_share": 0.06380747434547916,
      "dr_duration_hours": 5.292126449918112,
      "hydro_reservoir_head_eff": 0.8372217161890556,
      "battery_initial_soc_fraction": 0.5013898976923141,
      "battery_final_soc_tolerance": 0.06694469599504566,
      "battery_self_discharge_per_hour": 0.008314354932199161,
      "pumped_initial_level_fraction": 0.5671519085529001,
      "pumped_final_level_tolerance": 0.12618457017010898,
      "pumped_self_discharge_per_hour": 0.0014731726620335604
    }
  },
  "flexibility_metrics": {
    "total_storage_power_mw": 1650.0,
    "total_storage_capacity_mwh": 9550.7,
    "battery_power_mw": 650.0,
    "battery_capacity_mwh": 1550.7,
    "pumped_power_mw": 1000.0,
    "pumped_capacity_mwh": 8000.0,
    "total_dr_capacity_mw": 497.9,
    "total_ramp_up_mw_per_step": 484.1,
    "total_ramp_down_mw_per_step": 484.1,
    "thermal_flex_ratio": 0.211,
    "dr_duration_hours": 5.29,
    "battery_roundtrip_efficiency": 0.897
  },
  "difficulty_indicators": {
    "vre_penetration_pct": 31.39,
    "net_demand_volatility": 0.234,
    "peak_to_valley_ratio": 1.87,
    "estimated_milp_solve_time_seconds": 5216.1,
    "complexity_score": "hard",
    "n_binary_variables": 2304,
    "n_timesteps": 96,
    "n_zones": 15,
    "weather_profile": "mixed",
    "demand_profile": "wkday_peak"
  }
}