{
  "id": "58337929-a845-41fa-9eb0-c8401286cae3",
  "horizon_hours": 24,
  "dt_minutes": 15,
  "graph": {
    "regions": 2,
    "zones_per_region": [
      9,
      6
    ],
    "sites_per_zone": [
      3,
      7,
      2,
      2,
      6,
      4,
      5,
      7,
      6,
      4,
      4,
      4,
      5,
      3,
      6
    ],
    "intertie_density": 0.25813119244704963,
    "neighbor_nations": 1
  },
  "assets": {
    "thermal_per_site": [
      0,
      1,
      0,
      2,
      1,
      3,
      2,
      3,
      3,
      0,
      0,
      2,
      2,
      0,
      3
    ],
    "solar_per_site": [
      2,
      1,
      3,
      3,
      1,
      2,
      2,
      2,
      2,
      2,
      1,
      2,
      2,
      2,
      3
    ],
    "wind_per_site": [
      3,
      1,
      3,
      1,
      1,
      1,
      2,
      2,
      3,
      2,
      2,
      2,
      1,
      1,
      3
    ],
    "battery_per_site": [
      0,
      2,
      1,
      1,
      0,
      1,
      0,
      2,
      2,
      1,
      2,
      1,
      0,
      2,
      0
    ],
    "dr_per_site": [
      0,
      0,
      2,
      2,
      2,
      0,
      2,
      0,
      2,
      0,
      2,
      0,
      0,
      2,
      1
    ],
    "nuclear_per_region": [
      1,
      2
    ],
    "hydro_reservoir_per_region": [
      0,
      0
    ],
    "hydro_ror_per_zone": [
      0,
      0,
      2,
      1,
      0,
      2,
      0,
      0,
      0,
      2,
      0,
      2,
      2,
      0,
      0
    ],
    "hydro_pumped_per_region": [
      0,
      0
    ]
  },
  "econ_policy": {
    "co2_price": 165.86267996375796,
    "price_cap": 3036.634891234864,
    "cross_border_policy": "block",
    "import_export_caps_factor": 1.5748713810455985
  },
  "tech": {
    "thermal_marg_cost": 4.346897261219814,
    "thermal_ramp_pct": 0.33555208377541057,
    "battery_roundtrip_eff": 0.9051225430832525,
    "battery_e_to_p_hours": 4.579866734249146,
    "dr_max_shed_share": 0.2618186935930999,
    "dr_duration_hours": 5.195848515272019,
    "hydro_reservoir_head_eff": 0.9911467903593371,
    "battery_initial_soc_fraction": 0.6351645373409693,
    "battery_final_soc_tolerance": 0.16387488456734445,
    "battery_self_discharge_per_hour": 0.003665453810159472,
    "pumped_initial_level_fraction": 0.5673369901122342,
    "pumped_final_level_tolerance": 0.15621275810939583,
    "pumped_self_discharge_per_hour": 0.0018308056979351671
  },
  "operation_costs": {
    "thermal_fuel_eur_per_mwh": 60.296637206685055,
    "nuclear_fuel_eur_per_mwh": 14.54835425135338,
    "demand_response_cost_eur_per_mwh": 405.13815073127233,
    "value_of_lost_load_eur_per_mwh": 9202.93676602761,
    "renewable_spill_cost_eur_per_mwh": 1938.309849344458,
    "hydro_spill_cost_eur_per_mwh": 868.6468487526183,
    "overgen_spill_cost_eur_per_mwh": 4826.405485497071,
    "battery_cycle_cost_eur_per_mwh": 115.8930915647941,
    "pumped_cycle_cost_eur_per_mwh": 52.16978561204955
  },
  "exogenous": {
    "weather_profile": "sunny_summer",
    "weather_spread_intensity": 1.2966492438061616,
    "demand_profile": "cold_snap",
    "demand_scale_factor": 0.9453630333044861,
    "inflow_factor": 1.3026681179747168,
    "zone_profile_variants": {
      "evening_peak": 0.28,
      "double_peak": 0.16,
      "office_peak": 0.2,
      "industrial": 0.14,
      "night_shift": 0.1,
      "residential_morning": 0.12
    },
    "zone_profile_mix_weight": [
      0.4,
      0.8
    ],
    "zone_profile_phase_shift_hours": [
      -2.5,
      2.5
    ],
    "zone_profile_noise_std": [
      0.02,
      0.06
    ],
    "zone_profile_curvature_exp": [
      0.9,
      1.18
    ],
    "region_weather": {
      "R1": {
        "weather_profile": "sunny_summer",
        "weather_spread_intensity": 1.1413967420266533
      },
      "R2": {
        "weather_profile": "calm_winter",
        "weather_spread_intensity": 1.45190174558567
      }
    }
  },
  "mip_gap_target_pct": 0.8476329045649404,
  "estimates": {
    "vars_total": 71808,
    "cons_total": 93350,
    "est_cpu_hours": 1.354703777777778
  },
  "meta": {
    "regions": 2,
    "zones": 15,
    "sites": 15,
    "intertie_density": 0.25813119244704963,
    "neighbor_nations": 1,
    "assets": {
      "thermal": 22,
      "solar": 30,
      "wind": 28,
      "battery": 15,
      "dr": 15,
      "nuclear": 3,
      "hydro_reservoir": 0,
      "hydro_ror": 11,
      "hydro_pumped": 0
    },
    "demand_scale_factor": 0.9453630333044861,
    "zone_profile_variants": {
      "evening_peak": 0.28,
      "double_peak": 0.16,
      "office_peak": 0.2,
      "industrial": 0.14,
      "night_shift": 0.1,
      "residential_morning": 0.12
    },
    "zone_profile_mix_weight": [
      0.4,
      0.8
    ],
    "weather_profile": "sunny_summer",
    "cross_border_policy": "block",
    "price_cap": 3036.634891234864,
    "co2_price": 165.86267996375796,
    "import_export_caps_factor": 1.5748713810455985,
    "operation_costs": {
      "thermal_fuel_eur_per_mwh": 60.296637206685055,
      "nuclear_fuel_eur_per_mwh": 14.54835425135338,
      "demand_response_cost_eur_per_mwh": 405.13815073127233,
      "value_of_lost_load_eur_per_mwh": 9202.93676602761,
      "renewable_spill_cost_eur_per_mwh": 1938.309849344458,
      "hydro_spill_cost_eur_per_mwh": 868.6468487526183,
      "overgen_spill_cost_eur_per_mwh": 4826.405485497071,
      "battery_cycle_cost_eur_per_mwh": 115.8930915647941,
      "pumped_cycle_cost_eur_per_mwh": 52.16978561204955
    },
    "tech_scalers": {
      "thermal_marg_cost": 4.346897261219814,
      "thermal_ramp_pct": 0.33555208377541057,
      "battery_roundtrip_eff": 0.9051225430832525,
      "battery_e_to_p_hours": 4.579866734249146,
      "dr_max_shed_share": 0.2618186935930999,
      "dr_duration_hours": 5.195848515272019,
      "hydro_reservoir_head_eff": 0.9911467903593371,
      "battery_initial_soc_fraction": 0.6351645373409693,
      "battery_final_soc_tolerance": 0.16387488456734445,
      "battery_self_discharge_per_hour": 0.003665453810159472,
      "pumped_initial_level_fraction": 0.5673369901122342,
      "pumped_final_level_tolerance": 0.15621275810939583,
      "pumped_self_discharge_per_hour": 0.0018308056979351671
    }
  },
  "flexibility_metrics": {
    "total_storage_power_mw": 750.0,
    "total_storage_capacity_mwh": 3434.9,
    "battery_power_mw": 750.0,
    "battery_capacity_mwh": 3434.9,
    "pumped_power_mw": 0.0,
    "pumped_capacity_mwh": 0.0,
    "total_dr_capacity_mw": 1856.4,
    "total_ramp_up_mw_per_step": 591.2,
    "total_ramp_down_mw_per_step": 591.2,
    "thermal_flex_ratio": 0.271,
    "dr_duration_hours": 5.2,
    "battery_roundtrip_efficiency": 0.905
  },
  "difficulty_indicators": {
    "vre_penetration_pct": 37.89,
    "net_demand_volatility": 0.297,
    "peak_to_valley_ratio": 1.7,
    "estimated_milp_solve_time_seconds": 4876.9,
    "complexity_score": "hard",
    "n_binary_variables": 2112,
    "n_timesteps": 96,
    "n_zones": 15,
    "weather_profile": "sunny_summer",
    "demand_profile": "cold_snap"
  }
}