{
  "id": "80a68078-7357-4f15-8743-9bd7f807dacc",
  "horizon_hours": 24,
  "dt_minutes": 15,
  "graph": {
    "regions": 3,
    "zones_per_region": [
      7,
      4,
      3
    ],
    "sites_per_zone": [
      4,
      7,
      5,
      2,
      3,
      5,
      2,
      7,
      6,
      7,
      2,
      4,
      4,
      5
    ],
    "intertie_density": 0.21101209930594617,
    "neighbor_nations": 1
  },
  "assets": {
    "thermal_per_site": [
      0,
      1,
      2,
      3,
      3,
      1,
      3,
      3,
      0,
      2,
      2,
      0,
      3,
      1
    ],
    "solar_per_site": [
      1,
      2,
      3,
      2,
      2,
      3,
      2,
      2,
      3,
      1,
      3,
      3,
      2,
      2
    ],
    "wind_per_site": [
      2,
      2,
      2,
      3,
      1,
      1,
      2,
      1,
      2,
      3,
      1,
      1,
      3,
      2
    ],
    "battery_per_site": [
      0,
      2,
      2,
      0,
      1,
      2,
      0,
      1,
      0,
      1,
      0,
      1,
      1,
      1
    ],
    "dr_per_site": [
      2,
      2,
      1,
      2,
      1,
      2,
      2,
      2,
      2,
      1,
      2,
      1,
      1,
      0
    ],
    "nuclear_per_region": [
      1,
      1,
      1
    ],
    "hydro_reservoir_per_region": [
      3,
      2,
      0
    ],
    "hydro_ror_per_zone": [
      0,
      0,
      1,
      2,
      0,
      2,
      0,
      2,
      1,
      1,
      0,
      2,
      0,
      1
    ],
    "hydro_pumped_per_region": [
      2,
      1,
      1
    ]
  },
  "econ_policy": {
    "co2_price": 238.95931196442072,
    "price_cap": 2542.3173175742522,
    "cross_border_policy": "cap",
    "import_export_caps_factor": 0.8902284651108832
  },
  "tech": {
    "thermal_marg_cost": 4.436327011116793,
    "thermal_ramp_pct": 0.4361572194964058,
    "battery_roundtrip_eff": 0.9391752250446438,
    "battery_e_to_p_hours": 5.5416893975406865,
    "dr_max_shed_share": 0.3458252949113086,
    "dr_duration_hours": 5.621396096105373,
    "hydro_reservoir_head_eff": 0.9674241742980163,
    "battery_initial_soc_fraction": 0.5026000322388688,
    "battery_final_soc_tolerance": 0.17765348577758439,
    "battery_self_discharge_per_hour": 0.0033298419863447546,
    "pumped_initial_level_fraction": 0.5644351658013578,
    "pumped_final_level_tolerance": 0.16669179785895694,
    "pumped_self_discharge_per_hour": 0.002528436309756365
  },
  "operation_costs": {
    "thermal_fuel_eur_per_mwh": 52.15057282297146,
    "nuclear_fuel_eur_per_mwh": 13.001598482678666,
    "demand_response_cost_eur_per_mwh": 510.8158264462887,
    "value_of_lost_load_eur_per_mwh": 6594.1385081698045,
    "renewable_spill_cost_eur_per_mwh": 1851.1350645667935,
    "hydro_spill_cost_eur_per_mwh": 686.2109692340309,
    "overgen_spill_cost_eur_per_mwh": 4081.32207406991,
    "battery_cycle_cost_eur_per_mwh": 95.95599988714369,
    "pumped_cycle_cost_eur_per_mwh": 52.054553943601704
  },
  "exogenous": {
    "weather_profile": "stormy_winter",
    "weather_spread_intensity": 0.9344406314343289,
    "demand_profile": "cold_snap",
    "demand_scale_factor": 0.8992972706777961,
    "inflow_factor": 0.5367233174350086,
    "zone_profile_variants": {
      "evening_peak": 0.28,
      "double_peak": 0.16,
      "office_peak": 0.2,
      "industrial": 0.14,
      "night_shift": 0.1,
      "residential_morning": 0.12
    },
    "zone_profile_mix_weight": [
      0.4,
      0.8
    ],
    "zone_profile_phase_shift_hours": [
      -2.5,
      2.5
    ],
    "zone_profile_noise_std": [
      0.02,
      0.06
    ],
    "zone_profile_curvature_exp": [
      0.9,
      1.18
    ],
    "region_weather": {
      "R1": {
        "weather_profile": "calm_winter",
        "weather_spread_intensity": 0.694410355637264
      },
      "R2": {
        "weather_profile": "stormy_winter",
        "weather_spread_intensity": 0.7561009031907867
      },
      "R3": {
        "weather_profile": "stormy_winter",
        "weather_spread_intensity": 1.352810635474936
      }
    }
  },
  "mip_gap_target_pct": 1.1880296069968674,
  "estimates": {
    "vars_total": 73344,
    "cons_total": 95347,
    "est_cpu_hours": 1.3821145555555556
  },
  "meta": {
    "regions": 3,
    "zones": 14,
    "sites": 14,
    "intertie_density": 0.21101209930594617,
    "neighbor_nations": 1,
    "assets": {
      "thermal": 24,
      "solar": 31,
      "wind": 26,
      "battery": 12,
      "dr": 21,
      "nuclear": 3,
      "hydro_reservoir": 5,
      "hydro_ror": 12,
      "hydro_pumped": 4
    },
    "demand_scale_factor": 0.8992972706777961,
    "zone_profile_variants": {
      "evening_peak": 0.28,
      "double_peak": 0.16,
      "office_peak": 0.2,
      "industrial": 0.14,
      "night_shift": 0.1,
      "residential_morning": 0.12
    },
    "zone_profile_mix_weight": [
      0.4,
      0.8
    ],
    "weather_profile": "stormy_winter",
    "cross_border_policy": "cap",
    "price_cap": 2542.3173175742522,
    "co2_price": 238.95931196442072,
    "import_export_caps_factor": 0.8902284651108832,
    "operation_costs": {
      "thermal_fuel_eur_per_mwh": 52.15057282297146,
      "nuclear_fuel_eur_per_mwh": 13.001598482678666,
      "demand_response_cost_eur_per_mwh": 510.8158264462887,
      "value_of_lost_load_eur_per_mwh": 6594.1385081698045,
      "renewable_spill_cost_eur_per_mwh": 1851.1350645667935,
      "hydro_spill_cost_eur_per_mwh": 686.2109692340309,
      "overgen_spill_cost_eur_per_mwh": 4081.32207406991,
      "battery_cycle_cost_eur_per_mwh": 95.95599988714369,
      "pumped_cycle_cost_eur_per_mwh": 52.054553943601704
    },
    "tech_scalers": {
      "thermal_marg_cost": 4.436327011116793,
      "thermal_ramp_pct": 0.4361572194964058,
      "battery_roundtrip_eff": 0.9391752250446438,
      "battery_e_to_p_hours": 5.5416893975406865,
      "dr_max_shed_share": 0.3458252949113086,
      "dr_duration_hours": 5.621396096105373,
      "hydro_reservoir_head_eff": 0.9674241742980163,
      "battery_initial_soc_fraction": 0.5026000322388688,
      "battery_final_soc_tolerance": 0.17765348577758439,
      "battery_self_discharge_per_hour": 0.0033298419863447546,
      "pumped_initial_level_fraction": 0.5644351658013578,
      "pumped_final_level_tolerance": 0.16669179785895694,
      "pumped_self_discharge_per_hour": 0.002528436309756365
    }
  },
  "flexibility_metrics": {
    "total_storage_power_mw": 1400.0,
    "total_storage_capacity_mwh": 9725.0,
    "battery_power_mw": 600.0,
    "battery_capacity_mwh": 3325.0,
    "pumped_power_mw": 800.0,
    "pumped_capacity_mwh": 6400.0,
    "total_dr_capacity_mw": 2177.0,
    "total_ramp_up_mw_per_step": 822.6,
    "total_ramp_down_mw_per_step": 822.6,
    "thermal_flex_ratio": 0.351,
    "dr_duration_hours": 5.62,
    "battery_roundtrip_efficiency": 0.939
  },
  "difficulty_indicators": {
    "vre_penetration_pct": 31.67,
    "net_demand_volatility": 0.32,
    "peak_to_valley_ratio": 1.62,
    "estimated_milp_solve_time_seconds": 4975.6,
    "complexity_score": "hard",
    "n_binary_variables": 2304,
    "n_timesteps": 96,
    "n_zones": 14,
    "weather_profile": "stormy_winter",
    "demand_profile": "cold_snap"
  }
}