{
  "id": "db34fba0-c8c0-4dfb-8e94-55048df6e372",
  "horizon_hours": 24,
  "dt_minutes": 15,
  "graph": {
    "regions": 2,
    "zones_per_region": [
      5,
      4
    ],
    "sites_per_zone": [
      3,
      3,
      2,
      2,
      3,
      8,
      3,
      4,
      5
    ],
    "intertie_density": 0.4301535365364798,
    "neighbor_nations": 2
  },
  "assets": {
    "thermal_per_site": [
      2,
      3,
      2,
      0,
      1,
      1,
      0,
      0,
      2
    ],
    "solar_per_site": [
      1,
      3,
      2,
      3,
      1,
      3,
      2,
      3,
      3
    ],
    "wind_per_site": [
      2,
      1,
      1,
      2,
      3,
      2,
      1,
      1,
      2
    ],
    "battery_per_site": [
      1,
      0,
      0,
      2,
      2,
      0,
      0,
      2,
      2
    ],
    "dr_per_site": [
      1,
      2,
      2,
      0,
      0,
      0,
      1,
      1,
      2
    ],
    "nuclear_per_region": [
      1,
      0
    ],
    "hydro_reservoir_per_region": [
      3,
      3
    ],
    "hydro_ror_per_zone": [
      1,
      0,
      0,
      1,
      1,
      1,
      2,
      0,
      1
    ],
    "hydro_pumped_per_region": [
      0,
      2
    ]
  },
  "econ_policy": {
    "co2_price": 234.47321038557945,
    "price_cap": 1583.2278317888245,
    "cross_border_policy": "allow",
    "import_export_caps_factor": 1.0180454262036094
  },
  "tech": {
    "thermal_marg_cost": 9.583682246767642,
    "thermal_ramp_pct": 0.13501734477044858,
    "battery_roundtrip_eff": 0.9210164133609933,
    "battery_e_to_p_hours": 4.434699968112123,
    "dr_max_shed_share": 0.2992165661799758,
    "dr_duration_hours": 3.5575728587787157,
    "hydro_reservoir_head_eff": 0.8462983907576884,
    "battery_initial_soc_fraction": 0.4060900147792754,
    "battery_final_soc_tolerance": 0.1431702521996667,
    "battery_self_discharge_per_hour": 0.005021687953622891,
    "pumped_initial_level_fraction": 0.5837018256667095,
    "pumped_final_level_tolerance": 0.07752438100102785,
    "pumped_self_discharge_per_hour": 0.0013948067209594826
  },
  "operation_costs": {
    "thermal_fuel_eur_per_mwh": 78.95402622411542,
    "nuclear_fuel_eur_per_mwh": 10.842289326996983,
    "demand_response_cost_eur_per_mwh": 722.4070693378478,
    "value_of_lost_load_eur_per_mwh": 7891.704956432331,
    "renewable_spill_cost_eur_per_mwh": 859.854470921936,
    "hydro_spill_cost_eur_per_mwh": 859.2390150587705,
    "overgen_spill_cost_eur_per_mwh": 4079.1549612410736,
    "battery_cycle_cost_eur_per_mwh": 67.15710312233526,
    "pumped_cycle_cost_eur_per_mwh": 66.25984450703069
  },
  "exogenous": {
    "weather_profile": "overcast_summer",
    "weather_spread_intensity": 1.1367423150311473,
    "demand_profile": "heatwave",
    "demand_scale_factor": 0.8518968527155678,
    "inflow_factor": 0.5867666434881277,
    "zone_profile_variants": {
      "evening_peak": 0.28,
      "double_peak": 0.16,
      "office_peak": 0.2,
      "industrial": 0.14,
      "night_shift": 0.1,
      "residential_morning": 0.12
    },
    "zone_profile_mix_weight": [
      0.4,
      0.8
    ],
    "zone_profile_phase_shift_hours": [
      -2.5,
      2.5
    ],
    "zone_profile_noise_std": [
      0.02,
      0.06
    ],
    "zone_profile_curvature_exp": [
      0.9,
      1.18
    ],
    "region_weather": {
      "R1": {
        "weather_profile": "calm_winter",
        "weather_spread_intensity": 1.4792845896137194
      },
      "R2": {
        "weather_profile": "overcast_summer",
        "weather_spread_intensity": 0.7942000404485751
      }
    }
  },
  "mip_gap_target_pct": 1.422594796577715,
  "estimates": {
    "vars_total": 44544,
    "cons_total": 57907,
    "est_cpu_hours": 0.8681945555555556
  },
  "meta": {
    "regions": 2,
    "zones": 9,
    "sites": 9,
    "intertie_density": 0.4301535365364798,
    "neighbor_nations": 2,
    "assets": {
      "thermal": 11,
      "solar": 21,
      "wind": 15,
      "battery": 9,
      "dr": 9,
      "nuclear": 1,
      "hydro_reservoir": 6,
      "hydro_ror": 7,
      "hydro_pumped": 2
    },
    "demand_scale_factor": 0.8518968527155678,
    "zone_profile_variants": {
      "evening_peak": 0.28,
      "double_peak": 0.16,
      "office_peak": 0.2,
      "industrial": 0.14,
      "night_shift": 0.1,
      "residential_morning": 0.12
    },
    "zone_profile_mix_weight": [
      0.4,
      0.8
    ],
    "weather_profile": "overcast_summer",
    "cross_border_policy": "allow",
    "price_cap": 1583.2278317888245,
    "co2_price": 234.47321038557945,
    "import_export_caps_factor": 1.0180454262036094,
    "operation_costs": {
      "thermal_fuel_eur_per_mwh": 78.95402622411542,
      "nuclear_fuel_eur_per_mwh": 10.842289326996983,
      "demand_response_cost_eur_per_mwh": 722.4070693378478,
      "value_of_lost_load_eur_per_mwh": 7891.704956432331,
      "renewable_spill_cost_eur_per_mwh": 859.854470921936,
      "hydro_spill_cost_eur_per_mwh": 859.2390150587705,
      "overgen_spill_cost_eur_per_mwh": 4079.1549612410736,
      "battery_cycle_cost_eur_per_mwh": 67.15710312233526,
      "pumped_cycle_cost_eur_per_mwh": 66.25984450703069
    },
    "tech_scalers": {
      "thermal_marg_cost": 9.583682246767642,
      "thermal_ramp_pct": 0.13501734477044858,
      "battery_roundtrip_eff": 0.9210164133609933,
      "battery_e_to_p_hours": 4.434699968112123,
      "dr_max_shed_share": 0.2992165661799758,
      "dr_duration_hours": 3.5575728587787157,
      "hydro_reservoir_head_eff": 0.8462983907576884,
      "battery_initial_soc_fraction": 0.4060900147792754,
      "battery_final_soc_tolerance": 0.1431702521996667,
      "battery_self_discharge_per_hour": 0.005021687953622891,
      "pumped_initial_level_fraction": 0.5837018256667095,
      "pumped_final_level_tolerance": 0.07752438100102785,
      "pumped_self_discharge_per_hour": 0.0013948067209594826
    }
  }
}