{
  "id": "dc4be272-e09a-4cd9-90c5-60056fca1230",
  "horizon_hours": 24,
  "dt_minutes": 15,
  "graph": {
    "regions": 2,
    "zones_per_region": [
      6,
      9
    ],
    "sites_per_zone": [
      7,
      6,
      8,
      4,
      7,
      7,
      8,
      3,
      2,
      5,
      4,
      5,
      2,
      4,
      8
    ],
    "intertie_density": 0.45153632097582774,
    "neighbor_nations": 2
  },
  "assets": {
    "thermal_per_site": [
      2,
      1,
      3,
      0,
      2,
      1,
      0,
      1,
      3,
      3,
      1,
      0,
      3,
      2,
      0
    ],
    "solar_per_site": [
      3,
      2,
      2,
      2,
      1,
      1,
      1,
      1,
      3,
      3,
      1,
      2,
      1,
      2,
      3
    ],
    "wind_per_site": [
      2,
      2,
      1,
      2,
      3,
      2,
      2,
      1,
      3,
      1,
      2,
      3,
      2,
      3,
      1
    ],
    "battery_per_site": [
      1,
      2,
      1,
      1,
      2,
      1,
      2,
      1,
      0,
      2,
      0,
      1,
      1,
      2,
      2
    ],
    "dr_per_site": [
      1,
      1,
      0,
      1,
      1,
      2,
      1,
      0,
      2,
      1,
      0,
      2,
      0,
      0,
      1
    ],
    "nuclear_per_region": [
      0,
      2
    ],
    "hydro_reservoir_per_region": [
      1,
      0
    ],
    "hydro_ror_per_zone": [
      2,
      1,
      2,
      2,
      1,
      0,
      0,
      0,
      2,
      1,
      0,
      1,
      2,
      0,
      0
    ],
    "hydro_pumped_per_region": [
      0,
      0
    ]
  },
  "econ_policy": {
    "co2_price": 228.79715489940963,
    "price_cap": 853.4362091960968,
    "cross_border_policy": "block",
    "import_export_caps_factor": 0.9028010361446116
  },
  "tech": {
    "thermal_marg_cost": 8.028009998805512,
    "thermal_ramp_pct": 0.3274032729441446,
    "battery_roundtrip_eff": 0.8855420600192618,
    "battery_e_to_p_hours": 3.488691032622702,
    "dr_max_shed_share": 0.09922885819037583,
    "dr_duration_hours": 3.840181921413831,
    "hydro_reservoir_head_eff": 0.9183532937651285,
    "battery_initial_soc_fraction": 0.5265580914620345,
    "battery_final_soc_tolerance": 0.10044171301067831,
    "battery_self_discharge_per_hour": 0.006494349168175378,
    "pumped_initial_level_fraction": 0.6359283649355363,
    "pumped_final_level_tolerance": 0.17991185889829125,
    "pumped_self_discharge_per_hour": 0.0035406922937828954
  },
  "operation_costs": {
    "thermal_fuel_eur_per_mwh": 68.91025313183843,
    "nuclear_fuel_eur_per_mwh": 11.954001626777426,
    "demand_response_cost_eur_per_mwh": 814.7648559305683,
    "value_of_lost_load_eur_per_mwh": 9718.473829634144,
    "renewable_spill_cost_eur_per_mwh": 1944.2887262217746,
    "hydro_spill_cost_eur_per_mwh": 482.4951118761665,
    "overgen_spill_cost_eur_per_mwh": 3561.4600586311003,
    "battery_cycle_cost_eur_per_mwh": 69.1316926792661,
    "pumped_cycle_cost_eur_per_mwh": 63.03976458705239
  },
  "exogenous": {
    "weather_profile": "calm_winter",
    "weather_spread_intensity": 1.1071102043186254,
    "demand_profile": "cold_snap",
    "demand_scale_factor": 0.7015865937430129,
    "inflow_factor": 0.9899817226038947,
    "zone_profile_variants": {
      "evening_peak": 0.28,
      "double_peak": 0.16,
      "office_peak": 0.2,
      "industrial": 0.14,
      "night_shift": 0.1,
      "residential_morning": 0.12
    },
    "zone_profile_mix_weight": [
      0.4,
      0.8
    ],
    "zone_profile_phase_shift_hours": [
      -2.5,
      2.5
    ],
    "zone_profile_noise_std": [
      0.02,
      0.06
    ],
    "zone_profile_curvature_exp": [
      0.9,
      1.18
    ],
    "region_weather": {
      "R1": {
        "weather_profile": "calm_winter",
        "weather_spread_intensity": 1.0958436597596113
      },
      "R2": {
        "weather_profile": "calm_winter",
        "weather_spread_intensity": 1.1183767488776395
      }
    }
  },
  "mip_gap_target_pct": 0.4253631552248112,
  "estimates": {
    "vars_total": 72864,
    "cons_total": 94723,
    "est_cpu_hours": 1.3735492222222223
  },
  "meta": {
    "regions": 2,
    "zones": 15,
    "sites": 15,
    "intertie_density": 0.45153632097582774,
    "neighbor_nations": 2,
    "assets": {
      "thermal": 22,
      "solar": 28,
      "wind": 30,
      "battery": 19,
      "dr": 13,
      "nuclear": 2,
      "hydro_reservoir": 1,
      "hydro_ror": 14,
      "hydro_pumped": 0
    },
    "demand_scale_factor": 0.7015865937430129,
    "zone_profile_variants": {
      "evening_peak": 0.28,
      "double_peak": 0.16,
      "office_peak": 0.2,
      "industrial": 0.14,
      "night_shift": 0.1,
      "residential_morning": 0.12
    },
    "zone_profile_mix_weight": [
      0.4,
      0.8
    ],
    "weather_profile": "calm_winter",
    "cross_border_policy": "block",
    "price_cap": 853.4362091960968,
    "co2_price": 228.79715489940963,
    "import_export_caps_factor": 0.9028010361446116,
    "operation_costs": {
      "thermal_fuel_eur_per_mwh": 68.91025313183843,
      "nuclear_fuel_eur_per_mwh": 11.954001626777426,
      "demand_response_cost_eur_per_mwh": 814.7648559305683,
      "value_of_lost_load_eur_per_mwh": 9718.473829634144,
      "renewable_spill_cost_eur_per_mwh": 1944.2887262217746,
      "hydro_spill_cost_eur_per_mwh": 482.4951118761665,
      "overgen_spill_cost_eur_per_mwh": 3561.4600586311003,
      "battery_cycle_cost_eur_per_mwh": 69.1316926792661,
      "pumped_cycle_cost_eur_per_mwh": 63.03976458705239
    },
    "tech_scalers": {
      "thermal_marg_cost": 8.028009998805512,
      "thermal_ramp_pct": 0.3274032729441446,
      "battery_roundtrip_eff": 0.8855420600192618,
      "battery_e_to_p_hours": 3.488691032622702,
      "dr_max_shed_share": 0.09922885819037583,
      "dr_duration_hours": 3.840181921413831,
      "hydro_reservoir_head_eff": 0.9183532937651285,
      "battery_initial_soc_fraction": 0.5265580914620345,
      "battery_final_soc_tolerance": 0.10044171301067831,
      "battery_self_discharge_per_hour": 0.006494349168175378,
      "pumped_initial_level_fraction": 0.6359283649355363,
      "pumped_final_level_tolerance": 0.17991185889829125,
      "pumped_self_discharge_per_hour": 0.0035406922937828954
    }
  }
}