{
  "id": "96adcbf2-fc8d-4221-86bb-278ba5424a11",
  "horizon_hours": 24,
  "dt_minutes": 15,
  "graph": {
    "regions": 4,
    "zones_per_region": [
      9,
      6,
      5,
      3
    ],
    "sites_per_zone": [
      5,
      2,
      6,
      6,
      3,
      4,
      6,
      4,
      2,
      5,
      6,
      5,
      8,
      6,
      4,
      8,
      6,
      7,
      6,
      2,
      3,
      2,
      5
    ],
    "intertie_density": 0.349279334529928,
    "neighbor_nations": 2
  },
  "assets": {
    "thermal_per_site": [
      3,
      2,
      1,
      1,
      3,
      3,
      2,
      3,
      1,
      1,
      1,
      1,
      3,
      2,
      2,
      3,
      2,
      1,
      3,
      3,
      1,
      2,
      3
    ],
    "res_per_site": [
      3,
      2,
      4,
      3,
      3,
      4,
      3,
      4,
      1,
      3,
      3,
      1,
      4,
      3,
      1,
      4,
      3,
      2,
      1,
      4,
      2,
      4,
      2
    ],
    "battery_per_site": [
      1,
      1,
      1,
      1,
      1,
      2,
      2,
      2,
      1,
      2,
      1,
      2,
      2,
      1,
      1,
      1,
      2,
      2,
      2,
      2,
      1,
      2,
      2
    ],
    "dr_per_site": [
      2,
      2,
      2,
      1,
      1,
      2,
      2,
      1,
      2,
      2,
      1,
      2,
      2,
      2,
      2,
      2,
      2,
      1,
      2,
      2,
      2,
      1,
      2
    ],
    "nuclear_per_region": [
      0,
      1,
      2,
      0
    ],
    "hydro_reservoir_per_region": [
      2,
      3,
      2,
      3
    ],
    "hydro_ror_per_zone": [
      1,
      1,
      2,
      2,
      1,
      1,
      1,
      1,
      1,
      1,
      1,
      1,
      1,
      2,
      2,
      2,
      1,
      1,
      1,
      1,
      2,
      2,
      2
    ],
    "hydro_pumped_per_region": [
      2,
      0,
      1,
      1
    ]
  },
  "econ_policy": {
    "co2_price": 96.36429837992824,
    "price_cap": 435.58237256323997,
    "cross_border_policy": "allow",
    "import_export_caps_factor": 1.1827584765028956
  },
  "tech": {
    "thermal_marg_cost": 3.483302988315255,
    "thermal_ramp_pct": 0.3454746089074542,
    "battery_roundtrip_eff": 0.9160532962520949,
    "battery_e_to_p_hours": 1.1864912328582151,
    "dr_max_shed_share": 0.3264412645438271,
    "dr_duration_hours": 3.0894249112250267,
    "hydro_reservoir_head_eff": 1.0012814667279766
  },
  "operation_costs": {
    "thermal_fuel_eur_per_mwh": 82.35690442312801,
    "nuclear_fuel_eur_per_mwh": 8.290718793700444,
    "demand_response_cost_eur_per_mwh": 1019.8235179237575,
    "value_of_lost_load_eur_per_mwh": 43638.81889627514,
    "renewable_spill_cost_eur_per_mwh": 7794.6744788373335,
    "hydro_spill_cost_eur_per_mwh": 9615.530413689077,
    "overgen_spill_cost_eur_per_mwh": 72337.44111331092
  },
  "exogenous": {
    "weather_profile": "sunny_summer",
    "weather_spread_intensity": 1.3767431679179234,
    "demand_profile": "wkday_peak",
    "demand_scale_factor": 0.8588745474634566,
    "inflow_factor": 1.1836178551576353,
    "zone_profile_variants": {
      "evening_peak": 0.28,
      "double_peak": 0.16,
      "office_peak": 0.2,
      "industrial": 0.14,
      "night_shift": 0.1,
      "residential_morning": 0.12
    },
    "zone_profile_mix_weight": [
      0.4,
      0.8
    ],
    "zone_profile_phase_shift_hours": [
      -2.5,
      2.5
    ],
    "zone_profile_noise_std": [
      0.02,
      0.06
    ],
    "zone_profile_curvature_exp": [
      0.9,
      1.18
    ]
  },
  "mip_gap_target_pct": 1.421300330618719,
  "estimates": {
    "vars_total": 124896,
    "cons_total": 162364,
    "est_cpu_hours": 2.3020262222222225
  },
  "meta": {
    "regions": 4,
    "zones": 23,
    "sites": 23,
    "intertie_density": 0.349279334529928,
    "neighbor_nations": 2,
    "assets": {
      "thermal": 47,
      "res": 64,
      "battery": 35,
      "dr": 40,
      "nuclear": 3,
      "hydro_reservoir": 10,
      "hydro_ror": 31,
      "hydro_pumped": 4
    },
    "demand_scale_factor": 0.8588745474634566,
    "zone_profile_variants": {
      "evening_peak": 0.28,
      "double_peak": 0.16,
      "office_peak": 0.2,
      "industrial": 0.14,
      "night_shift": 0.1,
      "residential_morning": 0.12
    },
    "zone_profile_mix_weight": [
      0.4,
      0.8
    ],
    "weather_profile": "sunny_summer",
    "cross_border_policy": "allow",
    "price_cap": 435.58237256323997,
    "co2_price": 96.36429837992824,
    "import_export_caps_factor": 1.1827584765028956,
    "operation_costs": {
      "thermal_fuel_eur_per_mwh": 82.35690442312801,
      "nuclear_fuel_eur_per_mwh": 8.290718793700444,
      "demand_response_cost_eur_per_mwh": 1019.8235179237575,
      "value_of_lost_load_eur_per_mwh": 43638.81889627514,
      "renewable_spill_cost_eur_per_mwh": 7794.6744788373335,
      "hydro_spill_cost_eur_per_mwh": 9615.530413689077,
      "overgen_spill_cost_eur_per_mwh": 72337.44111331092
    },
    "tech_scalers": {
      "thermal_marg_cost": 3.483302988315255,
      "thermal_ramp_pct": 0.3454746089074542,
      "battery_roundtrip_eff": 0.9160532962520949,
      "battery_e_to_p_hours": 1.1864912328582151,
      "dr_max_shed_share": 0.3264412645438271,
      "dr_duration_hours": 3.0894249112250267,
      "hydro_reservoir_head_eff": 1.0012814667279766
    }
  }
}