{
  "id": "69786100-c01c-4e4a-bc92-b00803a1985d",
  "horizon_hours": 24,
  "dt_minutes": 15,
  "graph": {
    "regions": 4,
    "zones_per_region": [
      5,
      4,
      4,
      5
    ],
    "sites_per_zone": [
      2,
      7,
      3,
      4,
      6,
      5,
      2,
      2,
      3,
      3,
      2,
      7,
      2,
      3,
      3,
      4,
      6,
      4
    ],
    "intertie_density": 0.5147955653538694,
    "neighbor_nations": 2
  },
  "assets": {
    "thermal_per_site": [
      0,
      1,
      3,
      3,
      1,
      3,
      1,
      1,
      3,
      1,
      3,
      2,
      0,
      1,
      1,
      0,
      1,
      2
    ],
    "solar_per_site": [
      3,
      1,
      3,
      1,
      3,
      1,
      1,
      3,
      1,
      3,
      2,
      2,
      1,
      1,
      1,
      2,
      1,
      1
    ],
    "wind_per_site": [
      2,
      2,
      2,
      1,
      1,
      1,
      1,
      2,
      3,
      2,
      2,
      3,
      2,
      2,
      2,
      3,
      1,
      3
    ],
    "battery_per_site": [
      1,
      1,
      1,
      1,
      0,
      0,
      0,
      1,
      0,
      1,
      2,
      0,
      2,
      0,
      0,
      1,
      0,
      1
    ],
    "dr_per_site": [
      0,
      1,
      0,
      2,
      1,
      2,
      1,
      2,
      2,
      2,
      0,
      1,
      2,
      2,
      1,
      0,
      0,
      0
    ],
    "nuclear_per_region": [
      1,
      1,
      0,
      1
    ],
    "hydro_reservoir_per_region": [
      1,
      3,
      1,
      3
    ],
    "hydro_ror_per_zone": [
      0,
      2,
      1,
      2,
      0,
      2,
      0,
      2,
      0,
      1,
      1,
      0,
      0,
      1,
      2,
      1,
      0,
      0
    ],
    "hydro_pumped_per_region": [
      0,
      0,
      0,
      1
    ]
  },
  "econ_policy": {
    "co2_price": 98.62834473321153,
    "price_cap": 2861.857906975807,
    "cross_border_policy": "cap",
    "import_export_caps_factor": 1.5503645519026876
  },
  "tech": {
    "thermal_marg_cost": 10.143036706120157,
    "thermal_ramp_pct": 0.21437608341566922,
    "battery_roundtrip_eff": 0.8278813351643528,
    "battery_e_to_p_hours": 4.147948638514759,
    "dr_max_shed_share": 0.07415478874523096,
    "dr_duration_hours": 2.196253333778853,
    "hydro_reservoir_head_eff": 0.8505236872127782,
    "battery_initial_soc_fraction": 0.37980052041316836,
    "battery_final_soc_tolerance": 0.12582074399008847,
    "battery_self_discharge_per_hour": 0.0034569813864132274,
    "pumped_initial_level_fraction": 0.4369535614775656,
    "pumped_final_level_tolerance": 0.0640289519492818,
    "pumped_self_discharge_per_hour": 0.002484078687646833
  },
  "operation_costs": {
    "thermal_fuel_eur_per_mwh": 53.97305657868303,
    "nuclear_fuel_eur_per_mwh": 14.321966006914618,
    "demand_response_cost_eur_per_mwh": 1062.2451186178844,
    "value_of_lost_load_eur_per_mwh": 9474.7014858916,
    "renewable_spill_cost_eur_per_mwh": 539.2232007044508,
    "hydro_spill_cost_eur_per_mwh": 514.2933949748651,
    "overgen_spill_cost_eur_per_mwh": 2654.732797649459,
    "battery_cycle_cost_eur_per_mwh": 61.62946004565824,
    "pumped_cycle_cost_eur_per_mwh": 76.85814964832328
  },
  "exogenous": {
    "weather_profile": "overcast_summer",
    "weather_spread_intensity": 1.0833236344190245,
    "demand_profile": "cold_snap",
    "demand_scale_factor": 0.676741559261579,
    "inflow_factor": 1.5478834526630734,
    "zone_profile_variants": {
      "evening_peak": 0.28,
      "double_peak": 0.16,
      "office_peak": 0.2,
      "industrial": 0.14,
      "night_shift": 0.1,
      "residential_morning": 0.12
    },
    "zone_profile_mix_weight": [
      0.4,
      0.8
    ],
    "zone_profile_phase_shift_hours": [
      -2.5,
      2.5
    ],
    "zone_profile_noise_std": [
      0.02,
      0.06
    ],
    "zone_profile_curvature_exp": [
      0.9,
      1.18
    ],
    "region_weather": {
      "R1": {
        "weather_profile": "overcast_summer",
        "weather_spread_intensity": 1.0126100702482619
      },
      "R2": {
        "weather_profile": "overcast_summer",
        "weather_spread_intensity": 1.2623740739388114
      },
      "R3": {
        "weather_profile": "mixed",
        "weather_spread_intensity": 0.6031961542003971
      },
      "R4": {
        "weather_profile": "mixed",
        "weather_spread_intensity": 1.4551142392886274
      }
    }
  },
  "mip_gap_target_pct": 1.2616200497608832,
  "estimates": {
    "vars_total": 86976,
    "cons_total": 113068,
    "est_cpu_hours": 1.625364888888889
  },
  "meta": {
    "regions": 4,
    "zones": 18,
    "sites": 18,
    "intertie_density": 0.5147955653538694,
    "neighbor_nations": 2,
    "assets": {
      "thermal": 27,
      "solar": 31,
      "wind": 35,
      "battery": 12,
      "dr": 19,
      "nuclear": 3,
      "hydro_reservoir": 8,
      "hydro_ror": 15,
      "hydro_pumped": 1
    },
    "demand_scale_factor": 0.676741559261579,
    "zone_profile_variants": {
      "evening_peak": 0.28,
      "double_peak": 0.16,
      "office_peak": 0.2,
      "industrial": 0.14,
      "night_shift": 0.1,
      "residential_morning": 0.12
    },
    "zone_profile_mix_weight": [
      0.4,
      0.8
    ],
    "weather_profile": "overcast_summer",
    "cross_border_policy": "cap",
    "price_cap": 2861.857906975807,
    "co2_price": 98.62834473321153,
    "import_export_caps_factor": 1.5503645519026876,
    "operation_costs": {
      "thermal_fuel_eur_per_mwh": 53.97305657868303,
      "nuclear_fuel_eur_per_mwh": 14.321966006914618,
      "demand_response_cost_eur_per_mwh": 1062.2451186178844,
      "value_of_lost_load_eur_per_mwh": 9474.7014858916,
      "renewable_spill_cost_eur_per_mwh": 539.2232007044508,
      "hydro_spill_cost_eur_per_mwh": 514.2933949748651,
      "overgen_spill_cost_eur_per_mwh": 2654.732797649459,
      "battery_cycle_cost_eur_per_mwh": 61.62946004565824,
      "pumped_cycle_cost_eur_per_mwh": 76.85814964832328
    },
    "tech_scalers": {
      "thermal_marg_cost": 10.143036706120157,
      "thermal_ramp_pct": 0.21437608341566922,
      "battery_roundtrip_eff": 0.8278813351643528,
      "battery_e_to_p_hours": 4.147948638514759,
      "dr_max_shed_share": 0.07415478874523096,
      "dr_duration_hours": 2.196253333778853,
      "hydro_reservoir_head_eff": 0.8505236872127782,
      "battery_initial_soc_fraction": 0.37980052041316836,
      "battery_final_soc_tolerance": 0.12582074399008847,
      "battery_self_discharge_per_hour": 0.0034569813864132274,
      "pumped_initial_level_fraction": 0.4369535614775656,
      "pumped_final_level_tolerance": 0.0640289519492818,
      "pumped_self_discharge_per_hour": 0.002484078687646833
    }
  },
  "flexibility_metrics": {
    "total_storage_power_mw": 800.0,
    "total_storage_capacity_mwh": 4088.8,
    "battery_power_mw": 600.0,
    "battery_capacity_mwh": 2488.8,
    "pumped_power_mw": 200.0,
    "pumped_capacity_mwh": 1600.0,
    "total_dr_capacity_mw": 451.7,
    "total_ramp_up_mw_per_step": 471.6,
    "total_ramp_down_mw_per_step": 471.6,
    "thermal_flex_ratio": 0.113,
    "dr_duration_hours": 2.2,
    "battery_roundtrip_efficiency": 0.828
  },
  "difficulty_indicators": {
    "vre_penetration_pct": 31.57,
    "net_demand_volatility": 0.224,
    "peak_to_valley_ratio": 1.22,
    "estimated_milp_solve_time_seconds": 5851.3,
    "complexity_score": "hard",
    "n_binary_variables": 2592,
    "n_timesteps": 96,
    "n_zones": 18,
    "weather_profile": "overcast_summer",
    "demand_profile": "cold_snap"
  }
}