{
  "id": "3b8b7bb6-df04-4931-89c2-31a7b93396c2",
  "horizon_hours": 24,
  "dt_minutes": 15,
  "graph": {
    "regions": 2,
    "zones_per_region": [
      4,
      3
    ],
    "sites_per_zone": [
      7,
      7,
      9,
      10,
      9,
      6,
      5
    ],
    "intertie_density": 0.370953506501429,
    "neighbor_nations": 4
  },
  "assets": {
    "thermal_per_site": [
      0,
      2,
      0,
      1,
      1,
      2,
      2
    ],
    "solar_per_site": [
      2,
      1,
      1,
      3,
      1,
      3,
      3
    ],
    "wind_per_site": [
      1,
      3,
      2,
      2,
      3,
      3,
      1
    ],
    "battery_per_site": [
      2,
      0,
      0,
      0,
      2,
      0,
      0
    ],
    "dr_per_site": [
      1,
      0,
      2,
      1,
      1,
      1,
      2
    ],
    "nuclear_per_region": [
      1,
      1
    ],
    "hydro_reservoir_per_region": [
      2,
      0
    ],
    "hydro_ror_per_zone": [
      0,
      2,
      2,
      1,
      0,
      2,
      2
    ],
    "hydro_pumped_per_region": [
      0,
      0
    ]
  },
  "econ_policy": {
    "co2_price": 150.63564021725477,
    "price_cap": 976.6623253812805,
    "cross_border_policy": "allow",
    "import_export_caps_factor": 1.2798532823121067
  },
  "tech": {
    "thermal_marg_cost": 10.979559752712055,
    "thermal_ramp_pct": 0.24904015009392172,
    "battery_roundtrip_eff": 0.7972613781817388,
    "battery_e_to_p_hours": 5.368539041438124,
    "dr_max_shed_share": 0.11399238468618064,
    "dr_duration_hours": 5.276177354560185,
    "hydro_reservoir_head_eff": 0.9149137905879203,
    "battery_initial_soc_fraction": 0.5271467262267725,
    "battery_final_soc_tolerance": 0.11505385940941781,
    "battery_self_discharge_per_hour": 0.001992982103776671,
    "pumped_initial_level_fraction": 0.4857851121981814,
    "pumped_final_level_tolerance": 0.07131747670382989,
    "pumped_self_discharge_per_hour": 0.001526433541099907
  },
  "operation_costs": {
    "thermal_fuel_eur_per_mwh": 52.4324597193281,
    "nuclear_fuel_eur_per_mwh": 17.449794629746304,
    "thermal_startup_cost_eur": 4016.8585462973883,
    "nuclear_startup_cost_eur": 34679.62874973228,
    "demand_response_cost_eur_per_mwh": 652.661588687457,
    "value_of_lost_load_eur_per_mwh": 6719.93538958069,
    "renewable_spill_cost_eur_per_mwh": 711.2022536540458,
    "hydro_spill_cost_eur_per_mwh": 1180.4838127534154,
    "overgen_spill_cost_eur_per_mwh": 2005.9570122621392,
    "battery_cycle_cost_eur_per_mwh": 101.50954550821409,
    "pumped_cycle_cost_eur_per_mwh": 74.3859987224874
  },
  "exogenous": {
    "weather_profile": "overcast_summer",
    "weather_spread_intensity": 1.340701557111975,
    "demand_profile": "heatwave",
    "demand_scale_factor": 0.922090466787339,
    "inflow_factor": 0.5315577050658373,
    "zone_profile_variants": {
      "evening_peak": 0.28,
      "double_peak": 0.16,
      "office_peak": 0.2,
      "industrial": 0.14,
      "night_shift": 0.1,
      "residential_morning": 0.12
    },
    "zone_profile_mix_weight": [
      0.4,
      0.8
    ],
    "zone_profile_phase_shift_hours": [
      -2.5,
      2.5
    ],
    "zone_profile_noise_std": [
      0.02,
      0.06
    ],
    "zone_profile_curvature_exp": [
      0.9,
      1.18
    ],
    "region_weather": {
      "R1": {
        "weather_profile": "mixed",
        "weather_spread_intensity": 1.3338471710537945
      },
      "R2": {
        "weather_profile": "overcast_summer",
        "weather_spread_intensity": 1.3475559431701556
      }
    }
  },
  "mip_gap_target_pct": 0.861916535432023,
  "estimates": {
    "vars_total": 33984,
    "cons_total": 44179,
    "est_cpu_hours": 0.6797572222222225
  },
  "meta": {
    "regions": 2,
    "zones": 7,
    "sites": 7,
    "intertie_density": 0.370953506501429,
    "neighbor_nations": 4,
    "assets": {
      "thermal": 8,
      "solar": 14,
      "wind": 15,
      "battery": 4,
      "dr": 8,
      "nuclear": 2,
      "hydro_reservoir": 2,
      "hydro_ror": 9,
      "hydro_pumped": 0
    },
    "demand_scale_factor": 0.922090466787339,
    "zone_profile_variants": {
      "evening_peak": 0.28,
      "double_peak": 0.16,
      "office_peak": 0.2,
      "industrial": 0.14,
      "night_shift": 0.1,
      "residential_morning": 0.12
    },
    "zone_profile_mix_weight": [
      0.4,
      0.8
    ],
    "weather_profile": "overcast_summer",
    "cross_border_policy": "allow",
    "price_cap": 976.6623253812805,
    "co2_price": 150.63564021725477,
    "import_export_caps_factor": 1.2798532823121067,
    "operation_costs": {
      "thermal_fuel_eur_per_mwh": 52.4324597193281,
      "nuclear_fuel_eur_per_mwh": 17.449794629746304,
      "thermal_startup_cost_eur": 4016.8585462973883,
      "nuclear_startup_cost_eur": 34679.62874973228,
      "demand_response_cost_eur_per_mwh": 652.661588687457,
      "value_of_lost_load_eur_per_mwh": 6719.93538958069,
      "renewable_spill_cost_eur_per_mwh": 711.2022536540458,
      "hydro_spill_cost_eur_per_mwh": 1180.4838127534154,
      "overgen_spill_cost_eur_per_mwh": 2005.9570122621392,
      "battery_cycle_cost_eur_per_mwh": 101.50954550821409,
      "pumped_cycle_cost_eur_per_mwh": 74.3859987224874
    },
    "tech_scalers": {
      "thermal_marg_cost": 10.979559752712055,
      "thermal_ramp_pct": 0.24904015009392172,
      "battery_roundtrip_eff": 0.7972613781817388,
      "battery_e_to_p_hours": 5.368539041438124,
      "dr_max_shed_share": 0.11399238468618064,
      "dr_duration_hours": 5.276177354560185,
      "hydro_reservoir_head_eff": 0.9149137905879203,
      "battery_initial_soc_fraction": 0.5271467262267725,
      "battery_final_soc_tolerance": 0.11505385940941781,
      "battery_self_discharge_per_hour": 0.001992982103776671,
      "pumped_initial_level_fraction": 0.4857851121981814,
      "pumped_final_level_tolerance": 0.07131747670382989,
      "pumped_self_discharge_per_hour": 0.001526433541099907
    }
  },
  "flexibility_metrics": {
    "total_storage_power_mw": 200.0,
    "total_storage_capacity_mwh": 1073.7,
    "battery_power_mw": 200.0,
    "battery_capacity_mwh": 1073.7,
    "pumped_power_mw": 0.0,
    "pumped_capacity_mwh": 0.0,
    "total_dr_capacity_mw": 367.9,
    "total_ramp_up_mw_per_step": 174.4,
    "total_ramp_down_mw_per_step": 174.4,
    "thermal_flex_ratio": 0.129,
    "dr_duration_hours": 5.28,
    "battery_roundtrip_efficiency": 0.797
  },
  "difficulty_indicators": {
    "vre_penetration_pct": 33.64,
    "net_demand_volatility": 0.242,
    "peak_to_valley_ratio": 1.66,
    "estimated_milp_solve_time_seconds": 2447.1,
    "complexity_score": "medium",
    "n_binary_variables": 768,
    "n_timesteps": 96,
    "n_zones": 7,
    "weather_profile": "overcast_summer",
    "demand_profile": "heatwave"
  }
}