{
  "id": "97a8d668-8a6a-4a93-afd8-eb4a6142235d",
  "horizon_hours": 24,
  "dt_minutes": 15,
  "graph": {
    "regions": 4,
    "zones_per_region": [
      6,
      9,
      5,
      6
    ],
    "sites_per_zone": [
      2,
      2,
      6,
      2,
      7,
      2,
      2,
      8,
      3,
      8,
      2,
      3,
      3,
      2,
      7,
      3,
      3,
      6,
      4,
      4,
      2,
      3,
      2,
      8,
      8,
      5
    ],
    "intertie_density": 0.4385247484207883,
    "neighbor_nations": 1
  },
  "assets": {
    "thermal_per_site": [
      1,
      1,
      1,
      2,
      2,
      0,
      2,
      1,
      1,
      3,
      1,
      1,
      3,
      1,
      0,
      2,
      2,
      2,
      1,
      3,
      0,
      2,
      0,
      2,
      2,
      0
    ],
    "solar_per_site": [
      3,
      2,
      2,
      3,
      2,
      2,
      3,
      3,
      1,
      1,
      3,
      1,
      3,
      2,
      3,
      1,
      1,
      1,
      2,
      3,
      2,
      1,
      1,
      1,
      3,
      3
    ],
    "wind_per_site": [
      2,
      1,
      2,
      2,
      2,
      2,
      3,
      3,
      1,
      1,
      1,
      3,
      2,
      3,
      3,
      3,
      1,
      1,
      1,
      2,
      2,
      1,
      3,
      2,
      1,
      1
    ],
    "battery_per_site": [
      0,
      2,
      2,
      0,
      1,
      1,
      1,
      1,
      0,
      1,
      2,
      2,
      1,
      1,
      2,
      0,
      2,
      1,
      0,
      0,
      0,
      1,
      1,
      1,
      0,
      2
    ],
    "dr_per_site": [
      2,
      0,
      0,
      2,
      2,
      2,
      2,
      1,
      2,
      2,
      0,
      2,
      2,
      1,
      0,
      1,
      2,
      2,
      1,
      1,
      2,
      1,
      2,
      2,
      2,
      2
    ],
    "nuclear_per_region": [
      0,
      2,
      2,
      0
    ],
    "hydro_reservoir_per_region": [
      0,
      2,
      3,
      2
    ],
    "hydro_ror_per_zone": [
      1,
      0,
      0,
      0,
      2,
      0,
      2,
      2,
      2,
      0,
      0,
      0,
      1,
      0,
      1,
      1,
      0,
      1,
      1,
      2,
      1,
      0,
      1,
      0,
      1,
      0
    ],
    "hydro_pumped_per_region": [
      0,
      0,
      1,
      0
    ]
  },
  "econ_policy": {
    "co2_price": 63.071545239606884,
    "price_cap": 3528.774201873955,
    "cross_border_policy": "block",
    "import_export_caps_factor": 1.1254431730672652
  },
  "tech": {
    "thermal_marg_cost": 6.126012388183882,
    "thermal_ramp_pct": 0.22379329950100946,
    "battery_roundtrip_eff": 0.849241403113946,
    "battery_e_to_p_hours": 5.437852797479143,
    "dr_max_shed_share": 0.20991210870961102,
    "dr_duration_hours": 5.067285453503481,
    "hydro_reservoir_head_eff": 0.9999989116476412,
    "battery_initial_soc_fraction": 0.4305747886282141,
    "battery_final_soc_tolerance": 0.05904767380324158,
    "battery_self_discharge_per_hour": 0.004466882165179355,
    "pumped_initial_level_fraction": 0.6741338515289743,
    "pumped_final_level_tolerance": 0.057718464379093094,
    "pumped_self_discharge_per_hour": 0.0028493554363338875
  },
  "operation_costs": {
    "thermal_fuel_eur_per_mwh": 61.20409260825256,
    "nuclear_fuel_eur_per_mwh": 14.905857017535457,
    "demand_response_cost_eur_per_mwh": 991.3468444466226,
    "value_of_lost_load_eur_per_mwh": 7828.179793094404,
    "renewable_spill_cost_eur_per_mwh": 1423.6292718320178,
    "hydro_spill_cost_eur_per_mwh": 1050.255123440734,
    "overgen_spill_cost_eur_per_mwh": 3240.4709661183324,
    "battery_cycle_cost_eur_per_mwh": 96.81836661765416,
    "pumped_cycle_cost_eur_per_mwh": 59.09006082037149
  },
  "exogenous": {
    "weather_profile": "sunny_summer",
    "weather_spread_intensity": 0.9726538412767889,
    "demand_profile": "wkday_peak",
    "demand_scale_factor": 1.1141096765669563,
    "inflow_factor": 1.6119183679400324,
    "zone_profile_variants": {
      "evening_peak": 0.28,
      "double_peak": 0.16,
      "office_peak": 0.2,
      "industrial": 0.14,
      "night_shift": 0.1,
      "residential_morning": 0.12
    },
    "zone_profile_mix_weight": [
      0.4,
      0.8
    ],
    "zone_profile_phase_shift_hours": [
      -2.5,
      2.5
    ],
    "zone_profile_noise_std": [
      0.02,
      0.06
    ],
    "zone_profile_curvature_exp": [
      0.9,
      1.18
    ],
    "region_weather": {
      "R1": {
        "weather_profile": "sunny_summer",
        "weather_spread_intensity": 1.1844105406883292
      },
      "R2": {
        "weather_profile": "sunny_summer",
        "weather_spread_intensity": 1.2490516841482426
      },
      "R3": {
        "weather_profile": "calm_winter",
        "weather_spread_intensity": 0.5182057420902937
      },
      "R4": {
        "weather_profile": "sunny_summer",
        "weather_spread_intensity": 0.93894739818029
      }
    }
  },
  "mip_gap_target_pct": 1.1483575266639607,
  "estimates": {
    "vars_total": 128928,
    "cons_total": 167606,
    "est_cpu_hours": 2.3739784444444445
  },
  "meta": {
    "regions": 4,
    "zones": 26,
    "sites": 26,
    "intertie_density": 0.4385247484207883,
    "neighbor_nations": 1,
    "assets": {
      "thermal": 36,
      "solar": 53,
      "wind": 49,
      "battery": 25,
      "dr": 38,
      "nuclear": 4,
      "hydro_reservoir": 7,
      "hydro_ror": 19,
      "hydro_pumped": 1
    },
    "demand_scale_factor": 1.1141096765669563,
    "zone_profile_variants": {
      "evening_peak": 0.28,
      "double_peak": 0.16,
      "office_peak": 0.2,
      "industrial": 0.14,
      "night_shift": 0.1,
      "residential_morning": 0.12
    },
    "zone_profile_mix_weight": [
      0.4,
      0.8
    ],
    "weather_profile": "sunny_summer",
    "cross_border_policy": "block",
    "price_cap": 3528.774201873955,
    "co2_price": 63.071545239606884,
    "import_export_caps_factor": 1.1254431730672652,
    "operation_costs": {
      "thermal_fuel_eur_per_mwh": 61.20409260825256,
      "nuclear_fuel_eur_per_mwh": 14.905857017535457,
      "demand_response_cost_eur_per_mwh": 991.3468444466226,
      "value_of_lost_load_eur_per_mwh": 7828.179793094404,
      "renewable_spill_cost_eur_per_mwh": 1423.6292718320178,
      "hydro_spill_cost_eur_per_mwh": 1050.255123440734,
      "overgen_spill_cost_eur_per_mwh": 3240.4709661183324,
      "battery_cycle_cost_eur_per_mwh": 96.81836661765416,
      "pumped_cycle_cost_eur_per_mwh": 59.09006082037149
    },
    "tech_scalers": {
      "thermal_marg_cost": 6.126012388183882,
      "thermal_ramp_pct": 0.22379329950100946,
      "battery_roundtrip_eff": 0.849241403113946,
      "battery_e_to_p_hours": 5.437852797479143,
      "dr_max_shed_share": 0.20991210870961102,
      "dr_duration_hours": 5.067285453503481,
      "hydro_reservoir_head_eff": 0.9999989116476412,
      "battery_initial_soc_fraction": 0.4305747886282141,
      "battery_final_soc_tolerance": 0.05904767380324158,
      "battery_self_discharge_per_hour": 0.004466882165179355,
      "pumped_initial_level_fraction": 0.6741338515289743,
      "pumped_final_level_tolerance": 0.057718464379093094,
      "pumped_self_discharge_per_hour": 0.0028493554363338875
    }
  },
  "flexibility_metrics": {
    "total_storage_power_mw": 1450.0,
    "total_storage_capacity_mwh": 8397.3,
    "battery_power_mw": 1250.0,
    "battery_capacity_mwh": 6797.3,
    "pumped_power_mw": 200.0,
    "pumped_capacity_mwh": 1600.0,
    "total_dr_capacity_mw": 3040.2,
    "total_ramp_up_mw_per_step": 654.2,
    "total_ramp_down_mw_per_step": 654.2,
    "thermal_flex_ratio": 0.303,
    "dr_duration_hours": 5.07,
    "battery_roundtrip_efficiency": 0.849
  },
  "difficulty_indicators": {
    "vre_penetration_pct": 36.4,
    "net_demand_volatility": 0.266,
    "peak_to_valley_ratio": 2.01,
    "estimated_milp_solve_time_seconds": 8546.3,
    "complexity_score": "very_hard",