{
  "id": "ca101771-7c81-48c6-8970-ca840c19f554",
  "horizon_hours": 24,
  "dt_minutes": 15,
  "graph": {
    "regions": 3,
    "zones_per_region": [
      3,
      8,
      3
    ],
    "sites_per_zone": [
      7,
      4,
      7,
      5,
      4,
      6,
      7,
      5,
      4,
      5,
      6,
      6,
      2,
      5
    ],
    "intertie_density": 0.24980844994793294,
    "neighbor_nations": 3
  },
  "assets": {
    "thermal_per_site": [
      2,
      3,
      0,
      0,
      1,
      3,
      0,
      3,
      2,
      2,
      1,
      1,
      0,
      1
    ],
    "solar_per_site": [
      3,
      1,
      2,
      3,
      3,
      1,
      3,
      3,
      3,
      3,
      1,
      3,
      3,
      2
    ],
    "wind_per_site": [
      3,
      3,
      1,
      1,
      3,
      3,
      2,
      1,
      2,
      1,
      2,
      1,
      1,
      1
    ],
    "battery_per_site": [
      2,
      1,
      1,
      0,
      1,
      2,
      0,
      1,
      1,
      0,
      0,
      0,
      2,
      1
    ],
    "dr_per_site": [
      2,
      2,
      2,
      2,
      2,
      2,
      1,
      0,
      0,
      1,
      2,
      2,
      0,
      1
    ],
    "nuclear_per_region": [
      1,
      2,
      0
    ],
    "hydro_reservoir_per_region": [
      1,
      2,
      2
    ],
    "hydro_ror_per_zone": [
      0,
      0,
      0,
      1,
      2,
      0,
      2,
      2,
      2,
      0,
      2,
      1,
      2,
      0
    ],
    "hydro_pumped_per_region": [
      2,
      0,
      0
    ]
  },
  "econ_policy": {
    "co2_price": 247.88317897542007,
    "price_cap": 2451.448111023173,
    "cross_border_policy": "allow",
    "import_export_caps_factor": 0.9299894776573385
  },
  "tech": {
    "thermal_marg_cost": 14.19488061144036,
    "thermal_ramp_pct": 0.3826911645943086,
    "battery_roundtrip_eff": 0.8007374527590615,
    "battery_e_to_p_hours": 1.2345755957470503,
    "dr_max_shed_share": 0.25981762176875667,
    "dr_duration_hours": 3.682987648898347,
    "hydro_reservoir_head_eff": 1.0099395349605318,
    "battery_initial_soc_fraction": 0.37931881066785367,
    "battery_final_soc_tolerance": 0.09630447057479133,
    "battery_self_discharge_per_hour": 0.0016781121074634089,
    "pumped_initial_level_fraction": 0.43576670372156967,
    "pumped_final_level_tolerance": 0.12643565145919472,
    "pumped_self_discharge_per_hour": 0.003595373013957845
  },
  "operation_costs": {
    "thermal_fuel_eur_per_mwh": 45.13314028355787,
    "nuclear_fuel_eur_per_mwh": 12.730817308713837,
    "demand_response_cost_eur_per_mwh": 1173.585830591028,
    "value_of_lost_load_eur_per_mwh": 10993.963571213022,
    "renewable_spill_cost_eur_per_mwh": 1939.031049088699,
    "hydro_spill_cost_eur_per_mwh": 1150.9588005566447,
    "overgen_spill_cost_eur_per_mwh": 4044.407953864935,
    "battery_cycle_cost_eur_per_mwh": 89.53655108051584,
    "pumped_cycle_cost_eur_per_mwh": 64.88672381824904
  },
  "exogenous": {
    "weather_profile": "overcast_summer",
    "weather_spread_intensity": 0.5709063945243229,
    "demand_profile": "wkend_flat",
    "demand_scale_factor": 1.0719838555641281,
    "inflow_factor": 1.4564118407821711,
    "zone_profile_variants": {
      "evening_peak": 0.28,
      "double_peak": 0.16,
      "office_peak": 0.2,
      "industrial": 0.14,
      "night_shift": 0.1,
      "residential_morning": 0.12
    },
    "zone_profile_mix_weight": [
      0.4,
      0.8
    ],
    "zone_profile_phase_shift_hours": [
      -2.5,
      2.5
    ],
    "zone_profile_noise_std": [
      0.02,
      0.06
    ],
    "zone_profile_curvature_exp": [
      0.9,
      1.18
    ],
    "region_weather": {
      "R1": {
        "weather_profile": "stormy_winter",
        "weather_spread_intensity": 0.6306996145894452
      },
      "R2": {
        "weather_profile": "overcast_summer",
        "weather_spread_intensity": 0.5043767955556637
      },
      "R3": {
        "weather_profile": "overcast_summer",
        "weather_spread_intensity": 0.5776427734278596
      }
    }
  },
  "mip_gap_target_pct": 0.7873107628602996,
  "estimates": {
    "vars_total": 71040,
    "cons_total": 92352,
    "est_cpu_hours": 1.341002666666667
  },
  "meta": {
    "regions": 3,
    "zones": 14,
    "sites": 14,
    "intertie_density": 0.24980844994793294,
    "neighbor_nations": 3,
    "assets": {
      "thermal": 19,
      "solar": 34,
      "wind": 25,
      "battery": 12,
      "dr": 19,
      "nuclear": 3,
      "hydro_reservoir": 5,
      "hydro_ror": 14,
      "hydro_pumped": 2
    },
    "demand_scale_factor": 1.0719838555641281,
    "zone_profile_variants": {
      "evening_peak": 0.28,
      "double_peak": 0.16,
      "office_peak": 0.2,
      "industrial": 0.14,
      "night_shift": 0.1,
      "residential_morning": 0.12
    },
    "zone_profile_mix_weight": [
      0.4,
      0.8
    ],
    "weather_profile": "overcast_summer",
    "cross_border_policy": "allow",
    "price_cap": 2451.448111023173,
    "co2_price": 247.88317897542007,
    "import_export_caps_factor": 0.9299894776573385,
    "operation_costs": {
      "thermal_fuel_eur_per_mwh": 45.13314028355787,
      "nuclear_fuel_eur_per_mwh": 12.730817308713837,
      "demand_response_cost_eur_per_mwh": 1173.585830591028,
      "value_of_lost_load_eur_per_mwh": 10993.963571213022,
      "renewable_spill_cost_eur_per_mwh": 1939.031049088699,
      "hydro_spill_cost_eur_per_mwh": 1150.9588005566447,
      "overgen_spill_cost_eur_per_mwh": 4044.407953864935,
      "battery_cycle_cost_eur_per_mwh": 89.53655108051584,
      "pumped_cycle_cost_eur_per_mwh": 64.88672381824904
    },
    "tech_scalers": {
      "thermal_marg_cost": 14.19488061144036,
      "thermal_ramp_pct": 0.3826911645943086,
      "battery_roundtrip_eff": 0.8007374527590615,
      "battery_e_to_p_hours": 1.2345755957470503,
      "dr_max_shed_share": 0.25981762176875667,
      "dr_duration_hours": 3.682987648898347,
      "hydro_reservoir_head_eff": 1.0099395349605318,
      "battery_initial_soc_fraction": 0.37931881066785367,
      "battery_final_soc_tolerance": 0.09630447057479133,
      "battery_self_discharge_per_hour": 0.0016781121074634089,
      "pumped_initial_level_fraction": 0.43576670372156967,
      "pumped_final_level_tolerance": 0.12643565145919472,
      "pumped_self_discharge_per_hour": 0.003595373013957845
    }
  },
  "flexibility_metrics": {
    "total_storage_power_mw": 1000.0,
    "total_storage_capacity_mwh": 3940.7,
    "battery_power_mw": 600.0,
    "battery_capacity_mwh": 740.7,
    "pumped_power_mw": 400.0,
    "pumped_capacity_mwh": 3200.0,
    "total_dr_capacity_mw": 1949.6,
    "total_ramp_up_mw_per_step": 582.8,
    "total_ramp_down_mw_per_step": 582.8,
    "thermal_flex_ratio": 0.339,
    "dr_duration_hours": 3.68,
    "battery_roundtrip_efficiency": 0.801
  },
  "difficulty_indicators": {
    "vre_penetration_pct": 33.81,
    "net_demand_volatility": 0.128,
    "peak_to_valley_ratio": 1.93,
    "estimated_milp_solve_time_seconds": 4827.6,
    "complexity_score": "hard",
    "n_binary_variables": 1824,
    "n_timesteps": 96,
    "n_zones": 14,
    "weather_profile": "overcast_summer",
    "demand_profile": "wkend_flat"
  }
}