{
  "id": "f16b1fdd-2d0c-49cd-840b-7d5b5a950b56",
  "horizon_hours": 24,
  "dt_minutes": 15,
  "graph": {
    "regions": 2,
    "zones_per_region": [
      5,
      6
    ],
    "sites_per_zone": [
      3,
      5,
      2,
      8,
      7,
      2,
      4,
      8,
      8,
      5,
      2
    ],
    "intertie_density": 0.4999762301760186,
    "neighbor_nations": 1
  },
  "assets": {
    "thermal_per_site": [
      2,
      3,
      2,
      1,
      2,
      0,
      0,
      0,
      3,
      1,
      2
    ],
    "solar_per_site": [
      3,
      2,
      3,
      1,
      2,
      1,
      1,
      1,
      3,
      1,
      1
    ],
    "wind_per_site": [
      3,
      2,
      2,
      1,
      1,
      2,
      3,
      1,
      1,
      2,
      2
    ],
    "battery_per_site": [
      1,
      1,
      1,
      2,
      0,
      0,
      0,
      1,
      2,
      2,
      0
    ],
    "dr_per_site": [
      1,
      0,
      2,
      1,
      1,
      2,
      1,
      0,
      0,
      1,
      2
    ],
    "nuclear_per_region": [
      2,
      0
    ],
    "hydro_reservoir_per_region": [
      2,
      1
    ],
    "hydro_ror_per_zone": [
      2,
      2,
      0,
      1,
      2,
      0,
      1,
      1,
      2,
      1,
      2
    ],
    "hydro_pumped_per_region": [
      2,
      0
    ]
  },
  "econ_policy": {
    "co2_price": 230.0453106651102,
    "price_cap": 1351.9442602518,
    "cross_border_policy": "allow",
    "import_export_caps_factor": 0.7143697247682415
  },
  "tech": {
    "thermal_marg_cost": 8.652022383900709,
    "thermal_ramp_pct": 0.16235115727999988,
    "battery_roundtrip_eff": 0.8299501640702204,
    "battery_e_to_p_hours": 5.044500928726574,
    "dr_max_shed_share": 0.1878697426692908,
    "dr_duration_hours": 3.0716430554180127,
    "hydro_reservoir_head_eff": 0.7666031911621354,
    "battery_initial_soc_fraction": 0.36161446717744944,
    "battery_final_soc_tolerance": 0.13800511280971503,
    "battery_self_discharge_per_hour": 0.007070643621428861,
    "pumped_initial_level_fraction": 0.5380840644432793,
    "pumped_final_level_tolerance": 0.08475372559749753,
    "pumped_self_discharge_per_hour": 0.0018323493617110299
  },
  "operation_costs": {
    "thermal_fuel_eur_per_mwh": 70.95845076578375,
    "nuclear_fuel_eur_per_mwh": 11.463173232606092,
    "demand_response_cost_eur_per_mwh": 949.2406818065332,
    "value_of_lost_load_eur_per_mwh": 9594.952581410824,
    "renewable_spill_cost_eur_per_mwh": 725.4464282722497,
    "hydro_spill_cost_eur_per_mwh": 1097.2579987982103,
    "overgen_spill_cost_eur_per_mwh": 6967.225150136457,
    "battery_cycle_cost_eur_per_mwh": 118.05675409863923,
    "pumped_cycle_cost_eur_per_mwh": 73.40879924272082
  },
  "exogenous": {
    "weather_profile": "sunny_summer",
    "weather_spread_intensity": 1.0672363109026435,
    "demand_profile": "shoulder",
    "demand_scale_factor": 1.0155985328842718,
    "inflow_factor": 0.6006729893121173,
    "zone_profile_variants": {
      "evening_peak": 0.28,
      "double_peak": 0.16,
      "office_peak": 0.2,
      "industrial": 0.14,
      "night_shift": 0.1,
      "residential_morning": 0.12
    },
    "zone_profile_mix_weight": [
      0.4,
      0.8
    ],
    "zone_profile_phase_shift_hours": [
      -2.5,
      2.5
    ],
    "zone_profile_noise_std": [
      0.02,
      0.06
    ],
    "zone_profile_curvature_exp": [
      0.9,
      1.18
    ],
    "region_weather": {
      "R1": {
        "weather_profile": "sunny_summer",
        "weather_spread_intensity": 1.007873010706107
      },
      "R2": {
        "weather_profile": "mixed",
        "weather_spread_intensity": 1.1265996110991798
      }
    }
  },
  "mip_gap_target_pct": 1.3078881016717916,
  "estimates": {
    "vars_total": 54144,
    "cons_total": 70387,
    "est_cpu_hours": 1.0395012222222222
  },
  "meta": {
    "regions": 2,
    "zones": 11,
    "sites": 11,
    "intertie_density": 0.4999762301760186,
    "neighbor_nations": 1,
    "assets": {
      "thermal": 16,
      "solar": 19,
      "wind": 20,
      "battery": 10,
      "dr": 11,
      "nuclear": 2,
      "hydro_reservoir": 3,
      "hydro_ror": 14,
      "hydro_pumped": 2
    },
    "demand_scale_factor": 1.0155985328842718,
    "zone_profile_variants": {
      "evening_peak": 0.28,
      "double_peak": 0.16,
      "office_peak": 0.2,
      "industrial": 0.14,
      "night_shift": 0.1,
      "residential_morning": 0.12
    },
    "zone_profile_mix_weight": [
      0.4,
      0.8
    ],
    "weather_profile": "sunny_summer",
    "cross_border_policy": "allow",
    "price_cap": 1351.9442602518,
    "co2_price": 230.0453106651102,
    "import_export_caps_factor": 0.7143697247682415,
    "operation_costs": {
      "thermal_fuel_eur_per_mwh": 70.95845076578375,
      "nuclear_fuel_eur_per_mwh": 11.463173232606092,
      "demand_response_cost_eur_per_mwh": 949.2406818065332,
      "value_of_lost_load_eur_per_mwh": 9594.952581410824,
      "renewable_spill_cost_eur_per_mwh": 725.4464282722497,
      "hydro_spill_cost_eur_per_mwh": 1097.2579987982103,
      "overgen_spill_cost_eur_per_mwh": 6967.225150136457,
      "battery_cycle_cost_eur_per_mwh": 118.05675409863923,
      "pumped_cycle_cost_eur_per_mwh": 73.40879924272082
    },
    "tech_scalers": {
      "thermal_marg_cost": 8.652022383900709,
      "thermal_ramp_pct": 0.16235115727999988,
      "battery_roundtrip_eff": 0.8299501640702204,
      "battery_e_to_p_hours": 5.044500928726574,
      "dr_max_shed_share": 0.1878697426692908,
      "dr_duration_hours": 3.0716430554180127,
      "hydro_reservoir_head_eff": 0.7666031911621354,
      "battery_initial_soc_fraction": 0.36161446717744944,
      "battery_final_soc_tolerance": 0.13800511280971503,
      "battery_self_discharge_per_hour": 0.007070643621428861,
      "pumped_initial_level_fraction": 0.5380840644432793,
      "pumped_final_level_tolerance": 0.08475372559749753,
      "pumped_self_discharge_per_hour": 0.0018323493617110299
    }
  },
  "flexibility_metrics": {
    "total_storage_power_mw": 900.0,
    "total_storage_capacity_mwh": 5722.3,
    "battery_power_mw": 500.0,
    "battery_capacity_mwh": 2522.3,
    "pumped_power_mw": 400.0,
    "pumped_capacity_mwh": 3200.0,
    "total_dr_capacity_mw": 1049.4,
    "total_ramp_up_mw_per_step": 219.8,
    "total_ramp_down_mw_per_step": 219.8,
    "thermal_flex_ratio": 0.287,
    "dr_duration_hours": 3.07,
    "battery_roundtrip_efficiency": 0.83
  },
  "difficulty_indicators": {
    "vre_penetration_pct": 30.63,
    "net_demand_volatility": 0.242,
    "peak_to_valley_ratio": 1.83,
    "estimated_milp_solve_time_seconds": 3742.2,
    "complexity_score": "medium",
    "n_binary_variables": 1536,
    "n_timesteps": 96,
    "n_zones": 11,
    "weather_profile": "sunny_summer",
    "demand_profile": "shoulder"
  }
}