{
  "id": "900d49f3-b47a-4be1-9a1d-7d66cae956d8",
  "horizon_hours": 24,
  "dt_minutes": 15,
  "graph": {
    "regions": 3,
    "zones_per_region": [
      9,
      4,
      4
    ],
    "sites_per_zone": [
      3,
      2,
      3,
      4,
      3,
      7,
      7,
      5,
      6,
      7,
      2,
      6,
      5,
      3,
      8,
      7,
      4
    ],
    "intertie_density": 0.4995145911862306,
    "neighbor_nations": 3
  },
  "assets": {
    "thermal_per_site": [
      0,
      0,
      1,
      0,
      0,
      3,
      1,
      3,
      1,
      2,
      1,
      1,
      0,
      3,
      3,
      0,
      2
    ],
    "solar_per_site": [
      2,
      1,
      2,
      3,
      2,
      2,
      3,
      1,
      2,
      3,
      3,
      2,
      2,
      3,
      2,
      3,
      2
    ],
    "wind_per_site": [
      2,
      3,
      3,
      2,
      1,
      2,
      1,
      2,
      2,
      1,
      3,
      2,
      1,
      3,
      1,
      1,
      2
    ],
    "battery_per_site": [
      1,
      0,
      0,
      0,
      2,
      1,
      1,
      2,
      1,
      0,
      1,
      2,
      2,
      2,
      0,
      0,
      1
    ],
    "dr_per_site": [
      1,
      2,
      2,
      2,
      0,
      2,
      2,
      2,
      1,
      1,
      0,
      2,
      0,
      1,
      0,
      2,
      2
    ],
    "nuclear_per_region": [
      0,
      2,
      0
    ],
    "hydro_reservoir_per_region": [
      2,
      3,
      0
    ],
    "hydro_ror_per_zone": [
      1,
      1,
      0,
      1,
      1,
      2,
      2,
      2,
      2,
      2,
      1,
      0,
      2,
      0,
      1,
      2,
      0
    ],
    "hydro_pumped_per_region": [
      0,
      2,
      0
    ]
  },
  "econ_policy": {
    "co2_price": 64.44327111661148,
    "price_cap": 3477.8380495794713,
    "cross_border_policy": "cap",
    "import_export_caps_factor": 0.9733572321635199
  },
  "tech": {
    "thermal_marg_cost": 6.040844386855274,
    "thermal_ramp_pct": 0.322489026469175,
    "battery_roundtrip_eff": 0.8419124615317918,
    "battery_e_to_p_hours": 4.164700284174971,
    "dr_max_shed_share": 0.21853526921604843,
    "dr_duration_hours": 5.512386524071123,
    "hydro_reservoir_head_eff": 0.8612766672292308,
    "battery_initial_soc_fraction": 0.5872492477998736,
    "battery_final_soc_tolerance": 0.07448445048686389,
    "battery_self_discharge_per_hour": 0.002647662409975886,
    "pumped_initial_level_fraction": 0.48810886574043677,
    "pumped_final_level_tolerance": 0.10466643221114778,
    "pumped_self_discharge_per_hour": 0.002558255232503059
  },
  "operation_costs": {
    "thermal_fuel_eur_per_mwh": 80.51668926537785,
    "nuclear_fuel_eur_per_mwh": 10.275330673143214,
    "demand_response_cost_eur_per_mwh": 1174.1290724236812,
    "value_of_lost_load_eur_per_mwh": 8962.265460441527,
    "renewable_spill_cost_eur_per_mwh": 843.7389986173655,
    "hydro_spill_cost_eur_per_mwh": 1023.9336658682214,
    "overgen_spill_cost_eur_per_mwh": 2022.778430012079,
    "battery_cycle_cost_eur_per_mwh": 62.4074300037482,
    "pumped_cycle_cost_eur_per_mwh": 78.00622725696941
  },
  "exogenous": {
    "weather_profile": "stormy_winter",
    "weather_spread_intensity": 1.1529251444604083,
    "demand_profile": "shoulder",
    "demand_scale_factor": 0.8643582264760392,
    "inflow_factor": 1.509916752428246,
    "zone_profile_variants": {
      "evening_peak": 0.28,
      "double_peak": 0.16,
      "office_peak": 0.2,
      "industrial": 0.14,
      "night_shift": 0.1,
      "residential_morning": 0.12
    },
    "zone_profile_mix_weight": [
      0.4,
      0.8
    ],
    "zone_profile_phase_shift_hours": [
      -2.5,
      2.5
    ],
    "zone_profile_noise_std": [
      0.02,
      0.06
    ],
    "zone_profile_curvature_exp": [
      0.9,
      1.18
    ],
    "region_weather": {
      "R1": {
        "weather_profile": "stormy_winter",
        "weather_spread_intensity": 0.8581813928423052
      },
      "R2": {
        "weather_profile": "calm_winter",
        "weather_spread_intensity": 1.4751033589638667
      },
      "R3": {
        "weather_profile": "overcast_summer",
        "weather_spread_intensity": 1.125490681575053
      }
    }
  },
  "mip_gap_target_pct": 1.0194115194868025,
  "estimates": {
    "vars_total": 84768,
    "cons_total": 110198,
    "est_cpu_hours": 1.5859677777777779
  },
  "meta": {
    "regions": 3,
    "zones": 17,
    "sites": 17,
    "intertie_density": 0.4995145911862306,
    "neighbor_nations": 3,
    "assets": {
      "thermal": 21,
      "solar": 38,
      "wind": 32,
      "battery": 16,
      "dr": 22,
      "nuclear": 2,
      "hydro_reservoir": 5,
      "hydro_ror": 20,
      "hydro_pumped": 2
    },
    "demand_scale_factor": 0.8643582264760392,
    "zone_profile_variants": {
      "evening_peak": 0.28,
      "double_peak": 0.16,
      "office_peak": 0.2,
      "industrial": 0.14,
      "night_shift": 0.1,
      "residential_morning": 0.12
    },
    "zone_profile_mix_weight": [
      0.4,
      0.8
    ],
    "weather_profile": "stormy_winter",
    "cross_border_policy": "cap",
    "price_cap": 3477.8380495794713,
    "co2_price": 64.44327111661148,
    "import_export_caps_factor": 0.9733572321635199,
    "operation_costs": {
      "thermal_fuel_eur_per_mwh": 80.51668926537785,
      "nuclear_fuel_eur_per_mwh": 10.275330673143214,
      "demand_response_cost_eur_per_mwh": 1174.1290724236812,
      "value_of_lost_load_eur_per_mwh": 8962.265460441527,
      "renewable_spill_cost_eur_per_mwh": 843.7389986173655,
      "hydro_spill_cost_eur_per_mwh": 1023.9336658682214,
      "overgen_spill_cost_eur_per_mwh": 2022.778430012079,
      "battery_cycle_cost_eur_per_mwh": 62.4074300037482,
      "pumped_cycle_cost_eur_per_mwh": 78.00622725696941
    },
    "tech_scalers": {
      "thermal_marg_cost": 6.040844386855274,
      "thermal_ramp_pct": 0.322489026469175,
      "battery_roundtrip_eff": 0.8419124615317918,
      "battery_e_to_p_hours": 4.164700284174971,
      "dr_max_shed_share": 0.21853526921604843,
      "dr_duration_hours": 5.512386524071123,
      "hydro_reservoir_head_eff": 0.8612766672292308,
      "battery_initial_soc_fraction": 0.5872492477998736,
      "battery_final_soc_tolerance": 0.07448445048686389,
      "battery_self_discharge_per_hour": 0.002647662409975886,
      "pumped_initial_level_fraction": 0.48810886574043677,
      "pumped_final_level_tolerance": 0.10466643221114778,
      "pumped_self_discharge_per_hour": 0.002558255232503059
    }
  },
  "flexibility_metrics": {
    "total_storage_power_mw": 1200.0,
    "total_storage_capacity_mwh": 6531.8,
    "battery_power_mw": 800.0,
    "battery_capacity_mwh": 3331.8,
    "pumped_power_mw": 400.0,
    "pumped_capacity_mwh": 3200.0,
    "total_dr_capacity_mw": 1605.6,
    "total_ramp_up_mw_per_step": 532.9,
    "total_ramp_down_mw_per_step": 532.9,
    "thermal_flex_ratio": 0.338,
    "dr_duration_hours": 5.51,
    "battery_roundtrip_efficiency": 0.842
  },
  "difficulty_indicators": {
    "vre_penetration_pct": 36.75,
    "net_demand_volatility": 0.269,
    "peak_to_valley_ratio": 1.56,
    "estimated_milp_solve_time_seconds": 5709.5,
    "complexity_score": "hard",
    "n_binary_variables": 2016,
    "n_timesteps": 96,
    "n_zones": 17,
    "weather_profile": "stormy_winter",
    "demand_profile": "shoulder"
  }
}