{
  "id": "09c23a61-ab04-4c4e-b067-4cd0aeef16a6",
  "horizon_hours": 24,
  "dt_minutes": 15,
  "graph": {
    "regions": 3,
    "zones_per_region": [
      7,
      2,
      3
    ],
    "sites_per_zone": [
      4,
      5,
      7,
      2,
      8,
      8,
      7,
      8,
      8,
      2,
      7,
      2
    ],
    "intertie_density": 0.5938044796851489,
    "neighbor_nations": 5
  },
  "assets": {
    "thermal_per_site": [
      0,
      2,
      2,
      3,
      3,
      2,
      3,
      1,
      3,
      1,
      0,
      2
    ],
    "solar_per_site": [
      2,
      2,
      1,
      2,
      1,
      3,
      3,
      1,
      3,
      1,
      2,
      1
    ],
    "wind_per_site": [
      1,
      3,
      3,
      3,
      2,
      1,
      3,
      1,
      1,
      1,
      2,
      2
    ],
    "battery_per_site": [
      1,
      1,
      0,
      1,
      0,
      1,
      2,
      2,
      0,
      0,
      0,
      0
    ],
    "dr_per_site": [
      0,
      2,
      2,
      0,
      0,
      1,
      2,
      1,
      2,
      0,
      0,
      1
    ],
    "nuclear_per_region": [
      1,
      0,
      2
    ],
    "hydro_reservoir_per_region": [
      0,
      1,
      1
    ],
    "hydro_ror_per_zone": [
      0,
      2,
      2,
      0,
      0,
      1,
      1,
      0,
      0,
      1,
      2,
      0
    ],
    "hydro_pumped_per_region": [
      0,
      1,
      1
    ]
  },
  "econ_policy": {
    "co2_price": 81.62656323644335,
    "price_cap": 1027.0955537805285,
    "cross_border_policy": "allow",
    "import_export_caps_factor": 1.0179681579140563
  },
  "tech": {
    "thermal_marg_cost": 3.964037891448364,
    "thermal_ramp_pct": 0.1113639199826768,
    "battery_roundtrip_eff": 0.8383043639860702,
    "battery_e_to_p_hours": 2.599451281257398,
    "dr_max_shed_share": 0.3393228252952126,
    "dr_duration_hours": 5.536737708466597,
    "hydro_reservoir_head_eff": 0.8678058082176704,
    "battery_initial_soc_fraction": 0.5781236794549434,
    "battery_final_soc_tolerance": 0.05442941358111347,
    "battery_self_discharge_per_hour": 0.00692557611782805,
    "pumped_initial_level_fraction": 0.500098752797015,
    "pumped_final_level_tolerance": 0.12199373875033594,
    "pumped_self_discharge_per_hour": 0.0006098105659609452
  },
  "operation_costs": {
    "thermal_fuel_eur_per_mwh": 73.62117658862675,
    "nuclear_fuel_eur_per_mwh": 26.88903095330282,
    "thermal_startup_cost_eur": 5242.492476659719,
    "nuclear_startup_cost_eur": 27238.576987580076,
    "demand_response_cost_eur_per_mwh": 1068.5580497198318,
    "value_of_lost_load_eur_per_mwh": 10521.976197446298,
    "renewable_spill_cost_eur_per_mwh": 1316.7135914695182,
    "hydro_spill_cost_eur_per_mwh": 561.2449768607585,
    "overgen_spill_cost_eur_per_mwh": 6993.039162716299,
    "battery_cycle_cost_eur_per_mwh": 139.88687948835963,
    "pumped_cycle_cost_eur_per_mwh": 47.39115376829316
  },
  "exogenous": {
    "weather_profile": "sunny_summer",
    "weather_spread_intensity": 1.1871960503032926,
    "demand_profile": "cold_snap",
    "demand_scale_factor": 0.9678396685296241,
    "inflow_factor": 0.5384959059041947,
    "zone_profile_variants": {
      "evening_peak": 0.28,
      "double_peak": 0.16,
      "office_peak": 0.2,
      "industrial": 0.14,
      "night_shift": 0.1,
      "residential_morning": 0.12
    },
    "zone_profile_mix_weight": [
      0.4,
      0.8
    ],
    "zone_profile_phase_shift_hours": [
      -2.5,
      2.5
    ],
    "zone_profile_noise_std": [
      0.02,
      0.06
    ],
    "zone_profile_curvature_exp": [
      0.9,
      1.18
    ],
    "region_weather": {
      "R1": {
        "weather_profile": "calm_winter",
        "weather_spread_intensity": 1.353240283682724
      },
      "R2": {
        "weather_profile": "sunny_summer",
        "weather_spread_intensity": 0.7208714834198171
      },
      "R3": {
        "weather_profile": "mixed",
        "weather_spread_intensity": 1.4874763838073368
      }
    }
  },
  "mip_gap_target_pct": 1.0992760267425759,
  "estimates": {
    "vars_total": 58848,
    "cons_total": 76502,
    "est_cpu_hours": 1.1234397777777778
  },
  "meta": {
    "regions": 3,
    "zones": 12,
    "sites": 12,
    "intertie_density": 0.5938044796851489,
    "neighbor_nations": 5,
    "assets": {
      "thermal": 22,
      "solar": 22,
      "wind": 23,
      "battery": 8,
      "dr": 11,
      "nuclear": 3,
      "hydro_reservoir": 2,
      "hydro_ror": 9,
      "hydro_pumped": 2
    },
    "demand_scale_factor": 0.9678396685296241,
    "zone_profile_variants": {
      "evening_peak": 0.28,
      "double_peak": 0.16,
      "office_peak": 0.2,
      "industrial": 0.14,
      "night_shift": 0.1,
      "residential_morning": 0.12
    },
    "zone_profile_mix_weight": [
      0.4,
      0.8
    ],
    "weather_profile": "sunny_summer",
    "cross_border_policy": "allow",
    "price_cap": 1027.0955537805285,
    "co2_price": 81.62656323644335,
    "import_export_caps_factor": 1.0179681579140563,
    "operation_costs": {
      "thermal_fuel_eur_per_mwh": 73.62117658862675,
      "nuclear_fuel_eur_per_mwh": 26.88903095330282,
      "thermal_startup_cost_eur": 5242.492476659719,
      "nuclear_startup_cost_eur": 27238.576987580076,
      "demand_response_cost_eur_per_mwh": 1068.5580497198318,
      "value_of_lost_load_eur_per_mwh": 10521.976197446298,
      "renewable_spill_cost_eur_per_mwh": 1316.7135914695182,
      "hydro_spill_cost_eur_per_mwh": 561.2449768607585,
      "overgen_spill_cost_eur_per_mwh": 6993.039162716299,
      "battery_cycle_cost_eur_per_mwh": 139.88687948835963,
      "pumped_cycle_cost_eur_per_mwh": 47.39115376829316
    },
    "tech_scalers": {
      "thermal_marg_cost": 3.964037891448364,
      "thermal_ramp_pct": 0.1113639199826768,
      "battery_roundtrip_eff": 0.8383043639860702,
      "battery_e_to_p_hours": 2.599451281257398,
      "dr_max_shed_share": 0.3393228252952126,
      "dr_duration_hours": 5.536737708466597,
      "hydro_reservoir_head_eff": 0.8678058082176704,
      "battery_initial_soc_fraction": 0.5781236794549434,
      "battery_final_soc_tolerance": 0.05442941358111347,
      "battery_self_discharge_per_hour": 0.00692557611782805,
      "pumped_initial_level_fraction": 0.500098752797015,
      "pumped_final_level_tolerance": 0.12199373875033594,
      "pumped_self_discharge_per_hour": 0.0006098105659609452
    }
  },
  "flexibility_metrics": {
    "total_storage_power_mw": 800.0,
    "total_storage_capacity_mwh": 4239.8,
    "battery_power_mw": 400.0,
    "battery_capacity_mwh": 1039.8,
    "pumped_power_mw": 400.0,
    "pumped_capacity_mwh": 3200.0,
    "total_dr_capacity_mw": 1970.5,
    "total_ramp_up_mw_per_step": 221.3,
    "total_ramp_down_mw_per_step": 221.3,
    "thermal_flex_ratio": 0.289,
    "dr_duration_hours": 5.54,
    "battery_roundtrip_efficiency": 0.838
  },
  "difficulty_indicators": {
    "vre_penetration_pct": 31.3,
    "net_demand_volatility": 0.297,
    "peak_to_valley_ratio": 1.74,
    "estimated_milp_solve_time_seconds": 4044.4,
    "complexity_score": "medium",
    "n_binary_variables": 2112,
    "n_timesteps": 96,
    "n_zones": 12,
    "weather_profile": "sunny_summer",
    "demand_profile": "cold_snap"
  }
}