{
  "id": "dfac3b00-5c76-4e45-ac62-d579ecd0b1d1",
  "horizon_hours": 24,
  "dt_minutes": 15,
  "graph": {
    "regions": 2,
    "zones_per_region": [
      7,
      7
    ],
    "sites_per_zone": [
      7,
      6,
      6,
      3,
      7,
      5,
      5,
      3,
      3,
      3,
      5,
      5,
      7,
      6
    ],
    "intertie_density": 0.21691204475382558,
    "neighbor_nations": 1
  },
  "assets": {
    "thermal_per_site": [
      0,
      3,
      3,
      0,
      3,
      0,
      1,
      1,
      0,
      2,
      3,
      2,
      3,
      1
    ],
    "solar_per_site": [
      2,
      3,
      2,
      2,
      1,
      3,
      2,
      2,
      3,
      3,
      1,
      3,
      2,
      3
    ],
    "wind_per_site": [
      1,
      2,
      1,
      1,
      1,
      1,
      2,
      2,
      3,
      2,
      3,
      2,
      2,
      3
    ],
    "battery_per_site": [
      0,
      1,
      0,
      2,
      0,
      1,
      2,
      2,
      0,
      2,
      0,
      1,
      2,
      0
    ],
    "dr_per_site": [
      1,
      1,
      2,
      0,
      1,
      0,
      2,
      1,
      1,
      0,
      2,
      1,
      1,
      0
    ],
    "nuclear_per_region": [
      1,
      0
    ],
    "hydro_reservoir_per_region": [
      0,
      3
    ],
    "hydro_ror_per_zone": [
      2,
      0,
      1,
      1,
      2,
      2,
      2,
      2,
      0,
      2,
      1,
      0,
      0,
      1
    ],
    "hydro_pumped_per_region": [
      2,
      1
    ]
  },
  "econ_policy": {
    "co2_price": 89.31127401393884,
    "price_cap": 1403.939013649295,
    "cross_border_policy": "block",
    "import_export_caps_factor": 1.5923291552995154
  },
  "tech": {
    "thermal_marg_cost": 5.873661995953058,
    "thermal_ramp_pct": 0.12287299887188255,
    "battery_roundtrip_eff": 0.8067432148614372,
    "battery_e_to_p_hours": 4.990347550892689,
    "dr_max_shed_share": 0.11595195002911118,
    "dr_duration_hours": 5.796138511373062,
    "hydro_reservoir_head_eff": 0.7744559923597708,
    "battery_initial_soc_fraction": 0.5715316453854365,
    "battery_final_soc_tolerance": 0.12540775379078573,
    "battery_self_discharge_per_hour": 0.002412759602053286,
    "pumped_initial_level_fraction": 0.6308345811187347,
    "pumped_final_level_tolerance": 0.17153622234678906,
    "pumped_self_discharge_per_hour": 0.002990234464851631
  },
  "operation_costs": {
    "thermal_fuel_eur_per_mwh": 75.71077767060802,
    "nuclear_fuel_eur_per_mwh": 8.692060535602458,
    "demand_response_cost_eur_per_mwh": 991.7606597304352,
    "value_of_lost_load_eur_per_mwh": 8378.646203296288,
    "renewable_spill_cost_eur_per_mwh": 687.1934006293726,
    "hydro_spill_cost_eur_per_mwh": 1182.1136497346556,
    "overgen_spill_cost_eur_per_mwh": 4719.788328667271,
    "battery_cycle_cost_eur_per_mwh": 72.33771854880395,
    "pumped_cycle_cost_eur_per_mwh": 68.63733007208586
  },
  "exogenous": {
    "weather_profile": "sunny_summer",
    "weather_spread_intensity": 1.0484880804312384,
    "demand_profile": "wkday_peak",
    "demand_scale_factor": 1.0128760330864077,
    "inflow_factor": 0.4348322728922422,
    "zone_profile_variants": {
      "evening_peak": 0.28,
      "double_peak": 0.16,
      "office_peak": 0.2,
      "industrial": 0.14,
      "night_shift": 0.1,
      "residential_morning": 0.12
    },
    "zone_profile_mix_weight": [
      0.4,
      0.8
    ],
    "zone_profile_phase_shift_hours": [
      -2.5,
      2.5
    ],
    "zone_profile_noise_std": [
      0.02,
      0.06
    ],
    "zone_profile_curvature_exp": [
      0.9,
      1.18
    ],
    "region_weather": {
      "R1": {
        "weather_profile": "sunny_summer",
        "weather_spread_intensity": 1.414099764655289
      },
      "R2": {
        "weather_profile": "overcast_summer",
        "weather_spread_intensity": 0.6828763962071879
      }
    }
  },
  "mip_gap_target_pct": 0.6985280537751402,
  "estimates": {
    "vars_total": 69888,
    "cons_total": 90854,
    "est_cpu_hours": 1.3204424444444445
  },
  "meta": {
    "regions": 2,
    "zones": 14,
    "sites": 14,
    "intertie_density": 0.21691204475382558,
    "neighbor_nations": 1,
    "assets": {
      "thermal": 22,
      "solar": 32,
      "wind": 26,
      "battery": 13,
      "dr": 13,
      "nuclear": 1,
      "hydro_reservoir": 3,
      "hydro_ror": 16,
      "hydro_pumped": 3
    },
    "demand_scale_factor": 1.0128760330864077,
    "zone_profile_variants": {
      "evening_peak": 0.28,
      "double_peak": 0.16,
      "office_peak": 0.2,
      "industrial": 0.14,
      "night_shift": 0.1,
      "residential_morning": 0.12
    },
    "zone_profile_mix_weight": [
      0.4,
      0.8
    ],
    "weather_profile": "sunny_summer",
    "cross_border_policy": "block",
    "price_cap": 1403.939013649295,
    "co2_price": 89.31127401393884,
    "import_export_caps_factor": 1.5923291552995154,
    "operation_costs": {
      "thermal_fuel_eur_per_mwh": 75.71077767060802,
      "nuclear_fuel_eur_per_mwh": 8.692060535602458,
      "demand_response_cost_eur_per_mwh": 991.7606597304352,
      "value_of_lost_load_eur_per_mwh": 8378.646203296288,
      "renewable_spill_cost_eur_per_mwh": 687.1934006293726,
      "hydro_spill_cost_eur_per_mwh": 1182.1136497346556,
      "overgen_spill_cost_eur_per_mwh": 4719.788328667271,
      "battery_cycle_cost_eur_per_mwh": 72.33771854880395,
      "pumped_cycle_cost_eur_per_mwh": 68.63733007208586
    },
    "tech_scalers": {
      "thermal_marg_cost": 5.873661995953058,
      "thermal_ramp_pct": 0.12287299887188255,
      "battery_roundtrip_eff": 0.8067432148614372,
      "battery_e_to_p_hours": 4.990347550892689,
      "dr_max_shed_share": 0.11595195002911118,
      "dr_duration_hours": 5.796138511373062,
      "hydro_reservoir_head_eff": 0.7744559923597708,
      "battery_initial_soc_fraction": 0.5715316453854365,
      "battery_final_soc_tolerance": 0.12540775379078573,
      "battery_self_discharge_per_hour": 0.002412759602053286,
      "pumped_initial_level_fraction": 0.6308345811187347,
      "pumped_final_level_tolerance": 0.17153622234678906,
      "pumped_self_discharge_per_hour": 0.002990234464851631
    }
  },
  "flexibility_metrics": {
    "total_storage_power_mw": 1250.0,
    "total_storage_capacity_mwh": 8043.7,
    "battery_power_mw": 650.0,
    "battery_capacity_mwh": 3243.7,
    "pumped_power_mw": 600.0,
    "pumped_capacity_mwh": 4800.0,
    "total_dr_capacity_mw": 822.1,
    "total_ramp_up_mw_per_step": 215.2,
    "total_ramp_down_mw_per_step": 215.2,
    "thermal_flex_ratio": 0.273,
    "dr_duration_hours": 5.8,
    "battery_roundtrip_efficiency": 0.807
  },
  "difficulty_indicators": {
    "vre_penetration_pct": 36.6,
    "net_demand_volatility": 0.266,
    "peak_to_valley_ratio": 1.82,
    "estimated_milp_solve_time_seconds": 4753.6,
    "complexity_score": "medium",
    "n_binary_variables": 2112,
    "n_timesteps": 96,
    "n_zones": 14,
    "weather_profile": "sunny_summer",
    "demand_profile": "wkday_peak"
  }
}