{
  "id": "69cef779-c2b5-4284-9040-c884c8b57c73",
  "horizon_hours": 24,
  "dt_minutes": 15,
  "graph": {
    "regions": 4,
    "zones_per_region": [
      5,
      6,
      8,
      4
    ],
    "sites_per_zone": [
      6,
      6,
      6,
      7,
      5,
      6,
      5,
      2,
      8,
      3,
      5,
      6,
      4,
      4,
      8,
      7,
      5,
      4,
      7,
      7,
      3,
      4,
      6
    ],
    "intertie_density": 0.4324316785698826,
    "neighbor_nations": 2
  },
  "assets": {
    "thermal_per_site": [
      0,
      3,
      2,
      1,
      3,
      1,
      3,
      3,
      3,
      3,
      1,
      1,
      1,
      2,
      1,
      0,
      3,
      1,
      2,
      0,
      1,
      1,
      2
    ],
    "solar_per_site": [
      2,
      3,
      1,
      3,
      2,
      3,
      2,
      3,
      2,
      1,
      2,
      2,
      2,
      2,
      2,
      3,
      3,
      2,
      2,
      2,
      1,
      3,
      3
    ],
    "wind_per_site": [
      1,
      1,
      2,
      2,
      2,
      1,
      1,
      1,
      3,
      3,
      1,
      2,
      1,
      3,
      1,
      3,
      1,
      1,
      2,
      3,
      3,
      1,
      1
    ],
    "battery_per_site": [
      1,
      1,
      0,
      2,
      2,
      0,
      1,
      0,
      0,
      0,
      0,
      2,
      2,
      2,
      0,
      2,
      2,
      0,
      0,
      2,
      2,
      2,
      1
    ],
    "dr_per_site": [
      0,
      0,
      1,
      0,
      1,
      2,
      2,
      0,
      2,
      0,
      1,
      2,
      0,
      1,
      2,
      0,
      2,
      2,
      0,
      2,
      0,
      0,
      2
    ],
    "nuclear_per_region": [
      2,
      2,
      2,
      0
    ],
    "hydro_reservoir_per_region": [
      1,
      0,
      0,
      3
    ],
    "hydro_ror_per_zone": [
      2,
      2,
      2,
      0,
      0,
      1,
      0,
      2,
      2,
      1,
      0,
      0,
      1,
      1,
      2,
      2,
      0,
      2,
      1,
      1,
      2,
      1,
      0
    ],
    "hydro_pumped_per_region": [
      0,
      1,
      2,
      1
    ]
  },
  "econ_policy": {
    "co2_price": 113.93604576448817,
    "price_cap": 2449.185406959521,
    "cross_border_policy": "block",
    "import_export_caps_factor": 1.531287633565991
  },
  "tech": {
    "thermal_marg_cost": 3.4190520192849894,
    "thermal_ramp_pct": 0.21911575584368087,
    "battery_roundtrip_eff": 0.7966060382785786,
    "battery_e_to_p_hours": 2.3210863468272587,
    "dr_max_shed_share": 0.25249267161357003,
    "dr_duration_hours": 1.0242534349773575,
    "hydro_reservoir_head_eff": 0.9356437501114099,
    "battery_initial_soc_fraction": 0.6231411979028254,
    "battery_final_soc_tolerance": 0.13372372191326481,
    "battery_self_discharge_per_hour": 0.008097704968151728,
    "pumped_initial_level_fraction": 0.5929920041947427,
    "pumped_final_level_tolerance": 0.08955423474359683,
    "pumped_self_discharge_per_hour": 0.0025569980697410415
  },
  "operation_costs": {
    "thermal_fuel_eur_per_mwh": 80.79283716773959,
    "nuclear_fuel_eur_per_mwh": 12.059929002963678,
    "demand_response_cost_eur_per_mwh": 1153.477162857505,
    "value_of_lost_load_eur_per_mwh": 9111.359168682993,
    "renewable_spill_cost_eur_per_mwh": 1820.992862139432,
    "hydro_spill_cost_eur_per_mwh": 963.0267211029632,
    "overgen_spill_cost_eur_per_mwh": 5826.611845734678,
    "battery_cycle_cost_eur_per_mwh": 92.11419141203264,
    "pumped_cycle_cost_eur_per_mwh": 79.74980532130306
  },
  "exogenous": {
    "weather_profile": "sunny_summer",
    "weather_spread_intensity": 0.8854223328549835,
    "demand_profile": "cold_snap",
    "demand_scale_factor": 0.7312223788429453,
    "inflow_factor": 1.2537251747538036,
    "zone_profile_variants": {
      "evening_peak": 0.28,
      "double_peak": 0.16,
      "office_peak": 0.2,
      "industrial": 0.14,
      "night_shift": 0.1,
      "residential_morning": 0.12
    },
    "zone_profile_mix_weight": [
      0.4,
      0.8
    ],
    "zone_profile_phase_shift_hours": [
      -2.5,
      2.5
    ],
    "zone_profile_noise_std": [
      0.02,
      0.06
    ],
    "zone_profile_curvature_exp": [
      0.9,
      1.18
    ],
    "region_weather": {
      "R1": {
        "weather_profile": "calm_winter",
        "weather_spread_intensity": 0.6409737978803409
      },
      "R2": {
        "weather_profile": "sunny_summer",
        "weather_spread_intensity": 1.4594473642945562
      },
      "R3": {
        "weather_profile": "sunny_summer",
        "weather_spread_intensity": 0.5761955989962914
      },
      "R4": {
        "weather_profile": "calm_winter",
        "weather_spread_intensity": 0.8650725702487456
      }
    }
  },
  "mip_gap_target_pct": 1.2891828766722402,
  "estimates": {
    "vars_total": 116544,
    "cons_total": 151507,
    "est_cpu_hours": 2.152994555555556
  },
  "meta": {
    "regions": 4,
    "zones": 23,
    "sites": 23,
    "intertie_density": 0.4324316785698826,
    "neighbor_nations": 2,
    "assets": {
      "thermal": 38,
      "solar": 51,
      "wind": 40,
      "battery": 24,
      "dr": 22,
      "nuclear": 6,
      "hydro_reservoir": 4,
      "hydro_ror": 25,
      "hydro_pumped": 4
    },
    "demand_scale_factor": 0.7312223788429453,
    "zone_profile_variants": {
      "evening_peak": 0.28,
      "double_peak": 0.16,
      "office_peak": 0.2,
      "industrial": 0.14,
      "night_shift": 0.1,
      "residential_morning": 0.12
    },
    "zone_profile_mix_weight": [
      0.4,
      0.8
    ],
    "weather_profile": "sunny_summer",
    "cross_border_policy": "block",
    "price_cap": 2449.185406959521,
    "co2_price": 113.93604576448817,
    "import_export_caps_factor": 1.531287633565991,
    "operation_costs": {
      "thermal_fuel_eur_per_mwh": 80.79283716773959,
      "nuclear_fuel_eur_per_mwh": 12.059929002963678,
      "demand_response_cost_eur_per_mwh": 1153.477162857505,
      "value_of_lost_load_eur_per_mwh": 9111.359168682993,
      "renewable_spill_cost_eur_per_mwh": 1820.992862139432,
      "hydro_spill_cost_eur_per_mwh": 963.0267211029632,
      "overgen_spill_cost_eur_per_mwh": 5826.611845734678,
      "battery_cycle_cost_eur_per_mwh": 92.11419141203264,
      "pumped_cycle_cost_eur_per_mwh": 79.74980532130306
    },
    "tech_scalers": {
      "thermal_marg_cost": 3.4190520192849894,
      "thermal_ramp_pct": 0.21911575584368087,
      "battery_roundtrip_eff": 0.7966060382785786,
      "battery_e_to_p_hours": 2.3210863468272587,
      "dr_max_shed_share": 0.25249267161357003,
      "dr_duration_hours": 1.0242534349773575,
      "hydro_reservoir_head_eff": 0.9356437501114099,
      "battery_initial_soc_fraction": 0.6231411979028254,
      "battery_final_soc_tolerance": 0.13372372191326481,
      "battery_self_discharge_per_hour": 0.008097704968151728,
      "pumped_initial_level_fraction": 0.5929920041947427,
      "pumped_final_level_tolerance": 0.08955423474359683,
      "pumped_self_discharge_per_hour": 0.0025569980697410415
    }
  },
  "flexibility_metrics": {
    "total_storage_power_mw": 2000.0,
    "total_storage_capacity_mwh": 9185.3,
    "battery_power_mw": 1200.0,
    "battery_capacity_mwh": 2785.3,
    "pumped_power_mw": 800.0,
    "pumped_capacity_mwh": 6400.0,
    "total_dr_capacity_mw": 2123.2,
    "total_ramp_up_mw_per_step": 699.5,
    "total_ramp_down_mw_per_step": 699.5,
    "thermal_flex_ratio": 0.237,
    "dr_duration_hours": 1.02,
    "battery_roundtrip_efficiency": 0.797
  },
  "difficulty_indicators": {
    "vre_penetration_pct": 31.27,
    "net_demand_volatility": 0.297,
    "peak_to_valley_ratio": 1.32,
    "estimated_milp_solve_time_seconds": 7750.8,
    "complexity_score": "hard",
    "n_binary_variables": 3648,
    "n_timesteps": 96,
    "n_zones": 23,
    "weather_profile": "sunny_summer",
    "demand_profile": "cold_snap"
  }
}