{
  "id": "f8bb6e6a-f6f6-411f-ad77-826a91d5aaf8",
  "horizon_hours": 24,
  "dt_minutes": 15,
  "graph": {
    "regions": 3,
    "zones_per_region": [
      5,
      12,
      7
    ],
    "sites_per_zone": [
      4,
      6,
      10,
      4,
      5,
      4,
      7,
      5,
      6,
      10,
      4,
      5,
      3,
      8,
      3,
      2,
      4,
      5,
      8,
      8,
      9,
      6,
      7,
      8
    ],
    "intertie_density": 0.3040712001255939,
    "neighbor_nations": 1
  },
  "assets": {
    "thermal_per_site": [
      3,
      3,
      1,
      3,
      1,
      0,
      0,
      1,
      0,
      0,
      0,
      2,
      1,
      0,
      2,
      1,
      3,
      1,
      1,
      1,
      3,
      2,
      0,
      3
    ],
    "solar_per_site": [
      2,
      2,
      2,
      1,
      1,
      3,
      1,
      1,
      2,
      1,
      1,
      1,
      1,
      3,
      1,
      2,
      1,
      1,
      2,
      3,
      3,
      1,
      2,
      1
    ],
    "wind_per_site": [
      1,
      2,
      2,
      1,
      1,
      1,
      3,
      1,
      1,
      3,
      3,
      2,
      2,
      1,
      3,
      1,
      3,
      3,
      1,
      3,
      3,
      2,
      1,
      1
    ],
    "battery_per_site": [
      0,
      1,
      1,
      1,
      0,
      2,
      2,
      0,
      2,
      1,
      0,
      1,
      2,
      0,
      1,
      2,
      1,
      0,
      2,
      0,
      2,
      0,
      2,
      2
    ],
    "dr_per_site": [
      2,
      2,
      0,
      0,
      0,
      0,
      1,
      2,
      0,
      2,
      1,
      2,
      2,
      2,
      1,
      0,
      1,
      0,
      2,
      2,
      0,
      0,
      0,
      2
    ],
    "nuclear_per_region": [
      1,
      2,
      1
    ],
    "hydro_reservoir_per_region": [
      2,
      1,
      2
    ],
    "hydro_ror_per_zone": [
      1,
      2,
      0,
      0,
      0,
      2,
      0,
      0,
      1,
      0,
      0,
      0,
      1,
      2,
      1,
      2,
      0,
      1,
      0,
      1,
      2,
      2,
      0,
      0
    ],
    "hydro_pumped_per_region": [
      0,
      0,
      0
    ]
  },
  "econ_policy": {
    "co2_price": 217.19879399921425,
    "price_cap": 2120.5159696296596,
    "cross_border_policy": "block",
    "import_export_caps_factor": 1.4731540635643459
  },
  "tech": {
    "thermal_marg_cost": 2.860011072920134,
    "thermal_ramp_pct": 0.31723810274306113,
    "battery_roundtrip_eff": 0.9348091670767072,
    "battery_e_to_p_hours": 4.055038930718073,
    "dr_max_shed_share": 0.2147238888261805,
    "dr_duration_hours": 5.078943285303966,
    "hydro_reservoir_head_eff": 0.7904457596099109,
    "battery_initial_soc_fraction": 0.5115573105691738,
    "battery_final_soc_tolerance": 0.1422510235892988,
    "battery_self_discharge_per_hour": 0.002588207248709065,
    "pumped_initial_level_fraction": 0.4358043503540848,
    "pumped_final_level_tolerance": 0.07307367909573485,
    "pumped_self_discharge_per_hour": 0.0009850075401971886
  },
  "operation_costs": {
    "thermal_fuel_eur_per_mwh": 69.49899768511395,
    "nuclear_fuel_eur_per_mwh": 27.732969536747596,
    "thermal_startup_cost_eur": 3751.8778313670673,
    "nuclear_startup_cost_eur": 40022.51106453738,
    "demand_response_cost_eur_per_mwh": 264.34749006690015,
    "value_of_lost_load_eur_per_mwh": 6903.069731446078,
    "renewable_spill_cost_eur_per_mwh": 848.0194476600129,
    "hydro_spill_cost_eur_per_mwh": 627.8714339042107,
    "overgen_spill_cost_eur_per_mwh": 2580.311690326839,
    "battery_cycle_cost_eur_per_mwh": 96.85281176433126,
    "pumped_cycle_cost_eur_per_mwh": 75.32380439646687
  },
  "exogenous": {
    "weather_profile": "stormy_winter",
    "weather_spread_intensity": 1.0569351232228357,
    "demand_profile": "wkend_flat",
    "demand_scale_factor": 1.34449953865364,
    "inflow_factor": 0.5802067549407254,
    "zone_profile_variants": {
      "evening_peak": 0.28,
      "double_peak": 0.16,
      "office_peak": 0.2,
      "industrial": 0.14,
      "night_shift": 0.1,
      "residential_morning": 0.12
    },
    "zone_profile_mix_weight": [
      0.4,
      0.8
    ],
    "zone_profile_phase_shift_hours": [
      -2.5,
      2.5
    ],
    "zone_profile_noise_std": [
      0.02,
      0.06
    ],
    "zone_profile_curvature_exp": [
      0.9,
      1.18
    ],
    "region_weather": {
      "R1": {
        "weather_profile": "stormy_winter",
        "weather_spread_intensity": 0.6590312398139193
      },
      "R2": {
        "weather_profile": "mixed",
        "weather_spread_intensity": 1.102596749238785
      },
      "R3": {
        "weather_profile": "stormy_winter",
        "weather_spread_intensity": 1.4091773806158026
      }
    }
  },
  "mip_gap_target_pct": 0.40645926401900073,
  "estimates": {
    "vars_total": 113472,
    "cons_total": 147513,
    "est_cpu_hours": 2.0981730000000005
  },
  "meta": {
    "regions": 3,
    "zones": 24,
    "sites": 24,
    "intertie_density": 0.3040712001255939,
    "neighbor_nations": 1,
    "assets": {
      "thermal": 32,
      "solar": 39,
      "wind": 45,
      "battery": 25,
      "dr": 24,
      "nuclear": 4,
      "hydro_reservoir": 5,
      "hydro_ror": 18,
      "hydro_pumped": 0
    },
    "demand_scale_factor": 1.34449953865364,
    "zone_profile_variants": {
      "evening_peak": 0.28,
      "double_peak": 0.16,
      "office_peak": 0.2,
      "industrial": 0.14,
      "night_shift": 0.1,
      "residential_morning": 0.12
    },
    "zone_profile_mix_weight": [
      0.4,
      0.8
    ],
    "weather_profile": "stormy_winter",
    "cross_border_policy": "block",
    "price_cap": 2120.5159696296596,
    "co2_price": 217.19879399921425,
    "import_export_caps_factor": 1.4731540635643459,
    "operation_costs": {
      "thermal_fuel_eur_per_mwh": 69.49899768511395,
      "nuclear_fuel_eur_per_mwh": 27.732969536747596,
      "thermal_startup_cost_eur": 3751.8778313670673,
      "nuclear_startup_cost_eur": 40022.51106453738,
      "demand_response_cost_eur_per_mwh": 264.34749006690015,
      "value_of_lost_load_eur_per_mwh": 6903.069731446078,
      "renewable_spill_cost_eur_per_mwh": 848.0194476600129,
      "hydro_spill_cost_eur_per_mwh": 627.8714339042107,
      "overgen_spill_cost_eur_per_mwh": 2580.311690326839,
      "battery_cycle_cost_eur_per_mwh": 96.85281176433126,
      "pumped_cycle_cost_eur_per_mwh": 75.32380439646687
    },
    "tech_scalers": {
      "thermal_marg_cost": 2.860011072920134,
      "thermal_ramp_pct": 0.31723810274306113,
      "battery_roundtrip_eff": 0.9348091670767072,
      "battery_e_to_p_hours": 4.055038930718073,
      "dr_max_shed_share": 0.2147238888261805,
      "dr_duration_hours": 5.078943285303966,
      "hydro_reservoir_head_eff": 0.7904457596099109,
      "battery_initial_soc_fraction": 0.5115573105691738,
      "battery_final_soc_tolerance": 0.1422510235892988,
      "battery_self_discharge_per_hour": 0.002588207248709065,
      "pumped_initial_level_fraction": 0.4358043503540848,
      "pumped_final_level_tolerance": 0.07307367909573485,
      "pumped_self_discharge_per_hour": 0.0009850075401971886
    }
  },
  "flexibility_metrics": {
    "total_storage_power_mw": 1250.0,
    "total_storage_capacity_mwh": 5068.8,
    "battery_power_mw": 1250.0,
    "battery_capacity_mwh": 5068.8,
    "pumped_power_mw": 0.0,
    "pumped_capacity_mwh": 0.0,
    "total_dr_capacity_mw": 3464.4,
    "total_ramp_up_mw_per_step": 811.4,
    "total_ramp_down_mw_per_step": 811.4,
    "thermal_flex_ratio": 0.347,
    "dr_duration_hours": 5.08,
    "battery_roundtrip_efficiency": 0.935
  },
  "difficulty_indicators": {
    "vre_penetration_pct": 35.09,
    "net_demand_volatility": 0.262,
    "peak_to_valley_ratio": 2.42,
    "estimated_milp_solve_time_seconds": 7553.4,
    "complexity_score": "hard",
    "n_binary_variables": 3072,
    "n_timesteps": 96,
    "n_zones": 24,
    "weather_profile": "stormy_winter",