{
  "id": "4151cb21-101c-4c26-9620-2ceac295deec",
  "horizon_hours": 24,
  "dt_minutes": 15,
  "graph": {
    "regions": 5,
    "zones_per_region": [
      3,
      4,
      4,
      8,
      7
    ],
    "sites_per_zone": [
      2,
      8,
      2,
      2,
      8,
      8,
      6,
      7,
      5,
      2,
      7,
      3,
      3,
      2,
      4,
      7,
      2,
      8,
      4,
      7,
      4,
      7,
      2,
      6,
      4,
      2
    ],
    "intertie_density": 0.2228498887223673,
    "neighbor_nations": 1
  },
  "assets": {
    "thermal_per_site": [
      3,
      3,
      1,
      2,
      2,
      2,
      3,
      0,
      2,
      0,
      3,
      2,
      1,
      1,
      1,
      1,
      3,
      0,
      2,
      2,
      2,
      3,
      1,
      1,
      2,
      3
    ],
    "solar_per_site": [
      2,
      3,
      3,
      2,
      1,
      3,
      1,
      1,
      1,
      1,
      2,
      2,
      3,
      3,
      1,
      3,
      3,
      1,
      1,
      1,
      3,
      2,
      1,
      3,
      2,
      1
    ],
    "wind_per_site": [
      2,
      3,
      1,
      1,
      1,
      3,
      3,
      1,
      3,
      2,
      2,
      1,
      3,
      2,
      2,
      3,
      3,
      2,
      3,
      1,
      1,
      1,
      2,
      1,
      1,
      3
    ],
    "battery_per_site": [
      0,
      1,
      2,
      0,
      0,
      2,
      1,
      0,
      2,
      2,
      2,
      1,
      2,
      0,
      0,
      0,
      0,
      2,
      0,
      2,
      2,
      1,
      0,
      2,
      0,
      2
    ],
    "dr_per_site": [
      2,
      0,
      0,
      2,
      1,
      1,
      1,
      2,
      2,
      0,
      2,
      0,
      2,
      0,
      0,
      1,
      2,
      1,
      2,
      0,
      0,
      0,
      2,
      0,
      2,
      0
    ],
    "nuclear_per_region": [
      2,
      0,
      0,
      1,
      2
    ],
    "hydro_reservoir_per_region": [
      3,
      3,
      3,
      1,
      1
    ],
    "hydro_ror_per_zone": [
      0,
      0,
      1,
      2,
      2,
      1,
      0,
      1,
      2,
      1,
      2,
      0,
      1,
      2,
      1,
      1,
      2,
      0,
      2,
      1,
      0,
      1,
      1,
      1,
      1,
      2
    ],
    "hydro_pumped_per_region": [
      1,
      0,
      1,
      0,
      1
    ]
  },
  "econ_policy": {
    "co2_price": 216.7648321405707,
    "price_cap": 1604.3942321216657,
    "cross_border_policy": "block",
    "import_export_caps_factor": 1.4059100456710896
  },
  "tech": {
    "thermal_marg_cost": 6.739298788462536,
    "thermal_ramp_pct": 0.07998634693226032,
    "battery_roundtrip_eff": 0.8651372042030084,
    "battery_e_to_p_hours": 1.1978815514547816,
    "dr_max_shed_share": 0.15140489325373344,
    "dr_duration_hours": 5.02119669269549,
    "hydro_reservoir_head_eff": 0.9299852213213128,
    "battery_initial_soc_fraction": 0.6330974745986149,
    "battery_final_soc_tolerance": 0.1441374854753002,
    "battery_self_discharge_per_hour": 0.002265335065011134,
    "pumped_initial_level_fraction": 0.6214532835672415,
    "pumped_final_level_tolerance": 0.07509642214106536,
    "pumped_self_discharge_per_hour": 0.0018555300678973422
  },
  "operation_costs": {
    "thermal_fuel_eur_per_mwh": 84.76428741585869,
    "nuclear_fuel_eur_per_mwh": 15.814960896027085,
    "demand_response_cost_eur_per_mwh": 673.5791800329007,
    "value_of_lost_load_eur_per_mwh": 9656.60017658564,
    "renewable_spill_cost_eur_per_mwh": 1310.0224198503918,
    "hydro_spill_cost_eur_per_mwh": 901.9439930699465,
    "overgen_spill_cost_eur_per_mwh": 6577.890039207588,
    "battery_cycle_cost_eur_per_mwh": 113.93852690313291,
    "pumped_cycle_cost_eur_per_mwh": 54.11997655917919
  },
  "exogenous": {
    "weather_profile": "stormy_winter",
    "weather_spread_intensity": 0.9762224117777432,
    "demand_profile": "shoulder",
    "demand_scale_factor": 1.1703010515403824,
    "inflow_factor": 1.4179601352545377,
    "zone_profile_variants": {
      "evening_peak": 0.28,
      "double_peak": 0.16,
      "office_peak": 0.2,
      "industrial": 0.14,
      "night_shift": 0.1,
      "residential_morning": 0.12
    },
    "zone_profile_mix_weight": [
      0.4,
      0.8
    ],
    "zone_profile_phase_shift_hours": [
      -2.5,
      2.5
    ],
    "zone_profile_noise_std": [
      0.02,
      0.06
    ],
    "zone_profile_curvature_exp": [
      0.9,
      1.18
    ],
    "region_weather": {
      "R1": {
        "weather_profile": "stormy_winter",
        "weather_spread_intensity": 0.5398286154753659
      },
      "R2": {
        "weather_profile": "calm_winter",
        "weather_spread_intensity": 1.3361195429084645
      },
      "R3": {
        "weather_profile": "stormy_winter",
        "weather_spread_intensity": 0.6794761653116761
      },
      "R4": {
        "weather_profile": "sunny_summer",
        "weather_spread_intensity": 1.2459676614736828
      },
      "R5": {
        "weather_profile": "calm_winter",
        "weather_spread_intensity": 1.0797200737195272
      }
    }
  },
  "mip_gap_target_pct": 1.3581869226506695,
  "estimates": {
    "vars_total": 132960,
    "cons_total": 172848,
    "est_cpu_hours": 2.4459306666666674
  },
  "meta": {
    "regions": 5,
    "zones": 26,
    "sites": 26,
    "intertie_density": 0.2228498887223673,
    "neighbor_nations": 1,
    "assets": {
      "thermal": 46,
      "solar": 50,
      "wind": 51,
      "battery": 26,
      "dr": 25,
      "nuclear": 5,
      "hydro_reservoir": 11,
      "hydro_ror": 28,
      "hydro_pumped": 3
    },
    "demand_scale_factor": 1.1703010515403824,
    "zone_profile_variants": {
      "evening_peak": 0.28,
      "double_peak": 0.16,
      "office_peak": 0.2,
      "industrial": 0.14,
      "night_shift": 0.1,
      "residential_morning": 0.12
    },
    "zone_profile_mix_weight": [
      0.4,
      0.8
    ],
    "weather_profile": "stormy_winter",
    "cross_border_policy": "block",
    "price_cap": 1604.3942321216657,
    "co2_price": 216.7648321405707,
    "import_export_caps_factor": 1.4059100456710896,
    "operation_costs": {
      "thermal_fuel_eur_per_mwh": 84.76428741585869,
      "nuclear_fuel_eur_per_mwh": 15.814960896027085,
      "demand_response_cost_eur_per_mwh": 673.5791800329007,
      "value_of_lost_load_eur_per_mwh": 9656.60017658564,
      "renewable_spill_cost_eur_per_mwh": 1310.0224198503918,
      "hydro_spill_cost_eur_per_mwh": 901.9439930699465,
      "overgen_spill_cost_eur_per_mwh": 6577.890039207588,
      "battery_cycle_cost_eur_per_mwh": 113.93852690313291,
      "pumped_cycle_cost_eur_per_mwh": 54.11997655917919
    },
    "tech_scalers": {
      "thermal_marg_cost": 6.739298788462536,
      "thermal_ramp_pct": 0.07998634693226032,
      "battery_roundtrip_eff": 0.8651372042030084,
      "battery_e_to_p_hours": 1.1978815514547816,
      "dr_max_shed_share": 0.15140489325373344,
      "dr_duration_hours": 5.02119669269549,
      "hydro_reservoir_head_eff": 0.9299852213213128,
      "battery_initial_soc_fraction": 0.6330974745986149,
      "battery_final_soc_tolerance": 0.1441374854753002,
      "battery_self_discharge_per_hour": 0.002265335065011134,
      "pumped_initial_level_fraction": 0.6214532835672415,
      "pumped_final_level_tolerance": 0.07509642214106536,
      "pumped_self_discharge_per_hour": 0.0018555300678973422
    }
  },
  "flexibility_metrics": {
    "total_storage_power_mw": 1900.0,
    "total_storage_capacity_mwh": 6357.2,
    "battery_power_mw": 1300.0,
    "battery_capacity_mwh": 1557.2,
    "pumped_power_mw": 600.0,
    "pumped_capacity_mwh": 4800.0,
    "total_dr_capacity_mw": 2303.5,
    "total_ramp_up_mw_per_step": 338.5,
    "total_ramp_down_mw_per_step": 338.5,
    "thermal_flex_ratio": 0.224,
    "dr_duration_hours": 5.02,
    "battery_roundtrip_efficiency": 0.865
  },
  "difficulty_indicators": {
    "vre_penetration_pct": 29.73,