{
  "id": "441c0e8c-742c-49f7-a20e-6992b7a36d91",
  "horizon_hours": 24,
  "dt_minutes": 15,
  "graph": {
    "regions": 3,
    "zones_per_region": [
      9,
      8,
      6
    ],
    "sites_per_zone": [
      6,
      2,
      5,
      5,
      6,
      5,
      6,
      4,
      6,
      8,
      2,
      7,
      7,
      2,
      7,
      6,
      8,
      4,
      8,
      7,
      4,
      2,
      4
    ],
    "intertie_density": 0.373906100267642,
    "neighbor_nations": 2
  },
  "assets": {
    "thermal_per_site": [
      0,
      2,
      1,
      0,
      2,
      1,
      1,
      2,
      1,
      0,
      2,
      3,
      0,
      0,
      2,
      2,
      1,
      0,
      1,
      0,
      0,
      3,
      0
    ],
    "solar_per_site": [
      3,
      1,
      1,
      3,
      2,
      3,
      1,
      2,
      3,
      3,
      2,
      1,
      3,
      3,
      3,
      1,
      3,
      2,
      2,
      3,
      3,
      2,
      2
    ],
    "wind_per_site": [
      3,
      2,
      1,
      1,
      1,
      1,
      2,
      1,
      3,
      3,
      1,
      3,
      1,
      1,
      1,
      3,
      3,
      1,
      1,
      1,
      1,
      2,
      1
    ],
    "battery_per_site": [
      2,
      0,
      1,
      2,
      1,
      0,
      2,
      0,
      2,
      2,
      2,
      1,
      0,
      1,
      1,
      0,
      0,
      0,
      2,
      1,
      1,
      1,
      1
    ],
    "dr_per_site": [
      1,
      2,
      0,
      2,
      2,
      2,
      0,
      0,
      1,
      2,
      1,
      0,
      0,
      0,
      0,
      2,
      1,
      0,
      1,
      0,
      1,
      1,
      0
    ],
    "nuclear_per_region": [
      0,
      1,
      2
    ],
    "hydro_reservoir_per_region": [
      0,
      0,
      0
    ],
    "hydro_ror_per_zone": [
      0,
      0,
      0,
      1,
      1,
      1,
      0,
      1,
      0,
      0,
      1,
      0,
      1,
      1,
      1,
      1,
      1,
      2,
      2,
      2,
      2,
      2,
      1
    ],
    "hydro_pumped_per_region": [
      0,
      0,
      1
    ]
  },
  "econ_policy": {
    "co2_price": 81.80569315904762,
    "price_cap": 432.64782147153346,
    "cross_border_policy": "block",
    "import_export_caps_factor": 1.0506342416491292
  },
  "tech": {
    "thermal_marg_cost": 11.219633405685961,
    "thermal_ramp_pct": 0.07286610916299324,
    "battery_roundtrip_eff": 0.8734684151134353,
    "battery_e_to_p_hours": 3.5142519145975677,
    "dr_max_shed_share": 0.3058159676144856,
    "dr_duration_hours": 1.7871636396974164,
    "hydro_reservoir_head_eff": 1.0382336709823352,
    "battery_initial_soc_fraction": 0.37403343957217605,
    "battery_final_soc_tolerance": 0.07415724492749402,
    "battery_self_discharge_per_hour": 0.00635531595805025,
    "pumped_initial_level_fraction": 0.6025637660812271,
    "pumped_final_level_tolerance": 0.08057650635012106,
    "pumped_self_discharge_per_hour": 0.0009196031488149347
  },
  "operation_costs": {
    "thermal_fuel_eur_per_mwh": 80.6114925651775,
    "nuclear_fuel_eur_per_mwh": 9.969722782308999,
    "demand_response_cost_eur_per_mwh": 855.341280503425,
    "value_of_lost_load_eur_per_mwh": 9716.289061992618,
    "renewable_spill_cost_eur_per_mwh": 1128.8373730038088,
    "hydro_spill_cost_eur_per_mwh": 804.4886748266634,
    "overgen_spill_cost_eur_per_mwh": 5136.696293191753,
    "battery_cycle_cost_eur_per_mwh": 116.08237546418563,
    "pumped_cycle_cost_eur_per_mwh": 52.14907197982377
  },
  "exogenous": {
    "weather_profile": "sunny_summer",
    "weather_spread_intensity": 0.7755962691045849,
    "demand_profile": "wkday_peak",
    "demand_scale_factor": 0.6565208198189725,
    "inflow_factor": 1.2075070321410206,
    "zone_profile_variants": {
      "evening_peak": 0.28,
      "double_peak": 0.16,
      "office_peak": 0.2,
      "industrial": 0.14,
      "night_shift": 0.1,
      "residential_morning": 0.12
    },
    "zone_profile_mix_weight": [
      0.4,
      0.8
    ],
    "zone_profile_phase_shift_hours": [
      -2.5,
      2.5
    ],
    "zone_profile_noise_std": [
      0.02,
      0.06
    ],
    "zone_profile_curvature_exp": [
      0.9,
      1.18
    ],
    "region_weather": {
      "R1": {
        "weather_profile": "sunny_summer",
        "weather_spread_intensity": 0.738685952615846
      },
      "R2": {
        "weather_profile": "overcast_summer",
        "weather_spread_intensity": 0.6308782821274564
      },
      "R3": {
        "weather_profile": "sunny_summer",
        "weather_spread_intensity": 0.957224572570452
      }
    }
  },
  "mip_gap_target_pct": 1.0192930102028406,
  "estimates": {
    "vars_total": 105888,
    "cons_total": 137654,
    "est_cpu_hours": 1.9628424444444446
  },
  "meta": {
    "regions": 3,
    "zones": 23,
    "sites": 23,
    "intertie_density": 0.373906100267642,
    "neighbor_nations": 2,
    "assets": {
      "thermal": 24,
      "solar": 52,
      "wind": 38,
      "battery": 23,
      "dr": 19,
      "nuclear": 3,
      "hydro_reservoir": 0,
      "hydro_ror": 21,
      "hydro_pumped": 1
    },
    "demand_scale_factor": 0.6565208198189725,
    "zone_profile_variants": {
      "evening_peak": 0.28,
      "double_peak": 0.16,
      "office_peak": 0.2,
      "industrial": 0.14,
      "night_shift": 0.1,
      "residential_morning": 0.12
    },
    "zone_profile_mix_weight": [
      0.4,
      0.8
    ],
    "weather_profile": "sunny_summer",
    "cross_border_policy": "block",
    "price_cap": 432.64782147153346,
    "co2_price": 81.80569315904762,
    "import_export_caps_factor": 1.0506342416491292,
    "operation_costs": {
      "thermal_fuel_eur_per_mwh": 80.6114925651775,
      "nuclear_fuel_eur_per_mwh": 9.969722782308999,
      "demand_response_cost_eur_per_mwh": 855.341280503425,
      "value_of_lost_load_eur_per_mwh": 9716.289061992618,
      "renewable_spill_cost_eur_per_mwh": 1128.8373730038088,
      "hydro_spill_cost_eur_per_mwh": 804.4886748266634,
      "overgen_spill_cost_eur_per_mwh": 5136.696293191753,
      "battery_cycle_cost_eur_per_mwh": 116.08237546418563,
      "pumped_cycle_cost_eur_per_mwh": 52.14907197982377
    },
    "tech_scalers": {
      "thermal_marg_cost": 11.219633405685961,
      "thermal_ramp_pct": 0.07286610916299324,
      "battery_roundtrip_eff": 0.8734684151134353,
      "battery_e_to_p_hours": 3.5142519145975677,
      "dr_max_shed_share": 0.3058159676144856,
      "dr_duration_hours": 1.7871636396974164,
      "hydro_reservoir_head_eff": 1.0382336709823352,
      "battery_initial_soc_fraction": 0.37403343957217605,
      "battery_final_soc_tolerance": 0.07415724492749402,
      "battery_self_discharge_per_hour": 0.00635531595805025,
      "pumped_initial_level_fraction": 0.6025637660812271,
      "pumped_final_level_tolerance": 0.08057650635012106,
      "pumped_self_discharge_per_hour": 0.0009196031488149347
    }
  }
}