{
  "id": "aaa28bb2-8b5e-405e-b6a3-64e3a290f5f2",
  "horizon_hours": 24,
  "dt_minutes": 15,
  "graph": {
    "regions": 4,
    "zones_per_region": [
      6,
      4,
      7,
      10
    ],
    "sites_per_zone": [
      2,
      7,
      8,
      4,
      8,
      7,
      6,
      9,
      4,
      2,
      7,
      8,
      5,
      2,
      2,
      10,
      2,
      4,
      7,
      9,
      4,
      6,
      3,
      3,
      7,
      7,
      5
    ],
    "intertie_density": 0.48438520138570074,
    "neighbor_nations": 4
  },
  "assets": {
    "thermal_per_site": [
      3,
      0,
      1,
      3,
      1,
      0,
      2,
      0,
      3,
      1,
      3,
      1,
      3,
      0,
      3,
      0,
      1,
      1,
      3,
      3,
      3,
      3,
      3,
      1,
      1,
      1,
      3
    ],
    "solar_per_site": [
      1,
      2,
      2,
      3,
      2,
      1,
      2,
      2,
      1,
      1,
      1,
      1,
      2,
      3,
      3,
      3,
      1,
      1,
      2,
      3,
      3,
      1,
      3,
      3,
      1,
      1,
      1
    ],
    "wind_per_site": [
      3,
      2,
      3,
      2,
      2,
      2,
      2,
      3,
      1,
      2,
      1,
      1,
      1,
      3,
      1,
      2,
      2,
      2,
      3,
      3,
      1,
      1,
      3,
      3,
      3,
      2,
      1
    ],
    "battery_per_site": [
      1,
      2,
      1,
      2,
      0,
      1,
      1,
      0,
      2,
      1,
      2,
      2,
      0,
      1,
      2,
      2,
      2,
      2,
      0,
      2,
      2,
      0,
      2,
      0,
      0,
      0,
      1
    ],
    "dr_per_site": [
      0,
      0,
      1,
      1,
      2,
      1,
      0,
      2,
      0,
      1,
      2,
      0,
      2,
      2,
      2,
      0,
      1,
      0,
      2,
      0,
      1,
      1,
      0,
      1,
      1,
      1,
      2
    ],
    "nuclear_per_region": [
      1,
      1,
      2,
      1
    ],
    "hydro_reservoir_per_region": [
      1,
      2,
      1,
      2
    ],
    "hydro_ror_per_zone": [
      0,
      0,
      2,
      1,
      0,
      0,
      1,
      1,
      1,
      0,
      1,
      2,
      1,
      1,
      0,
      2,
      2,
      2,
      2,
      1,
      0,
      1,
      2,
      2,
      1,
      2,
      2
    ],
    "hydro_pumped_per_region": [
      2,
      2,
      0,
      2
    ]
  },
  "econ_policy": {
    "co2_price": 110.8422508112558,
    "price_cap": 1421.2711071213903,
    "cross_border_policy": "cap",
    "import_export_caps_factor": 1.426185500315683
  },
  "tech": {
    "thermal_marg_cost": 13.463706759541491,
    "thermal_ramp_pct": 0.17971903758946256,
    "battery_roundtrip_eff": 0.8099249993554061,
    "battery_e_to_p_hours": 2.7911370499304775,
    "dr_max_shed_share": 0.17835345450414297,
    "dr_duration_hours": 4.485636071516182,
    "hydro_reservoir_head_eff": 0.914065451036936,
    "battery_initial_soc_fraction": 0.628516362637348,
    "battery_final_soc_tolerance": 0.17030608816929582,
    "battery_self_discharge_per_hour": 0.009198121931445733,
    "pumped_initial_level_fraction": 0.41011763477815955,
    "pumped_final_level_tolerance": 0.08334905582012575,
    "pumped_self_discharge_per_hour": 0.0023856622662534214
  },
  "operation_costs": {
    "thermal_fuel_eur_per_mwh": 60.502244609351436,
    "nuclear_fuel_eur_per_mwh": 27.01810546071991,
    "thermal_startup_cost_eur": 3357.608366023236,
    "nuclear_startup_cost_eur": 42599.51923069311,
    "demand_response_cost_eur_per_mwh": 1083.738937414536,
    "value_of_lost_load_eur_per_mwh": 9290.25008939227,
    "renewable_spill_cost_eur_per_mwh": 1920.9687629364087,
    "hydro_spill_cost_eur_per_mwh": 804.9319223731753,
    "overgen_spill_cost_eur_per_mwh": 3297.1389596781582,
    "battery_cycle_cost_eur_per_mwh": 93.8588652771706,
    "pumped_cycle_cost_eur_per_mwh": 87.29792567119708
  },
  "exogenous": {
    "weather_profile": "stormy_winter",
    "weather_spread_intensity": 0.9480090664575577,
    "demand_profile": "heatwave",
    "demand_scale_factor": 1.2346390878836289,
    "inflow_factor": 1.2089144123884412,
    "zone_profile_variants": {
      "evening_peak": 0.28,
      "double_peak": 0.16,
      "office_peak": 0.2,
      "industrial": 0.14,
      "night_shift": 0.1,
      "residential_morning": 0.12
    },
    "zone_profile_mix_weight": [
      0.4,
      0.8
    ],
    "zone_profile_phase_shift_hours": [
      -2.5,
      2.5
    ],
    "zone_profile_noise_std": [
      0.02,
      0.06
    ],
    "zone_profile_curvature_exp": [
      0.9,
      1.18
    ],
    "region_weather": {
      "R1": {
        "weather_profile": "overcast_summer",
        "weather_spread_intensity": 0.6264175193067266
      },
      "R2": {
        "weather_profile": "stormy_winter",
        "weather_spread_intensity": 1.0217411513529193
      },
      "R3": {
        "weather_profile": "sunny_summer",
        "weather_spread_intensity": 1.002662297912757
      },
      "R4": {
        "weather_profile": "stormy_winter",
        "weather_spread_intensity": 1.1412152972578278
      }
    }
  },
  "mip_gap_target_pct": 0.9572795961512053,
  "estimates": {
    "vars_total": 138336,
    "cons_total": 179836,
    "est_cpu_hours": 2.541855555555556
  },
  "meta": {
    "regions": 4,
    "zones": 27,
    "sites": 27,
    "intertie_density": 0.48438520138570074,
    "neighbor_nations": 4,
    "assets": {
      "thermal": 47,
      "solar": 50,
      "wind": 55,
      "battery": 31,
      "dr": 26,
      "nuclear": 5,
      "hydro_reservoir": 6,
      "hydro_ror": 30,
      "hydro_pumped": 6
    },
    "demand_scale_factor": 1.2346390878836289,
    "zone_profile_variants": {
      "evening_peak": 0.28,
      "double_peak": 0.16,
      "office_peak": 0.2,
      "industrial": 0.14,
      "night_shift": 0.1,
      "residential_morning": 0.12
    },
    "zone_profile_mix_weight": [
      0.4,
      0.8
    ],
    "weather_profile": "stormy_winter",
    "cross_border_policy": "cap",
    "price_cap": 1421.2711071213903,
    "co2_price": 110.8422508112558,
    "import_export_caps_factor": 1.426185500315683,
    "operation_costs": {
      "thermal_fuel_eur_per_mwh": 60.502244609351436,
      "nuclear_fuel_eur_per_mwh": 27.01810546071991,
      "thermal_startup_cost_eur": 3357.608366023236,
      "nuclear_startup_cost_eur": 42599.51923069311,
      "demand_response_cost_eur_per_mwh": 1083.738937414536,
      "value_of_lost_load_eur_per_mwh": 9290.25008939227,
      "renewable_spill_cost_eur_per_mwh": 1920.9687629364087,
      "hydro_spill_cost_eur_per_mwh": 804.9319223731753,
      "overgen_spill_cost_eur_per_mwh": 3297.1389596781582,
      "battery_cycle_cost_eur_per_mwh": 93.8588652771706,
      "pumped_cycle_cost_eur_per_mwh": 87.29792567119708
    },
    "tech_scalers": {
      "thermal_marg_cost": 13.463706759541491,
      "thermal_ramp_pct": 0.17971903758946256,
      "battery_roundtrip_eff": 0.8099249993554061,
      "battery_e_to_p_hours": 2.7911370499304775,
      "dr_max_shed_share": 0.17835345450414297,
      "dr_duration_hours": 4.485636071516182,
      "hydro_reservoir_head_eff": 0.914065451036936,
      "battery_initial_soc_fraction": 0.628516362637348,
      "battery_final_soc_tolerance": 0.17030608816929582,
      "battery_self_discharge_per_hour": 0.009198121931445733,
      "pumped_initial_level_fraction": 0.41011763477815955,
      "pumped_final_level_tolerance": 0.08334905582012575,
      "pumped_self_discharge_per_hour": 0.0023856622662534214
    }
  },
  "flexibility_metrics": {
    "total_storage_power_mw": 2750.0,
    "total_storage_capacity_mwh": 13926.3,
    "battery_power_mw": 1550.0,
    "battery_capacity_mwh": 4326.3,
    "pumped_power_mw": 1200.0,
    "pumped_capacity_mwh": 9600.0,
    "total_dr_capacity_mw": 2972.7,
    "total_ramp_up_mw_per_step": 696.0,
    "total_ramp_down_mw_per_step": 696.0,
    "thermal_flex_ratio": 0.3,
    "dr_duration_hours": 4.49,