{
  "id": "f8fabf0b-253e-448b-b27e-397e9772a679",
  "horizon_hours": 24,
  "dt_minutes": 15,
  "graph": {
    "regions": 4,
    "zones_per_region": [
      9,
      6,
      9,
      3
    ],
    "sites_per_zone": [
      2,
      8,
      7,
      3,
      5,
      8,
      5,
      3,
      7,
      2,
      3,
      5,
      7,
      8,
      2,
      6,
      7,
      3,
      5,
      5,
      7,
      4,
      4,
      3,
      7,
      7,
      2
    ],
    "intertie_density": 0.49788983147567784,
    "neighbor_nations": 3
  },
  "assets": {
    "thermal_per_site": [
      0,
      2,
      3,
      2,
      1,
      2,
      0,
      1,
      0,
      1,
      3,
      2,
      0,
      1,
      2,
      0,
      3,
      1,
      0,
      0,
      3,
      1,
      2,
      0,
      1,
      1,
      3
    ],
    "solar_per_site": [
      1,
      3,
      3,
      2,
      3,
      1,
      1,
      2,
      3,
      1,
      3,
      3,
      1,
      1,
      2,
      1,
      2,
      3,
      3,
      2,
      2,
      3,
      1,
      1,
      3,
      2,
      2
    ],
    "wind_per_site": [
      3,
      1,
      2,
      1,
      2,
      3,
      2,
      3,
      2,
      3,
      3,
      2,
      1,
      3,
      1,
      3,
      2,
      2,
      3,
      2,
      2,
      3,
      3,
      1,
      1,
      3,
      1
    ],
    "battery_per_site": [
      1,
      1,
      1,
      2,
      1,
      1,
      0,
      2,
      2,
      1,
      2,
      0,
      0,
      2,
      1,
      2,
      0,
      1,
      2,
      0,
      2,
      2,
      1,
      0,
      2,
      2,
      1
    ],
    "dr_per_site": [
      2,
      0,
      2,
      1,
      1,
      1,
      2,
      1,
      0,
      0,
      2,
      2,
      0,
      0,
      0,
      0,
      0,
      0,
      0,
      1,
      0,
      0,
      0,
      2,
      2,
      1,
      2
    ],
    "nuclear_per_region": [
      1,
      2,
      2,
      2
    ],
    "hydro_reservoir_per_region": [
      2,
      0,
      2,
      1
    ],
    "hydro_ror_per_zone": [
      2,
      2,
      0,
      0,
      0,
      2,
      1,
      0,
      1,
      2,
      0,
      1,
      2,
      2,
      1,
      1,
      2,
      0,
      2,
      1,
      2,
      0,
      2,
      0,
      1,
      0,
      0
    ],
    "hydro_pumped_per_region": [
      2,
      0,
      0,
      2
    ]
  },
  "econ_policy": {
    "co2_price": 84.66887071212474,
    "price_cap": 1844.6303011362922,
    "cross_border_policy": "allow",
    "import_export_caps_factor": 1.0314304261524367
  },
  "tech": {
    "thermal_marg_cost": 3.7314454358102007,
    "thermal_ramp_pct": 0.3001300214156608,
    "battery_roundtrip_eff": 0.8086236626606268,
    "battery_e_to_p_hours": 4.7459717898868625,
    "dr_max_shed_share": 0.17455538007492205,
    "dr_duration_hours": 1.5275709094957786,
    "hydro_reservoir_head_eff": 0.9415872899664126,
    "battery_initial_soc_fraction": 0.4573890097614211,
    "battery_final_soc_tolerance": 0.10963367701568867,
    "battery_self_discharge_per_hour": 0.006987181192961893,
    "pumped_initial_level_fraction": 0.6648472058119678,
    "pumped_final_level_tolerance": 0.07168521145746118,
    "pumped_self_discharge_per_hour": 0.0011313878851002387
  },
  "operation_costs": {
    "thermal_fuel_eur_per_mwh": 61.06228694459581,
    "nuclear_fuel_eur_per_mwh": 10.700102964492551,
    "demand_response_cost_eur_per_mwh": 484.44998751443177,
    "value_of_lost_load_eur_per_mwh": 11990.601432319689,
    "renewable_spill_cost_eur_per_mwh": 1164.5182549974318,
    "hydro_spill_cost_eur_per_mwh": 584.7078715068155,
    "overgen_spill_cost_eur_per_mwh": 3890.9299768543838,
    "battery_cycle_cost_eur_per_mwh": 119.48777943708762,
    "pumped_cycle_cost_eur_per_mwh": 56.36289380170324
  },
  "exogenous": {
    "weather_profile": "sunny_summer",
    "weather_spread_intensity": 1.0981344691379047,
    "demand_profile": "heatwave",
    "demand_scale_factor": 1.1859957537439993,
    "inflow_factor": 1.6039909993704544,
    "zone_profile_variants": {
      "evening_peak": 0.28,
      "double_peak": 0.16,
      "office_peak": 0.2,
      "industrial": 0.14,
      "night_shift": 0.1,
      "residential_morning": 0.12
    },
    "zone_profile_mix_weight": [
      0.4,
      0.8
    ],
    "zone_profile_phase_shift_hours": [
      -2.5,
      2.5
    ],
    "zone_profile_noise_std": [
      0.02,
      0.06
    ],
    "zone_profile_curvature_exp": [
      0.9,
      1.18
    ],
    "region_weather": {
      "R1": {
        "weather_profile": "sunny_summer",
        "weather_spread_intensity": 0.9123432916714576
      },
      "R2": {
        "weather_profile": "overcast_summer",
        "weather_spread_intensity": 1.3261549750407613
      },
      "R3": {
        "weather_profile": "sunny_summer",
        "weather_spread_intensity": 1.108413370257039
      },
      "R4": {
        "weather_profile": "mixed",
        "weather_spread_intensity": 1.0456262395823608
      }
    }
  },
  "mip_gap_target_pct": 0.6794980399013266,
  "estimates": {
    "vars_total": 133728,
    "cons_total": 173846,
    "est_cpu_hours": 2.4596317777777776
  },
  "meta": {
    "regions": 4,
    "zones": 27,
    "sites": 27,
    "intertie_density": 0.49788983147567784,
    "neighbor_nations": 3,
    "assets": {
      "thermal": 35,
      "solar": 55,
      "wind": 58,
      "battery": 32,
      "dr": 22,
      "nuclear": 7,
      "hydro_reservoir": 5,
      "hydro_ror": 27,
      "hydro_pumped": 4
    },
    "demand_scale_factor": 1.1859957537439993,
    "zone_profile_variants": {
      "evening_peak": 0.28,
      "double_peak": 0.16,
      "office_peak": 0.2,
      "industrial": 0.14,
      "night_shift": 0.1,
      "residential_morning": 0.12
    },
    "zone_profile_mix_weight": [
      0.4,
      0.8
    ],
    "weather_profile": "sunny_summer",
    "cross_border_policy": "allow",
    "price_cap": 1844.6303011362922,
    "co2_price": 84.66887071212474,
    "import_export_caps_factor": 1.0314304261524367,
    "operation_costs": {
      "thermal_fuel_eur_per_mwh": 61.06228694459581,
      "nuclear_fuel_eur_per_mwh": 10.700102964492551,
      "demand_response_cost_eur_per_mwh": 484.44998751443177,
      "value_of_lost_load_eur_per_mwh": 11990.601432319689,
      "renewable_spill_cost_eur_per_mwh": 1164.5182549974318,
      "hydro_spill_cost_eur_per_mwh": 584.7078715068155,
      "overgen_spill_cost_eur_per_mwh": 3890.9299768543838,
      "battery_cycle_cost_eur_per_mwh": 119.48777943708762,
      "pumped_cycle_cost_eur_per_mwh": 56.36289380170324
    },
    "tech_scalers": {
      "thermal_marg_cost": 3.7314454358102007,
      "thermal_ramp_pct": 0.3001300214156608,
      "battery_roundtrip_eff": 0.8086236626606268,
      "battery_e_to_p_hours": 4.7459717898868625,
      "dr_max_shed_share": 0.17455538007492205,
      "dr_duration_hours": 1.5275709094957786,
      "hydro_reservoir_head_eff": 0.9415872899664126,
      "battery_initial_soc_fraction": 0.4573890097614211,
      "battery_final_soc_tolerance": 0.10963367701568867,
      "battery_self_discharge_per_hour": 0.006987181192961893,
      "pumped_initial_level_fraction": 0.6648472058119678,
      "pumped_final_level_tolerance": 0.07168521145746118,
      "pumped_self_discharge_per_hour": 0.0011313878851002387
    }
  },
  "flexibility_metrics": {
    "total_storage_power_mw": 2400.0,
    "total_storage_capacity_mwh": 13993.6,
    "battery_power_mw": 1600.0,
    "battery_capacity_mwh": 7593.6,
    "pumped_power_mw": 800.0,
    "pumped_capacity_mwh": 6400.0,
    "total_dr_capacity_mw": 2794.8,
    "total_ramp_up_mw_per_step": 875.3,
    "total_ramp_down_mw_per_step": 875.3,
    "thermal_flex_ratio": 0.297,
    "dr_duration_hours": 1.53,
    "battery_roundtrip_efficiency": 0.809
  },
  "difficulty_indicators": {
    "vre_penetration_pct": 35.86,
    "net_demand_volatility": 0.311,
    "peak_to_valley_ratio": 2.13,