{
  "id": "4d23bdaf-4f51-47f6-812b-fb3dd56c2df8",
  "horizon_hours": 24,
  "dt_minutes": 15,
  "graph": {
    "regions": 4,
    "zones_per_region": [
      9,
      3,
      9,
      3
    ],
    "sites_per_zone": [
      6,
      5,
      5,
      2,
      7,
      4,
      6,
      3,
      6,
      3,
      3,
      7,
      4,
      5,
      6,
      6,
      2,
      6,
      6,
      4,
      8,
      2,
      5,
      6
    ],
    "intertie_density": 0.2059730416274976,
    "neighbor_nations": 1
  },
  "assets": {
    "thermal_per_site": [
      1,
      2,
      3,
      0,
      0,
      1,
      0,
      1,
      3,
      1,
      0,
      1,
      1,
      2,
      2,
      0,
      1,
      1,
      0,
      3,
      1,
      1,
      1,
      0
    ],
    "solar_per_site": [
      1,
      1,
      2,
      3,
      3,
      1,
      1,
      1,
      3,
      3,
      3,
      3,
      2,
      1,
      1,
      3,
      1,
      1,
      3,
      3,
      3,
      2,
      3,
      2
    ],
    "wind_per_site": [
      1,
      3,
      3,
      2,
      3,
      1,
      2,
      3,
      2,
      2,
      2,
      3,
      1,
      1,
      2,
      1,
      3,
      3,
      3,
      2,
      1,
      1,
      3,
      2
    ],
    "battery_per_site": [
      1,
      1,
      0,
      1,
      1,
      2,
      1,
      2,
      1,
      1,
      1,
      1,
      0,
      0,
      1,
      0,
      0,
      1,
      2,
      0,
      1,
      2,
      2,
      2
    ],
    "dr_per_site": [
      2,
      1,
      2,
      2,
      2,
      0,
      2,
      2,
      2,
      1,
      0,
      0,
      0,
      2,
      2,
      0,
      0,
      0,
      0,
      0,
      2,
      1,
      0,
      2
    ],
    "nuclear_per_region": [
      0,
      2,
      0,
      1
    ],
    "hydro_reservoir_per_region": [
      0,
      0,
      0,
      3
    ],
    "hydro_ror_per_zone": [
      2,
      1,
      0,
      0,
      0,
      2,
      1,
      0,
      1,
      1,
      2,
      1,
      0,
      1,
      1,
      0,
      0,
      1,
      0,
      2,
      0,
      2,
      2,
      2
    ],
    "hydro_pumped_per_region": [
      0,
      0,
      2,
      2
    ]
  },
  "econ_policy": {
    "co2_price": 95.40849383875386,
    "price_cap": 4290.864096339022,
    "cross_border_policy": "cap",
    "import_export_caps_factor": 1.3146246456445272
  },
  "tech": {
    "thermal_marg_cost": 1.672131545415478,
    "thermal_ramp_pct": 0.36363332989620856,
    "battery_roundtrip_eff": 0.793835129349438,
    "battery_e_to_p_hours": 2.888824946876716,
    "dr_max_shed_share": 0.11393099273506731,
    "dr_duration_hours": 4.4192960695014705,
    "hydro_reservoir_head_eff": 0.8725415173372116,
    "battery_initial_soc_fraction": 0.403661577268707,
    "battery_final_soc_tolerance": 0.15801268680071995,
    "battery_self_discharge_per_hour": 0.005676628542458968,
    "pumped_initial_level_fraction": 0.5578696834296606,
    "pumped_final_level_tolerance": 0.09295780530294218,
    "pumped_self_discharge_per_hour": 0.00352439546139023
  },
  "operation_costs": {
    "thermal_fuel_eur_per_mwh": 82.77774509521913,
    "nuclear_fuel_eur_per_mwh": 13.23826483796201,
    "demand_response_cost_eur_per_mwh": 713.6669542472598,
    "value_of_lost_load_eur_per_mwh": 6796.289171600036,
    "renewable_spill_cost_eur_per_mwh": 1258.9043315920967,
    "hydro_spill_cost_eur_per_mwh": 436.0212777965804,
    "overgen_spill_cost_eur_per_mwh": 2083.6849650262666,
    "battery_cycle_cost_eur_per_mwh": 114.01275459057632,
    "pumped_cycle_cost_eur_per_mwh": 56.2047297276351
  },
  "exogenous": {
    "weather_profile": "sunny_summer",
    "weather_spread_intensity": 0.8321203722259587,
    "demand_profile": "wkday_peak",
    "demand_scale_factor": 1.1531059498221556,
    "inflow_factor": 0.5672165592622895,
    "zone_profile_variants": {
      "evening_peak": 0.28,
      "double_peak": 0.16,
      "office_peak": 0.2,
      "industrial": 0.14,
      "night_shift": 0.1,
      "residential_morning": 0.12
    },
    "zone_profile_mix_weight": [
      0.4,
      0.8
    ],
    "zone_profile_phase_shift_hours": [
      -2.5,
      2.5
    ],
    "zone_profile_noise_std": [
      0.02,
      0.06
    ],
    "zone_profile_curvature_exp": [
      0.9,
      1.18
    ],
    "region_weather": {
      "R1": {
        "weather_profile": "sunny_summer",
        "weather_spread_intensity": 0.5764579179708583
      },
      "R2": {
        "weather_profile": "stormy_winter",
        "weather_spread_intensity": 0.9758313775876413
      },
      "R3": {
        "weather_profile": "stormy_winter",
        "weather_spread_intensity": 0.6752125055670433
      },
      "R4": {
        "weather_profile": "sunny_summer",
        "weather_spread_intensity": 1.1009796877782918
      }
    }
  },
  "mip_gap_target_pct": 1.4242274594657611,
  "estimates": {
    "vars_total": 115200,
    "cons_total": 149760,
    "est_cpu_hours": 2.129013333333334
  },
  "meta": {
    "regions": 4,
    "zones": 24,
    "sites": 24,
    "intertie_density": 0.2059730416274976,
    "neighbor_nations": 1,
    "assets": {
      "thermal": 26,
      "solar": 50,
      "wind": 50,
      "battery": 24,
      "dr": 25,
      "nuclear": 3,
      "hydro_reservoir": 3,
      "hydro_ror": 22,
      "hydro_pumped": 4
    },
    "demand_scale_factor": 1.1531059498221556,
    "zone_profile_variants": {
      "evening_peak": 0.28,
      "double_peak": 0.16,
      "office_peak": 0.2,
      "industrial": 0.14,
      "night_shift": 0.1,
      "residential_morning": 0.12
    },
    "zone_profile_mix_weight": [
      0.4,
      0.8
    ],
    "weather_profile": "sunny_summer",
    "cross_border_policy": "cap",
    "price_cap": 4290.864096339022,
    "co2_price": 95.40849383875386,
    "import_export_caps_factor": 1.3146246456445272,
    "operation_costs": {
      "thermal_fuel_eur_per_mwh": 82.77774509521913,
      "nuclear_fuel_eur_per_mwh": 13.23826483796201,
      "demand_response_cost_eur_per_mwh": 713.6669542472598,
      "value_of_lost_load_eur_per_mwh": 6796.289171600036,
      "renewable_spill_cost_eur_per_mwh": 1258.9043315920967,
      "hydro_spill_cost_eur_per_mwh": 436.0212777965804,
      "overgen_spill_cost_eur_per_mwh": 2083.6849650262666,
      "battery_cycle_cost_eur_per_mwh": 114.01275459057632,
      "pumped_cycle_cost_eur_per_mwh": 56.2047297276351
    },
    "tech_scalers": {
      "thermal_marg_cost": 1.672131545415478,
      "thermal_ramp_pct": 0.36363332989620856,
      "battery_roundtrip_eff": 0.793835129349438,
      "battery_e_to_p_hours": 2.888824946876716,
      "dr_max_shed_share": 0.11393099273506731,
      "dr_duration_hours": 4.4192960695014705,
      "hydro_reservoir_head_eff": 0.8725415173372116,
      "battery_initial_soc_fraction": 0.403661577268707,
      "battery_final_soc_tolerance": 0.15801268680071995,
      "battery_self_discharge_per_hour": 0.005676628542458968,
      "pumped_initial_level_fraction": 0.5578696834296606,
      "pumped_final_level_tolerance": 0.09295780530294218,
      "pumped_self_discharge_per_hour": 0.00352439546139023
    }
  }
}