{
  "id": "3e084e62-bc00-454f-9bc2-e7b9409d7447",
  "horizon_hours": 24,
  "dt_minutes": 15,
  "graph": {
    "regions": 3,
    "zones_per_region": [
      7,
      9,
      3
    ],
    "sites_per_zone": [
      7,
      5,
      8,
      6,
      5,
      8,
      7,
      7,
      3,
      6,
      2,
      4,
      2,
      3,
      4,
      4,
      3,
      7,
      3
    ],
    "intertie_density": 0.4571211396191441,
    "neighbor_nations": 2
  },
  "assets": {
    "thermal_per_site": [
      0,
      0,
      1,
      2,
      1,
      2,
      0,
      3,
      2,
      0,
      2,
      0,
      0,
      2,
      1,
      3,
      1,
      1,
      0
    ],
    "solar_per_site": [
      1,
      1,
      3,
      2,
      1,
      3,
      1,
      3,
      1,
      3,
      2,
      3,
      1,
      2,
      2,
      1,
      1,
      2,
      2
    ],
    "wind_per_site": [
      2,
      3,
      1,
      3,
      3,
      1,
      2,
      2,
      1,
      3,
      3,
      3,
      3,
      2,
      3,
      1,
      3,
      2,
      2
    ],
    "battery_per_site": [
      2,
      2,
      1,
      2,
      2,
      2,
      1,
      2,
      2,
      0,
      0,
      2,
      1,
      1,
      0,
      2,
      1,
      2,
      2
    ],
    "dr_per_site": [
      1,
      2,
      2,
      2,
      1,
      1,
      2,
      0,
      0,
      2,
      2,
      1,
      1,
      0,
      1,
      0,
      0,
      0,
      1
    ],
    "nuclear_per_region": [
      0,
      2,
      0
    ],
    "hydro_reservoir_per_region": [
      0,
      2,
      1
    ],
    "hydro_ror_per_zone": [
      2,
      2,
      0,
      0,
      2,
      2,
      0,
      1,
      2,
      2,
      0,
      0,
      1,
      0,
      2,
      1,
      1,
      0,
      0
    ],
    "hydro_pumped_per_region": [
      2,
      0,
      2
    ]
  },
  "econ_policy": {
    "co2_price": 208.0662999005371,
    "price_cap": 1737.1560056411154,
    "cross_border_policy": "allow",
    "import_export_caps_factor": 0.5837270874286804
  },
  "tech": {
    "thermal_marg_cost": 3.8262115977007927,
    "thermal_ramp_pct": 0.3172672126621579,
    "battery_roundtrip_eff": 0.7848043300365553,
    "battery_e_to_p_hours": 5.130934518921567,
    "dr_max_shed_share": 0.0682899572293857,
    "dr_duration_hours": 5.9459711036653715,
    "hydro_reservoir_head_eff": 0.8520825947495309,
    "battery_initial_soc_fraction": 0.3524402252816587,
    "battery_final_soc_tolerance": 0.1004923970266873,
    "battery_self_discharge_per_hour": 0.004169964036460655,
    "pumped_initial_level_fraction": 0.6027293078678655,
    "pumped_final_level_tolerance": 0.10415695967611771,
    "pumped_self_discharge_per_hour": 0.0023436516809346155
  },
  "operation_costs": {
    "thermal_fuel_eur_per_mwh": 67.48628909776875,
    "nuclear_fuel_eur_per_mwh": 10.499850455454958,
    "demand_response_cost_eur_per_mwh": 352.63598618366706,
    "value_of_lost_load_eur_per_mwh": 6001.860085578747,
    "renewable_spill_cost_eur_per_mwh": 924.8010472970686,
    "hydro_spill_cost_eur_per_mwh": 1068.455402775917,
    "overgen_spill_cost_eur_per_mwh": 5451.312837069405,
    "battery_cycle_cost_eur_per_mwh": 72.22907119751528,
    "pumped_cycle_cost_eur_per_mwh": 55.198000477317194
  },
  "exogenous": {
    "weather_profile": "sunny_summer",
    "weather_spread_intensity": 0.7845170020825368,
    "demand_profile": "heatwave",
    "demand_scale_factor": 1.1679590877111763,
    "inflow_factor": 0.7697518669138467,
    "zone_profile_variants": {
      "evening_peak": 0.28,
      "double_peak": 0.16,
      "office_peak": 0.2,
      "industrial": 0.14,
      "night_shift": 0.1,
      "residential_morning": 0.12
    },
    "zone_profile_mix_weight": [
      0.4,
      0.8
    ],
    "zone_profile_phase_shift_hours": [
      -2.5,
      2.5
    ],
    "zone_profile_noise_std": [
      0.02,
      0.06
    ],
    "zone_profile_curvature_exp": [
      0.9,
      1.18
    ],
    "region_weather": {
      "R1": {
        "weather_profile": "sunny_summer",
        "weather_spread_intensity": 0.8675760495292159
      },
      "R2": {
        "weather_profile": "overcast_summer",
        "weather_spread_intensity": 0.632713166612975
      },
      "R3": {
        "weather_profile": "calm_winter",
        "weather_spread_intensity": 0.8532617901054194
      }
    }
  },
  "mip_gap_target_pct": 1.4464458094795183,
  "estimates": {
    "vars_total": 93600,
    "cons_total": 121680,
    "est_cpu_hours": 1.7435733333333334
  },
  "meta": {
    "regions": 3,
    "zones": 19,
    "sites": 19,
    "intertie_density": 0.4571211396191441,
    "neighbor_nations": 2,
    "assets": {
      "thermal": 21,
      "solar": 35,
      "wind": 43,
      "battery": 27,
      "dr": 19,
      "nuclear": 2,
      "hydro_reservoir": 3,
      "hydro_ror": 18,
      "hydro_pumped": 4
    },
    "demand_scale_factor": 1.1679590877111763,
    "zone_profile_variants": {
      "evening_peak": 0.28,
      "double_peak": 0.16,
      "office_peak": 0.2,
      "industrial": 0.14,
      "night_shift": 0.1,
      "residential_morning": 0.12
    },
    "zone_profile_mix_weight": [
      0.4,
      0.8
    ],
    "weather_profile": "sunny_summer",
    "cross_border_policy": "allow",
    "price_cap": 1737.1560056411154,
    "co2_price": 208.0662999005371,
    "import_export_caps_factor": 0.5837270874286804,
    "operation_costs": {
      "thermal_fuel_eur_per_mwh": 67.48628909776875,
      "nuclear_fuel_eur_per_mwh": 10.499850455454958,
      "demand_response_cost_eur_per_mwh": 352.63598618366706,
      "value_of_lost_load_eur_per_mwh": 6001.860085578747,
      "renewable_spill_cost_eur_per_mwh": 924.8010472970686,
      "hydro_spill_cost_eur_per_mwh": 1068.455402775917,
      "overgen_spill_cost_eur_per_mwh": 5451.312837069405,
      "battery_cycle_cost_eur_per_mwh": 72.22907119751528,
      "pumped_cycle_cost_eur_per_mwh": 55.198000477317194
    },
    "tech_scalers": {
      "thermal_marg_cost": 3.8262115977007927,
      "thermal_ramp_pct": 0.3172672126621579,
      "battery_roundtrip_eff": 0.7848043300365553,
      "battery_e_to_p_hours": 5.130934518921567,
      "dr_max_shed_share": 0.0682899572293857,
      "dr_duration_hours": 5.9459711036653715,
      "hydro_reservoir_head_eff": 0.8520825947495309,
      "battery_initial_soc_fraction": 0.3524402252816587,
      "battery_final_soc_tolerance": 0.1004923970266873,
      "battery_self_discharge_per_hour": 0.004169964036460655,
      "pumped_initial_level_fraction": 0.6027293078678655,
      "pumped_final_level_tolerance": 0.10415695967611771,
      "pumped_self_discharge_per_hour": 0.0023436516809346155
    }
  },
  "flexibility_metrics": {
    "total_storage_power_mw": 2150.0,
    "total_storage_capacity_mwh": 13326.8,
    "battery_power_mw": 1350.0,
    "battery_capacity_mwh": 6926.8,
    "pumped_power_mw": 800.0,
    "pumped_capacity_mwh": 6400.0,
    "total_dr_capacity_mw": 757.7,
    "total_ramp_up_mw_per_step": 524.7,
    "total_ramp_down_mw_per_step": 524.7,
    "thermal_flex_ratio": 0.35,
    "dr_duration_hours": 5.95,
    "battery_roundtrip_efficiency": 0.785
  },
  "difficulty_indicators": {
    "vre_penetration_pct": 42.61,
    "net_demand_volatility": 0.311,
    "peak_to_valley_ratio": 2.1,
    "estimated_milp_solve_time_seconds": 6276.9,
    "complexity_score": "hard",
    "n_binary_variables": 2016,
    "n_timesteps": 96,
    "n_zones": 19,
    "weather_profile": "sunny_summer",
    "demand_profile": "heatwave"
  }
}