{
  "id": "c773f490-102e-4032-aacc-38418d85bfd9",
  "horizon_hours": 24,
  "dt_minutes": 15,
  "graph": {
    "regions": 2,
    "zones_per_region": [
      3,
      3
    ],
    "sites_per_zone": [
      5,
      8,
      7,
      8,
      7,
      2
    ],
    "intertie_density": 0.5620404254785558,
    "neighbor_nations": 2
  },
  "assets": {
    "thermal_per_site": [
      1,
      1,
      2,
      3,
      3,
      3
    ],
    "solar_per_site": [
      3,
      3,
      3,
      2,
      2,
      2
    ],
    "wind_per_site": [
      1,
      3,
      2,
      3,
      1,
      3
    ],
    "battery_per_site": [
      1,
      0,
      2,
      0,
      0,
      2
    ],
    "dr_per_site": [
      0,
      0,
      2,
      2,
      0,
      1
    ],
    "nuclear_per_region": [
      2,
      2
    ],
    "hydro_reservoir_per_region": [
      1,
      2
    ],
    "hydro_ror_per_zone": [
      1,
      0,
      1,
      2,
      1,
      0
    ],
    "hydro_pumped_per_region": [
      1,
      2
    ]
  },
  "econ_policy": {
    "co2_price": 52.62450797007229,
    "price_cap": 542.3729076023469,
    "cross_border_policy": "allow",
    "import_export_caps_factor": 1.1307078609338324
  },
  "tech": {
    "thermal_marg_cost": 5.719621285303382,
    "thermal_ramp_pct": 0.3581124506690245,
    "battery_roundtrip_eff": 0.8749298625529887,
    "battery_e_to_p_hours": 5.753614735982972,
    "dr_max_shed_share": 0.23745067088341648,
    "dr_duration_hours": 3.0613133725503126,
    "hydro_reservoir_head_eff": 0.7607173758722391,
    "battery_initial_soc_fraction": 0.4924671464606561,
    "battery_final_soc_tolerance": 0.09373135539047159,
    "battery_self_discharge_per_hour": 0.006754445982886711,
    "pumped_initial_level_fraction": 0.6284190159480215,
    "pumped_final_level_tolerance": 0.06249404799522459,
    "pumped_self_discharge_per_hour": 0.0029528069509759175
  },
  "operation_costs": {
    "thermal_fuel_eur_per_mwh": 79.74094813386785,
    "nuclear_fuel_eur_per_mwh": 13.04171276231633,
    "demand_response_cost_eur_per_mwh": 375.1572766760374,
    "value_of_lost_load_eur_per_mwh": 11511.860968289515,
    "renewable_spill_cost_eur_per_mwh": 993.438526632508,
    "hydro_spill_cost_eur_per_mwh": 1060.901290467829,
    "overgen_spill_cost_eur_per_mwh": 6960.659510384037,
    "battery_cycle_cost_eur_per_mwh": 91.33456046118263,
    "pumped_cycle_cost_eur_per_mwh": 54.41767119882471
  },
  "exogenous": {
    "weather_profile": "sunny_summer",
    "weather_spread_intensity": 0.9714105084747957,
    "demand_profile": "heatwave",
    "demand_scale_factor": 0.9837751479758519,
    "inflow_factor": 1.1732240402342384,
    "zone_profile_variants": {
      "evening_peak": 0.28,
      "double_peak": 0.16,
      "office_peak": 0.2,
      "industrial": 0.14,
      "night_shift": 0.1,
      "residential_morning": 0.12
    },
    "zone_profile_mix_weight": [
      0.4,
      0.8
    ],
    "zone_profile_phase_shift_hours": [
      -2.5,
      2.5
    ],
    "zone_profile_noise_std": [
      0.02,
      0.06
    ],
    "zone_profile_curvature_exp": [
      0.9,
      1.18
    ],
    "region_weather": {
      "R1": {
        "weather_profile": "mixed",
        "weather_spread_intensity": 0.6805546669724414
      },
      "R2": {
        "weather_profile": "sunny_summer",
        "weather_spread_intensity": 1.26226634997715
      }
    }
  },
  "mip_gap_target_pct": 0.8649415229730969,
  "estimates": {
    "vars_total": 33600,
    "cons_total": 43680,
    "est_cpu_hours": 0.6729066666666667
  },
  "meta": {
    "regions": 2,
    "zones": 6,
    "sites": 6,
    "intertie_density": 0.5620404254785558,
    "neighbor_nations": 2,
    "assets": {
      "thermal": 13,
      "solar": 15,
      "wind": 13,
      "battery": 5,
      "dr": 5,
      "nuclear": 4,
      "hydro_reservoir": 3,
      "hydro_ror": 5,
      "hydro_pumped": 3
    },
    "demand_scale_factor": 0.9837751479758519,
    "zone_profile_variants": {
      "evening_peak": 0.28,
      "double_peak": 0.16,
      "office_peak": 0.2,
      "industrial": 0.14,
      "night_shift": 0.1,
      "residential_morning": 0.12
    },
    "zone_profile_mix_weight": [
      0.4,
      0.8
    ],
    "weather_profile": "sunny_summer",
    "cross_border_policy": "allow",
    "price_cap": 542.3729076023469,
    "co2_price": 52.62450797007229,
    "import_export_caps_factor": 1.1307078609338324,
    "operation_costs": {
      "thermal_fuel_eur_per_mwh": 79.74094813386785,
      "nuclear_fuel_eur_per_mwh": 13.04171276231633,
      "demand_response_cost_eur_per_mwh": 375.1572766760374,
      "value_of_lost_load_eur_per_mwh": 11511.860968289515,
      "renewable_spill_cost_eur_per_mwh": 993.438526632508,
      "hydro_spill_cost_eur_per_mwh": 1060.901290467829,
      "overgen_spill_cost_eur_per_mwh": 6960.659510384037,
      "battery_cycle_cost_eur_per_mwh": 91.33456046118263,
      "pumped_cycle_cost_eur_per_mwh": 54.41767119882471
    },
    "tech_scalers": {
      "thermal_marg_cost": 5.719621285303382,
      "thermal_ramp_pct": 0.3581124506690245,
      "battery_roundtrip_eff": 0.8749298625529887,
      "battery_e_to_p_hours": 5.753614735982972,
      "dr_max_shed_share": 0.23745067088341648,
      "dr_duration_hours": 3.0613133725503126,
      "hydro_reservoir_head_eff": 0.7607173758722391,
      "battery_initial_soc_fraction": 0.4924671464606561,
      "battery_final_soc_tolerance": 0.09373135539047159,
      "battery_self_discharge_per_hour": 0.006754445982886711,
      "pumped_initial_level_fraction": 0.6284190159480215,
      "pumped_final_level_tolerance": 0.06249404799522459,
      "pumped_self_discharge_per_hour": 0.0029528069509759175
    }
  },
  "flexibility_metrics": {
    "total_storage_power_mw": 850.0,
    "total_storage_capacity_mwh": 6238.4,
    "battery_power_mw": 250.0,
    "battery_capacity_mwh": 1438.4,
    "pumped_power_mw": 600.0,
    "pumped_capacity_mwh": 4800.0,
    "total_dr_capacity_mw": 700.8,
    "total_ramp_up_mw_per_step": 399.2,
    "total_ramp_down_mw_per_step": 399.2,
    "thermal_flex_ratio": 0.196,
    "dr_duration_hours": 3.06,
    "battery_roundtrip_efficiency": 0.875
  },
  "difficulty_indicators": {
    "vre_penetration_pct": 24.91,
    "net_demand_volatility": 0.311,
    "peak_to_valley_ratio": 1.77,
    "estimated_milp_solve_time_seconds": 2422.5,
    "complexity_score": "medium",
    "n_binary_variables": 1248,
    "n_timesteps": 96,
    "n_zones": 6,
    "weather_profile": "sunny_summer",
    "demand_profile": "heatwave"
  }
}