{
  "id": "d734bb55-93b3-43f2-b4f1-f7d28a6a9e81",
  "horizon_hours": 24,
  "dt_minutes": 15,
  "graph": {
    "regions": 2,
    "zones_per_region": [
      9,
      9
    ],
    "sites_per_zone": [
      3,
      5,
      5,
      5,
      5,
      6,
      5,
      4,
      2,
      4,
      8,
      3,
      2,
      8,
      5,
      5,
      5,
      4
    ],
    "intertie_density": 0.23220683726109678,
    "neighbor_nations": 3
  },
  "assets": {
    "thermal_per_site": [
      3,
      2,
      1,
      2,
      0,
      0,
      2,
      3,
      1,
      1,
      0,
      0,
      0,
      0,
      2,
      0,
      3,
      2
    ],
    "solar_per_site": [
      2,
      2,
      3,
      3,
      1,
      1,
      3,
      2,
      3,
      2,
      2,
      1,
      3,
      2,
      3,
      3,
      2,
      2
    ],
    "wind_per_site": [
      1,
      2,
      1,
      1,
      3,
      1,
      2,
      2,
      1,
      3,
      3,
      3,
      1,
      1,
      2,
      2,
      1,
      3
    ],
    "battery_per_site": [
      2,
      0,
      0,
      0,
      2,
      0,
      1,
      2,
      2,
      1,
      1,
      0,
      0,
      2,
      2,
      2,
      2,
      2
    ],
    "dr_per_site": [
      2,
      2,
      1,
      1,
      0,
      0,
      2,
      0,
      2,
      1,
      2,
      0,
      2,
      1,
      1,
      1,
      1,
      0
    ],
    "nuclear_per_region": [
      1,
      2
    ],
    "hydro_reservoir_per_region": [
      2,
      3
    ],
    "hydro_ror_per_zone": [
      1,
      1,
      0,
      2,
      2,
      2,
      1,
      2,
      1,
      2,
      0,
      1,
      2,
      1,
      2,
      2,
      1,
      1
    ],
    "hydro_pumped_per_region": [
      2,
      2
    ]
  },
  "econ_policy": {
    "co2_price": 219.57737232092234,
    "price_cap": 3782.4214140794247,
    "cross_border_policy": "block",
    "import_export_caps_factor": 1.4625257654243224
  },
  "tech": {
    "thermal_marg_cost": 10.62254689046481,
    "thermal_ramp_pct": 0.05632908564917467,
    "battery_roundtrip_eff": 0.8396582313919244,
    "battery_e_to_p_hours": 1.66583616170511,
    "dr_max_shed_share": 0.17123482005989576,
    "dr_duration_hours": 5.889753818526822,
    "hydro_reservoir_head_eff": 0.9258500696158273,
    "battery_initial_soc_fraction": 0.3550327595921324,
    "battery_final_soc_tolerance": 0.13344750270580608,
    "battery_self_discharge_per_hour": 0.0016101946568938892,
    "pumped_initial_level_fraction": 0.6154987197311325,
    "pumped_final_level_tolerance": 0.14117987282758326,
    "pumped_self_discharge_per_hour": 0.002920794001299521
  },
  "operation_costs": {
    "thermal_fuel_eur_per_mwh": 45.14435581266731,
    "nuclear_fuel_eur_per_mwh": 9.443845246687623,
    "demand_response_cost_eur_per_mwh": 948.7159319821405,
    "value_of_lost_load_eur_per_mwh": 8978.277568048823,
    "renewable_spill_cost_eur_per_mwh": 1862.4022113431913,
    "hydro_spill_cost_eur_per_mwh": 1062.5971329695108,
    "overgen_spill_cost_eur_per_mwh": 3893.2744388985398,
    "battery_cycle_cost_eur_per_mwh": 110.29055423193216,
    "pumped_cycle_cost_eur_per_mwh": 68.81431869021743
  },
  "exogenous": {
    "weather_profile": "stormy_winter",
    "weather_spread_intensity": 1.2248278468023877,
    "demand_profile": "wkday_peak",
    "demand_scale_factor": 0.8273637893673524,
    "inflow_factor": 0.8609193257048914,
    "zone_profile_variants": {
      "evening_peak": 0.28,
      "double_peak": 0.16,
      "office_peak": 0.2,
      "industrial": 0.14,
      "night_shift": 0.1,
      "residential_morning": 0.12
    },
    "zone_profile_mix_weight": [
      0.4,
      0.8
    ],
    "zone_profile_phase_shift_hours": [
      -2.5,
      2.5
    ],
    "zone_profile_noise_std": [
      0.02,
      0.06
    ],
    "zone_profile_curvature_exp": [
      0.9,
      1.18
    ],
    "region_weather": {
      "R1": {
        "weather_profile": "mixed",
        "weather_spread_intensity": 1.03502992110201
      },
      "R2": {
        "weather_profile": "stormy_winter",
        "weather_spread_intensity": 1.4146257725027653
      }
    }
  },
  "mip_gap_target_pct": 0.6379096035900538,
  "estimates": {
    "vars_total": 90720,
    "cons_total": 117936,
    "est_cpu_hours": 1.6921813333333338
  },
  "meta": {
    "regions": 2,
    "zones": 18,
    "sites": 18,
    "intertie_density": 0.23220683726109678,
    "neighbor_nations": 3,
    "assets": {
      "thermal": 22,
      "solar": 40,
      "wind": 33,
      "battery": 21,
      "dr": 19,
      "nuclear": 3,
      "hydro_reservoir": 5,
      "hydro_ror": 24,
      "hydro_pumped": 4
    },
    "demand_scale_factor": 0.8273637893673524,
    "zone_profile_variants": {
      "evening_peak": 0.28,
      "double_peak": 0.16,
      "office_peak": 0.2,
      "industrial": 0.14,
      "night_shift": 0.1,
      "residential_morning": 0.12
    },
    "zone_profile_mix_weight": [
      0.4,
      0.8
    ],
    "weather_profile": "stormy_winter",
    "cross_border_policy": "block",
    "price_cap": 3782.4214140794247,
    "co2_price": 219.57737232092234,
    "import_export_caps_factor": 1.4625257654243224,
    "operation_costs": {
      "thermal_fuel_eur_per_mwh": 45.14435581266731,
      "nuclear_fuel_eur_per_mwh": 9.443845246687623,
      "demand_response_cost_eur_per_mwh": 948.7159319821405,
      "value_of_lost_load_eur_per_mwh": 8978.277568048823,
      "renewable_spill_cost_eur_per_mwh": 1862.4022113431913,
      "hydro_spill_cost_eur_per_mwh": 1062.5971329695108,
      "overgen_spill_cost_eur_per_mwh": 3893.2744388985398,
      "battery_cycle_cost_eur_per_mwh": 110.29055423193216,
      "pumped_cycle_cost_eur_per_mwh": 68.81431869021743
    },
    "tech_scalers": {
      "thermal_marg_cost": 10.62254689046481,
      "thermal_ramp_pct": 0.05632908564917467,
      "battery_roundtrip_eff": 0.8396582313919244,
      "battery_e_to_p_hours": 1.66583616170511,
      "dr_max_shed_share": 0.17123482005989576,
      "dr_duration_hours": 5.889753818526822,
      "hydro_reservoir_head_eff": 0.9258500696158273,
      "battery_initial_soc_fraction": 0.3550327595921324,
      "battery_final_soc_tolerance": 0.13344750270580608,
      "battery_self_discharge_per_hour": 0.0016101946568938892,
      "pumped_initial_level_fraction": 0.6154987197311325,
      "pumped_final_level_tolerance": 0.14117987282758326,
      "pumped_self_discharge_per_hour": 0.002920794001299521
    }
  }
}