{
  "id": "c55a1e68-cf68-4159-ab03-ed614247baf9",
  "horizon_hours": 24,
  "dt_minutes": 15,
  "graph": {
    "regions": 3,
    "zones_per_region": [
      5,
      6,
      4
    ],
    "sites_per_zone": [
      3,
      5,
      5,
      6,
      8,
      8,
      7,
      2,
      7,
      4,
      6,
      3,
      4,
      3,
      3
    ],
    "intertie_density": 0.2695759277679767,
    "neighbor_nations": 1
  },
  "assets": {
    "thermal_per_site": [
      3,
      2,
      1,
      3,
      0,
      1,
      3,
      2,
      1,
      0,
      0,
      0,
      1,
      1,
      0
    ],
    "solar_per_site": [
      2,
      1,
      1,
      3,
      3,
      3,
      2,
      3,
      1,
      2,
      1,
      1,
      1,
      3,
      1
    ],
    "wind_per_site": [
      2,
      2,
      2,
      2,
      3,
      2,
      2,
      1,
      1,
      2,
      2,
      1,
      1,
      1,
      3
    ],
    "battery_per_site": [
      1,
      1,
      2,
      0,
      2,
      2,
      1,
      0,
      1,
      2,
      1,
      1,
      0,
      2,
      2
    ],
    "dr_per_site": [
      2,
      2,
      1,
      2,
      2,
      2,
      2,
      0,
      1,
      2,
      1,
      0,
      1,
      1,
      0
    ],
    "nuclear_per_region": [
      1,
      1,
      0
    ],
    "hydro_reservoir_per_region": [
      1,
      2,
      0
    ],
    "hydro_ror_per_zone": [
      2,
      1,
      0,
      1,
      1,
      2,
      2,
      2,
      0,
      0,
      1,
      2,
      2,
      1,
      2
    ],
    "hydro_pumped_per_region": [
      1,
      0,
      2
    ]
  },
  "econ_policy": {
    "co2_price": 80.42280210400185,
    "price_cap": 436.50229400913156,
    "cross_border_policy": "block",
    "import_export_caps_factor": 0.9574910879535085
  },
  "tech": {
    "thermal_marg_cost": 13.057202652051105,
    "thermal_ramp_pct": 0.08136925990526285,
    "battery_roundtrip_eff": 0.8427719843798501,
    "battery_e_to_p_hours": 5.202620877641782,
    "dr_max_shed_share": 0.18672575732520102,
    "dr_duration_hours": 4.399520424572821,
    "hydro_reservoir_head_eff": 0.9780104185557634,
    "battery_initial_soc_fraction": 0.5829633048716376,
    "battery_final_soc_tolerance": 0.11840939757430984,
    "battery_self_discharge_per_hour": 0.005959932030068657,
    "pumped_initial_level_fraction": 0.5942827956587379,
    "pumped_final_level_tolerance": 0.11256948510384729,
    "pumped_self_discharge_per_hour": 0.0031095292825361635
  },
  "operation_costs": {
    "thermal_fuel_eur_per_mwh": 47.045197372867726,
    "nuclear_fuel_eur_per_mwh": 11.323021775211352,
    "demand_response_cost_eur_per_mwh": 556.5116810365851,
    "value_of_lost_load_eur_per_mwh": 9247.36386764149,
    "renewable_spill_cost_eur_per_mwh": 1108.5041284675412,
    "hydro_spill_cost_eur_per_mwh": 1156.3859643237683,
    "overgen_spill_cost_eur_per_mwh": 2074.506488058799,
    "battery_cycle_cost_eur_per_mwh": 94.6997873971354,
    "pumped_cycle_cost_eur_per_mwh": 52.80043226609024
  },
  "exogenous": {
    "weather_profile": "stormy_winter",
    "weather_spread_intensity": 1.1359889696756271,
    "demand_profile": "cold_snap",
    "demand_scale_factor": 1.109311902775054,
    "inflow_factor": 0.5642571169528551,
    "zone_profile_variants": {
      "evening_peak": 0.28,
      "double_peak": 0.16,
      "office_peak": 0.2,
      "industrial": 0.14,
      "night_shift": 0.1,
      "residential_morning": 0.12
    },
    "zone_profile_mix_weight": [
      0.4,
      0.8
    ],
    "zone_profile_phase_shift_hours": [
      -2.5,
      2.5
    ],
    "zone_profile_noise_std": [
      0.02,
      0.06
    ],
    "zone_profile_curvature_exp": [
      0.9,
      1.18
    ],
    "region_weather": {
      "R1": {
        "weather_profile": "calm_winter",
        "weather_spread_intensity": 1.2752247030612618
      },
      "R2": {
        "weather_profile": "stormy_winter",
        "weather_spread_intensity": 0.7648083147354128
      },
      "R3": {
        "weather_profile": "mixed",
        "weather_spread_intensity": 1.3679338912302068
      }
    }
  },
  "mip_gap_target_pct": 1.2467359552205943,
  "estimates": {
    "vars_total": 74592,
    "cons_total": 96969,
    "est_cpu_hours": 1.4043809999999997
  },
  "meta": {
    "regions": 3,
    "zones": 15,
    "sites": 15,
    "intertie_density": 0.2695759277679767,
    "neighbor_nations": 1,
    "assets": {
      "thermal": 18,
      "solar": 28,
      "wind": 27,
      "battery": 18,
      "dr": 19,
      "nuclear": 2,
      "hydro_reservoir": 3,
      "hydro_ror": 19,
      "hydro_pumped": 3
    },
    "demand_scale_factor": 1.109311902775054,
    "zone_profile_variants": {
      "evening_peak": 0.28,
      "double_peak": 0.16,
      "office_peak": 0.2,
      "industrial": 0.14,
      "night_shift": 0.1,
      "residential_morning": 0.12
    },
    "zone_profile_mix_weight": [
      0.4,
      0.8
    ],
    "weather_profile": "stormy_winter",
    "cross_border_policy": "block",
    "price_cap": 436.50229400913156,
    "co2_price": 80.42280210400185,
    "import_export_caps_factor": 0.9574910879535085,
    "operation_costs": {
      "thermal_fuel_eur_per_mwh": 47.045197372867726,
      "nuclear_fuel_eur_per_mwh": 11.323021775211352,
      "demand_response_cost_eur_per_mwh": 556.5116810365851,
      "value_of_lost_load_eur_per_mwh": 9247.36386764149,
      "renewable_spill_cost_eur_per_mwh": 1108.5041284675412,
      "hydro_spill_cost_eur_per_mwh": 1156.3859643237683,
      "overgen_spill_cost_eur_per_mwh": 2074.506488058799,
      "battery_cycle_cost_eur_per_mwh": 94.6997873971354,
      "pumped_cycle_cost_eur_per_mwh": 52.80043226609024
    },
    "tech_scalers": {
      "thermal_marg_cost": 13.057202652051105,
      "thermal_ramp_pct": 0.08136925990526285,
      "battery_roundtrip_eff": 0.8427719843798501,
      "battery_e_to_p_hours": 5.202620877641782,
      "dr_max_shed_share": 0.18672575732520102,
      "dr_duration_hours": 4.399520424572821,
      "hydro_reservoir_head_eff": 0.9780104185557634,
      "battery_initial_soc_fraction": 0.5829633048716376,
      "battery_final_soc_tolerance": 0.11840939757430984,
      "battery_self_discharge_per_hour": 0.005959932030068657,
      "pumped_initial_level_fraction": 0.5942827956587379,
      "pumped_final_level_tolerance": 0.11256948510384729,
      "pumped_self_discharge_per_hour": 0.0031095292825361635
    }
  },
  "flexibility_metrics": {
    "total_storage_power_mw": 1500.0,
    "total_storage_capacity_mwh": 9482.4,
    "battery_power_mw": 900.0,
    "battery_capacity_mwh": 4682.4,
    "pumped_power_mw": 600.0,
    "pumped_capacity_mwh": 4800.0,
    "total_dr_capacity_mw": 1553.5,
    "total_ramp_up_mw_per_step": 134.8,
    "total_ramp_down_mw_per_step": 134.8,
    "thermal_flex_ratio": 0.413,
    "dr_duration_hours": 4.4,
    "battery_roundtrip_efficiency": 0.843
  },
  "difficulty_indicators": {
    "vre_penetration_pct": 35.04,
    "net_demand_volatility": 0.32,
    "peak_to_valley_ratio": 2.0,
    "estimated_milp_solve_time_seconds": 5055.8,
    "complexity_score": "hard",
    "n_binary_variables": 1728,
    "n_timesteps": 96,
    "n_zones": 15,
    "weather_profile": "stormy_winter",
    "demand_profile": "cold_snap"
  }
}