{
  "id": "d97175d6-9798-4074-91ed-aaa6e31555a7",
  "horizon_hours": 24,
  "dt_minutes": 15,
  "graph": {
    "regions": 2,
    "zones_per_region": [
      6,
      5
    ],
    "sites_per_zone": [
      6,
      4,
      3,
      8,
      9,
      3,
      3,
      7,
      10,
      2,
      9
    ],
    "intertie_density": 0.2177376960741244,
    "neighbor_nations": 1
  },
  "assets": {
    "thermal_per_site": [
      1,
      3,
      0,
      1,
      3,
      2,
      0,
      2,
      0,
      1,
      1
    ],
    "solar_per_site": [
      2,
      3,
      2,
      2,
      2,
      2,
      1,
      2,
      1,
      1,
      3
    ],
    "wind_per_site": [
      2,
      1,
      2,
      1,
      1,
      2,
      1,
      2,
      3,
      3,
      1
    ],
    "battery_per_site": [
      0,
      0,
      0,
      0,
      2,
      0,
      1,
      2,
      0,
      2,
      0
    ],
    "dr_per_site": [
      2,
      1,
      1,
      2,
      1,
      0,
      0,
      1,
      1,
      1,
      0
    ],
    "nuclear_per_region": [
      1,
      0
    ],
    "hydro_reservoir_per_region": [
      0,
      2
    ],
    "hydro_ror_per_zone": [
      1,
      1,
      1,
      1,
      2,
      0,
      2,
      2,
      0,
      2,
      0
    ],
    "hydro_pumped_per_region": [
      0,
      1
    ]
  },
  "econ_policy": {
    "co2_price": 144.61960591369598,
    "price_cap": 820.0564310056911,
    "cross_border_policy": "block",
    "import_export_caps_factor": 0.4175538040185638
  },
  "tech": {
    "thermal_marg_cost": 4.3867871696143315,
    "thermal_ramp_pct": 0.39187657437439527,
    "battery_roundtrip_eff": 0.880416597044646,
    "battery_e_to_p_hours": 1.3664258587145959,
    "dr_max_shed_share": 0.20768247998890066,
    "dr_duration_hours": 3.222211107462833,
    "hydro_reservoir_head_eff": 0.8280888461381393,
    "battery_initial_soc_fraction": 0.41744341331662393,
    "battery_final_soc_tolerance": 0.14503057746825468,
    "battery_self_discharge_per_hour": 0.002983075642989184,
    "pumped_initial_level_fraction": 0.6293142058318634,
    "pumped_final_level_tolerance": 0.15721390126856932,
    "pumped_self_discharge_per_hour": 0.0014697581128099773
  },
  "operation_costs": {
    "thermal_fuel_eur_per_mwh": 62.67286186930271,
    "nuclear_fuel_eur_per_mwh": 26.22083108994242,
    "thermal_startup_cost_eur": 1898.6961923104536,
    "nuclear_startup_cost_eur": 43422.2918953027,
    "demand_response_cost_eur_per_mwh": 1084.1153163365889,
    "value_of_lost_load_eur_per_mwh": 7031.084603861237,
    "renewable_spill_cost_eur_per_mwh": 1399.9639042208548,
    "hydro_spill_cost_eur_per_mwh": 1075.4996188161033,
    "overgen_spill_cost_eur_per_mwh": 2708.5712723640645,
    "battery_cycle_cost_eur_per_mwh": 124.7590737096421,
    "pumped_cycle_cost_eur_per_mwh": 52.276637300400786
  },
  "exogenous": {
    "weather_profile": "stormy_winter",
    "weather_spread_intensity": 0.5461275569349198,
    "demand_profile": "wkday_peak",
    "demand_scale_factor": 0.842185450687647,
    "inflow_factor": 0.9363610431518256,
    "zone_profile_variants": {
      "evening_peak": 0.28,
      "double_peak": 0.16,
      "office_peak": 0.2,
      "industrial": 0.14,
      "night_shift": 0.1,
      "residential_morning": 0.12
    },
    "zone_profile_mix_weight": [
      0.4,
      0.8
    ],
    "zone_profile_phase_shift_hours": [
      -2.5,
      2.5
    ],
    "zone_profile_noise_std": [
      0.02,
      0.06
    ],
    "zone_profile_curvature_exp": [
      0.9,
      1.18
    ],
    "region_weather": {
      "R1": {
        "weather_profile": "stormy_winter",
        "weather_spread_intensity": 0.5427607033286294
      },
      "R2": {
        "weather_profile": "calm_winter",
        "weather_spread_intensity": 0.5494944105412101
      }
    }
  },
  "mip_gap_target_pct": 1.3921720108717404,
  "estimates": {
    "vars_total": 51072,
    "cons_total": 66393,
    "est_cpu_hours": 0.9846796666666666
  },
  "meta": {
    "regions": 2,
    "zones": 11,
    "sites": 11,
    "intertie_density": 0.2177376960741244,
    "neighbor_nations": 1,
    "assets": {
      "thermal": 14,
      "solar": 21,
      "wind": 19,
      "battery": 7,
      "dr": 10,
      "nuclear": 1,
      "hydro_reservoir": 2,
      "hydro_ror": 12,
      "hydro_pumped": 1
    },
    "demand_scale_factor": 0.842185450687647,
    "zone_profile_variants": {
      "evening_peak": 0.28,
      "double_peak": 0.16,
      "office_peak": 0.2,
      "industrial": 0.14,
      "night_shift": 0.1,
      "residential_morning": 0.12
    },
    "zone_profile_mix_weight": [
      0.4,
      0.8
    ],
    "weather_profile": "stormy_winter",
    "cross_border_policy": "block",
    "price_cap": 820.0564310056911,
    "co2_price": 144.61960591369598,
    "import_export_caps_factor": 0.4175538040185638,
    "operation_costs": {
      "thermal_fuel_eur_per_mwh": 62.67286186930271,
      "nuclear_fuel_eur_per_mwh": 26.22083108994242,
      "thermal_startup_cost_eur": 1898.6961923104536,
      "nuclear_startup_cost_eur": 43422.2918953027,
      "demand_response_cost_eur_per_mwh": 1084.1153163365889,
      "value_of_lost_load_eur_per_mwh": 7031.084603861237,
      "renewable_spill_cost_eur_per_mwh": 1399.9639042208548,
      "hydro_spill_cost_eur_per_mwh": 1075.4996188161033,
      "overgen_spill_cost_eur_per_mwh": 2708.5712723640645,
      "battery_cycle_cost_eur_per_mwh": 124.7590737096421,
      "pumped_cycle_cost_eur_per_mwh": 52.276637300400786
    },
    "tech_scalers": {
      "thermal_marg_cost": 4.3867871696143315,
      "thermal_ramp_pct": 0.39187657437439527,
      "battery_roundtrip_eff": 0.880416597044646,
      "battery_e_to_p_hours": 1.3664258587145959,
      "dr_max_shed_share": 0.20768247998890066,
      "dr_duration_hours": 3.222211107462833,
      "hydro_reservoir_head_eff": 0.8280888461381393,
      "battery_initial_soc_fraction": 0.41744341331662393,
      "battery_final_soc_tolerance": 0.14503057746825468,
      "battery_self_discharge_per_hour": 0.002983075642989184,
      "pumped_initial_level_fraction": 0.6293142058318634,
      "pumped_final_level_tolerance": 0.15721390126856932,
      "pumped_self_discharge_per_hour": 0.0014697581128099773
    }
  },
  "flexibility_metrics": {
    "total_storage_power_mw": 550.0,
    "total_storage_capacity_mwh": 2078.2,
    "battery_power_mw": 350.0,
    "battery_capacity_mwh": 478.2,
    "pumped_power_mw": 200.0,
    "pumped_capacity_mwh": 1600.0,
    "total_dr_capacity_mw": 962.0,
    "total_ramp_up_mw_per_step": 424.0,
    "total_ramp_down_mw_per_step": 424.0,
    "thermal_flex_ratio": 0.291,
    "dr_duration_hours": 3.22,
    "battery_roundtrip_efficiency": 0.88
  },
  "difficulty_indicators": {
    "vre_penetration_pct": 36.53,
    "net_demand_volatility": 0.292,
    "peak_to_valley_ratio": 1.52,
    "estimated_milp_solve_time_seconds": 3544.8,
    "complexity_score": "medium",
    "n_binary_variables": 1344,
    "n_timesteps": 96,
    "n_zones": 11,
    "weather_profile": "stormy_winter",
    "demand_profile": "wkday_peak"
  }
}