{
  "id": "53d251c8-375a-415e-9ce4-9d2617deeb94",
  "horizon_hours": 24,
  "dt_minutes": 15,
  "graph": {
    "regions": 3,
    "zones_per_region": [
      5,
      5,
      5
    ],
    "sites_per_zone": [
      2,
      6,
      8,
      7,
      3,
      5,
      8,
      6,
      4,
      5,
      6,
      8,
      8,
      6,
      5
    ],
    "intertie_density": 0.35397570168372267,
    "neighbor_nations": 1
  },
  "assets": {
    "thermal_per_site": [
      2,
      0,
      2,
      0,
      0,
      2,
      1,
      2,
      3,
      1,
      1,
      0,
      2,
      3,
      0
    ],
    "solar_per_site": [
      2,
      1,
      3,
      1,
      1,
      1,
      2,
      3,
      3,
      2,
      2,
      1,
      1,
      1,
      1
    ],
    "wind_per_site": [
      3,
      1,
      1,
      1,
      2,
      3,
      1,
      3,
      3,
      2,
      2,
      2,
      3,
      3,
      1
    ],
    "battery_per_site": [
      2,
      0,
      1,
      1,
      0,
      1,
      2,
      2,
      2,
      1,
      2,
      0,
      0,
      1,
      0
    ],
    "dr_per_site": [
      1,
      2,
      1,
      1,
      2,
      0,
      2,
      0,
      0,
      0,
      1,
      1,
      1,
      2,
      2
    ],
    "nuclear_per_region": [
      0,
      0,
      2
    ],
    "hydro_reservoir_per_region": [
      1,
      2,
      0
    ],
    "hydro_ror_per_zone": [
      0,
      1,
      0,
      2,
      1,
      1,
      0,
      2,
      2,
      0,
      1,
      2,
      2,
      2,
      1
    ],
    "hydro_pumped_per_region": [
      2,
      0,
      0
    ]
  },
  "econ_policy": {
    "co2_price": 113.60995503215992,
    "price_cap": 1249.8501017742049,
    "cross_border_policy": "allow",
    "import_export_caps_factor": 0.8819557228213718
  },
  "tech": {
    "thermal_marg_cost": 3.8250682580525517,
    "thermal_ramp_pct": 0.06726099810980153,
    "battery_roundtrip_eff": 0.7912257617149284,
    "battery_e_to_p_hours": 1.716089947239737,
    "dr_max_shed_share": 0.22489665398606384,
    "dr_duration_hours": 4.4440295338678055,
    "hydro_reservoir_head_eff": 0.8628743613390655,
    "battery_initial_soc_fraction": 0.4645761656877761,
    "battery_final_soc_tolerance": 0.09008299368453813,
    "battery_self_discharge_per_hour": 0.0015384434451238686,
    "pumped_initial_level_fraction": 0.69570908173317,
    "pumped_final_level_tolerance": 0.12811376528466373,
    "pumped_self_discharge_per_hour": 0.0018475506829070992
  },
  "operation_costs": {
    "thermal_fuel_eur_per_mwh": 68.33976037403275,
    "nuclear_fuel_eur_per_mwh": 14.930138026978126,
    "demand_response_cost_eur_per_mwh": 736.9315467575761,
    "value_of_lost_load_eur_per_mwh": 6301.0526255605,
    "renewable_spill_cost_eur_per_mwh": 845.3591076771093,
    "hydro_spill_cost_eur_per_mwh": 666.8513086843006,
    "overgen_spill_cost_eur_per_mwh": 5090.8806283053755,
    "battery_cycle_cost_eur_per_mwh": 105.66406020039756,
    "pumped_cycle_cost_eur_per_mwh": 52.049580243179584
  },
  "exogenous": {
    "weather_profile": "overcast_summer",
    "weather_spread_intensity": 0.8806678326637197,
    "demand_profile": "wkend_flat",
    "demand_scale_factor": 1.2539836215557916,
    "inflow_factor": 1.1154395921161053,
    "zone_profile_variants": {
      "evening_peak": 0.28,
      "double_peak": 0.16,
      "office_peak": 0.2,
      "industrial": 0.14,
      "night_shift": 0.1,
      "residential_morning": 0.12
    },
    "zone_profile_mix_weight": [
      0.4,
      0.8
    ],
    "zone_profile_phase_shift_hours": [
      -2.5,
      2.5
    ],
    "zone_profile_noise_std": [
      0.02,
      0.06
    ],
    "zone_profile_curvature_exp": [
      0.9,
      1.18
    ],
    "region_weather": {
      "R1": {
        "weather_profile": "overcast_summer",
        "weather_spread_intensity": 0.6838913106575383
      },
      "R2": {
        "weather_profile": "overcast_summer",
        "weather_spread_intensity": 0.5405596970078674
      },
      "R3": {
        "weather_profile": "sunny_summer",
        "weather_spread_intensity": 1.4175524903257535
      }
    }
  },
  "mip_gap_target_pct": 0.7495969415719583,
  "estimates": {
    "vars_total": 72768,
    "cons_total": 94598,
    "est_cpu_hours": 1.3718344444444448
  },
  "meta": {
    "regions": 3,
    "zones": 15,
    "sites": 15,
    "intertie_density": 0.35397570168372267,
    "neighbor_nations": 1,
    "assets": {
      "thermal": 19,
      "solar": 25,
      "wind": 31,
      "battery": 15,
      "dr": 16,
      "nuclear": 2,
      "hydro_reservoir": 3,
      "hydro_ror": 17,
      "hydro_pumped": 2
    },
    "demand_scale_factor": 1.2539836215557916,
    "zone_profile_variants": {
      "evening_peak": 0.28,
      "double_peak": 0.16,
      "office_peak": 0.2,
      "industrial": 0.14,
      "night_shift": 0.1,
      "residential_morning": 0.12
    },
    "zone_profile_mix_weight": [
      0.4,
      0.8
    ],
    "weather_profile": "overcast_summer",
    "cross_border_policy": "allow",
    "price_cap": 1249.8501017742049,
    "co2_price": 113.60995503215992,
    "import_export_caps_factor": 0.8819557228213718,
    "operation_costs": {
      "thermal_fuel_eur_per_mwh": 68.33976037403275,
      "nuclear_fuel_eur_per_mwh": 14.930138026978126,
      "demand_response_cost_eur_per_mwh": 736.9315467575761,
      "value_of_lost_load_eur_per_mwh": 6301.0526255605,
      "renewable_spill_cost_eur_per_mwh": 845.3591076771093,
      "hydro_spill_cost_eur_per_mwh": 666.8513086843006,
      "overgen_spill_cost_eur_per_mwh": 5090.8806283053755,
      "battery_cycle_cost_eur_per_mwh": 105.66406020039756,
      "pumped_cycle_cost_eur_per_mwh": 52.049580243179584
    },
    "tech_scalers": {
      "thermal_marg_cost": 3.8250682580525517,
      "thermal_ramp_pct": 0.06726099810980153,
      "battery_roundtrip_eff": 0.7912257617149284,
      "battery_e_to_p_hours": 1.716089947239737,
      "dr_max_shed_share": 0.22489665398606384,
      "dr_duration_hours": 4.4440295338678055,
      "hydro_reservoir_head_eff": 0.8628743613390655,
      "battery_initial_soc_fraction": 0.4645761656877761,
      "battery_final_soc_tolerance": 0.09008299368453813,
      "battery_self_discharge_per_hour": 0.0015384434451238686,
      "pumped_initial_level_fraction": 0.69570908173317,
      "pumped_final_level_tolerance": 0.12811376528466373,
      "pumped_self_discharge_per_hour": 0.0018475506829070992
    }
  },
  "flexibility_metrics": {
    "total_storage_power_mw": 1150.0,
    "total_storage_capacity_mwh": 4487.1,
    "battery_power_mw": 750.0,
    "battery_capacity_mwh": 1287.1,
    "pumped_power_mw": 400.0,
    "pumped_capacity_mwh": 3200.0,
    "total_dr_capacity_mw": 2115.1,
    "total_ramp_up_mw_per_step": 120.8,
    "total_ramp_down_mw_per_step": 120.8,
    "thermal_flex_ratio": 0.424,
    "dr_duration_hours": 4.44,
    "battery_roundtrip_efficiency": 0.791
  },
  "difficulty_indicators": {
    "vre_penetration_pct": 36.2,
    "net_demand_volatility": 0.128,
    "peak_to_valley_ratio": 2.26,
    "estimated_milp_solve_time_seconds": 4938.6,
    "complexity_score": "hard",
    "n_binary_variables": 1824,
    "n_timesteps": 96,
    "n_zones": 15,
    "weather_profile": "overcast_summer",
    "demand_profile": "wkend_flat"
  }
}