{
  "id": "fc65336e-944e-4d93-ac28-71cd2e92c35e",
  "horizon_hours": 24,
  "dt_minutes": 15,
  "graph": {
    "regions": 3,
    "zones_per_region": [
      5,
      8,
      8
    ],
    "sites_per_zone": [
      6,
      7,
      5,
      4,
      6,
      4,
      3,
      8,
      4,
      4,
      4,
      4,
      7,
      4,
      5,
      7,
      8,
      6,
      6,
      5,
      4
    ],
    "intertie_density": 0.20265115139702594,
    "neighbor_nations": 3
  },
  "assets": {
    "thermal_per_site": [
      1,
      2,
      3,
      2,
      3,
      1,
      0,
      0,
      3,
      3,
      3,
      0,
      2,
      3,
      2,
      2,
      1,
      0,
      1,
      1,
      2
    ],
    "solar_per_site": [
      1,
      1,
      1,
      3,
      3,
      3,
      1,
      1,
      2,
      1,
      2,
      3,
      2,
      1,
      2,
      2,
      2,
      3,
      2,
      3,
      1
    ],
    "wind_per_site": [
      2,
      2,
      2,
      1,
      3,
      1,
      2,
      1,
      3,
      1,
      2,
      3,
      1,
      3,
      3,
      1,
      2,
      2,
      1,
      2,
      3
    ],
    "battery_per_site": [
      0,
      0,
      1,
      0,
      2,
      1,
      2,
      0,
      0,
      2,
      0,
      2,
      2,
      2,
      0,
      1,
      2,
      2,
      2,
      0,
      2
    ],
    "dr_per_site": [
      2,
      1,
      1,
      2,
      2,
      0,
      2,
      0,
      2,
      0,
      1,
      1,
      1,
      2,
      0,
      2,
      0,
      0,
      0,
      0,
      1
    ],
    "nuclear_per_region": [
      2,
      1,
      0
    ],
    "hydro_reservoir_per_region": [
      3,
      0,
      3
    ],
    "hydro_ror_per_zone": [
      0,
      2,
      1,
      2,
      2,
      1,
      2,
      0,
      0,
      1,
      1,
      1,
      1,
      0,
      0,
      1,
      0,
      2,
      2,
      2,
      1
    ],
    "hydro_pumped_per_region": [
      0,
      1,
      1
    ]
  },
  "econ_policy": {
    "co2_price": 133.14923679887056,
    "price_cap": 2215.0430512629573,
    "cross_border_policy": "cap",
    "import_export_caps_factor": 0.8410847019176277
  },
  "tech": {
    "thermal_marg_cost": 9.069896509327556,
    "thermal_ramp_pct": 0.34385850564796366,
    "battery_roundtrip_eff": 0.8547688367833275,
    "battery_e_to_p_hours": 2.5823835883499795,
    "dr_max_shed_share": 0.24962866817147072,
    "dr_duration_hours": 4.349652114512848,
    "hydro_reservoir_head_eff": 0.9234098330345738,
    "battery_initial_soc_fraction": 0.39448833091940705,
    "battery_final_soc_tolerance": 0.13987888534116794,
    "battery_self_discharge_per_hour": 0.004539665686267425,
    "pumped_initial_level_fraction": 0.5934740774372766,
    "pumped_final_level_tolerance": 0.16333429509005465,
    "pumped_self_discharge_per_hour": 0.0019430911316429182
  },
  "operation_costs": {
    "thermal_fuel_eur_per_mwh": 73.36960553665118,
    "nuclear_fuel_eur_per_mwh": 9.862113441475572,
    "demand_response_cost_eur_per_mwh": 747.1230177019265,
    "value_of_lost_load_eur_per_mwh": 9674.054100847969,
    "renewable_spill_cost_eur_per_mwh": 1527.17206247937,
    "hydro_spill_cost_eur_per_mwh": 289.34681946062585,
    "overgen_spill_cost_eur_per_mwh": 2671.745038487646,
    "battery_cycle_cost_eur_per_mwh": 84.82751710514874,
    "pumped_cycle_cost_eur_per_mwh": 53.00098004349576
  },
  "exogenous": {
    "weather_profile": "calm_winter",
    "weather_spread_intensity": 1.0377480316872456,
    "demand_profile": "wkday_peak",
    "demand_scale_factor": 0.7092850601057111,
    "inflow_factor": 0.5278095652669688,
    "zone_profile_variants": {
      "evening_peak": 0.28,
      "double_peak": 0.16,
      "office_peak": 0.2,
      "industrial": 0.14,
      "night_shift": 0.1,
      "residential_morning": 0.12
    },
    "zone_profile_mix_weight": [
      0.4,
      0.8
    ],
    "zone_profile_phase_shift_hours": [
      -2.5,
      2.5
    ],
    "zone_profile_noise_std": [
      0.02,
      0.06
    ],
    "zone_profile_curvature_exp": [
      0.9,
      1.18
    ],
    "region_weather": {
      "R1": {
        "weather_profile": "sunny_summer",
        "weather_spread_intensity": 1.3334619746049212
      },
      "R2": {
        "weather_profile": "calm_winter",
        "weather_spread_intensity": 0.6296335842396821
      },
      "R3": {
        "weather_profile": "calm_winter",
        "weather_spread_intensity": 1.150148536217134
      }
    }
  },
  "mip_gap_target_pct": 0.7913259939912359,
  "estimates": {
    "vars_total": 105504,
    "cons_total": 137155,
    "est_cpu_hours": 1.955991888888889
  },
  "meta": {
    "regions": 3,
    "zones": 21,
    "sites": 21,
    "intertie_density": 0.20265115139702594,
    "neighbor_nations": 3,
    "assets": {
      "thermal": 35,
      "solar": 40,
      "wind": 41,
      "battery": 23,
      "dr": 20,
      "nuclear": 3,
      "hydro_reservoir": 6,
      "hydro_ror": 22,
      "hydro_pumped": 2
    },
    "demand_scale_factor": 0.7092850601057111,
    "zone_profile_variants": {
      "evening_peak": 0.28,
      "double_peak": 0.16,
      "office_peak": 0.2,
      "industrial": 0.14,
      "night_shift": 0.1,
      "residential_morning": 0.12
    },
    "zone_profile_mix_weight": [
      0.4,
      0.8
    ],
    "weather_profile": "calm_winter",
    "cross_border_policy": "cap",
    "price_cap": 2215.0430512629573,
    "co2_price": 133.14923679887056,
    "import_export_caps_factor": 0.8410847019176277,
    "operation_costs": {
      "thermal_fuel_eur_per_mwh": 73.36960553665118,
      "nuclear_fuel_eur_per_mwh": 9.862113441475572,
      "demand_response_cost_eur_per_mwh": 747.1230177019265,
      "value_of_lost_load_eur_per_mwh": 9674.054100847969,
      "renewable_spill_cost_eur_per_mwh": 1527.17206247937,
      "hydro_spill_cost_eur_per_mwh": 289.34681946062585,
      "overgen_spill_cost_eur_per_mwh": 2671.745038487646,
      "battery_cycle_cost_eur_per_mwh": 84.82751710514874,
      "pumped_cycle_cost_eur_per_mwh": 53.00098004349576
    },
    "tech_scalers": {
      "thermal_marg_cost": 9.069896509327556,
      "thermal_ramp_pct": 0.34385850564796366,
      "battery_roundtrip_eff": 0.8547688367833275,
      "battery_e_to_p_hours": 2.5823835883499795,
      "dr_max_shed_share": 0.24962866817147072,
      "dr_duration_hours": 4.349652114512848,
      "hydro_reservoir_head_eff": 0.9234098330345738,
      "battery_initial_soc_fraction": 0.39448833091940705,
      "battery_final_soc_tolerance": 0.13987888534116794,
      "battery_self_discharge_per_hour": 0.004539665686267425,
      "pumped_initial_level_fraction": 0.5934740774372766,
      "pumped_final_level_tolerance": 0.16333429509005465,
      "pumped_self_discharge_per_hour": 0.0019430911316429182
    }
  },
  "flexibility_metrics": {
    "total_storage_power_mw": 1550.0,
    "total_storage_capacity_mwh": 6169.7,
    "battery_power_mw": 1150.0,
    "battery_capacity_mwh": 2969.7,
    "pumped_power_mw": 400.0,
    "pumped_capacity_mwh": 3200.0,
    "total_dr_capacity_mw": 1859.1,
    "total_ramp_up_mw_per_step": 940.1,
    "total_ramp_down_mw_per_step": 940.1,
    "thermal_flex_ratio": 0.253,
    "dr_duration_hours": 4.35,
    "battery_roundtrip_efficiency": 0.855
  },
  "difficulty_indicators": {
    "vre_penetration_pct": 32.69,
    "net_demand_volatility": 0.192,
    "peak_to_valley_ratio": 1.28,
    "estimated_milp_solve_time_seconds": 7041.6,
    "complexity_score": "hard",
    "n_binary_variables": 3360,
    "n_timesteps": 96,
    "n_zones": 21,
    "weather_profile": "calm_winter",
    "demand_profile": "wkday_peak"
  }
}