{
  "id": "d28a2cda-f027-4b27-9731-4c59307d0e8d",
  "horizon_hours": 24,
  "dt_minutes": 15,
  "graph": {
    "regions": 2,
    "zones_per_region": [
      8,
      12
    ],
    "sites_per_zone": [
      4,
      2,
      2,
      4,
      7,
      9,
      5,
      4,
      3,
      4,
      7,
      8,
      4,
      10,
      8,
      2,
      7,
      10,
      8,
      2
    ],
    "intertie_density": 0.2994176154187951,
    "neighbor_nations": 5
  },
  "assets": {
    "thermal_per_site": [
      0,
      3,
      0,
      2,
      1,
      0,
      3,
      2,
      2,
      2,
      0,
      3,
      2,
      0,
      1,
      2,
      3,
      1,
      2,
      2
    ],
    "solar_per_site": [
      1,
      3,
      2,
      1,
      3,
      1,
      2,
      3,
      3,
      1,
      2,
      2,
      3,
      3,
      2,
      3,
      2,
      2,
      1,
      2
    ],
    "wind_per_site": [
      2,
      3,
      2,
      2,
      3,
      3,
      2,
      2,
      2,
      3,
      1,
      2,
      2,
      2,
      3,
      2,
      1,
      3,
      2,
      1
    ],
    "battery_per_site": [
      0,
      1,
      0,
      1,
      2,
      1,
      2,
      2,
      0,
      2,
      0,
      0,
      0,
      1,
      1,
      2,
      1,
      0,
      1,
      0
    ],
    "dr_per_site": [
      1,
      2,
      1,
      0,
      0,
      2,
      2,
      1,
      0,
      1,
      0,
      1,
      0,
      1,
      0,
      2,
      1,
      1,
      1,
      0
    ],
    "nuclear_per_region": [
      0,
      0
    ],
    "hydro_reservoir_per_region": [
      2,
      3
    ],
    "hydro_ror_per_zone": [
      0,
      1,
      1,
      1,
      1,
      2,
      1,
      0,
      2,
      0,
      1,
      2,
      1,
      2,
      0,
      1,
      2,
      2,
      2,
      1
    ],
    "hydro_pumped_per_region": [
      1,
      1
    ]
  },
  "econ_policy": {
    "co2_price": 94.05168253472436,
    "price_cap": 1114.3483096967502,
    "cross_border_policy": "block",
    "import_export_caps_factor": 1.1389470048987385
  },
  "tech": {
    "thermal_marg_cost": 6.565567274737695,
    "thermal_ramp_pct": 0.31347854375455925,
    "battery_roundtrip_eff": 0.8173001172163944,
    "battery_e_to_p_hours": 4.967159548402912,
    "dr_max_shed_share": 0.2048444053217945,
    "dr_duration_hours": 5.098758244776303,
    "hydro_reservoir_head_eff": 0.7598810609920212,
    "battery_initial_soc_fraction": 0.6125319002065344,
    "battery_final_soc_tolerance": 0.12730415352187308,
    "battery_self_discharge_per_hour": 0.009320686667579754,
    "pumped_initial_level_fraction": 0.4572843511304452,
    "pumped_final_level_tolerance": 0.10607099827575216,
    "pumped_self_discharge_per_hour": 0.0037995026791524805
  },
  "operation_costs": {
    "thermal_fuel_eur_per_mwh": 80.05813751416653,
    "nuclear_fuel_eur_per_mwh": 20.94772590246168,
    "thermal_startup_cost_eur": 2686.6216954187457,
    "nuclear_startup_cost_eur": 35446.36390081183,
    "demand_response_cost_eur_per_mwh": 458.88886705414563,
    "value_of_lost_load_eur_per_mwh": 9313.84771745275,
    "renewable_spill_cost_eur_per_mwh": 1688.5188594715712,
    "hydro_spill_cost_eur_per_mwh": 1175.5080468298534,
    "overgen_spill_cost_eur_per_mwh": 4567.35067062115,
    "battery_cycle_cost_eur_per_mwh": 116.56959418962977,
    "pumped_cycle_cost_eur_per_mwh": 82.50950648729443
  },
  "exogenous": {
    "weather_profile": "stormy_winter",
    "weather_spread_intensity": 1.391463057411974,
    "demand_profile": "shoulder",
    "demand_scale_factor": 1.142703958705034,
    "inflow_factor": 0.8438908200057722,
    "zone_profile_variants": {
      "evening_peak": 0.28,
      "double_peak": 0.16,
      "office_peak": 0.2,
      "industrial": 0.14,
      "night_shift": 0.1,
      "residential_morning": 0.12
    },
    "zone_profile_mix_weight": [
      0.4,
      0.8
    ],
    "zone_profile_phase_shift_hours": [
      -2.5,
      2.5
    ],
    "zone_profile_noise_std": [
      0.02,
      0.06
    ],
    "zone_profile_curvature_exp": [
      0.9,
      1.18
    ],
    "region_weather": {
      "R1": {
        "weather_profile": "stormy_winter",
        "weather_spread_intensity": 1.316921210016107
      },
      "R2": {
        "weather_profile": "calm_winter",
        "weather_spread_intensity": 1.466004904807841
      }
    }
  },
  "mip_gap_target_pct": 0.6515909917073621,
  "estimates": {
    "vars_total": 98208,
    "cons_total": 127670,
    "est_cpu_hours": 1.8257971111111113
  },
  "meta": {
    "regions": 2,
    "zones": 20,
    "sites": 20,
    "intertie_density": 0.2994176154187951,
    "neighbor_nations": 5,
    "assets": {
      "thermal": 31,
      "solar": 42,
      "wind": 43,
      "battery": 17,
      "dr": 17,
      "nuclear": 0,
      "hydro_reservoir": 5,
      "hydro_ror": 23,
      "hydro_pumped": 2
    },
    "demand_scale_factor": 1.142703958705034,
    "zone_profile_variants": {
      "evening_peak": 0.28,
      "double_peak": 0.16,
      "office_peak": 0.2,
      "industrial": 0.14,
      "night_shift": 0.1,
      "residential_morning": 0.12
    },
    "zone_profile_mix_weight": [
      0.4,
      0.8
    ],
    "weather_profile": "stormy_winter",
    "cross_border_policy": "block",
    "price_cap": 1114.3483096967502,
    "co2_price": 94.05168253472436,
    "import_export_caps_factor": 1.1389470048987385,
    "operation_costs": {
      "thermal_fuel_eur_per_mwh": 80.05813751416653,
      "nuclear_fuel_eur_per_mwh": 20.94772590246168,
      "thermal_startup_cost_eur": 2686.6216954187457,
      "nuclear_startup_cost_eur": 35446.36390081183,
      "demand_response_cost_eur_per_mwh": 458.88886705414563,
      "value_of_lost_load_eur_per_mwh": 9313.84771745275,
      "renewable_spill_cost_eur_per_mwh": 1688.5188594715712,
      "hydro_spill_cost_eur_per_mwh": 1175.5080468298534,
      "overgen_spill_cost_eur_per_mwh": 4567.35067062115,
      "battery_cycle_cost_eur_per_mwh": 116.56959418962977,
      "pumped_cycle_cost_eur_per_mwh": 82.50950648729443
    },
    "tech_scalers": {
      "thermal_marg_cost": 6.565567274737695,
      "thermal_ramp_pct": 0.31347854375455925,
      "battery_roundtrip_eff": 0.8173001172163944,
      "battery_e_to_p_hours": 4.967159548402912,
      "dr_max_shed_share": 0.2048444053217945,
      "dr_duration_hours": 5.098758244776303,
      "hydro_reservoir_head_eff": 0.7598810609920212,
      "battery_initial_soc_fraction": 0.6125319002065344,
      "battery_final_soc_tolerance": 0.12730415352187308,
      "battery_self_discharge_per_hour": 0.009320686667579754,
      "pumped_initial_level_fraction": 0.4572843511304452,
      "pumped_final_level_tolerance": 0.10607099827575216,
      "pumped_self_discharge_per_hour": 0.0037995026791524805
    }
  },
  "flexibility_metrics": {
    "total_storage_power_mw": 1250.0,
    "total_storage_capacity_mwh": 7422.1,
    "battery_power_mw": 850.0,
    "battery_capacity_mwh": 4222.1,
    "pumped_power_mw": 400.0,
    "pumped_capacity_mwh": 3200.0,
    "total_dr_capacity_mw": 2340.8,
    "total_ramp_up_mw_per_step": 728.8,
    "total_ramp_down_mw_per_step": 728.8,
    "thermal_flex_ratio": 0.386,
    "dr_duration_hours": 5.1,
    "battery_roundtrip_efficiency": 0.817
  },
  "difficulty_indicators": {
    "vre_penetration_pct": 39.37,
    "net_demand_volatility": 0.269,
    "peak_to_valley_ratio": 2.06,
    "estimated_milp_solve_time_seconds": 6572.9,
    "complexity_score": "hard",
    "n_binary_variables": 2976,
    "n_timesteps": 96,
    "n_zones": 20,
    "weather_profile": "stormy_winter",
    "demand_profile": "shoulder"
  }
}