{
  "id": "fa2a2c25-cc9d-4c7d-a777-925540d8a1de",
  "horizon_hours": 24,
  "dt_minutes": 15,
  "graph": {
    "regions": 2,
    "zones_per_region": [
      5,
      8
    ],
    "sites_per_zone": [
      8,
      6,
      6,
      2,
      3,
      3,
      7,
      2,
      8,
      7,
      8,
      7,
      3
    ],
    "intertie_density": 0.3926457094963555,
    "neighbor_nations": 2
  },
  "assets": {
    "thermal_per_site": [
      0,
      0,
      3,
      0,
      1,
      1,
      0,
      0,
      2,
      3,
      0,
      1,
      0
    ],
    "solar_per_site": [
      3,
      3,
      1,
      2,
      2,
      3,
      3,
      1,
      2,
      2,
      1,
      2,
      2
    ],
    "wind_per_site": [
      1,
      3,
      1,
      1,
      2,
      3,
      1,
      2,
      1,
      1,
      3,
      3,
      2
    ],
    "battery_per_site": [
      1,
      0,
      0,
      1,
      0,
      2,
      1,
      1,
      1,
      1,
      1,
      1,
      1
    ],
    "dr_per_site": [
      0,
      0,
      0,
      0,
      1,
      0,
      0,
      2,
      2,
      1,
      0,
      0,
      0
    ],
    "nuclear_per_region": [
      0,
      2
    ],
    "hydro_reservoir_per_region": [
      2,
      2
    ],
    "hydro_ror_per_zone": [
      0,
      1,
      2,
      0,
      0,
      1,
      2,
      0,
      2,
      1,
      0,
      0,
      1
    ],
    "hydro_pumped_per_region": [
      0,
      1
    ]
  },
  "econ_policy": {
    "co2_price": 104.67747443007964,
    "price_cap": 4313.21645571664,
    "cross_border_policy": "block",
    "import_export_caps_factor": 1.518240333042935
  },
  "tech": {
    "thermal_marg_cost": 7.864494965581656,
    "thermal_ramp_pct": 0.34113696828469364,
    "battery_roundtrip_eff": 0.904518043373973,
    "battery_e_to_p_hours": 3.985602215008319,
    "dr_max_shed_share": 0.324472268541244,
    "dr_duration_hours": 2.847369413833965,
    "hydro_reservoir_head_eff": 1.0354953049050015,
    "battery_initial_soc_fraction": 0.6434017922906333,
    "battery_final_soc_tolerance": 0.06396745216567065,
    "battery_self_discharge_per_hour": 0.009885926283398409,
    "pumped_initial_level_fraction": 0.6035879995067612,
    "pumped_final_level_tolerance": 0.1471375926945367,
    "pumped_self_discharge_per_hour": 0.003402451614503039
  },
  "operation_costs": {
    "thermal_fuel_eur_per_mwh": 68.41774816688563,
    "nuclear_fuel_eur_per_mwh": 11.133192588403084,
    "demand_response_cost_eur_per_mwh": 682.5631825066937,
    "value_of_lost_load_eur_per_mwh": 11004.052389606775,
    "renewable_spill_cost_eur_per_mwh": 678.4434776298388,
    "hydro_spill_cost_eur_per_mwh": 743.2152472383564,
    "overgen_spill_cost_eur_per_mwh": 6921.752111997319,
    "battery_cycle_cost_eur_per_mwh": 88.74212146610066,
    "pumped_cycle_cost_eur_per_mwh": 70.9276002199446
  },
  "exogenous": {
    "weather_profile": "stormy_winter",
    "weather_spread_intensity": 0.9353027450330647,
    "demand_profile": "heatwave",
    "demand_scale_factor": 0.9008394986084929,
    "inflow_factor": 0.7619419405454997,
    "zone_profile_variants": {
      "evening_peak": 0.28,
      "double_peak": 0.16,
      "office_peak": 0.2,
      "industrial": 0.14,
      "night_shift": 0.1,
      "residential_morning": 0.12
    },
    "zone_profile_mix_weight": [
      0.4,
      0.8
    ],
    "zone_profile_phase_shift_hours": [
      -2.5,
      2.5
    ],
    "zone_profile_noise_std": [
      0.02,
      0.06
    ],
    "zone_profile_curvature_exp": [
      0.9,
      1.18
    ],
    "region_weather": {
      "R1": {
        "weather_profile": "stormy_winter",
        "weather_spread_intensity": 0.9030773675466565
      },
      "R2": {
        "weather_profile": "calm_winter",
        "weather_spread_intensity": 0.9675281225194728
      }
    }
  },
  "mip_gap_target_pct": 1.0187636870849142,
  "estimates": {
    "vars_total": 57984,
    "cons_total": 75379,
    "est_cpu_hours": 1.108023888888889
  },
  "meta": {
    "regions": 2,
    "zones": 13,
    "sites": 13,
    "intertie_density": 0.3926457094963555,
    "neighbor_nations": 2,
    "assets": {
      "thermal": 11,
      "solar": 27,
      "wind": 24,
      "battery": 11,
      "dr": 6,
      "nuclear": 2,
      "hydro_reservoir": 4,
      "hydro_ror": 10,
      "hydro_pumped": 1
    },
    "demand_scale_factor": 0.9008394986084929,
    "zone_profile_variants": {
      "evening_peak": 0.28,
      "double_peak": 0.16,
      "office_peak": 0.2,
      "industrial": 0.14,
      "night_shift": 0.1,
      "residential_morning": 0.12
    },
    "zone_profile_mix_weight": [
      0.4,
      0.8
    ],
    "weather_profile": "stormy_winter",
    "cross_border_policy": "block",
    "price_cap": 4313.21645571664,
    "co2_price": 104.67747443007964,
    "import_export_caps_factor": 1.518240333042935,
    "operation_costs": {
      "thermal_fuel_eur_per_mwh": 68.41774816688563,
      "nuclear_fuel_eur_per_mwh": 11.133192588403084,
      "demand_response_cost_eur_per_mwh": 682.5631825066937,
      "value_of_lost_load_eur_per_mwh": 11004.052389606775,
      "renewable_spill_cost_eur_per_mwh": 678.4434776298388,
      "hydro_spill_cost_eur_per_mwh": 743.2152472383564,
      "overgen_spill_cost_eur_per_mwh": 6921.752111997319,
      "battery_cycle_cost_eur_per_mwh": 88.74212146610066,
      "pumped_cycle_cost_eur_per_mwh": 70.9276002199446
    },
    "tech_scalers": {
      "thermal_marg_cost": 7.864494965581656,
      "thermal_ramp_pct": 0.34113696828469364,
      "battery_roundtrip_eff": 0.904518043373973,
      "battery_e_to_p_hours": 3.985602215008319,
      "dr_max_shed_share": 0.324472268541244,
      "dr_duration_hours": 2.847369413833965,
      "hydro_reservoir_head_eff": 1.0354953049050015,
      "battery_initial_soc_fraction": 0.6434017922906333,
      "battery_final_soc_tolerance": 0.06396745216567065,
      "battery_self_discharge_per_hour": 0.009885926283398409,
      "pumped_initial_level_fraction": 0.6035879995067612,
      "pumped_final_level_tolerance": 0.1471375926945367,
      "pumped_self_discharge_per_hour": 0.003402451614503039
    }
  },
  "flexibility_metrics": {
    "total_storage_power_mw": 750.0,
    "total_storage_capacity_mwh": 3792.1,
    "battery_power_mw": 550.0,
    "battery_capacity_mwh": 2192.1,
    "pumped_power_mw": 200.0,
    "pumped_capacity_mwh": 1600.0,
    "total_dr_capacity_mw": 1899.9,
    "total_ramp_up_mw_per_step": 306.4,
    "total_ramp_down_mw_per_step": 306.4,
    "thermal_flex_ratio": 0.5,
    "dr_duration_hours": 2.85,
    "battery_roundtrip_efficiency": 0.905
  },
  "difficulty_indicators": {
    "vre_penetration_pct": 40.38,
    "net_demand_volatility": 0.333,
    "peak_to_valley_ratio": 1.62,
    "estimated_milp_solve_time_seconds": 3988.9,
    "complexity_score": "medium",
    "n_binary_variables": 1056,
    "n_timesteps": 96,
    "n_zones": 13,
    "weather_profile": "stormy_winter",
    "demand_profile": "heatwave"
  }
}