{
  "id": "bae1cdaa-6c54-4ed2-ada5-cb7c1530336c",
  "horizon_hours": 24,
  "dt_minutes": 15,
  "graph": {
    "regions": 2,
    "zones_per_region": [
      5,
      11
    ],
    "sites_per_zone": [
      7,
      6,
      3,
      5,
      3,
      4,
      10,
      6,
      4,
      5,
      2,
      10,
      4,
      6,
      10,
      7
    ],
    "intertie_density": 0.5932697665055826,
    "neighbor_nations": 5
  },
  "assets": {
    "thermal_per_site": [
      1,
      2,
      1,
      0,
      1,
      2,
      2,
      3,
      1,
      1,
      2,
      0,
      3,
      2,
      2,
      2
    ],
    "solar_per_site": [
      3,
      2,
      3,
      2,
      1,
      3,
      2,
      1,
      1,
      1,
      3,
      2,
      3,
      3,
      3,
      2
    ],
    "wind_per_site": [
      3,
      2,
      2,
      1,
      1,
      1,
      3,
      1,
      2,
      1,
      3,
      1,
      1,
      3,
      1,
      2
    ],
    "battery_per_site": [
      2,
      0,
      0,
      0,
      2,
      0,
      0,
      0,
      1,
      2,
      0,
      0,
      0,
      0,
      1,
      2
    ],
    "dr_per_site": [
      0,
      0,
      1,
      0,
      1,
      2,
      0,
      0,
      0,
      1,
      0,
      2,
      0,
      1,
      2,
      2
    ],
    "nuclear_per_region": [
      2,
      2
    ],
    "hydro_reservoir_per_region": [
      2,
      1
    ],
    "hydro_ror_per_zone": [
      2,
      1,
      1,
      2,
      2,
      0,
      1,
      2,
      0,
      1,
      1,
      0,
      1,
      1,
      2,
      2
    ],
    "hydro_pumped_per_region": [
      0,
      1
    ]
  },
  "econ_policy": {
    "co2_price": 184.94822710112462,
    "price_cap": 1585.9442539131553,
    "cross_border_policy": "cap",
    "import_export_caps_factor": 0.48656484171496944
  },
  "tech": {
    "thermal_marg_cost": 9.414813287200536,
    "thermal_ramp_pct": 0.15495276730383417,
    "battery_roundtrip_eff": 0.8802403712913243,
    "battery_e_to_p_hours": 3.151796158509625,
    "dr_max_shed_share": 0.15077079240177582,
    "dr_duration_hours": 4.7447307280286175,
    "hydro_reservoir_head_eff": 0.8130019141751701,
    "battery_initial_soc_fraction": 0.479976788968981,
    "battery_final_soc_tolerance": 0.13821759739251482,
    "battery_self_discharge_per_hour": 0.0011829888560330776,
    "pumped_initial_level_fraction": 0.5931934353302103,
    "pumped_final_level_tolerance": 0.16129945510915927,
    "pumped_self_discharge_per_hour": 0.0033740561030653924
  },
  "operation_costs": {
    "thermal_fuel_eur_per_mwh": 68.69106777495583,
    "nuclear_fuel_eur_per_mwh": 20.83557432155944,
    "thermal_startup_cost_eur": 2589.691777901594,
    "nuclear_startup_cost_eur": 17630.04838345332,
    "demand_response_cost_eur_per_mwh": 713.2002941489861,
    "value_of_lost_load_eur_per_mwh": 8509.058882422534,
    "renewable_spill_cost_eur_per_mwh": 1896.5305784367292,
    "hydro_spill_cost_eur_per_mwh": 910.4370371819826,
    "overgen_spill_cost_eur_per_mwh": 5303.460915220294,
    "battery_cycle_cost_eur_per_mwh": 80.52801479137317,
    "pumped_cycle_cost_eur_per_mwh": 68.03678989058585
  },
  "exogenous": {
    "weather_profile": "calm_winter",
    "weather_spread_intensity": 1.116396711815259,
    "demand_profile": "shoulder",
    "demand_scale_factor": 1.1217563894342357,
    "inflow_factor": 0.7930007456555692,
    "zone_profile_variants": {
      "evening_peak": 0.28,
      "double_peak": 0.16,
      "office_peak": 0.2,
      "industrial": 0.14,
      "night_shift": 0.1,
      "residential_morning": 0.12
    },
    "zone_profile_mix_weight": [
      0.4,
      0.8
    ],
    "zone_profile_phase_shift_hours": [
      -2.5,
      2.5
    ],
    "zone_profile_noise_std": [
      0.02,
      0.06
    ],
    "zone_profile_curvature_exp": [
      0.9,
      1.18
    ],
    "region_weather": {
      "R1": {
        "weather_profile": "calm_winter",
        "weather_spread_intensity": 1.3829531278881313
      },
      "R2": {
        "weather_profile": "calm_winter",
        "weather_spread_intensity": 0.8498402957423866
      }
    }
  },
  "mip_gap_target_pct": 0.73569116877896,
  "estimates": {
    "vars_total": 77376,
    "cons_total": 100588,
    "est_cpu_hours": 1.4540582222222225
  },
  "meta": {
    "regions": 2,
    "zones": 16,
    "sites": 16,
    "intertie_density": 0.5932697665055826,
    "neighbor_nations": 5,
    "assets": {
      "thermal": 25,
      "solar": 35,
      "wind": 28,
      "battery": 10,
      "dr": 12,
      "nuclear": 4,
      "hydro_reservoir": 3,
      "hydro_ror": 19,
      "hydro_pumped": 1
    },
    "demand_scale_factor": 1.1217563894342357,
    "zone_profile_variants": {
      "evening_peak": 0.28,
      "double_peak": 0.16,
      "office_peak": 0.2,
      "industrial": 0.14,
      "night_shift": 0.1,
      "residential_morning": 0.12
    },
    "zone_profile_mix_weight": [
      0.4,
      0.8
    ],
    "weather_profile": "calm_winter",
    "cross_border_policy": "cap",
    "price_cap": 1585.9442539131553,
    "co2_price": 184.94822710112462,
    "import_export_caps_factor": 0.48656484171496944,
    "operation_costs": {
      "thermal_fuel_eur_per_mwh": 68.69106777495583,
      "nuclear_fuel_eur_per_mwh": 20.83557432155944,
      "thermal_startup_cost_eur": 2589.691777901594,
      "nuclear_startup_cost_eur": 17630.04838345332,
      "demand_response_cost_eur_per_mwh": 713.2002941489861,
      "value_of_lost_load_eur_per_mwh": 8509.058882422534,
      "renewable_spill_cost_eur_per_mwh": 1896.5305784367292,
      "hydro_spill_cost_eur_per_mwh": 910.4370371819826,
      "overgen_spill_cost_eur_per_mwh": 5303.460915220294,
      "battery_cycle_cost_eur_per_mwh": 80.52801479137317,
      "pumped_cycle_cost_eur_per_mwh": 68.03678989058585
    },
    "tech_scalers": {
      "thermal_marg_cost": 9.414813287200536,
      "thermal_ramp_pct": 0.15495276730383417,
      "battery_roundtrip_eff": 0.8802403712913243,
      "battery_e_to_p_hours": 3.151796158509625,
      "dr_max_shed_share": 0.15077079240177582,
      "dr_duration_hours": 4.7447307280286175,
      "hydro_reservoir_head_eff": 0.8130019141751701,
      "battery_initial_soc_fraction": 0.479976788968981,
      "battery_final_soc_tolerance": 0.13821759739251482,
      "battery_self_discharge_per_hour": 0.0011829888560330776,
      "pumped_initial_level_fraction": 0.5931934353302103,
      "pumped_final_level_tolerance": 0.16129945510915927,
      "pumped_self_discharge_per_hour": 0.0033740561030653924
    }
  },
  "flexibility_metrics": {
    "total_storage_power_mw": 700.0,
    "total_storage_capacity_mwh": 3175.9,
    "battery_power_mw": 500.0,
    "battery_capacity_mwh": 1575.9,
    "pumped_power_mw": 200.0,
    "pumped_capacity_mwh": 1600.0,
    "total_dr_capacity_mw": 1353.0,
    "total_ramp_up_mw_per_step": 340.5,
    "total_ramp_down_mw_per_step": 340.5,
    "thermal_flex_ratio": 0.179,
    "dr_duration_hours": 4.74,
    "battery_roundtrip_efficiency": 0.88
  },
  "difficulty_indicators": {
    "vre_penetration_pct": 31.43,
    "net_demand_volatility": 0.156,
    "peak_to_valley_ratio": 2.02,
    "estimated_milp_solve_time_seconds": 5234.6,
    "complexity_score": "hard",
    "n_binary_variables": 2400,
    "n_timesteps": 96,
    "n_zones": 16,
    "weather_profile": "calm_winter",
    "demand_profile": "shoulder"
  }
}