{
  "id": "0433d689-c272-4331-8ae8-3b124b1f65c9",
  "horizon_hours": 24,
  "dt_minutes": 15,
  "graph": {
    "regions": 4,
    "zones_per_region": [
      5,
      4,
      3,
      3
    ],
    "sites_per_zone": [
      3,
      6,
      6,
      3,
      8,
      3,
      2,
      2,
      3,
      5,
      5,
      7,
      8,
      4,
      8
    ],
    "intertie_density": 0.21408980797391153,
    "neighbor_nations": 3
  },
  "assets": {
    "thermal_per_site": [
      1,
      2,
      2,
      1,
      3,
      0,
      1,
      0,
      0,
      0,
      1,
      2,
      1,
      0,
      3
    ],
    "solar_per_site": [
      1,
      2,
      3,
      3,
      3,
      1,
      1,
      2,
      3,
      2,
      2,
      1,
      3,
      1,
      2
    ],
    "wind_per_site": [
      3,
      2,
      3,
      3,
      3,
      3,
      2,
      3,
      2,
      3,
      1,
      3,
      2,
      2,
      3
    ],
    "battery_per_site": [
      2,
      2,
      2,
      1,
      1,
      2,
      1,
      1,
      2,
      0,
      0,
      0,
      0,
      2,
      1
    ],
    "dr_per_site": [
      1,
      0,
      1,
      0,
      1,
      1,
      1,
      1,
      0,
      2,
      2,
      2,
      1,
      1,
      0
    ],
    "nuclear_per_region": [
      1,
      1,
      2,
      2
    ],
    "hydro_reservoir_per_region": [
      2,
      0,
      3,
      3
    ],
    "hydro_ror_per_zone": [
      0,
      0,
      1,
      1,
      0,
      0,
      0,
      1,
      2,
      0,
      0,
      0,
      2,
      1,
      2
    ],
    "hydro_pumped_per_region": [
      0,
      2,
      0,
      0
    ]
  },
  "econ_policy": {
    "co2_price": 183.4918285386999,
    "price_cap": 408.00682463663964,
    "cross_border_policy": "cap",
    "import_export_caps_factor": 0.6143196738375711
  },
  "tech": {
    "thermal_marg_cost": 1.518396626000324,
    "thermal_ramp_pct": 0.28378817122509176,
    "battery_roundtrip_eff": 0.9105264620778657,
    "battery_e_to_p_hours": 4.05208938752533,
    "dr_max_shed_share": 0.32384060037220397,
    "dr_duration_hours": 1.814942248489835,
    "hydro_reservoir_head_eff": 0.9701418828542885,
    "battery_initial_soc_fraction": 0.3777081565036984,
    "battery_final_soc_tolerance": 0.12293054420696217,
    "battery_self_discharge_per_hour": 0.005220752549360966,
    "pumped_initial_level_fraction": 0.6193437420246597,
    "pumped_final_level_tolerance": 0.07034155052997451,
    "pumped_self_discharge_per_hour": 0.0018288790932462836
  },
  "operation_costs": {
    "thermal_fuel_eur_per_mwh": 47.777305478969026,
    "nuclear_fuel_eur_per_mwh": 10.496041361556296,
    "demand_response_cost_eur_per_mwh": 1034.4941178676336,
    "value_of_lost_load_eur_per_mwh": 11507.88333675939,
    "renewable_spill_cost_eur_per_mwh": 696.1832748491744,
    "hydro_spill_cost_eur_per_mwh": 494.02161206038096,
    "overgen_spill_cost_eur_per_mwh": 3092.0667909881618,
    "battery_cycle_cost_eur_per_mwh": 81.43786299841454,
    "pumped_cycle_cost_eur_per_mwh": 76.60999052048714
  },
  "exogenous": {
    "weather_profile": "sunny_summer",
    "weather_spread_intensity": 0.9129107192901731,
    "demand_profile": "shoulder",
    "demand_scale_factor": 1.2159282324885632,
    "inflow_factor": 1.3686133307250419,
    "zone_profile_variants": {
      "evening_peak": 0.28,
      "double_peak": 0.16,
      "office_peak": 0.2,
      "industrial": 0.14,
      "night_shift": 0.1,
      "residential_morning": 0.12
    },
    "zone_profile_mix_weight": [
      0.4,
      0.8
    ],
    "zone_profile_phase_shift_hours": [
      -2.5,
      2.5
    ],
    "zone_profile_noise_std": [
      0.02,
      0.06
    ],
    "zone_profile_curvature_exp": [
      0.9,
      1.18
    ],
    "region_weather": {
      "R1": {
        "weather_profile": "sunny_summer",
        "weather_spread_intensity": 0.5042258178026253
      },
      "R2": {
        "weather_profile": "sunny_summer",
        "weather_spread_intensity": 1.2973758387235195
      },
      "R3": {
        "weather_profile": "mixed",
        "weather_spread_intensity": 1.2019707068098422
      },
      "R4": {
        "weather_profile": "sunny_summer",
        "weather_spread_intensity": 0.6480705138247056
      }
    }
  },
  "mip_gap_target_pct": 1.1787818179830531,
  "estimates": {
    "vars_total": 75936,
    "cons_total": 98716,
    "est_cpu_hours": 1.428362222222222
  },
  "meta": {
    "regions": 4,
    "zones": 15,
    "sites": 15,
    "intertie_density": 0.21408980797391153,
    "neighbor_nations": 3,
    "assets": {
      "thermal": 17,
      "solar": 30,
      "wind": 38,
      "battery": 17,
      "dr": 14,
      "nuclear": 6,
      "hydro_reservoir": 8,
      "hydro_ror": 10,
      "hydro_pumped": 2
    },
    "demand_scale_factor": 1.2159282324885632,
    "zone_profile_variants": {
      "evening_peak": 0.28,
      "double_peak": 0.16,
      "office_peak": 0.2,
      "industrial": 0.14,
      "night_shift": 0.1,
      "residential_morning": 0.12
    },
    "zone_profile_mix_weight": [
      0.4,
      0.8
    ],
    "weather_profile": "sunny_summer",
    "cross_border_policy": "cap",
    "price_cap": 408.00682463663964,
    "co2_price": 183.4918285386999,
    "import_export_caps_factor": 0.6143196738375711,
    "operation_costs": {
      "thermal_fuel_eur_per_mwh": 47.777305478969026,
      "nuclear_fuel_eur_per_mwh": 10.496041361556296,
      "demand_response_cost_eur_per_mwh": 1034.4941178676336,
      "value_of_lost_load_eur_per_mwh": 11507.88333675939,
      "renewable_spill_cost_eur_per_mwh": 696.1832748491744,
      "hydro_spill_cost_eur_per_mwh": 494.02161206038096,
      "overgen_spill_cost_eur_per_mwh": 3092.0667909881618,
      "battery_cycle_cost_eur_per_mwh": 81.43786299841454,
      "pumped_cycle_cost_eur_per_mwh": 76.60999052048714
    },
    "tech_scalers": {
      "thermal_marg_cost": 1.518396626000324,
      "thermal_ramp_pct": 0.28378817122509176,
      "battery_roundtrip_eff": 0.9105264620778657,
      "battery_e_to_p_hours": 4.05208938752533,
      "dr_max_shed_share": 0.32384060037220397,
      "dr_duration_hours": 1.814942248489835,
      "hydro_reservoir_head_eff": 0.9701418828542885,
      "battery_initial_soc_fraction": 0.3777081565036984,
      "battery_final_soc_tolerance": 0.12293054420696217,
      "battery_self_discharge_per_hour": 0.005220752549360966,
      "pumped_initial_level_fraction": 0.6193437420246597,
      "pumped_final_level_tolerance": 0.07034155052997451,
      "pumped_self_discharge_per_hour": 0.0018288790932462836
    }
  },
  "flexibility_metrics": {
    "total_storage_power_mw": 1250.0,
    "total_storage_capacity_mwh": 6644.3,
    "battery_power_mw": 850.0,
    "battery_capacity_mwh": 3444.3,
    "pumped_power_mw": 400.0,
    "pumped_capacity_mwh": 3200.0,
    "total_dr_capacity_mw": 2953.3,
    "total_ramp_up_mw_per_step": 436.8,
    "total_ramp_down_mw_per_step": 436.8,
    "thermal_flex_ratio": 0.379,
    "dr_duration_hours": 1.81,
    "battery_roundtrip_efficiency": 0.911
  },
  "difficulty_indicators": {
    "vre_penetration_pct": 33.72,
    "net_demand_volatility": 0.242,
    "peak_to_valley_ratio": 2.19,
    "estimated_milp_solve_time_seconds": 5142.1,
    "complexity_score": "hard",
    "n_binary_variables": 1632,
    "n_timesteps": 96,
    "n_zones": 15,
    "weather_profile": "sunny_summer",
    "demand_profile": "shoulder"
  }
}