{
  "id": "ba3c7783-d01a-4247-89f9-243ddb2a201f",
  "horizon_hours": 24,
  "dt_minutes": 15,
  "graph": {
    "regions": 5,
    "zones_per_region": [
      5,
      6,
      3,
      4,
      8
    ],
    "sites_per_zone": [
      2,
      6,
      5,
      2,
      5,
      8,
      8,
      3,
      2,
      2,
      6,
      6,
      3,
      7,
      7,
      6,
      4,
      4,
      8,
      3,
      4,
      2,
      3,
      3,
      7,
      2
    ],
    "intertie_density": 0.22511783943722508,
    "neighbor_nations": 3
  },
  "assets": {
    "thermal_per_site": [
      1,
      2,
      2,
      0,
      2,
      0,
      2,
      1,
      1,
      0,
      0,
      2,
      1,
      0,
      3,
      3,
      3,
      1,
      2,
      3,
      1,
      2,
      2,
      1,
      1,
      0
    ],
    "solar_per_site": [
      3,
      3,
      1,
      3,
      2,
      3,
      3,
      2,
      3,
      3,
      1,
      3,
      1,
      3,
      1,
      2,
      3,
      2,
      2,
      1,
      2,
      2,
      3,
      2,
      3,
      1
    ],
    "wind_per_site": [
      1,
      1,
      1,
      3,
      3,
      3,
      2,
      2,
      1,
      2,
      3,
      1,
      1,
      2,
      2,
      3,
      3,
      3,
      2,
      2,
      2,
      1,
      3,
      2,
      3,
      3
    ],
    "battery_per_site": [
      1,
      2,
      2,
      2,
      0,
      2,
      2,
      0,
      1,
      2,
      1,
      2,
      1,
      0,
      1,
      0,
      0,
      2,
      2,
      1,
      1,
      1,
      0,
      2,
      2,
      0
    ],
    "dr_per_site": [
      1,
      1,
      0,
      2,
      1,
      2,
      1,
      0,
      2,
      1,
      0,
      2,
      0,
      0,
      0,
      1,
      0,
      0,
      2,
      0,
      1,
      2,
      2,
      2,
      1,
      0
    ],
    "nuclear_per_region": [
      1,
      1,
      0,
      2,
      1
    ],
    "hydro_reservoir_per_region": [
      1,
      2,
      1,
      0,
      0
    ],
    "hydro_ror_per_zone": [
      0,
      0,
      0,
      1,
      0,
      1,
      2,
      2,
      0,
      2,
      0,
      0,
      2,
      2,
      2,
      1,
      1,
      0,
      2,
      1,
      0,
      0,
      1,
      1,
      0,
      1
    ],
    "hydro_pumped_per_region": [
      1,
      0,
      2,
      1,
      1
    ]
  },
  "econ_policy": {
    "co2_price": 76.75414118766025,
    "price_cap": 468.37429509732607,
    "cross_border_policy": "cap",
    "import_export_caps_factor": 1.1764190885961483
  },
  "tech": {
    "thermal_marg_cost": 0.2814458367053163,
    "thermal_ramp_pct": 0.14263972823179732,
    "battery_roundtrip_eff": 0.7919793880580691,
    "battery_e_to_p_hours": 4.686619168529592,
    "dr_max_shed_share": 0.07532065788266246,
    "dr_duration_hours": 2.098030106932309,
    "hydro_reservoir_head_eff": 0.8612206617661168,
    "battery_initial_soc_fraction": 0.41023765922801936,
    "battery_final_soc_tolerance": 0.13049430402437415,
    "battery_self_discharge_per_hour": 0.002210219021461151,
    "pumped_initial_level_fraction": 0.4893635887720151,
    "pumped_final_level_tolerance": 0.11027844646702706,
    "pumped_self_discharge_per_hour": 0.0008039522418657834
  },
  "operation_costs": {
    "thermal_fuel_eur_per_mwh": 68.67544955676578,
    "nuclear_fuel_eur_per_mwh": 11.058571985493778,
    "demand_response_cost_eur_per_mwh": 354.9206706926499,
    "value_of_lost_load_eur_per_mwh": 6280.661452704907,
    "renewable_spill_cost_eur_per_mwh": 1947.6358147852236,
    "hydro_spill_cost_eur_per_mwh": 1135.1760223689137,
    "overgen_spill_cost_eur_per_mwh": 2861.396988991063,
    "battery_cycle_cost_eur_per_mwh": 89.15121212262325,
    "pumped_cycle_cost_eur_per_mwh": 46.30451534847153
  },
  "exogenous": {
    "weather_profile": "overcast_summer",
    "weather_spread_intensity": 1.1759437904227958,
    "demand_profile": "heatwave",
    "demand_scale_factor": 0.8469661351507309,
    "inflow_factor": 1.3213250002521129,
    "zone_profile_variants": {
      "evening_peak": 0.28,
      "double_peak": 0.16,
      "office_peak": 0.2,
      "industrial": 0.14,
      "night_shift": 0.1,
      "residential_morning": 0.12
    },
    "zone_profile_mix_weight": [
      0.4,
      0.8
    ],
    "zone_profile_phase_shift_hours": [
      -2.5,
      2.5
    ],
    "zone_profile_noise_std": [
      0.02,
      0.06
    ],
    "zone_profile_curvature_exp": [
      0.9,
      1.18
    ],
    "region_weather": {
      "R1": {
        "weather_profile": "overcast_summer",
        "weather_spread_intensity": 0.7809866026061272
      },
      "R2": {
        "weather_profile": "calm_winter",
        "weather_spread_intensity": 1.4234688780090758
      },
      "R3": {
        "weather_profile": "overcast_summer",
        "weather_spread_intensity": 1.3309534552733817
      },
      "R4": {
        "weather_profile": "calm_winter",
        "weather_spread_intensity": 0.9740016235084568
      },
      "R5": {
        "weather_profile": "overcast_summer",
        "weather_spread_intensity": 1.3703083927169375
      }
    }
  },
  "mip_gap_target_pct": 1.184551047782095,
  "estimates": {
    "vars_total": 129696,
    "cons_total": 168604,
    "est_cpu_hours": 2.387679555555556
  },
  "meta": {
    "regions": 5,
    "zones": 26,
    "sites": 26,
    "intertie_density": 0.22511783943722508,
    "neighbor_nations": 3,
    "assets": {
      "thermal": 36,
      "solar": 58,
      "wind": 55,
      "battery": 30,
      "dr": 24,
      "nuclear": 5,
      "hydro_reservoir": 4,
      "hydro_ror": 22,
      "hydro_pumped": 5
    },
    "demand_scale_factor": 0.8469661351507309,
    "zone_profile_variants": {
      "evening_peak": 0.28,
      "double_peak": 0.16,
      "office_peak": 0.2,
      "industrial": 0.14,
      "night_shift": 0.1,
      "residential_morning": 0.12
    },
    "zone_profile_mix_weight": [
      0.4,
      0.8
    ],
    "weather_profile": "overcast_summer",
    "cross_border_policy": "cap",
    "price_cap": 468.37429509732607,
    "co2_price": 76.75414118766025,
    "import_export_caps_factor": 1.1764190885961483,
    "operation_costs": {
      "thermal_fuel_eur_per_mwh": 68.67544955676578,
      "nuclear_fuel_eur_per_mwh": 11.058571985493778,
      "demand_response_cost_eur_per_mwh": 354.9206706926499,
      "value_of_lost_load_eur_per_mwh": 6280.661452704907,
      "renewable_spill_cost_eur_per_mwh": 1947.6358147852236,
      "hydro_spill_cost_eur_per_mwh": 1135.1760223689137,
      "overgen_spill_cost_eur_per_mwh": 2861.396988991063,
      "battery_cycle_cost_eur_per_mwh": 89.15121212262325,
      "pumped_cycle_cost_eur_per_mwh": 46.30451534847153
    },
    "tech_scalers": {
      "thermal_marg_cost": 0.2814458367053163,
      "thermal_ramp_pct": 0.14263972823179732,
      "battery_roundtrip_eff": 0.7919793880580691,
      "battery_e_to_p_hours": 4.686619168529592,
      "dr_max_shed_share": 0.07532065788266246,
      "dr_duration_hours": 2.098030106932309,
      "hydro_reservoir_head_eff": 0.8612206617661168,
      "battery_initial_soc_fraction": 0.41023765922801936,
      "battery_final_soc_tolerance": 0.13049430402437415,
      "battery_self_discharge_per_hour": 0.002210219021461151,
      "pumped_initial_level_fraction": 0.4893635887720151,
      "pumped_final_level_tolerance": 0.11027844646702706,
      "pumped_self_discharge_per_hour": 0.0008039522418657834
    }
  }
}