{
  "id": "d11f4c61-c0b7-4732-9a3c-5251f848ae8d",
  "horizon_hours": 24,
  "dt_minutes": 15,
  "graph": {
    "regions": 3,
    "zones_per_region": [
      8,
      7,
      9
    ],
    "sites_per_zone": [
      7,
      4,
      2,
      7,
      2,
      3,
      5,
      5,
      4,
      6,
      2,
      5,
      6,
      8,
      7,
      3,
      3,
      7,
      7,
      8,
      8,
      7,
      6,
      6
    ],
    "intertie_density": 0.3064673603767233,
    "neighbor_nations": 1
  },
  "assets": {
    "thermal_per_site": [
      0,
      3,
      0,
      1,
      0,
      1,
      3,
      0,
      3,
      0,
      2,
      3,
      3,
      0,
      3,
      3,
      1,
      3,
      1,
      0,
      3,
      1,
      3,
      2
    ],
    "solar_per_site": [
      3,
      1,
      2,
      2,
      2,
      1,
      1,
      1,
      1,
      2,
      3,
      3,
      3,
      2,
      2,
      2,
      1,
      1,
      3,
      3,
      2,
      1,
      1,
      3
    ],
    "wind_per_site": [
      1,
      1,
      2,
      3,
      3,
      3,
      2,
      2,
      3,
      1,
      3,
      1,
      2,
      1,
      1,
      3,
      2,
      1,
      2,
      1,
      1,
      2,
      1,
      1
    ],
    "battery_per_site": [
      0,
      0,
      0,
      0,
      0,
      2,
      0,
      0,
      2,
      1,
      2,
      0,
      2,
      0,
      1,
      0,
      2,
      0,
      0,
      0,
      2,
      0,
      2,
      1
    ],
    "dr_per_site": [
      2,
      0,
      1,
      2,
      2,
      0,
      0,
      1,
      1,
      1,
      2,
      2,
      1,
      0,
      0,
      0,
      1,
      2,
      1,
      0,
      0,
      1,
      0,
      0
    ],
    "nuclear_per_region": [
      2,
      0,
      2
    ],
    "hydro_reservoir_per_region": [
      1,
      2,
      0
    ],
    "hydro_ror_per_zone": [
      2,
      1,
      1,
      0,
      2,
      1,
      2,
      2,
      1,
      0,
      1,
      1,
      0,
      0,
      0,
      1,
      0,
      0,
      1,
      1,
      1,
      2,
      1,
      1
    ],
    "hydro_pumped_per_region": [
      1,
      0,
      0
    ]
  },
  "econ_policy": {
    "co2_price": 186.81349679242203,
    "price_cap": 4169.737868247241,
    "cross_border_policy": "allow",
    "import_export_caps_factor": 1.4812598828912042
  },
  "tech": {
    "thermal_marg_cost": 1.2544270058522273,
    "thermal_ramp_pct": 0.25730214614682057,
    "battery_roundtrip_eff": 0.9343055961045825,
    "battery_e_to_p_hours": 1.709610317495994,
    "dr_max_shed_share": 0.14767987392953957,
    "dr_duration_hours": 4.99749138442332,
    "hydro_reservoir_head_eff": 0.9409541477073906,
    "battery_initial_soc_fraction": 0.3651203729167613,
    "battery_final_soc_tolerance": 0.14039109133674704,
    "battery_self_discharge_per_hour": 0.009527768359390017,
    "pumped_initial_level_fraction": 0.5853065226311795,
    "pumped_final_level_tolerance": 0.17621716002173005,
    "pumped_self_discharge_per_hour": 0.000506908013970175
  },
  "operation_costs": {
    "thermal_fuel_eur_per_mwh": 80.20538633186499,
    "nuclear_fuel_eur_per_mwh": 10.355194279053858,
    "demand_response_cost_eur_per_mwh": 1173.1322323088116,
    "value_of_lost_load_eur_per_mwh": 9905.089651078768,
    "renewable_spill_cost_eur_per_mwh": 707.4775779872789,
    "hydro_spill_cost_eur_per_mwh": 454.5060607258416,
    "overgen_spill_cost_eur_per_mwh": 7789.119066661555,
    "battery_cycle_cost_eur_per_mwh": 70.7662440361732,
    "pumped_cycle_cost_eur_per_mwh": 49.03790107429962
  },
  "exogenous": {
    "weather_profile": "overcast_summer",
    "weather_spread_intensity": 1.1918557184138003,
    "demand_profile": "wkend_flat",
    "demand_scale_factor": 0.7575433336322503,
    "inflow_factor": 0.6009429836394065,
    "zone_profile_variants": {
      "evening_peak": 0.28,
      "double_peak": 0.16,
      "office_peak": 0.2,
      "industrial": 0.14,
      "night_shift": 0.1,
      "residential_morning": 0.12
    },
    "zone_profile_mix_weight": [
      0.4,
      0.8
    ],
    "zone_profile_phase_shift_hours": [
      -2.5,
      2.5
    ],
    "zone_profile_noise_std": [
      0.02,
      0.06
    ],
    "zone_profile_curvature_exp": [
      0.9,
      1.18
    ],
    "region_weather": {
      "R1": {
        "weather_profile": "overcast_summer",
        "weather_spread_intensity": 1.129356975259965
      },
      "R2": {
        "weather_profile": "sunny_summer",
        "weather_spread_intensity": 1.0031863111453656
      },
      "R3": {
        "weather_profile": "overcast_summer",
        "weather_spread_intensity": 1.4430238688360704
      }
    }
  },
  "mip_gap_target_pct": 0.8406819008224273,
  "estimates": {
    "vars_total": 114144,
    "cons_total": 148387,
    "est_cpu_hours": 2.1101678888888893
  },
  "meta": {
    "regions": 3,
    "zones": 24,
    "sites": 24,
    "intertie_density": 0.3064673603767233,
    "neighbor_nations": 1,
    "assets": {
      "thermal": 39,
      "solar": 46,
      "wind": 43,
      "battery": 17,
      "dr": 20,
      "nuclear": 4,
      "hydro_reservoir": 3,
      "hydro_ror": 22,
      "hydro_pumped": 1
    },
    "demand_scale_factor": 0.7575433336322503,
    "zone_profile_variants": {
      "evening_peak": 0.28,
      "double_peak": 0.16,
      "office_peak": 0.2,
      "industrial": 0.14,
      "night_shift": 0.1,
      "residential_morning": 0.12
    },
    "zone_profile_mix_weight": [
      0.4,
      0.8
    ],
    "weather_profile": "overcast_summer",
    "cross_border_policy": "allow",
    "price_cap": 4169.737868247241,
    "co2_price": 186.81349679242203,
    "import_export_caps_factor": 1.4812598828912042,
    "operation_costs": {
      "thermal_fuel_eur_per_mwh": 80.20538633186499,
      "nuclear_fuel_eur_per_mwh": 10.355194279053858,
      "demand_response_cost_eur_per_mwh": 1173.1322323088116,
      "value_of_lost_load_eur_per_mwh": 9905.089651078768,
      "renewable_spill_cost_eur_per_mwh": 707.4775779872789,
      "hydro_spill_cost_eur_per_mwh": 454.5060607258416,
      "overgen_spill_cost_eur_per_mwh": 7789.119066661555,
      "battery_cycle_cost_eur_per_mwh": 70.7662440361732,
      "pumped_cycle_cost_eur_per_mwh": 49.03790107429962
    },
    "tech_scalers": {
      "thermal_marg_cost": 1.2544270058522273,
      "thermal_ramp_pct": 0.25730214614682057,
      "battery_roundtrip_eff": 0.9343055961045825,
      "battery_e_to_p_hours": 1.709610317495994,
      "dr_max_shed_share": 0.14767987392953957,
      "dr_duration_hours": 4.99749138442332,
      "hydro_reservoir_head_eff": 0.9409541477073906,
      "battery_initial_soc_fraction": 0.3651203729167613,
      "battery_final_soc_tolerance": 0.14039109133674704,
      "battery_self_discharge_per_hour": 0.009527768359390017,
      "pumped_initial_level_fraction": 0.5853065226311795,
      "pumped_final_level_tolerance": 0.17621716002173005,
      "pumped_self_discharge_per_hour": 0.000506908013970175
    }
  }
}