{
  "id": "34bf5b10-fa26-4e59-81bb-c0aad398a669",
  "horizon_hours": 24,
  "dt_minutes": 15,
  "graph": {
    "regions": 2,
    "zones_per_region": [
      9,
      4
    ],
    "sites_per_zone": [
      7,
      2,
      7,
      3,
      7,
      5,
      3,
      2,
      4,
      8,
      3,
      3,
      2
    ],
    "intertie_density": 0.5239628450480603,
    "neighbor_nations": 1
  },
  "assets": {
    "thermal_per_site": [
      1,
      2,
      3,
      2,
      2,
      3,
      3,
      3,
      3,
      2,
      0,
      0,
      1
    ],
    "solar_per_site": [
      1,
      2,
      3,
      3,
      3,
      2,
      1,
      3,
      2,
      1,
      2,
      1,
      3
    ],
    "wind_per_site": [
      2,
      3,
      1,
      1,
      3,
      3,
      1,
      1,
      3,
      1,
      2,
      2,
      3
    ],
    "battery_per_site": [
      1,
      2,
      2,
      2,
      0,
      1,
      0,
      1,
      1,
      2,
      0,
      1,
      1
    ],
    "dr_per_site": [
      2,
      1,
      0,
      1,
      0,
      1,
      0,
      1,
      0,
      2,
      1,
      0,
      1
    ],
    "nuclear_per_region": [
      0,
      0
    ],
    "hydro_reservoir_per_region": [
      2,
      3
    ],
    "hydro_ror_per_zone": [
      1,
      2,
      1,
      1,
      1,
      0,
      1,
      1,
      2,
      1,
      0,
      0,
      0
    ],
    "hydro_pumped_per_region": [
      0,
      0
    ]
  },
  "econ_policy": {
    "co2_price": 108.38398725086468,
    "price_cap": 1323.0253758597205,
    "cross_border_policy": "block",
    "import_export_caps_factor": 1.189751844711945
  },
  "tech": {
    "thermal_marg_cost": 12.709134012654317,
    "thermal_ramp_pct": 0.36822745901595133,
    "battery_roundtrip_eff": 0.918043790668178,
    "battery_e_to_p_hours": 5.181304975293226,
    "dr_max_shed_share": 0.18202471166987694,
    "dr_duration_hours": 3.768743594269456,
    "hydro_reservoir_head_eff": 0.9626191759655969,
    "battery_initial_soc_fraction": 0.5643137620509138,
    "battery_final_soc_tolerance": 0.12857676211189167,
    "battery_self_discharge_per_hour": 0.00950913318198236,
    "pumped_initial_level_fraction": 0.41918492663911644,
    "pumped_final_level_tolerance": 0.053373435103742074,
    "pumped_self_discharge_per_hour": 0.003154352995242097
  },
  "operation_costs": {
    "thermal_fuel_eur_per_mwh": 45.904466213474244,
    "nuclear_fuel_eur_per_mwh": 15.569275998685658,
    "demand_response_cost_eur_per_mwh": 457.6655874827711,
    "value_of_lost_load_eur_per_mwh": 10499.266915849877,
    "renewable_spill_cost_eur_per_mwh": 569.255472065623,
    "hydro_spill_cost_eur_per_mwh": 630.2849360537,
    "overgen_spill_cost_eur_per_mwh": 7645.0162742662205,
    "battery_cycle_cost_eur_per_mwh": 68.43614735470965,
    "pumped_cycle_cost_eur_per_mwh": 65.76940889018137
  },
  "exogenous": {
    "weather_profile": "sunny_summer",
    "weather_spread_intensity": 1.4433020859388075,
    "demand_profile": "wkday_peak",
    "demand_scale_factor": 0.756981488812433,
    "inflow_factor": 0.8851223786433677,
    "zone_profile_variants": {
      "evening_peak": 0.28,
      "double_peak": 0.16,
      "office_peak": 0.2,
      "industrial": 0.14,
      "night_shift": 0.1,
      "residential_morning": 0.12
    },
    "zone_profile_mix_weight": [
      0.4,
      0.8
    ],
    "zone_profile_phase_shift_hours": [
      -2.5,
      2.5
    ],
    "zone_profile_noise_std": [
      0.02,
      0.06
    ],
    "zone_profile_curvature_exp": [
      0.9,
      1.18
    ],
    "region_weather": {
      "R1": {
        "weather_profile": "sunny_summer",
        "weather_spread_intensity": 1.4011445483331313
      },
      "R2": {
        "weather_profile": "calm_winter",
        "weather_spread_intensity": 1.4854596235444837
      }
    }
  },
  "mip_gap_target_pct": 1.1245739404649118,
  "estimates": {
    "vars_total": 65184,
    "cons_total": 84739,
    "est_cpu_hours": 1.2365038888888888
  },
  "meta": {
    "regions": 2,
    "zones": 13,
    "sites": 13,
    "intertie_density": 0.5239628450480603,
    "neighbor_nations": 1,
    "assets": {
      "thermal": 25,
      "solar": 27,
      "wind": 26,
      "battery": 14,
      "dr": 10,
      "nuclear": 0,
      "hydro_reservoir": 5,
      "hydro_ror": 11,
      "hydro_pumped": 0
    },
    "demand_scale_factor": 0.756981488812433,
    "zone_profile_variants": {
      "evening_peak": 0.28,
      "double_peak": 0.16,
      "office_peak": 0.2,
      "industrial": 0.14,
      "night_shift": 0.1,
      "residential_morning": 0.12
    },
    "zone_profile_mix_weight": [
      0.4,
      0.8
    ],
    "weather_profile": "sunny_summer",
    "cross_border_policy": "block",
    "price_cap": 1323.0253758597205,
    "co2_price": 108.38398725086468,
    "import_export_caps_factor": 1.189751844711945,
    "operation_costs": {
      "thermal_fuel_eur_per_mwh": 45.904466213474244,
      "nuclear_fuel_eur_per_mwh": 15.569275998685658,
      "demand_response_cost_eur_per_mwh": 457.6655874827711,
      "value_of_lost_load_eur_per_mwh": 10499.266915849877,
      "renewable_spill_cost_eur_per_mwh": 569.255472065623,
      "hydro_spill_cost_eur_per_mwh": 630.2849360537,
      "overgen_spill_cost_eur_per_mwh": 7645.0162742662205,
      "battery_cycle_cost_eur_per_mwh": 68.43614735470965,
      "pumped_cycle_cost_eur_per_mwh": 65.76940889018137
    },
    "tech_scalers": {
      "thermal_marg_cost": 12.709134012654317,
      "thermal_ramp_pct": 0.36822745901595133,
      "battery_roundtrip_eff": 0.918043790668178,
      "battery_e_to_p_hours": 5.181304975293226,
      "dr_max_shed_share": 0.18202471166987694,
      "dr_duration_hours": 3.768743594269456,
      "hydro_reservoir_head_eff": 0.9626191759655969,
      "battery_initial_soc_fraction": 0.5643137620509138,
      "battery_final_soc_tolerance": 0.12857676211189167,
      "battery_self_discharge_per_hour": 0.00950913318198236,
      "pumped_initial_level_fraction": 0.41918492663911644,
      "pumped_final_level_tolerance": 0.053373435103742074,
      "pumped_self_discharge_per_hour": 0.003154352995242097
    }
  },
  "flexibility_metrics": {
    "total_storage_power_mw": 700.0,
    "total_storage_capacity_mwh": 3626.9,
    "battery_power_mw": 700.0,
    "battery_capacity_mwh": 3626.9,
    "pumped_power_mw": 0.0,
    "pumped_capacity_mwh": 0.0,
    "total_dr_capacity_mw": 895.6,
    "total_ramp_up_mw_per_step": 690.4,
    "total_ramp_down_mw_per_step": 690.4,
    "thermal_flex_ratio": 0.213,
    "dr_duration_hours": 3.77,
    "battery_roundtrip_efficiency": 0.918
  },
  "difficulty_indicators": {
    "vre_penetration_pct": 35.11,
    "net_demand_volatility": 0.266,
    "peak_to_valley_ratio": 1.36,
    "estimated_milp_solve_time_seconds": 4451.4,
    "complexity_score": "medium",
    "n_binary_variables": 2400,
    "n_timesteps": 96,
    "n_zones": 13,
    "weather_profile": "sunny_summer",
    "demand_profile": "wkday_peak"
  }
}