{
  "id": "9dd2c5df-314f-4595-834a-b1c2e8b63c48",
  "horizon_hours": 24,
  "dt_minutes": 15,
  "graph": {
    "regions": 3,
    "zones_per_region": [
      3,
      5,
      6
    ],
    "sites_per_zone": [
      2,
      5,
      3,
      5,
      4,
      6,
      2,
      8,
      4,
      4,
      8,
      3,
      6,
      8
    ],
    "intertie_density": 0.55882230156937,
    "neighbor_nations": 2
  },
  "assets": {
    "thermal_per_site": [
      3,
      3,
      3,
      3,
      3,
      2,
      2,
      2,
      2,
      2,
      3,
      2,
      0,
      1
    ],
    "solar_per_site": [
      2,
      1,
      1,
      3,
      1,
      3,
      3,
      3,
      1,
      2,
      1,
      3,
      2,
      3
    ],
    "wind_per_site": [
      2,
      1,
      3,
      2,
      2,
      3,
      1,
      3,
      3,
      1,
      2,
      2,
      1,
      3
    ],
    "battery_per_site": [
      2,
      0,
      0,
      0,
      1,
      2,
      1,
      1,
      1,
      2,
      0,
      1,
      2,
      2
    ],
    "dr_per_site": [
      1,
      1,
      0,
      0,
      1,
      1,
      2,
      1,
      0,
      2,
      0,
      2,
      0,
      0
    ],
    "nuclear_per_region": [
      1,
      0,
      2
    ],
    "hydro_reservoir_per_region": [
      3,
      2,
      2
    ],
    "hydro_ror_per_zone": [
      2,
      0,
      1,
      0,
      0,
      1,
      0,
      0,
      2,
      0,
      1,
      2,
      1,
      0
    ],
    "hydro_pumped_per_region": [
      0,
      0,
      0
    ]
  },
  "econ_policy": {
    "co2_price": 214.9542889341594,
    "price_cap": 4328.158829486437,
    "cross_border_policy": "allow",
    "import_export_caps_factor": 1.3701115299906013
  },
  "tech": {
    "thermal_marg_cost": 13.703856764424728,
    "thermal_ramp_pct": 0.33618931099908295,
    "battery_roundtrip_eff": 0.9253503626490329,
    "battery_e_to_p_hours": 1.3370288959479222,
    "dr_max_shed_share": 0.17415691085697646,
    "dr_duration_hours": 4.243500819874967,
    "hydro_reservoir_head_eff": 0.8352806440701741,
    "battery_initial_soc_fraction": 0.48697047875569355,
    "battery_final_soc_tolerance": 0.16366390947832696,
    "battery_self_discharge_per_hour": 0.004765328278336504,
    "pumped_initial_level_fraction": 0.6584732288031884,
    "pumped_final_level_tolerance": 0.15397409681113747,
    "pumped_self_discharge_per_hour": 0.0008679894317329279
  },
  "operation_costs": {
    "thermal_fuel_eur_per_mwh": 70.02173336639939,
    "nuclear_fuel_eur_per_mwh": 9.67765537164249,
    "demand_response_cost_eur_per_mwh": 943.7492300732865,
    "value_of_lost_load_eur_per_mwh": 8949.256384873275,
    "renewable_spill_cost_eur_per_mwh": 1771.1539065764255,
    "hydro_spill_cost_eur_per_mwh": 779.7206283276893,
    "overgen_spill_cost_eur_per_mwh": 4929.620200675112,
    "battery_cycle_cost_eur_per_mwh": 105.49776828197224,
    "pumped_cycle_cost_eur_per_mwh": 46.66201257494073
  },
  "exogenous": {
    "weather_profile": "sunny_summer",
    "weather_spread_intensity": 0.986622580841585,
    "demand_profile": "shoulder",
    "demand_scale_factor": 0.8819304142856568,
    "inflow_factor": 0.9217418394217018,
    "zone_profile_variants": {
      "evening_peak": 0.28,
      "double_peak": 0.16,
      "office_peak": 0.2,
      "industrial": 0.14,
      "night_shift": 0.1,
      "residential_morning": 0.12
    },
    "zone_profile_mix_weight": [
      0.4,
      0.8
    ],
    "zone_profile_phase_shift_hours": [
      -2.5,
      2.5
    ],
    "zone_profile_noise_std": [
      0.02,
      0.06
    ],
    "zone_profile_curvature_exp": [
      0.9,
      1.18
    ],
    "region_weather": {
      "R1": {
        "weather_profile": "overcast_summer",
        "weather_spread_intensity": 0.9161964213667382
      },
      "R2": {
        "weather_profile": "sunny_summer",
        "weather_spread_intensity": 1.196954472973976
      },
      "R3": {
        "weather_profile": "sunny_summer",
        "weather_spread_intensity": 0.8467168481840408
      }
    }
  },
  "mip_gap_target_pct": 0.654811473108853,
  "estimates": {
    "vars_total": 73248,
    "cons_total": 95222,
    "est_cpu_hours": 1.380399777777778
  },
  "meta": {
    "regions": 3,
    "zones": 14,
    "sites": 14,
    "intertie_density": 0.55882230156937,
    "neighbor_nations": 2,
    "assets": {
      "thermal": 31,
      "solar": 29,
      "wind": 29,
      "battery": 15,
      "dr": 11,
      "nuclear": 3,
      "hydro_reservoir": 7,
      "hydro_ror": 10,
      "hydro_pumped": 0
    },
    "demand_scale_factor": 0.8819304142856568,
    "zone_profile_variants": {
      "evening_peak": 0.28,
      "double_peak": 0.16,
      "office_peak": 0.2,
      "industrial": 0.14,
      "night_shift": 0.1,
      "residential_morning": 0.12
    },
    "zone_profile_mix_weight": [
      0.4,
      0.8
    ],
    "weather_profile": "sunny_summer",
    "cross_border_policy": "allow",
    "price_cap": 4328.158829486437,
    "co2_price": 214.9542889341594,
    "import_export_caps_factor": 1.3701115299906013,
    "operation_costs": {
      "thermal_fuel_eur_per_mwh": 70.02173336639939,
      "nuclear_fuel_eur_per_mwh": 9.67765537164249,
      "demand_response_cost_eur_per_mwh": 943.7492300732865,
      "value_of_lost_load_eur_per_mwh": 8949.256384873275,
      "renewable_spill_cost_eur_per_mwh": 1771.1539065764255,
      "hydro_spill_cost_eur_per_mwh": 779.7206283276893,
      "overgen_spill_cost_eur_per_mwh": 4929.620200675112,
      "battery_cycle_cost_eur_per_mwh": 105.49776828197224,
      "pumped_cycle_cost_eur_per_mwh": 46.66201257494073
    },
    "tech_scalers": {
      "thermal_marg_cost": 13.703856764424728,
      "thermal_ramp_pct": 0.33618931099908295,
      "battery_roundtrip_eff": 0.9253503626490329,
      "battery_e_to_p_hours": 1.3370288959479222,
      "dr_max_shed_share": 0.17415691085697646,
      "dr_duration_hours": 4.243500819874967,
      "hydro_reservoir_head_eff": 0.8352806440701741,
      "battery_initial_soc_fraction": 0.48697047875569355,
      "battery_final_soc_tolerance": 0.16366390947832696,
      "battery_self_discharge_per_hour": 0.004765328278336504,
      "pumped_initial_level_fraction": 0.6584732288031884,
      "pumped_final_level_tolerance": 0.15397409681113747,
      "pumped_self_discharge_per_hour": 0.0008679894317329279
    }
  }
}