{
  "id": "e531129c-3cc6-4a1e-9c2e-8efdede430cd",
  "horizon_hours": 24,
  "dt_minutes": 15,
  "graph": {
    "regions": 3,
    "zones_per_region": [
      6,
      5,
      3
    ],
    "sites_per_zone": [
      3,
      5,
      5,
      7,
      6,
      8,
      4,
      6,
      2,
      4,
      7,
      7,
      2,
      7
    ],
    "intertie_density": 0.43818442146861736,
    "neighbor_nations": 2
  },
  "assets": {
    "thermal_per_site": [
      3,
      0,
      2,
      2,
      0,
      1,
      0,
      2,
      3,
      2,
      1,
      2,
      0,
      2
    ],
    "solar_per_site": [
      1,
      2,
      2,
      3,
      2,
      3,
      2,
      3,
      3,
      1,
      3,
      2,
      1,
      1
    ],
    "wind_per_site": [
      1,
      2,
      2,
      1,
      3,
      2,
      3,
      3,
      3,
      2,
      1,
      1,
      2,
      2
    ],
    "battery_per_site": [
      2,
      2,
      2,
      1,
      0,
      0,
      0,
      1,
      2,
      0,
      2,
      0,
      2,
      0
    ],
    "dr_per_site": [
      0,
      1,
      0,
      1,
      1,
      1,
      2,
      2,
      1,
      1,
      2,
      0,
      0,
      2
    ],
    "nuclear_per_region": [
      0,
      1,
      2
    ],
    "hydro_reservoir_per_region": [
      2,
      1,
      2
    ],
    "hydro_ror_per_zone": [
      1,
      1,
      1,
      1,
      0,
      0,
      2,
      1,
      1,
      2,
      1,
      2,
      0,
      2
    ],
    "hydro_pumped_per_region": [
      0,
      1,
      1
    ]
  },
  "econ_policy": {
    "co2_price": 227.19647897262573,
    "price_cap": 1938.726689150519,
    "cross_border_policy": "block",
    "import_export_caps_factor": 0.4053716278135371
  },
  "tech": {
    "thermal_marg_cost": 6.3931904935484605,
    "thermal_ramp_pct": 0.21173631177775148,
    "battery_roundtrip_eff": 0.8572530682343487,
    "battery_e_to_p_hours": 5.610292252113477,
    "dr_max_shed_share": 0.053907000889367965,
    "dr_duration_hours": 4.47266240337297,
    "hydro_reservoir_head_eff": 1.0008145113066507,
    "battery_initial_soc_fraction": 0.6378051311637136,
    "battery_final_soc_tolerance": 0.10966812876702275,
    "battery_self_discharge_per_hour": 0.005200705017762463,
    "pumped_initial_level_fraction": 0.440867739550385,
    "pumped_final_level_tolerance": 0.13024590391792285,
    "pumped_self_discharge_per_hour": 0.0030339633106423298
  },
  "operation_costs": {
    "thermal_fuel_eur_per_mwh": 64.9813411802559,
    "nuclear_fuel_eur_per_mwh": 10.193779917526761,
    "demand_response_cost_eur_per_mwh": 362.76352282523396,
    "value_of_lost_load_eur_per_mwh": 8399.786624413066,
    "renewable_spill_cost_eur_per_mwh": 928.5653527947318,
    "hydro_spill_cost_eur_per_mwh": 884.4465723713158,
    "overgen_spill_cost_eur_per_mwh": 4135.010986195808,
    "battery_cycle_cost_eur_per_mwh": 75.05019621195436,
    "pumped_cycle_cost_eur_per_mwh": 68.75907775107126
  },
  "exogenous": {
    "weather_profile": "sunny_summer",
    "weather_spread_intensity": 0.8254969421214424,
    "demand_profile": "cold_snap",
    "demand_scale_factor": 1.1732204278246376,
    "inflow_factor": 0.7650095822552276,
    "zone_profile_variants": {
      "evening_peak": 0.28,
      "double_peak": 0.16,
      "office_peak": 0.2,
      "industrial": 0.14,
      "night_shift": 0.1,
      "residential_morning": 0.12
    },
    "zone_profile_mix_weight": [
      0.4,
      0.8
    ],
    "zone_profile_phase_shift_hours": [
      -2.5,
      2.5
    ],
    "zone_profile_noise_std": [
      0.02,
      0.06
    ],
    "zone_profile_curvature_exp": [
      0.9,
      1.18
    ],
    "region_weather": {
      "R1": {
        "weather_profile": "stormy_winter",
        "weather_spread_intensity": 1.0950944951164572
      },
      "R2": {
        "weather_profile": "mixed",
        "weather_spread_intensity": 0.8620667262548947
      },
      "R3": {
        "weather_profile": "sunny_summer",
        "weather_spread_intensity": 0.5193296049929752
      }
    }
  },
  "mip_gap_target_pct": 0.7308276584598086,
  "estimates": {
    "vars_total": 70368,
    "cons_total": 91478,
    "est_cpu_hours": 1.3290077777777778
  },
  "meta": {
    "regions": 3,
    "zones": 14,
    "sites": 14,
    "intertie_density": 0.43818442146861736,
    "neighbor_nations": 2,
    "assets": {
      "thermal": 20,
      "solar": 29,
      "wind": 28,
      "battery": 14,
      "dr": 14,
      "nuclear": 3,
      "hydro_reservoir": 5,
      "hydro_ror": 15,
      "hydro_pumped": 2
    },
    "demand_scale_factor": 1.1732204278246376,
    "zone_profile_variants": {
      "evening_peak": 0.28,
      "double_peak": 0.16,
      "office_peak": 0.2,
      "industrial": 0.14,
      "night_shift": 0.1,
      "residential_morning": 0.12
    },
    "zone_profile_mix_weight": [
      0.4,
      0.8
    ],
    "weather_profile": "sunny_summer",
    "cross_border_policy": "block",
    "price_cap": 1938.726689150519,
    "co2_price": 227.19647897262573,
    "import_export_caps_factor": 0.4053716278135371,
    "operation_costs": {
      "thermal_fuel_eur_per_mwh": 64.9813411802559,
      "nuclear_fuel_eur_per_mwh": 10.193779917526761,
      "demand_response_cost_eur_per_mwh": 362.76352282523396,
      "value_of_lost_load_eur_per_mwh": 8399.786624413066,
      "renewable_spill_cost_eur_per_mwh": 928.5653527947318,
      "hydro_spill_cost_eur_per_mwh": 884.4465723713158,
      "overgen_spill_cost_eur_per_mwh": 4135.010986195808,
      "battery_cycle_cost_eur_per_mwh": 75.05019621195436,
      "pumped_cycle_cost_eur_per_mwh": 68.75907775107126
    },
    "tech_scalers": {
      "thermal_marg_cost": 6.3931904935484605,
      "thermal_ramp_pct": 0.21173631177775148,
      "battery_roundtrip_eff": 0.8572530682343487,
      "battery_e_to_p_hours": 5.610292252113477,
      "dr_max_shed_share": 0.053907000889367965,
      "dr_duration_hours": 4.47266240337297,
      "hydro_reservoir_head_eff": 1.0008145113066507,
      "battery_initial_soc_fraction": 0.6378051311637136,
      "battery_final_soc_tolerance": 0.10966812876702275,
      "battery_self_discharge_per_hour": 0.005200705017762463,
      "pumped_initial_level_fraction": 0.440867739550385,
      "pumped_final_level_tolerance": 0.13024590391792285,
      "pumped_self_discharge_per_hour": 0.0030339633106423298
    }
  }
}