{
  "id": "b9c447e0-3a1d-45e2-b011-4ef4e1db1c8c",
  "horizon_hours": 24,
  "dt_minutes": 15,
  "graph": {
    "regions": 3,
    "zones_per_region": [
      12,
      8,
      4
    ],
    "sites_per_zone": [
      6,
      3,
      9,
      7,
      9,
      6,
      6,
      3,
      4,
      9,
      9,
      4,
      4,
      9,
      9,
      4,
      3,
      9,
      3,
      5,
      5,
      9,
      3,
      6
    ],
    "intertie_density": 0.20233768803552074,
    "neighbor_nations": 5
  },
  "assets": {
    "thermal_per_site": [
      0,
      0,
      3,
      3,
      2,
      3,
      1,
      0,
      3,
      3,
      2,
      2,
      3,
      3,
      1,
      3,
      2,
      3,
      3,
      0,
      1,
      2,
      1,
      0
    ],
    "solar_per_site": [
      2,
      3,
      1,
      1,
      1,
      3,
      1,
      1,
      2,
      1,
      2,
      3,
      2,
      2,
      2,
      2,
      1,
      2,
      2,
      1,
      3,
      1,
      1,
      2
    ],
    "wind_per_site": [
      2,
      3,
      2,
      1,
      2,
      1,
      3,
      1,
      3,
      1,
      2,
      3,
      3,
      2,
      3,
      1,
      3,
      2,
      2,
      1,
      3,
      1,
      2,
      2
    ],
    "battery_per_site": [
      0,
      2,
      1,
      2,
      0,
      2,
      1,
      1,
      0,
      0,
      2,
      1,
      0,
      1,
      2,
      2,
      0,
      0,
      2,
      1,
      0,
      1,
      0,
      0
    ],
    "dr_per_site": [
      0,
      0,
      0,
      2,
      1,
      2,
      2,
      1,
      2,
      1,
      0,
      1,
      1,
      0,
      1,
      1,
      1,
      2,
      1,
      1,
      0,
      1,
      2,
      0
    ],
    "nuclear_per_region": [
      0,
      0,
      1
    ],
    "hydro_reservoir_per_region": [
      2,
      2,
      1
    ],
    "hydro_ror_per_zone": [
      0,
      0,
      2,
      0,
      1,
      1,
      2,
      1,
      2,
      1,
      2,
      0,
      0,
      1,
      1,
      1,
      0,
      0,
      1,
      0,
      2,
      2,
      0,
      1
    ],
    "hydro_pumped_per_region": [
      1,
      0,
      2
    ]
  },
  "econ_policy": {
    "co2_price": 38.829569186418176,
    "price_cap": 240.82802773429287,
    "cross_border_policy": "block",
    "import_export_caps_factor": 0.4603849600361614
  },
  "tech": {
    "thermal_marg_cost": 2.5143894279542285,
    "thermal_ramp_pct": 0.16803274397282544,
    "battery_roundtrip_eff": 0.8976384345779156,
    "battery_e_to_p_hours": 3.4703050229223007,
    "dr_max_shed_share": 0.26437585491945115,
    "dr_duration_hours": 4.738809000248139,
    "hydro_reservoir_head_eff": 0.9762077503237262,
    "battery_initial_soc_fraction": 0.49276505363758727,
    "battery_final_soc_tolerance": 0.07686046949921253,
    "battery_self_discharge_per_hour": 0.0016318533405096638,
    "pumped_initial_level_fraction": 0.50549692064939,
    "pumped_final_level_tolerance": 0.13970005215541037,
    "pumped_self_discharge_per_hour": 0.003134106960016661
  },
  "operation_costs": {
    "thermal_fuel_eur_per_mwh": 56.41048207025231,
    "nuclear_fuel_eur_per_mwh": 27.07229605379487,
    "thermal_startup_cost_eur": 7352.168811873072,
    "nuclear_startup_cost_eur": 17255.79127847974,
    "demand_response_cost_eur_per_mwh": 584.0028911221134,
    "value_of_lost_load_eur_per_mwh": 10837.121639614285,
    "renewable_spill_cost_eur_per_mwh": 1510.7727184260725,
    "hydro_spill_cost_eur_per_mwh": 767.6259184672517,
    "overgen_spill_cost_eur_per_mwh": 7118.747828014959,
    "battery_cycle_cost_eur_per_mwh": 96.78790060986893,
    "pumped_cycle_cost_eur_per_mwh": 76.35807676783121
  },
  "exogenous": {
    "weather_profile": "sunny_summer",
    "weather_spread_intensity": 1.1864119673312565,
    "demand_profile": "cold_snap",
    "demand_scale_factor": 0.8316624106697365,
    "inflow_factor": 0.7719700962891339,
    "zone_profile_variants": {
      "evening_peak": 0.28,
      "double_peak": 0.16,
      "office_peak": 0.2,
      "industrial": 0.14,
      "night_shift": 0.1,
      "residential_morning": 0.12
    },
    "zone_profile_mix_weight": [
      0.4,
      0.8
    ],
    "zone_profile_phase_shift_hours": [
      -2.5,
      2.5
    ],
    "zone_profile_noise_std": [
      0.02,
      0.06
    ],
    "zone_profile_curvature_exp": [
      0.9,
      1.18
    ],
    "region_weather": {
      "R1": {
        "weather_profile": "overcast_summer",
        "weather_spread_intensity": 0.9474117119346199
      },
      "R2": {
        "weather_profile": "stormy_winter",
        "weather_spread_intensity": 1.177681974431716
      },
      "R3": {
        "weather_profile": "sunny_summer",
        "weather_spread_intensity": 1.4341422156274337
      }
    }
  },
  "mip_gap_target_pct": 0.6753383091846494,
  "estimates": {
    "vars_total": 118272,
    "cons_total": 153753,
    "est_cpu_hours": 2.183826333333333
  },
  "meta": {
    "regions": 3,
    "zones": 24,
    "sites": 24,
    "intertie_density": 0.20233768803552074,
    "neighbor_nations": 5,
    "assets": {
      "thermal": 44,
      "solar": 42,
      "wind": 49,
      "battery": 21,
      "dr": 23,
      "nuclear": 1,
      "hydro_reservoir": 5,
      "hydro_ror": 21,
      "hydro_pumped": 3
    },
    "demand_scale_factor": 0.8316624106697365,
    "zone_profile_variants": {
      "evening_peak": 0.28,
      "double_peak": 0.16,
      "office_peak": 0.2,
      "industrial": 0.14,
      "night_shift": 0.1,
      "residential_morning": 0.12
    },
    "zone_profile_mix_weight": [
      0.4,
      0.8
    ],
    "weather_profile": "sunny_summer",
    "cross_border_policy": "block",
    "price_cap": 240.82802773429287,
    "co2_price": 38.829569186418176,
    "import_export_caps_factor": 0.4603849600361614,
    "operation_costs": {
      "thermal_fuel_eur_per_mwh": 56.41048207025231,
      "nuclear_fuel_eur_per_mwh": 27.07229605379487,
      "thermal_startup_cost_eur": 7352.168811873072,
      "nuclear_startup_cost_eur": 17255.79127847974,
      "demand_response_cost_eur_per_mwh": 584.0028911221134,
      "value_of_lost_load_eur_per_mwh": 10837.121639614285,
      "renewable_spill_cost_eur_per_mwh": 1510.7727184260725,
      "hydro_spill_cost_eur_per_mwh": 767.6259184672517,
      "overgen_spill_cost_eur_per_mwh": 7118.747828014959,
      "battery_cycle_cost_eur_per_mwh": 96.78790060986893,
      "pumped_cycle_cost_eur_per_mwh": 76.35807676783121
    },
    "tech_scalers": {
      "thermal_marg_cost": 2.5143894279542285,
      "thermal_ramp_pct": 0.16803274397282544,
      "battery_roundtrip_eff": 0.8976384345779156,
      "battery_e_to_p_hours": 3.4703050229223007,
      "dr_max_shed_share": 0.26437585491945115,
      "dr_duration_hours": 4.738809000248139,
      "hydro_reservoir_head_eff": 0.9762077503237262,
      "battery_initial_soc_fraction": 0.49276505363758727,
      "battery_final_soc_tolerance": 0.07686046949921253,
      "battery_self_discharge_per_hour": 0.0016318533405096638,
      "pumped_initial_level_fraction": 0.50549692064939,
      "pumped_final_level_tolerance": 0.13970005215541037,
      "pumped_self_discharge_per_hour": 0.003134106960016661
    }
  },
  "flexibility_metrics": {
    "total_storage_power_mw": 1650.0,
    "total_storage_capacity_mwh": 8443.8,
    "battery_power_mw": 1050.0,
    "battery_capacity_mwh": 3643.8,
    "pumped_power_mw": 600.0,
    "pumped_capacity_mwh": 4800.0,
    "total_dr_capacity_mw": 2638.5,
    "total_ramp_up_mw_per_step": 567.0,
    "total_ramp_down_mw_per_step": 567.0,
    "thermal_flex_ratio": 0.302,
    "dr_duration_hours": 4.74,
    "battery_roundtrip_efficiency": 0.898
  },
  "difficulty_indicators": {
    "vre_penetration_pct": 35.59,
    "net_demand_volatility": 0.297,
    "peak_to_valley_ratio": 1.5,
    "estimated_milp_solve_time_seconds": 7861.8,
    "complexity_score": "hard",
    "n_binary_variables": 4224,
    "n_timesteps": 96,
    "n_zones": 24,