{
  "id": "e7d371ee-92e6-4848-af86-096677401861",
  "horizon_hours": 24,
  "dt_minutes": 15,
  "graph": {
    "regions": 3,
    "zones_per_region": [
      6,
      5,
      12
    ],
    "sites_per_zone": [
      10,
      10,
      2,
      10,
      9,
      10,
      7,
      8,
      8,
      4,
      10,
      6,
      8,
      5,
      10,
      2,
      5,
      9,
      8,
      9,
      5,
      4,
      5
    ],
    "intertie_density": 0.5392725219812409,
    "neighbor_nations": 2
  },
  "assets": {
    "thermal_per_site": [
      3,
      1,
      0,
      0,
      2,
      2,
      2,
      3,
      0,
      2,
      0,
      3,
      0,
      2,
      0,
      1,
      0,
      0,
      2,
      2,
      0,
      3,
      2
    ],
    "solar_per_site": [
      2,
      2,
      3,
      3,
      1,
      2,
      1,
      1,
      1,
      1,
      1,
      1,
      2,
      1,
      2,
      1,
      1,
      3,
      2,
      2,
      1,
      1,
      3
    ],
    "wind_per_site": [
      1,
      3,
      2,
      1,
      1,
      3,
      2,
      1,
      1,
      2,
      3,
      1,
      2,
      3,
      3,
      3,
      3,
      3,
      1,
      2,
      3,
      3,
      2
    ],
    "battery_per_site": [
      0,
      2,
      1,
      2,
      0,
      1,
      1,
      0,
      1,
      0,
      1,
      2,
      1,
      2,
      2,
      0,
      1,
      0,
      0,
      1,
      0,
      2,
      0
    ],
    "dr_per_site": [
      2,
      2,
      0,
      1,
      1,
      1,
      0,
      1,
      2,
      2,
      1,
      1,
      2,
      2,
      0,
      1,
      0,
      0,
      0,
      1,
      2,
      0,
      1
    ],
    "nuclear_per_region": [
      2,
      2,
      0
    ],
    "hydro_reservoir_per_region": [
      2,
      2,
      0
    ],
    "hydro_ror_per_zone": [
      0,
      2,
      2,
      2,
      1,
      2,
      1,
      2,
      1,
      0,
      1,
      2,
      1,
      0,
      2,
      0,
      0,
      1,
      0,
      0,
      1,
      0,
      1
    ],
    "hydro_pumped_per_region": [
      1,
      2,
      2
    ]
  },
  "econ_policy": {
    "co2_price": 160.09678807466776,
    "price_cap": 4211.264424049654,
    "cross_border_policy": "cap",
    "import_export_caps_factor": 1.4597000471968218
  },
  "tech": {
    "thermal_marg_cost": 14.932950351193254,
    "thermal_ramp_pct": 0.40744902210283035,
    "battery_roundtrip_eff": 0.909449948703688,
    "battery_e_to_p_hours": 1.1085054583595175,
    "dr_max_shed_share": 0.1874734673231705,
    "dr_duration_hours": 2.8049753857057564,
    "hydro_reservoir_head_eff": 0.8349925449875583,
    "battery_initial_soc_fraction": 0.6450538476931511,
    "battery_final_soc_tolerance": 0.15954174341683236,
    "battery_self_discharge_per_hour": 0.002140984149146455,
    "pumped_initial_level_fraction": 0.5474985035924558,
    "pumped_final_level_tolerance": 0.11804313973757419,
    "pumped_self_discharge_per_hour": 0.0013020059804863663
  },
  "operation_costs": {
    "thermal_fuel_eur_per_mwh": 62.720677429104015,
    "nuclear_fuel_eur_per_mwh": 18.338481265092405,
    "thermal_startup_cost_eur": 1574.4072552046962,
    "nuclear_startup_cost_eur": 18075.863778449613,
    "demand_response_cost_eur_per_mwh": 904.654103421857,
    "value_of_lost_load_eur_per_mwh": 9011.28351706551,
    "renewable_spill_cost_eur_per_mwh": 1828.4401767558597,
    "hydro_spill_cost_eur_per_mwh": 919.3784957295787,
    "overgen_spill_cost_eur_per_mwh": 4226.2162655116645,
    "battery_cycle_cost_eur_per_mwh": 86.95163104684549,
    "pumped_cycle_cost_eur_per_mwh": 79.50967061142286
  },
  "exogenous": {
    "weather_profile": "stormy_winter",
    "weather_spread_intensity": 0.9067247756343159,
    "demand_profile": "heatwave",
    "demand_scale_factor": 0.861848358292908,
    "inflow_factor": 0.7374086194851577,
    "zone_profile_variants": {
      "evening_peak": 0.28,
      "double_peak": 0.16,
      "office_peak": 0.2,
      "industrial": 0.14,
      "night_shift": 0.1,
      "residential_morning": 0.12
    },
    "zone_profile_mix_weight": [
      0.4,
      0.8
    ],
    "zone_profile_phase_shift_hours": [
      -2.5,
      2.5
    ],
    "zone_profile_noise_std": [
      0.02,
      0.06
    ],
    "zone_profile_curvature_exp": [
      0.9,
      1.18
    ],
    "region_weather": {
      "R1": {
        "weather_profile": "calm_winter",
        "weather_spread_intensity": 0.7145375473832185
      },
      "R2": {
        "weather_profile": "stormy_winter",
        "weather_spread_intensity": 1.195912918415742
      },
      "R3": {
        "weather_profile": "overcast_summer",
        "weather_spread_intensity": 0.8097238611039871
      }
    }
  },
  "mip_gap_target_pct": 0.4908130862136517,
  "estimates": {
    "vars_total": 110784,
    "cons_total": 144019,
    "est_cpu_hours": 2.050210555555556
  },
  "meta": {
    "regions": 3,
    "zones": 23,
    "sites": 23,
    "intertie_density": 0.5392725219812409,
    "neighbor_nations": 2,
    "assets": {
      "thermal": 30,
      "solar": 38,
      "wind": 49,
      "battery": 20,
      "dr": 23,
      "nuclear": 4,
      "hydro_reservoir": 4,
      "hydro_ror": 22,
      "hydro_pumped": 5
    },
    "demand_scale_factor": 0.861848358292908,
    "zone_profile_variants": {
      "evening_peak": 0.28,
      "double_peak": 0.16,
      "office_peak": 0.2,
      "industrial": 0.14,
      "night_shift": 0.1,
      "residential_morning": 0.12
    },
    "zone_profile_mix_weight": [
      0.4,
      0.8
    ],
    "weather_profile": "stormy_winter",
    "cross_border_policy": "cap",
    "price_cap": 4211.264424049654,
    "co2_price": 160.09678807466776,
    "import_export_caps_factor": 1.4597000471968218,
    "operation_costs": {
      "thermal_fuel_eur_per_mwh": 62.720677429104015,
      "nuclear_fuel_eur_per_mwh": 18.338481265092405,
      "thermal_startup_cost_eur": 1574.4072552046962,
      "nuclear_startup_cost_eur": 18075.863778449613,
      "demand_response_cost_eur_per_mwh": 904.654103421857,
      "value_of_lost_load_eur_per_mwh": 9011.28351706551,
      "renewable_spill_cost_eur_per_mwh": 1828.4401767558597,
      "hydro_spill_cost_eur_per_mwh": 919.3784957295787,
      "overgen_spill_cost_eur_per_mwh": 4226.2162655116645,
      "battery_cycle_cost_eur_per_mwh": 86.95163104684549,
      "pumped_cycle_cost_eur_per_mwh": 79.50967061142286
    },
    "tech_scalers": {
      "thermal_marg_cost": 14.932950351193254,
      "thermal_ramp_pct": 0.40744902210283035,
      "battery_roundtrip_eff": 0.909449948703688,
      "battery_e_to_p_hours": 1.1085054583595175,
      "dr_max_shed_share": 0.1874734673231705,
      "dr_duration_hours": 2.8049753857057564,
      "hydro_reservoir_head_eff": 0.8349925449875583,
      "battery_initial_soc_fraction": 0.6450538476931511,
      "battery_final_soc_tolerance": 0.15954174341683236,
      "battery_self_discharge_per_hour": 0.002140984149146455,
      "pumped_initial_level_fraction": 0.5474985035924558,
      "pumped_final_level_tolerance": 0.11804313973757419,
      "pumped_self_discharge_per_hour": 0.0013020059804863663
    }
  },
  "flexibility_metrics": {
    "total_storage_power_mw": 2000.0,
    "total_storage_capacity_mwh": 9108.5,
    "battery_power_mw": 1000.0,
    "battery_capacity_mwh": 1108.5,
    "pumped_power_mw": 1000.0,
    "pumped_capacity_mwh": 8000.0,
    "total_dr_capacity_mw": 1858.1,
    "total_ramp_up_mw_per_step": 966.8,
    "total_ramp_down_mw_per_step": 966.8,
    "thermal_flex_ratio": 0.297,
    "dr_duration_hours": 2.8,
    "battery_roundtrip_efficiency": 0.909
  },
  "difficulty_indicators": {
    "vre_penetration_pct": 36.5,
    "net_demand_volatility": 0.333,
    "peak_to_valley_ratio": 1.55,
    "estimated_milp_solve_time_seconds": 7380.8,
    "complexity_score": "hard",
    "n_binary_variables": 2880,
    "n_timesteps": 96,
    "n_zones": 23,
    "weather_profile": "stormy_winter",
    "demand_profile": "heatwave"
  }
}