{
  "id": "df8381ec-e58b-4491-9f74-70ed1e050089",
  "horizon_hours": 24,
  "dt_minutes": 15,
  "graph": {
    "regions": 3,
    "zones_per_region": [
      6,
      5,
      4
    ],
    "sites_per_zone": [
      2,
      6,
      3,
      3,
      5,
      5,
      4,
      3,
      7,
      2,
      3,
      4,
      8,
      4,
      5
    ],
    "intertie_density": 0.2350815807038809,
    "neighbor_nations": 3
  },
  "assets": {
    "thermal_per_site": [
      0,
      2,
      2,
      1,
      0,
      1,
      1,
      1,
      2,
      2,
      3,
      0,
      0,
      0,
      0
    ],
    "solar_per_site": [
      1,
      2,
      3,
      2,
      2,
      2,
      3,
      1,
      2,
      2,
      1,
      2,
      2,
      3,
      1
    ],
    "wind_per_site": [
      3,
      2,
      1,
      1,
      1,
      3,
      3,
      3,
      2,
      3,
      1,
      3,
      3,
      3,
      3
    ],
    "battery_per_site": [
      0,
      2,
      2,
      1,
      0,
      1,
      2,
      0,
      0,
      1,
      1,
      0,
      1,
      2,
      0
    ],
    "dr_per_site": [
      0,
      2,
      0,
      1,
      0,
      0,
      2,
      0,
      1,
      0,
      2,
      2,
      0,
      2,
      1
    ],
    "nuclear_per_region": [
      2,
      2,
      0
    ],
    "hydro_reservoir_per_region": [
      0,
      2,
      0
    ],
    "hydro_ror_per_zone": [
      1,
      0,
      0,
      2,
      0,
      2,
      0,
      1,
      1,
      0,
      0,
      0,
      1,
      2,
      2
    ],
    "hydro_pumped_per_region": [
      0,
      1,
      1
    ]
  },
  "econ_policy": {
    "co2_price": 72.3337160596638,
    "price_cap": 1521.3268256904887,
    "cross_border_policy": "block",
    "import_export_caps_factor": 1.542270024625965
  },
  "tech": {
    "thermal_marg_cost": 8.278595624924142,
    "thermal_ramp_pct": 0.220422798975683,
    "battery_roundtrip_eff": 0.8133467980240061,
    "battery_e_to_p_hours": 1.853874050831781,
    "dr_max_shed_share": 0.2532870823044948,
    "dr_duration_hours": 4.591569706295626,
    "hydro_reservoir_head_eff": 0.8803709429046601,
    "battery_initial_soc_fraction": 0.4153456537121651,
    "battery_final_soc_tolerance": 0.11005666765183182,
    "battery_self_discharge_per_hour": 0.0015015143474054657,
    "pumped_initial_level_fraction": 0.5382532951015134,
    "pumped_final_level_tolerance": 0.17516393486370185,
    "pumped_self_discharge_per_hour": 0.002479093385225523
  },
  "operation_costs": {
    "thermal_fuel_eur_per_mwh": 52.67313466565315,
    "nuclear_fuel_eur_per_mwh": 13.256994433042365,
    "demand_response_cost_eur_per_mwh": 357.8170362827637,
    "value_of_lost_load_eur_per_mwh": 11649.222146425363,
    "renewable_spill_cost_eur_per_mwh": 1837.3005523114248,
    "hydro_spill_cost_eur_per_mwh": 1118.1790080178146,
    "overgen_spill_cost_eur_per_mwh": 2521.6932272906984,
    "battery_cycle_cost_eur_per_mwh": 119.12920255298552,
    "pumped_cycle_cost_eur_per_mwh": 73.98118989282003
  },
  "exogenous": {
    "weather_profile": "sunny_summer",
    "weather_spread_intensity": 1.0281478966925408,
    "demand_profile": "heatwave",
    "demand_scale_factor": 0.7160263995518314,
    "inflow_factor": 1.193644498836305,
    "zone_profile_variants": {
      "evening_peak": 0.28,
      "double_peak": 0.16,
      "office_peak": 0.2,
      "industrial": 0.14,
      "night_shift": 0.1,
      "residential_morning": 0.12
    },
    "zone_profile_mix_weight": [
      0.4,
      0.8
    ],
    "zone_profile_phase_shift_hours": [
      -2.5,
      2.5
    ],
    "zone_profile_noise_std": [
      0.02,
      0.06
    ],
    "zone_profile_curvature_exp": [
      0.9,
      1.18
    ],
    "region_weather": {
      "R1": {
        "weather_profile": "sunny_summer",
        "weather_spread_intensity": 1.3941096591939908
      },
      "R2": {
        "weather_profile": "overcast_summer",
        "weather_spread_intensity": 0.8101029056615741
      },
      "R3": {
        "weather_profile": "sunny_summer",
        "weather_spread_intensity": 0.8802311252220577
      }
    }
  },
  "mip_gap_target_pct": 0.8579772962579604,
  "estimates": {
    "vars_total": 70848,
    "cons_total": 92102,
    "est_cpu_hours": 1.3375731111111115
  },
  "meta": {
    "regions": 3,
    "zones": 15,
    "sites": 15,
    "intertie_density": 0.2350815807038809,
    "neighbor_nations": 3,
    "assets": {
      "thermal": 15,
      "solar": 29,
      "wind": 35,
      "battery": 13,
      "dr": 13,
      "nuclear": 4,
      "hydro_reservoir": 2,
      "hydro_ror": 12,
      "hydro_pumped": 2
    },
    "demand_scale_factor": 0.7160263995518314,
    "zone_profile_variants": {
      "evening_peak": 0.28,
      "double_peak": 0.16,
      "office_peak": 0.2,
      "industrial": 0.14,
      "night_shift": 0.1,
      "residential_morning": 0.12
    },
    "zone_profile_mix_weight": [
      0.4,
      0.8
    ],
    "weather_profile": "sunny_summer",
    "cross_border_policy": "block",
    "price_cap": 1521.3268256904887,
    "co2_price": 72.3337160596638,
    "import_export_caps_factor": 1.542270024625965,
    "operation_costs": {
      "thermal_fuel_eur_per_mwh": 52.67313466565315,
      "nuclear_fuel_eur_per_mwh": 13.256994433042365,
      "demand_response_cost_eur_per_mwh": 357.8170362827637,
      "value_of_lost_load_eur_per_mwh": 11649.222146425363,
      "renewable_spill_cost_eur_per_mwh": 1837.3005523114248,
      "hydro_spill_cost_eur_per_mwh": 1118.1790080178146,
      "overgen_spill_cost_eur_per_mwh": 2521.6932272906984,
      "battery_cycle_cost_eur_per_mwh": 119.12920255298552,
      "pumped_cycle_cost_eur_per_mwh": 73.98118989282003
    },
    "tech_scalers": {
      "thermal_marg_cost": 8.278595624924142,
      "thermal_ramp_pct": 0.220422798975683,
      "battery_roundtrip_eff": 0.8133467980240061,
      "battery_e_to_p_hours": 1.853874050831781,
      "dr_max_shed_share": 0.2532870823044948,
      "dr_duration_hours": 4.591569706295626,
      "hydro_reservoir_head_eff": 0.8803709429046601,
      "battery_initial_soc_fraction": 0.4153456537121651,
      "battery_final_soc_tolerance": 0.11005666765183182,
      "battery_self_discharge_per_hour": 0.0015015143474054657,
      "pumped_initial_level_fraction": 0.5382532951015134,
      "pumped_final_level_tolerance": 0.17516393486370185,
      "pumped_self_discharge_per_hour": 0.002479093385225523
    }
  }
}