{
  "id": "37702dd5-31a6-41f1-81b9-672701a26bb7",
  "horizon_hours": 24,
  "dt_minutes": 15,
  "graph": {
    "regions": 3,
    "zones_per_region": [
      6,
      2,
      11
    ],
    "sites_per_zone": [
      10,
      2,
      3,
      7,
      6,
      10,
      6,
      7,
      3,
      6,
      5,
      8,
      2,
      3,
      5,
      10,
      9,
      2,
      5
    ],
    "intertie_density": 0.30835473160849947,
    "neighbor_nations": 5
  },
  "assets": {
    "thermal_per_site": [
      2,
      0,
      0,
      2,
      3,
      1,
      0,
      3,
      2,
      0,
      1,
      0,
      0,
      1,
      3,
      2,
      0,
      3,
      1
    ],
    "solar_per_site": [
      1,
      1,
      3,
      1,
      3,
      2,
      3,
      1,
      1,
      3,
      3,
      2,
      3,
      1,
      3,
      1,
      3,
      1,
      1
    ],
    "wind_per_site": [
      2,
      1,
      1,
      2,
      2,
      3,
      2,
      3,
      3,
      3,
      3,
      1,
      3,
      2,
      1,
      3,
      2,
      1,
      3
    ],
    "battery_per_site": [
      1,
      1,
      0,
      1,
      2,
      1,
      1,
      2,
      1,
      0,
      1,
      2,
      0,
      2,
      1,
      1,
      1,
      0,
      2
    ],
    "dr_per_site": [
      2,
      2,
      2,
      2,
      1,
      2,
      2,
      0,
      0,
      0,
      2,
      1,
      0,
      2,
      0,
      0,
      1,
      2,
      2
    ],
    "nuclear_per_region": [
      2,
      0,
      1
    ],
    "hydro_reservoir_per_region": [
      2,
      0,
      1
    ],
    "hydro_ror_per_zone": [
      2,
      1,
      0,
      0,
      1,
      2,
      2,
      2,
      0,
      1,
      1,
      2,
      1,
      2,
      2,
      1,
      0,
      2,
      0
    ],
    "hydro_pumped_per_region": [
      0,
      1,
      1
    ]
  },
  "econ_policy": {
    "co2_price": 102.86706695052958,
    "price_cap": 3081.009390643549,
    "cross_border_policy": "allow",
    "import_export_caps_factor": 0.828248527867212
  },
  "tech": {
    "thermal_marg_cost": 7.62959570613283,
    "thermal_ramp_pct": 0.22019165637799087,
    "battery_roundtrip_eff": 0.9342527594045591,
    "battery_e_to_p_hours": 3.9089739163082973,
    "dr_max_shed_share": 0.3051922336285625,
    "dr_duration_hours": 4.657841993203986,
    "hydro_reservoir_head_eff": 0.8230160806269337,
    "battery_initial_soc_fraction": 0.3535381908843037,
    "battery_final_soc_tolerance": 0.11193826064864051,
    "battery_self_discharge_per_hour": 0.007505048875149802,
    "pumped_initial_level_fraction": 0.6248873113980639,
    "pumped_final_level_tolerance": 0.0766245136425645,
    "pumped_self_discharge_per_hour": 0.003410997834304046
  },
  "operation_costs": {
    "thermal_fuel_eur_per_mwh": 52.017223689006556,
    "nuclear_fuel_eur_per_mwh": 19.312724339763022,
    "thermal_startup_cost_eur": 2137.809799458203,
    "nuclear_startup_cost_eur": 35888.73385443415,
    "demand_response_cost_eur_per_mwh": 434.79829187803875,
    "value_of_lost_load_eur_per_mwh": 10593.512556224323,
    "renewable_spill_cost_eur_per_mwh": 1999.3542741378035,
    "hydro_spill_cost_eur_per_mwh": 541.1288459663056,
    "overgen_spill_cost_eur_per_mwh": 2760.702442003936,
    "battery_cycle_cost_eur_per_mwh": 90.79239088368519,
    "pumped_cycle_cost_eur_per_mwh": 49.18623755269682
  },
  "exogenous": {
    "weather_profile": "overcast_summer",
    "weather_spread_intensity": 0.7391262706713166,
    "demand_profile": "heatwave",
    "demand_scale_factor": 0.9987258156738453,
    "inflow_factor": 1.4925845426884123,
    "zone_profile_variants": {
      "evening_peak": 0.28,
      "double_peak": 0.16,
      "office_peak": 0.2,
      "industrial": 0.14,
      "night_shift": 0.1,
      "residential_morning": 0.12
    },
    "zone_profile_mix_weight": [
      0.4,
      0.8
    ],
    "zone_profile_phase_shift_hours": [
      -2.5,
      2.5
    ],
    "zone_profile_noise_std": [
      0.02,
      0.06
    ],
    "zone_profile_curvature_exp": [
      0.9,
      1.18
    ],
    "region_weather": {
      "R1": {
        "weather_profile": "calm_winter",
        "weather_spread_intensity": 0.5842952883610373
      },
      "R2": {
        "weather_profile": "mixed",
        "weather_spread_intensity": 0.9554920988583437
      },
      "R3": {
        "weather_profile": "overcast_summer",
        "weather_spread_intensity": 0.6775914247945689
      }
    }
  },
  "mip_gap_target_pct": 0.7655046100052038,
  "estimates": {
    "vars_total": 94464,
    "cons_total": 122803,
    "est_cpu_hours": 1.7589892222222223
  },
  "meta": {
    "regions": 3,
    "zones": 19,
    "sites": 19,
    "intertie_density": 0.30835473160849947,
    "neighbor_nations": 5,
    "assets": {
      "thermal": 24,
      "solar": 37,
      "wind": 41,
      "battery": 20,
      "dr": 23,
      "nuclear": 3,
      "hydro_reservoir": 3,
      "hydro_ror": 22,
      "hydro_pumped": 2
    },
    "demand_scale_factor": 0.9987258156738453,
    "zone_profile_variants": {
      "evening_peak": 0.28,
      "double_peak": 0.16,
      "office_peak": 0.2,
      "industrial": 0.14,
      "night_shift": 0.1,
      "residential_morning": 0.12
    },
    "zone_profile_mix_weight": [
      0.4,
      0.8
    ],
    "weather_profile": "overcast_summer",
    "cross_border_policy": "allow",
    "price_cap": 3081.009390643549,
    "co2_price": 102.86706695052958,
    "import_export_caps_factor": 0.828248527867212,
    "operation_costs": {
      "thermal_fuel_eur_per_mwh": 52.017223689006556,
      "nuclear_fuel_eur_per_mwh": 19.312724339763022,
      "thermal_startup_cost_eur": 2137.809799458203,
      "nuclear_startup_cost_eur": 35888.73385443415,
      "demand_response_cost_eur_per_mwh": 434.79829187803875,
      "value_of_lost_load_eur_per_mwh": 10593.512556224323,
      "renewable_spill_cost_eur_per_mwh": 1999.3542741378035,
      "hydro_spill_cost_eur_per_mwh": 541.1288459663056,
      "overgen_spill_cost_eur_per_mwh": 2760.702442003936,
      "battery_cycle_cost_eur_per_mwh": 90.79239088368519,
      "pumped_cycle_cost_eur_per_mwh": 49.18623755269682
    },
    "tech_scalers": {
      "thermal_marg_cost": 7.62959570613283,
      "thermal_ramp_pct": 0.22019165637799087,
      "battery_roundtrip_eff": 0.9342527594045591,
      "battery_e_to_p_hours": 3.9089739163082973,
      "dr_max_shed_share": 0.3051922336285625,
      "dr_duration_hours": 4.657841993203986,
      "hydro_reservoir_head_eff": 0.8230160806269337,
      "battery_initial_soc_fraction": 0.3535381908843037,
      "battery_final_soc_tolerance": 0.11193826064864051,
      "battery_self_discharge_per_hour": 0.007505048875149802,
      "pumped_initial_level_fraction": 0.6248873113980639,
      "pumped_final_level_tolerance": 0.0766245136425645,
      "pumped_self_discharge_per_hour": 0.003410997834304046
    }
  },
  "flexibility_metrics": {
    "total_storage_power_mw": 1400.0,
    "total_storage_capacity_mwh": 7109.0,
    "battery_power_mw": 1000.0,
    "battery_capacity_mwh": 3909.0,
    "pumped_power_mw": 400.0,
    "pumped_capacity_mwh": 3200.0,
    "total_dr_capacity_mw": 2895.6,
    "total_ramp_up_mw_per_step": 433.8,
    "total_ramp_down_mw_per_step": 433.8,
    "thermal_flex_ratio": 0.421,
    "dr_duration_hours": 4.66,
    "battery_roundtrip_efficiency": 0.934
  },
  "difficulty_indicators": {
    "vre_penetration_pct": 37.96,
    "net_demand_volatility": 0.242,
    "peak_to_valley_ratio": 1.8,
    "estimated_milp_solve_time_seconds": 6332.4,
    "complexity_score": "hard",
    "n_binary_variables": 2304,
    "n_timesteps": 96,
    "n_zones": 19,
    "weather_profile": "overcast_summer",
    "demand_profile": "heatwave"
  }
}