{
  "id": "9e4c9b0a-b6ef-4bb3-a4f8-581b4e09924f",
  "horizon_hours": 24,
  "dt_minutes": 15,
  "graph": {
    "regions": 4,
    "zones_per_region": [
      3,
      9,
      5,
      3
    ],
    "sites_per_zone": [
      5,
      8,
      6,
      2,
      2,
      2,
      7,
      6,
      8,
      6,
      5,
      7,
      5,
      7,
      5,
      5,
      7,
      8,
      2,
      7
    ],
    "intertie_density": 0.3013644110679091,
    "neighbor_nations": 1
  },
  "assets": {
    "thermal_per_site": [
      3,
      2,
      2,
      3,
      2,
      1,
      3,
      1,
      0,
      3,
      3,
      3,
      1,
      0,
      0,
      2,
      2,
      2,
      1,
      1
    ],
    "solar_per_site": [
      3,
      2,
      3,
      3,
      2,
      1,
      1,
      3,
      3,
      1,
      1,
      1,
      2,
      3,
      3,
      3,
      3,
      3,
      2,
      2
    ],
    "wind_per_site": [
      1,
      1,
      3,
      3,
      2,
      2,
      1,
      1,
      1,
      3,
      1,
      2,
      2,
      2,
      1,
      3,
      3,
      1,
      1,
      1
    ],
    "battery_per_site": [
      1,
      0,
      2,
      0,
      0,
      0,
      1,
      0,
      1,
      0,
      0,
      0,
      0,
      1,
      1,
      0,
      0,
      0,
      2,
      2
    ],
    "dr_per_site": [
      1,
      0,
      0,
      2,
      0,
      2,
      0,
      2,
      0,
      1,
      0,
      0,
      0,
      1,
      2,
      2,
      1,
      1,
      2,
      2
    ],
    "nuclear_per_region": [
      1,
      2,
      0,
      0
    ],
    "hydro_reservoir_per_region": [
      0,
      1,
      3,
      3
    ],
    "hydro_ror_per_zone": [
      0,
      2,
      0,
      0,
      2,
      2,
      0,
      0,
      0,
      0,
      1,
      2,
      1,
      2,
      2,
      1,
      2,
      1,
      0,
      2
    ],
    "hydro_pumped_per_region": [
      1,
      0,
      1,
      2
    ]
  },
  "econ_policy": {
    "co2_price": 224.25873831805066,
    "price_cap": 1239.849512637341,
    "cross_border_policy": "block",
    "import_export_caps_factor": 0.9289763850794323
  },
  "tech": {
    "thermal_marg_cost": 9.583669037606192,
    "thermal_ramp_pct": 0.39547762101048795,
    "battery_roundtrip_eff": 0.7834913185790816,
    "battery_e_to_p_hours": 2.077211257511487,
    "dr_max_shed_share": 0.1745574556602923,
    "dr_duration_hours": 4.911786856827666,
    "hydro_reservoir_head_eff": 0.8800277234361709,
    "battery_initial_soc_fraction": 0.6044236898562929,
    "battery_final_soc_tolerance": 0.12226856623037886,
    "battery_self_discharge_per_hour": 0.003934277101678616,
    "pumped_initial_level_fraction": 0.5213862163164884,
    "pumped_final_level_tolerance": 0.06339061985277371,
    "pumped_self_discharge_per_hour": 0.0023627343887546713
  },
  "operation_costs": {
    "thermal_fuel_eur_per_mwh": 66.5770853631327,
    "nuclear_fuel_eur_per_mwh": 8.58576228068102,
    "demand_response_cost_eur_per_mwh": 869.5400214882292,
    "value_of_lost_load_eur_per_mwh": 6898.076904202477,
    "renewable_spill_cost_eur_per_mwh": 790.9391356539145,
    "hydro_spill_cost_eur_per_mwh": 991.5619852694684,
    "overgen_spill_cost_eur_per_mwh": 2539.9823269863964,
    "battery_cycle_cost_eur_per_mwh": 111.60202827566276,
    "pumped_cycle_cost_eur_per_mwh": 76.08705521702382
  },
  "exogenous": {
    "weather_profile": "stormy_winter",
    "weather_spread_intensity": 1.0965316306882895,
    "demand_profile": "heatwave",
    "demand_scale_factor": 1.3463636662680534,
    "inflow_factor": 0.8772474128865141,
    "zone_profile_variants": {
      "evening_peak": 0.28,
      "double_peak": 0.16,
      "office_peak": 0.2,
      "industrial": 0.14,
      "night_shift": 0.1,
      "residential_morning": 0.12
    },
    "zone_profile_mix_weight": [
      0.4,
      0.8
    ],
    "zone_profile_phase_shift_hours": [
      -2.5,
      2.5
    ],
    "zone_profile_noise_std": [
      0.02,
      0.06
    ],
    "zone_profile_curvature_exp": [
      0.9,
      1.18
    ],
    "region_weather": {
      "R1": {
        "weather_profile": "sunny_summer",
        "weather_spread_intensity": 1.358964749228033
      },
      "R2": {
        "weather_profile": "calm_winter",
        "weather_spread_intensity": 0.6321936823734917
      },
      "R3": {
        "weather_profile": "stormy_winter",
        "weather_spread_intensity": 1.3802916288863227
      },
      "R4": {
        "weather_profile": "stormy_winter",
        "weather_spread_intensity": 1.0146764622653108
      }
    }
  },
  "mip_gap_target_pct": 0.6122352652859179,
  "estimates": {
    "vars_total": 99360,
    "cons_total": 129168,
    "est_cpu_hours": 1.8463573333333334
  },
  "meta": {
    "regions": 4,
    "zones": 20,
    "sites": 20,
    "intertie_density": 0.3013644110679091,
    "neighbor_nations": 1,
    "assets": {
      "thermal": 35,
      "solar": 45,
      "wind": 35,
      "battery": 11,
      "dr": 19,
      "nuclear": 3,
      "hydro_reservoir": 7,
      "hydro_ror": 20,
      "hydro_pumped": 4
    },
    "demand_scale_factor": 1.3463636662680534,
    "zone_profile_variants": {
      "evening_peak": 0.28,
      "double_peak": 0.16,
      "office_peak": 0.2,
      "industrial": 0.14,
      "night_shift": 0.1,
      "residential_morning": 0.12
    },
    "zone_profile_mix_weight": [
      0.4,
      0.8
    ],
    "weather_profile": "stormy_winter",
    "cross_border_policy": "block",
    "price_cap": 1239.849512637341,
    "co2_price": 224.25873831805066,
    "import_export_caps_factor": 0.9289763850794323,
    "operation_costs": {
      "thermal_fuel_eur_per_mwh": 66.5770853631327,
      "nuclear_fuel_eur_per_mwh": 8.58576228068102,
      "demand_response_cost_eur_per_mwh": 869.5400214882292,
      "value_of_lost_load_eur_per_mwh": 6898.076904202477,
      "renewable_spill_cost_eur_per_mwh": 790.9391356539145,
      "hydro_spill_cost_eur_per_mwh": 991.5619852694684,
      "overgen_spill_cost_eur_per_mwh": 2539.9823269863964,
      "battery_cycle_cost_eur_per_mwh": 111.60202827566276,
      "pumped_cycle_cost_eur_per_mwh": 76.08705521702382
    },
    "tech_scalers": {
      "thermal_marg_cost": 9.583669037606192,
      "thermal_ramp_pct": 0.39547762101048795,
      "battery_roundtrip_eff": 0.7834913185790816,
      "battery_e_to_p_hours": 2.077211257511487,
      "dr_max_shed_share": 0.1745574556602923,
      "dr_duration_hours": 4.911786856827666,
      "hydro_reservoir_head_eff": 0.8800277234361709,
      "battery_initial_soc_fraction": 0.6044236898562929,
      "battery_final_soc_tolerance": 0.12226856623037886,
      "battery_self_discharge_per_hour": 0.003934277101678616,
      "pumped_initial_level_fraction": 0.5213862163164884,
      "pumped_final_level_tolerance": 0.06339061985277371,
      "pumped_self_discharge_per_hour": 0.0023627343887546713
    }
  },
  "flexibility_metrics": {
    "total_storage_power_mw": 1350.0,
    "total_storage_capacity_mwh": 7542.5,
    "battery_power_mw": 550.0,
    "battery_capacity_mwh": 1142.5,
    "pumped_power_mw": 800.0,
    "pumped_capacity_mwh": 6400.0,
    "total_dr_capacity_mw": 2350.2,
    "total_ramp_up_mw_per_step": 1075.6,
    "total_ramp_down_mw_per_step": 1075.6,
    "thermal_flex_ratio": 0.274,
    "dr_duration_hours": 4.91,
    "battery_roundtrip_efficiency": 0.783
  },
  "difficulty_indicators": {
    "vre_penetration_pct": 31.71,
    "net_demand_volatility": 0.333,
    "peak_to_valley_ratio": 2.42,
    "estimated_milp_solve_time_seconds": 6646.9,
    "complexity_score": "hard",
    "n_binary_variables": 3360,
    "n_timesteps": 96,
    "n_zones": 20,
    "weather_profile": "stormy_winter",
    "demand_profile": "heatwave"
  }
}