{
  "id": "62b59bf8-18fa-4542-8d9d-d537fe3ddbbb",
  "horizon_hours": 24,
  "dt_minutes": 15,
  "graph": {
    "regions": 4,
    "zones_per_region": [
      7,
      7,
      7,
      3
    ],
    "sites_per_zone": [
      6,
      3,
      2,
      5,
      6,
      5,
      4,
      5,
      6,
      3,
      3,
      4,
      7,
      6,
      5,
      8,
      3,
      5,
      5,
      7,
      3,
      3,
      3,
      5
    ],
    "intertie_density": 0.41554899882065155,
    "neighbor_nations": 1
  },
  "assets": {
    "thermal_per_site": [
      1,
      3,
      2,
      1,
      2,
      0,
      1,
      2,
      2,
      3,
      0,
      1,
      1,
      0,
      0,
      3,
      3,
      0,
      0,
      3,
      1,
      2,
      2,
      0
    ],
    "solar_per_site": [
      1,
      3,
      2,
      3,
      3,
      2,
      2,
      2,
      1,
      2,
      3,
      1,
      2,
      1,
      3,
      2,
      3,
      1,
      3,
      1,
      1,
      3,
      1,
      1
    ],
    "wind_per_site": [
      1,
      3,
      3,
      1,
      3,
      2,
      3,
      3,
      2,
      2,
      3,
      3,
      1,
      2,
      2,
      3,
      2,
      3,
      2,
      2,
      2,
      3,
      3,
      1
    ],
    "battery_per_site": [
      0,
      2,
      0,
      0,
      2,
      0,
      1,
      0,
      2,
      0,
      2,
      1,
      0,
      2,
      1,
      2,
      0,
      1,
      0,
      0,
      2,
      2,
      1,
      1
    ],
    "dr_per_site": [
      2,
      1,
      2,
      1,
      2,
      0,
      0,
      2,
      1,
      0,
      0,
      1,
      0,
      2,
      0,
      2,
      0,
      0,
      1,
      0,
      1,
      1,
      1,
      1
    ],
    "nuclear_per_region": [
      0,
      1,
      1,
      1
    ],
    "hydro_reservoir_per_region": [
      2,
      3,
      2,
      0
    ],
    "hydro_ror_per_zone": [
      0,
      0,
      2,
      2,
      2,
      1,
      0,
      0,
      0,
      1,
      2,
      1,
      1,
      0,
      0,
      2,
      1,
      0,
      2,
      0,
      2,
      1,
      2,
      2
    ],
    "hydro_pumped_per_region": [
      1,
      2,
      2,
      1
    ]
  },
  "econ_policy": {
    "co2_price": 72.91438895789602,
    "price_cap": 3565.88979056715,
    "cross_border_policy": "block",
    "import_export_caps_factor": 1.3549858897967888
  },
  "tech": {
    "thermal_marg_cost": 4.280430130152555,
    "thermal_ramp_pct": 0.18249025017087317,
    "battery_roundtrip_eff": 0.890089791567152,
    "battery_e_to_p_hours": 4.459722171888311,
    "dr_max_shed_share": 0.2263539614644457,
    "dr_duration_hours": 3.8022292720744053,
    "hydro_reservoir_head_eff": 0.8605518639014368,
    "battery_initial_soc_fraction": 0.5008905711582206,
    "battery_final_soc_tolerance": 0.12722766228347676,
    "battery_self_discharge_per_hour": 0.005023665545697121,
    "pumped_initial_level_fraction": 0.5424411841988065,
    "pumped_final_level_tolerance": 0.16445980153852283,
    "pumped_self_discharge_per_hour": 0.002516798983927585
  },
  "operation_costs": {
    "thermal_fuel_eur_per_mwh": 83.08718166418872,
    "nuclear_fuel_eur_per_mwh": 14.63513578441389,
    "demand_response_cost_eur_per_mwh": 930.0990425145748,
    "value_of_lost_load_eur_per_mwh": 7065.949448625349,
    "renewable_spill_cost_eur_per_mwh": 1010.4995359630923,
    "hydro_spill_cost_eur_per_mwh": 374.2621575515965,
    "overgen_spill_cost_eur_per_mwh": 5833.813401515952,
    "battery_cycle_cost_eur_per_mwh": 69.01280656044798,
    "pumped_cycle_cost_eur_per_mwh": 79.06721567869084
  },
  "exogenous": {
    "weather_profile": "sunny_summer",
    "weather_spread_intensity": 1.0415556645456223,
    "demand_profile": "heatwave",
    "demand_scale_factor": 1.101391289506697,
    "inflow_factor": 1.0829409581710254,
    "zone_profile_variants": {
      "evening_peak": 0.28,
      "double_peak": 0.16,
      "office_peak": 0.2,
      "industrial": 0.14,
      "night_shift": 0.1,
      "residential_morning": 0.12
    },
    "zone_profile_mix_weight": [
      0.4,
      0.8
    ],
    "zone_profile_phase_shift_hours": [
      -2.5,
      2.5
    ],
    "zone_profile_noise_std": [
      0.02,
      0.06
    ],
    "zone_profile_curvature_exp": [
      0.9,
      1.18
    ],
    "region_weather": {
      "R1": {
        "weather_profile": "sunny_summer",
        "weather_spread_intensity": 0.8104865730352874
      },
      "R2": {
        "weather_profile": "calm_winter",
        "weather_spread_intensity": 1.3521740244305613
      },
      "R3": {
        "weather_profile": "overcast_summer",
        "weather_spread_intensity": 1.092052667962425
      },
      "R4": {
        "weather_profile": "sunny_summer",
        "weather_spread_intensity": 0.9115093927542152
      }
    }
  },
  "mip_gap_target_pct": 1.2724168187012754,
  "estimates": {
    "vars_total": 118656,
    "cons_total": 154252,
    "est_cpu_hours": 2.1906768888888895
  },
  "meta": {
    "regions": 4,
    "zones": 24,
    "sites": 24,
    "intertie_density": 0.41554899882065155,
    "neighbor_nations": 1,
    "assets": {
      "thermal": 33,
      "solar": 47,
      "wind": 55,
      "battery": 22,
      "dr": 21,
      "nuclear": 3,
      "hydro_reservoir": 7,
      "hydro_ror": 24,
      "hydro_pumped": 6
    },
    "demand_scale_factor": 1.101391289506697,
    "zone_profile_variants": {
      "evening_peak": 0.28,
      "double_peak": 0.16,
      "office_peak": 0.2,
      "industrial": 0.14,
      "night_shift": 0.1,
      "residential_morning": 0.12
    },
    "zone_profile_mix_weight": [
      0.4,
      0.8
    ],
    "weather_profile": "sunny_summer",
    "cross_border_policy": "block",
    "price_cap": 3565.88979056715,
    "co2_price": 72.91438895789602,
    "import_export_caps_factor": 1.3549858897967888,
    "operation_costs": {
      "thermal_fuel_eur_per_mwh": 83.08718166418872,
      "nuclear_fuel_eur_per_mwh": 14.63513578441389,
      "demand_response_cost_eur_per_mwh": 930.0990425145748,
      "value_of_lost_load_eur_per_mwh": 7065.949448625349,
      "renewable_spill_cost_eur_per_mwh": 1010.4995359630923,
      "hydro_spill_cost_eur_per_mwh": 374.2621575515965,
      "overgen_spill_cost_eur_per_mwh": 5833.813401515952,
      "battery_cycle_cost_eur_per_mwh": 69.01280656044798,
      "pumped_cycle_cost_eur_per_mwh": 79.06721567869084
    },
    "tech_scalers": {
      "thermal_marg_cost": 4.280430130152555,
      "thermal_ramp_pct": 0.18249025017087317,
      "battery_roundtrip_eff": 0.890089791567152,
      "battery_e_to_p_hours": 4.459722171888311,
      "dr_max_shed_share": 0.2263539614644457,
      "dr_duration_hours": 3.8022292720744053,
      "hydro_reservoir_head_eff": 0.8605518639014368,
      "battery_initial_soc_fraction": 0.5008905711582206,
      "battery_final_soc_tolerance": 0.12722766228347676,
      "battery_self_discharge_per_hour": 0.005023665545697121,
      "pumped_initial_level_fraction": 0.5424411841988065,
      "pumped_final_level_tolerance": 0.16445980153852283,
      "pumped_self_discharge_per_hour": 0.002516798983927585
    }
  }
}