{
  "id": "054a30a2-c3a4-496c-aa93-9b60f170ce21",
  "horizon_hours": 24,
  "dt_minutes": 15,
  "graph": {
    "regions": 5,
    "zones_per_region": [
      5,
      5,
      3,
      3,
      8
    ],
    "sites_per_zone": [
      2,
      2,
      7,
      8,
      8,
      3,
      7,
      4,
      5,
      5,
      7,
      7,
      4,
      7,
      4,
      5,
      2,
      4,
      5,
      4,
      6,
      3,
      5,
      8
    ],
    "intertie_density": 0.2526037399655521,
    "neighbor_nations": 3
  },
  "assets": {
    "thermal_per_site": [
      2,
      1,
      0,
      3,
      0,
      0,
      2,
      2,
      2,
      0,
      0,
      2,
      3,
      2,
      2,
      1,
      0,
      1,
      1,
      0,
      2,
      0,
      0,
      3
    ],
    "solar_per_site": [
      1,
      1,
      3,
      1,
      2,
      3,
      2,
      2,
      2,
      1,
      1,
      2,
      1,
      1,
      3,
      2,
      2,
      2,
      3,
      3,
      3,
      2,
      1,
      1
    ],
    "wind_per_site": [
      3,
      3,
      3,
      3,
      2,
      3,
      3,
      3,
      3,
      2,
      3,
      1,
      2,
      1,
      1,
      1,
      1,
      3,
      1,
      3,
      3,
      2,
      3,
      1
    ],
    "battery_per_site": [
      0,
      0,
      2,
      1,
      1,
      2,
      1,
      0,
      2,
      0,
      0,
      0,
      0,
      2,
      2,
      2,
      2,
      1,
      2,
      2,
      2,
      2,
      1,
      1
    ],
    "dr_per_site": [
      1,
      0,
      1,
      1,
      1,
      1,
      2,
      0,
      0,
      1,
      0,
      0,
      2,
      2,
      1,
      1,
      2,
      1,
      2,
      0,
      2,
      0,
      0,
      2
    ],
    "nuclear_per_region": [
      2,
      0,
      2,
      1,
      1
    ],
    "hydro_reservoir_per_region": [
      2,
      3,
      1,
      2,
      3
    ],
    "hydro_ror_per_zone": [
      1,
      1,
      2,
      2,
      1,
      1,
      1,
      2,
      0,
      0,
      1,
      0,
      2,
      0,
      2,
      1,
      2,
      0,
      1,
      1,
      0,
      1,
      1,
      0
    ],
    "hydro_pumped_per_region": [
      2,
      0,
      0,
      1,
      0
    ]
  },
  "econ_policy": {
    "co2_price": 57.186160429453395,
    "price_cap": 2752.3390986329755,
    "cross_border_policy": "block",
    "import_export_caps_factor": 1.535448230219799
  },
  "tech": {
    "thermal_marg_cost": 13.459739719221446,
    "thermal_ramp_pct": 0.17877691662916956,
    "battery_roundtrip_eff": 0.7920612544546095,
    "battery_e_to_p_hours": 4.083382698462257,
    "dr_max_shed_share": 0.07491257756033157,
    "dr_duration_hours": 1.5847364721851667,
    "hydro_reservoir_head_eff": 0.7760132325188526,
    "battery_initial_soc_fraction": 0.5276182852870264,
    "battery_final_soc_tolerance": 0.17313123452498427,
    "battery_self_discharge_per_hour": 0.0020716546866548537,
    "pumped_initial_level_fraction": 0.634653694284869,
    "pumped_final_level_tolerance": 0.09263120673816973,
    "pumped_self_discharge_per_hour": 0.0005074018619234115
  },
  "operation_costs": {
    "thermal_fuel_eur_per_mwh": 71.75947875831892,
    "nuclear_fuel_eur_per_mwh": 13.490187020560015,
    "demand_response_cost_eur_per_mwh": 538.3286515511289,
    "value_of_lost_load_eur_per_mwh": 6596.586606230336,
    "renewable_spill_cost_eur_per_mwh": 1170.8432887188276,
    "hydro_spill_cost_eur_per_mwh": 431.70661341754635,
    "overgen_spill_cost_eur_per_mwh": 7637.875659050488,
    "battery_cycle_cost_eur_per_mwh": 111.61327616441287,
    "pumped_cycle_cost_eur_per_mwh": 56.94654296379583
  },
  "exogenous": {
    "weather_profile": "stormy_winter",
    "weather_spread_intensity": 1.1201531010122054,
    "demand_profile": "heatwave",
    "demand_scale_factor": 1.1654621493918706,
    "inflow_factor": 1.0070355936609787,
    "zone_profile_variants": {
      "evening_peak": 0.28,
      "double_peak": 0.16,
      "office_peak": 0.2,
      "industrial": 0.14,
      "night_shift": 0.1,
      "residential_morning": 0.12
    },
    "zone_profile_mix_weight": [
      0.4,
      0.8
    ],
    "zone_profile_phase_shift_hours": [
      -2.5,
      2.5
    ],
    "zone_profile_noise_std": [
      0.02,
      0.06
    ],
    "zone_profile_curvature_exp": [
      0.9,
      1.18
    ],
    "region_weather": {
      "R1": {
        "weather_profile": "sunny_summer",
        "weather_spread_intensity": 1.4582603571253494
      },
      "R2": {
        "weather_profile": "stormy_winter",
        "weather_spread_intensity": 0.8385536185900678
      },
      "R3": {
        "weather_profile": "stormy_winter",
        "weather_spread_intensity": 1.0023508453002403
      },
      "R4": {
        "weather_profile": "stormy_winter",
        "weather_spread_intensity": 1.3632341435006339
      },
      "R5": {
        "weather_profile": "stormy_winter",
        "weather_spread_intensity": 0.9383665405447356
      }
    }
  },
  "mip_gap_target_pct": 1.450579440201992,
  "estimates": {
    "vars_total": 120096,
    "cons_total": 156124,
    "est_cpu_hours": 2.216372888888889
  },
  "meta": {
    "regions": 5,
    "zones": 24,
    "sites": 24,
    "intertie_density": 0.2526037399655521,
    "neighbor_nations": 3,
    "assets": {
      "thermal": 29,
      "solar": 45,
      "wind": 54,
      "battery": 28,
      "dr": 23,
      "nuclear": 6,
      "hydro_reservoir": 11,
      "hydro_ror": 23,
      "hydro_pumped": 3
    },
    "demand_scale_factor": 1.1654621493918706,
    "zone_profile_variants": {
      "evening_peak": 0.28,
      "double_peak": 0.16,
      "office_peak": 0.2,
      "industrial": 0.14,
      "night_shift": 0.1,
      "residential_morning": 0.12
    },
    "zone_profile_mix_weight": [
      0.4,
      0.8
    ],
    "weather_profile": "stormy_winter",
    "cross_border_policy": "block",
    "price_cap": 2752.3390986329755,
    "co2_price": 57.186160429453395,
    "import_export_caps_factor": 1.535448230219799,
    "operation_costs": {
      "thermal_fuel_eur_per_mwh": 71.75947875831892,
      "nuclear_fuel_eur_per_mwh": 13.490187020560015,
      "demand_response_cost_eur_per_mwh": 538.3286515511289,
      "value_of_lost_load_eur_per_mwh": 6596.586606230336,
      "renewable_spill_cost_eur_per_mwh": 1170.8432887188276,
      "hydro_spill_cost_eur_per_mwh": 431.70661341754635,
      "overgen_spill_cost_eur_per_mwh": 7637.875659050488,
      "battery_cycle_cost_eur_per_mwh": 111.61327616441287,
      "pumped_cycle_cost_eur_per_mwh": 56.94654296379583
    },
    "tech_scalers": {
      "thermal_marg_cost": 13.459739719221446,
      "thermal_ramp_pct": 0.17877691662916956,
      "battery_roundtrip_eff": 0.7920612544546095,
      "battery_e_to_p_hours": 4.083382698462257,
      "dr_max_shed_share": 0.07491257756033157,
      "dr_duration_hours": 1.5847364721851667,
      "hydro_reservoir_head_eff": 0.7760132325188526,
      "battery_initial_soc_fraction": 0.5276182852870264,
      "battery_final_soc_tolerance": 0.17313123452498427,
      "battery_self_discharge_per_hour": 0.0020716546866548537,
      "pumped_initial_level_fraction": 0.634653694284869,
      "pumped_final_level_tolerance": 0.09263120673816973,
      "pumped_self_discharge_per_hour": 0.0005074018619234115
    }
  },
  "flexibility_metrics": {
    "total_storage_power_mw": 2000.0,
    "total_storage_capacity_mwh": 10516.7,
    "battery_power_mw": 1400.0,
    "battery_capacity_mwh": 5716.7,
    "pumped_power_mw": 600.0,
    "pumped_capacity_mwh": 4800.0,
    "total_dr_capacity_mw": 1047.7,
    "total_ramp_up_mw_per_step": 463.8,
    "total_ramp_down_mw_per_step": 463.8,
    "thermal_flex_ratio": 0.207,
    "dr_duration_hours": 1.58,
    "battery_roundtrip_efficiency": 0.792
  },
  "difficulty_indicators": {
    "vre_penetration_pct": 33.69,
    "net_demand_volatility": 0.333,
    "peak_to_valley_ratio": 2.1,
    "estimated_milp_solve_time_seconds": 7978.9,