{
  "id": "b60539ad-189b-424b-928e-4fb8157ef58f",
  "horizon_hours": 24,
  "dt_minutes": 15,
  "graph": {
    "regions": 2,
    "zones_per_region": [
      6,
      8
    ],
    "sites_per_zone": [
      2,
      3,
      5,
      2,
      8,
      7,
      2,
      7,
      8,
      5,
      3,
      4,
      3,
      2
    ],
    "intertie_density": 0.5222008430917978,
    "neighbor_nations": 2
  },
  "assets": {
    "thermal_per_site": [
      2,
      1,
      0,
      1,
      0,
      3,
      3,
      1,
      3,
      1,
      3,
      3,
      3,
      3
    ],
    "solar_per_site": [
      3,
      2,
      1,
      3,
      2,
      3,
      2,
      1,
      3,
      3,
      2,
      2,
      1,
      3
    ],
    "wind_per_site": [
      3,
      1,
      3,
      2,
      3,
      2,
      3,
      1,
      1,
      3,
      1,
      2,
      1,
      2
    ],
    "battery_per_site": [
      2,
      1,
      2,
      2,
      1,
      0,
      1,
      0,
      2,
      1,
      1,
      0,
      1,
      1
    ],
    "dr_per_site": [
      2,
      2,
      2,
      1,
      2,
      1,
      0,
      1,
      1,
      0,
      2,
      1,
      2,
      1
    ],
    "nuclear_per_region": [
      1,
      0
    ],
    "hydro_reservoir_per_region": [
      0,
      0
    ],
    "hydro_ror_per_zone": [
      0,
      0,
      1,
      2,
      1,
      0,
      0,
      0,
      2,
      2,
      2,
      1,
      2,
      2
    ],
    "hydro_pumped_per_region": [
      1,
      2
    ]
  },
  "econ_policy": {
    "co2_price": 138.34036815197732,
    "price_cap": 2189.330918883116,
    "cross_border_policy": "allow",
    "import_export_caps_factor": 1.1098416082743672
  },
  "tech": {
    "thermal_marg_cost": 9.70008714406399,
    "thermal_ramp_pct": 0.18843411247270747,
    "battery_roundtrip_eff": 0.8293993450300032,
    "battery_e_to_p_hours": 2.7131114471128726,
    "dr_max_shed_share": 0.18118093897553328,
    "dr_duration_hours": 1.462594841035386,
    "hydro_reservoir_head_eff": 0.9299660636268978,
    "battery_initial_soc_fraction": 0.6238962599565263,
    "battery_final_soc_tolerance": 0.11809979408160774,
    "battery_self_discharge_per_hour": 0.006704728207611097,
    "pumped_initial_level_fraction": 0.6055003618838845,
    "pumped_final_level_tolerance": 0.0685903073117559,
    "pumped_self_discharge_per_hour": 0.003005312864277743
  },
  "operation_costs": {
    "thermal_fuel_eur_per_mwh": 49.03724191926353,
    "nuclear_fuel_eur_per_mwh": 11.582263522749296,
    "demand_response_cost_eur_per_mwh": 936.9533293295088,
    "value_of_lost_load_eur_per_mwh": 8371.145369081165,
    "renewable_spill_cost_eur_per_mwh": 1513.7405489605644,
    "hydro_spill_cost_eur_per_mwh": 1057.8256556143288,
    "overgen_spill_cost_eur_per_mwh": 4087.3890836009286,
    "battery_cycle_cost_eur_per_mwh": 103.6584743956596,
    "pumped_cycle_cost_eur_per_mwh": 45.46992574388298
  },
  "exogenous": {
    "weather_profile": "overcast_summer",
    "weather_spread_intensity": 0.9462561974132334,
    "demand_profile": "wkend_flat",
    "demand_scale_factor": 0.9696348564785366,
    "inflow_factor": 1.5372464268259818,
    "zone_profile_variants": {
      "evening_peak": 0.28,
      "double_peak": 0.16,
      "office_peak": 0.2,
      "industrial": 0.14,
      "night_shift": 0.1,
      "residential_morning": 0.12
    },
    "zone_profile_mix_weight": [
      0.4,
      0.8
    ],
    "zone_profile_phase_shift_hours": [
      -2.5,
      2.5
    ],
    "zone_profile_noise_std": [
      0.02,
      0.06
    ],
    "zone_profile_curvature_exp": [
      0.9,
      1.18
    ],
    "region_weather": {
      "R1": {
        "weather_profile": "overcast_summer",
        "weather_spread_intensity": 1.2366779526425185
      },
      "R2": {
        "weather_profile": "mixed",
        "weather_spread_intensity": 0.6558344421839484
      }
    }
  },
  "mip_gap_target_pct": 0.8618814983149172,
  "estimates": {
    "vars_total": 72960,
    "cons_total": 94848,
    "est_cpu_hours": 1.3752639999999998
  },
  "meta": {
    "regions": 2,
    "zones": 14,
    "sites": 14,
    "intertie_density": 0.5222008430917978,
    "neighbor_nations": 2,
    "assets": {
      "thermal": 27,
      "solar": 31,
      "wind": 28,
      "battery": 15,
      "dr": 18,
      "nuclear": 1,
      "hydro_reservoir": 0,
      "hydro_ror": 15,
      "hydro_pumped": 3
    },
    "demand_scale_factor": 0.9696348564785366,
    "zone_profile_variants": {
      "evening_peak": 0.28,
      "double_peak": 0.16,
      "office_peak": 0.2,
      "industrial": 0.14,
      "night_shift": 0.1,
      "residential_morning": 0.12
    },
    "zone_profile_mix_weight": [
      0.4,
      0.8
    ],
    "weather_profile": "overcast_summer",
    "cross_border_policy": "allow",
    "price_cap": 2189.330918883116,
    "co2_price": 138.34036815197732,
    "import_export_caps_factor": 1.1098416082743672,
    "operation_costs": {
      "thermal_fuel_eur_per_mwh": 49.03724191926353,
      "nuclear_fuel_eur_per_mwh": 11.582263522749296,
      "demand_response_cost_eur_per_mwh": 936.9533293295088,
      "value_of_lost_load_eur_per_mwh": 8371.145369081165,
      "renewable_spill_cost_eur_per_mwh": 1513.7405489605644,
      "hydro_spill_cost_eur_per_mwh": 1057.8256556143288,
      "overgen_spill_cost_eur_per_mwh": 4087.3890836009286,
      "battery_cycle_cost_eur_per_mwh": 103.6584743956596,
      "pumped_cycle_cost_eur_per_mwh": 45.46992574388298
    },
    "tech_scalers": {
      "thermal_marg_cost": 9.70008714406399,
      "thermal_ramp_pct": 0.18843411247270747,
      "battery_roundtrip_eff": 0.8293993450300032,
      "battery_e_to_p_hours": 2.7131114471128726,
      "dr_max_shed_share": 0.18118093897553328,
      "dr_duration_hours": 1.462594841035386,
      "hydro_reservoir_head_eff": 0.9299660636268978,
      "battery_initial_soc_fraction": 0.6238962599565263,
      "battery_final_soc_tolerance": 0.11809979408160774,
      "battery_self_discharge_per_hour": 0.006704728207611097,
      "pumped_initial_level_fraction": 0.6055003618838845,
      "pumped_final_level_tolerance": 0.0685903073117559,
      "pumped_self_discharge_per_hour": 0.003005312864277743
    }
  },
  "flexibility_metrics": {
    "total_storage_power_mw": 1350.0,
    "total_storage_capacity_mwh": 6834.8,
    "battery_power_mw": 750.0,
    "battery_capacity_mwh": 2034.8,
    "pumped_power_mw": 600.0,
    "pumped_capacity_mwh": 4800.0,
    "total_dr_capacity_mw": 1229.8,
    "total_ramp_up_mw_per_step": 394.1,
    "total_ramp_down_mw_per_step": 394.1,
    "thermal_flex_ratio": 0.283,
    "dr_duration_hours": 1.46,
    "battery_roundtrip_efficiency": 0.829
  },
  "difficulty_indicators": {
    "vre_penetration_pct": 37.63,
    "net_demand_volatility": 0.128,
    "peak_to_valley_ratio": 1.75,
    "estimated_milp_solve_time_seconds": 4951.0,
    "complexity_score": "hard",
    "n_binary_variables": 2592,
    "n_timesteps": 96,
    "n_zones": 14,
    "weather_profile": "overcast_summer",
    "demand_profile": "wkend_flat"
  }
}