{
  "id": "13c63285-afb8-475d-ad24-ea812a05684c",
  "horizon_hours": 24,
  "dt_minutes": 15,
  "graph": {
    "regions": 2,
    "zones_per_region": [
      3,
      3
    ],
    "sites_per_zone": [
      8,
      2,
      7,
      3,
      3,
      3
    ],
    "intertie_density": 0.5489643375330184,
    "neighbor_nations": 3
  },
  "assets": {
    "thermal_per_site": [
      3,
      0,
      1,
      0,
      0,
      2
    ],
    "solar_per_site": [
      3,
      2,
      1,
      2,
      3,
      1
    ],
    "wind_per_site": [
      2,
      1,
      1,
      3,
      3,
      2
    ],
    "battery_per_site": [
      1,
      0,
      1,
      0,
      1,
      2
    ],
    "dr_per_site": [
      1,
      1,
      1,
      0,
      2,
      1
    ],
    "nuclear_per_region": [
      1,
      1
    ],
    "hydro_reservoir_per_region": [
      3,
      2
    ],
    "hydro_ror_per_zone": [
      0,
      2,
      1,
      0,
      2,
      0
    ],
    "hydro_pumped_per_region": [
      0,
      0
    ]
  },
  "econ_policy": {
    "co2_price": 110.14721186425244,
    "price_cap": 1270.4456639332032,
    "cross_border_policy": "cap",
    "import_export_caps_factor": 0.6180022213237468
  },
  "tech": {
    "thermal_marg_cost": 7.443425574882351,
    "thermal_ramp_pct": 0.4200810257006365,
    "battery_roundtrip_eff": 0.850712738932809,
    "battery_e_to_p_hours": 4.347575397625784,
    "dr_max_shed_share": 0.09517094752759692,
    "dr_duration_hours": 3.6831677973803227,
    "hydro_reservoir_head_eff": 1.018891040337809,
    "battery_initial_soc_fraction": 0.560700092256263,
    "battery_final_soc_tolerance": 0.09811265897609613,
    "battery_self_discharge_per_hour": 0.005354608519797855,
    "pumped_initial_level_fraction": 0.6585997864854576,
    "pumped_final_level_tolerance": 0.14440903738854424,
    "pumped_self_discharge_per_hour": 0.002064443938345292
  },
  "operation_costs": {
    "thermal_fuel_eur_per_mwh": 61.07763711986807,
    "nuclear_fuel_eur_per_mwh": 8.389775847007382,
    "demand_response_cost_eur_per_mwh": 622.3865498752307,
    "value_of_lost_load_eur_per_mwh": 8825.725752715092,
    "renewable_spill_cost_eur_per_mwh": 620.7406904204151,
    "hydro_spill_cost_eur_per_mwh": 904.2160207179875,
    "overgen_spill_cost_eur_per_mwh": 5358.745383309253,
    "battery_cycle_cost_eur_per_mwh": 111.00724009519533,
    "pumped_cycle_cost_eur_per_mwh": 76.94821610418461
  },
  "exogenous": {
    "weather_profile": "overcast_summer",
    "weather_spread_intensity": 0.7832148532301093,
    "demand_profile": "heatwave",
    "demand_scale_factor": 1.2129379198155434,
    "inflow_factor": 0.7372784875557715,
    "zone_profile_variants": {
      "evening_peak": 0.28,
      "double_peak": 0.16,
      "office_peak": 0.2,
      "industrial": 0.14,
      "night_shift": 0.1,
      "residential_morning": 0.12
    },
    "zone_profile_mix_weight": [
      0.4,
      0.8
    ],
    "zone_profile_phase_shift_hours": [
      -2.5,
      2.5
    ],
    "zone_profile_noise_std": [
      0.02,
      0.06
    ],
    "zone_profile_curvature_exp": [
      0.9,
      1.18
    ],
    "region_weather": {
      "R1": {
        "weather_profile": "overcast_summer",
        "weather_spread_intensity": 1.0509563338842427
      },
      "R2": {
        "weather_profile": "mixed",
        "weather_spread_intensity": 0.515473372575976
      }
    }
  },
  "mip_gap_target_pct": 1.0131404417041312,
  "estimates": {
    "vars_total": 29376,
    "cons_total": 38188,
    "est_cpu_hours": 0.597524888888889
  },
  "meta": {
    "regions": 2,
    "zones": 6,
    "sites": 6,
    "intertie_density": 0.5489643375330184,
    "neighbor_nations": 3,
    "assets": {
      "thermal": 6,
      "solar": 12,
      "wind": 12,
      "battery": 5,
      "dr": 6,
      "nuclear": 2,
      "hydro_reservoir": 5,
      "hydro_ror": 5,
      "hydro_pumped": 0
    },
    "demand_scale_factor": 1.2129379198155434,
    "zone_profile_variants": {
      "evening_peak": 0.28,
      "double_peak": 0.16,
      "office_peak": 0.2,
      "industrial": 0.14,
      "night_shift": 0.1,
      "residential_morning": 0.12
    },
    "zone_profile_mix_weight": [
      0.4,
      0.8
    ],
    "weather_profile": "overcast_summer",
    "cross_border_policy": "cap",
    "price_cap": 1270.4456639332032,
    "co2_price": 110.14721186425244,
    "import_export_caps_factor": 0.6180022213237468,
    "operation_costs": {
      "thermal_fuel_eur_per_mwh": 61.07763711986807,
      "nuclear_fuel_eur_per_mwh": 8.389775847007382,
      "demand_response_cost_eur_per_mwh": 622.3865498752307,
      "value_of_lost_load_eur_per_mwh": 8825.725752715092,
      "renewable_spill_cost_eur_per_mwh": 620.7406904204151,
      "hydro_spill_cost_eur_per_mwh": 904.2160207179875,
      "overgen_spill_cost_eur_per_mwh": 5358.745383309253,
      "battery_cycle_cost_eur_per_mwh": 111.00724009519533,
      "pumped_cycle_cost_eur_per_mwh": 76.94821610418461
    },
    "tech_scalers": {
      "thermal_marg_cost": 7.443425574882351,
      "thermal_ramp_pct": 0.4200810257006365,
      "battery_roundtrip_eff": 0.850712738932809,
      "battery_e_to_p_hours": 4.347575397625784,
      "dr_max_shed_share": 0.09517094752759692,
      "dr_duration_hours": 3.6831677973803227,
      "hydro_reservoir_head_eff": 1.018891040337809,
      "battery_initial_soc_fraction": 0.560700092256263,
      "battery_final_soc_tolerance": 0.09811265897609613,
      "battery_self_discharge_per_hour": 0.005354608519797855,
      "pumped_initial_level_fraction": 0.6585997864854576,
      "pumped_final_level_tolerance": 0.14440903738854424,
      "pumped_self_discharge_per_hour": 0.002064443938345292
    }
  },
  "flexibility_metrics": {
    "total_storage_power_mw": 250.0,
    "total_storage_capacity_mwh": 1086.9,
    "battery_power_mw": 250.0,
    "battery_capacity_mwh": 1086.9,
    "pumped_power_mw": 0.0,
    "pumped_capacity_mwh": 0.0,
    "total_dr_capacity_mw": 346.3,
    "total_ramp_up_mw_per_step": 214.0,
    "total_ramp_down_mw_per_step": 214.0,
    "thermal_flex_ratio": 0.157,
    "dr_duration_hours": 3.68,
    "battery_roundtrip_efficiency": 0.851
  },
  "difficulty_indicators": {
    "vre_penetration_pct": 29.13,
    "net_demand_volatility": 0.242,
    "peak_to_valley_ratio": 2.18,
    "estimated_milp_solve_time_seconds": 2151.1,
    "complexity_score": "easy",
    "n_binary_variables": 576,
    "n_timesteps": 96,
    "n_zones": 6,
    "weather_profile": "overcast_summer",
    "demand_profile": "heatwave"
  }
}