{
  "id": "1977a569-cb04-4fa7-90a1-a7d1d687b3f3",
  "horizon_hours": 24,
  "dt_minutes": 15,
  "graph": {
    "regions": 3,
    "zones_per_region": [
      6,
      8,
      7
    ],
    "sites_per_zone": [
      3,
      8,
      6,
      3,
      7,
      8,
      3,
      5,
      8,
      3,
      8,
      8,
      4,
      2,
      7,
      8,
      7,
      8,
      5,
      4,
      7
    ],
    "intertie_density": 0.49986367490120276,
    "neighbor_nations": 2
  },
  "assets": {
    "thermal_per_site": [
      3,
      3,
      1,
      3,
      3,
      0,
      1,
      1,
      2,
      2,
      1,
      0,
      1,
      3,
      3,
      2,
      2,
      2,
      2,
      0,
      1
    ],
    "solar_per_site": [
      1,
      1,
      1,
      3,
      2,
      1,
      2,
      1,
      2,
      1,
      3,
      2,
      2,
      3,
      3,
      1,
      3,
      1,
      1,
      2,
      1
    ],
    "wind_per_site": [
      3,
      2,
      2,
      1,
      3,
      1,
      3,
      2,
      1,
      3,
      2,
      3,
      3,
      1,
      3,
      1,
      1,
      3,
      2,
      1,
      3
    ],
    "battery_per_site": [
      2,
      1,
      2,
      1,
      0,
      1,
      2,
      2,
      1,
      2,
      1,
      0,
      0,
      1,
      0,
      2,
      1,
      1,
      1,
      2,
      0
    ],
    "dr_per_site": [
      1,
      1,
      1,
      1,
      0,
      0,
      2,
      0,
      2,
      1,
      1,
      2,
      1,
      0,
      1,
      2,
      0,
      1,
      2,
      1,
      2
    ],
    "nuclear_per_region": [
      2,
      0,
      2
    ],
    "hydro_reservoir_per_region": [
      2,
      1,
      3
    ],
    "hydro_ror_per_zone": [
      0,
      2,
      0,
      1,
      1,
      1,
      1,
      2,
      1,
      0,
      0,
      2,
      2,
      1,
      0,
      1,
      0,
      2,
      2,
      2,
      2
    ],
    "hydro_pumped_per_region": [
      1,
      2,
      2
    ]
  },
  "econ_policy": {
    "co2_price": 39.472629148290636,
    "price_cap": 995.0863308959293,
    "cross_border_policy": "cap",
    "import_export_caps_factor": 1.0050249612025204
  },
  "tech": {
    "thermal_marg_cost": 2.1548692013752513,
    "thermal_ramp_pct": 0.129158713463846,
    "battery_roundtrip_eff": 0.8672974807297349,
    "battery_e_to_p_hours": 3.672030880809399,
    "dr_max_shed_share": 0.27193443393862654,
    "dr_duration_hours": 3.462825285592066,
    "hydro_reservoir_head_eff": 0.762969582234474,
    "battery_initial_soc_fraction": 0.43953717513138935,
    "battery_final_soc_tolerance": 0.10597453868822697,
    "battery_self_discharge_per_hour": 0.0011427946854630317,
    "pumped_initial_level_fraction": 0.4474441823287429,
    "pumped_final_level_tolerance": 0.12846374805080613,
    "pumped_self_discharge_per_hour": 0.0036830660340330863
  },
  "operation_costs": {
    "thermal_fuel_eur_per_mwh": 66.85218160731965,
    "nuclear_fuel_eur_per_mwh": 14.777706686730623,
    "demand_response_cost_eur_per_mwh": 767.6520013968936,
    "value_of_lost_load_eur_per_mwh": 8895.487047850771,
    "renewable_spill_cost_eur_per_mwh": 1519.502734010278,
    "hydro_spill_cost_eur_per_mwh": 829.6185024716805,
    "overgen_spill_cost_eur_per_mwh": 7935.800676207297,
    "battery_cycle_cost_eur_per_mwh": 114.79048547600962,
    "pumped_cycle_cost_eur_per_mwh": 70.65482405774802
  },
  "exogenous": {
    "weather_profile": "mixed",
    "weather_spread_intensity": 0.9425548099807823,
    "demand_profile": "heatwave",
    "demand_scale_factor": 0.8131132093066314,
    "inflow_factor": 0.8999914634790733,
    "zone_profile_variants": {
      "evening_peak": 0.28,
      "double_peak": 0.16,
      "office_peak": 0.2,
      "industrial": 0.14,
      "night_shift": 0.1,
      "residential_morning": 0.12
    },
    "zone_profile_mix_weight": [
      0.4,
      0.8
    ],
    "zone_profile_phase_shift_hours": [
      -2.5,
      2.5
    ],
    "zone_profile_noise_std": [
      0.02,
      0.06
    ],
    "zone_profile_curvature_exp": [
      0.9,
      1.18
    ],
    "region_weather": {
      "R1": {
        "weather_profile": "sunny_summer",
        "weather_spread_intensity": 1.193311106293134
      },
      "R2": {
        "weather_profile": "mixed",
        "weather_spread_intensity": 0.689063510487906
      },
      "R3": {
        "weather_profile": "mixed",
        "weather_spread_intensity": 0.9452898131613067
      }
    }
  },
  "mip_gap_target_pct": 1.2039110105745174,
  "estimates": {
    "vars_total": 107904,
    "cons_total": 140275,
    "est_cpu_hours": 1.9988185555555555
  },
  "meta": {
    "regions": 3,
    "zones": 21,
    "sites": 21,
    "intertie_density": 0.49986367490120276,
    "neighbor_nations": 2,
    "assets": {
      "thermal": 36,
      "solar": 37,
      "wind": 44,
      "battery": 23,
      "dr": 22,
      "nuclear": 4,
      "hydro_reservoir": 6,
      "hydro_ror": 23,
      "hydro_pumped": 5
    },
    "demand_scale_factor": 0.8131132093066314,
    "zone_profile_variants": {
      "evening_peak": 0.28,
      "double_peak": 0.16,
      "office_peak": 0.2,
      "industrial": 0.14,
      "night_shift": 0.1,
      "residential_morning": 0.12
    },
    "zone_profile_mix_weight": [
      0.4,
      0.8
    ],
    "weather_profile": "mixed",
    "cross_border_policy": "cap",
    "price_cap": 995.0863308959293,
    "co2_price": 39.472629148290636,
    "import_export_caps_factor": 1.0050249612025204,
    "operation_costs": {
      "thermal_fuel_eur_per_mwh": 66.85218160731965,
      "nuclear_fuel_eur_per_mwh": 14.777706686730623,
      "demand_response_cost_eur_per_mwh": 767.6520013968936,
      "value_of_lost_load_eur_per_mwh": 8895.487047850771,
      "renewable_spill_cost_eur_per_mwh": 1519.502734010278,
      "hydro_spill_cost_eur_per_mwh": 829.6185024716805,
      "overgen_spill_cost_eur_per_mwh": 7935.800676207297,
      "battery_cycle_cost_eur_per_mwh": 114.79048547600962,
      "pumped_cycle_cost_eur_per_mwh": 70.65482405774802
    },
    "tech_scalers": {
      "thermal_marg_cost": 2.1548692013752513,
      "thermal_ramp_pct": 0.129158713463846,
      "battery_roundtrip_eff": 0.8672974807297349,
      "battery_e_to_p_hours": 3.672030880809399,
      "dr_max_shed_share": 0.27193443393862654,
      "dr_duration_hours": 3.462825285592066,
      "hydro_reservoir_head_eff": 0.762969582234474,
      "battery_initial_soc_fraction": 0.43953717513138935,
      "battery_final_soc_tolerance": 0.10597453868822697,
      "battery_self_discharge_per_hour": 0.0011427946854630317,
      "pumped_initial_level_fraction": 0.4474441823287429,
      "pumped_final_level_tolerance": 0.12846374805080613,
      "pumped_self_discharge_per_hour": 0.0036830660340330863
    }
  },
  "flexibility_metrics": {
    "total_storage_power_mw": 2150.0,
    "total_storage_capacity_mwh": 12222.8,
    "battery_power_mw": 1150.0,
    "battery_capacity_mwh": 4222.8,
    "pumped_power_mw": 1000.0,
    "pumped_capacity_mwh": 8000.0,
    "total_dr_capacity_mw": 2321.7,
    "total_ramp_up_mw_per_step": 398.7,
    "total_ramp_down_mw_per_step": 398.7,
    "thermal_flex_ratio": 0.302,
    "dr_duration_hours": 3.46,
    "battery_roundtrip_efficiency": 0.867
  },
  "difficulty_indicators": {
    "vre_penetration_pct": 31.5,
    "net_demand_volatility": 0.284,
    "peak_to_valley_ratio": 1.46,
    "estimated_milp_solve_time_seconds": 7195.7,
    "complexity_score": "hard",
    "n_binary_variables": 3456,
    "n_timesteps": 96,
    "n_zones": 21,
    "weather_profile": "mixed",
    "demand_profile": "heatwave"
  }
}