{
  "id": "18f57a6f-efc6-44e2-b9c8-defdb70ae06e",
  "horizon_hours": 24,
  "dt_minutes": 15,
  "graph": {
    "regions": 4,
    "zones_per_region": [
      7,
      3,
      9,
      4
    ],
    "sites_per_zone": [
      4,
      8,
      2,
      7,
      8,
      5,
      7,
      3,
      7,
      5,
      8,
      8,
      5,
      4,
      8,
      8,
      2,
      6,
      7,
      6,
      6,
      7,
      7
    ],
    "intertie_density": 0.4617553809658533,
    "neighbor_nations": 1
  },
  "assets": {
    "thermal_per_site": [
      2,
      2,
      2,
      2,
      3,
      3,
      1,
      2,
      2,
      1,
      0,
      2,
      2,
      1,
      1,
      1,
      2,
      0,
      1,
      1,
      2,
      2,
      2
    ],
    "solar_per_site": [
      2,
      1,
      1,
      3,
      1,
      2,
      2,
      2,
      1,
      3,
      1,
      2,
      3,
      1,
      1,
      2,
      3,
      1,
      1,
      3,
      1,
      2,
      3
    ],
    "wind_per_site": [
      2,
      3,
      1,
      2,
      2,
      2,
      2,
      2,
      1,
      3,
      3,
      1,
      1,
      2,
      3,
      3,
      3,
      1,
      3,
      2,
      1,
      1,
      1
    ],
    "battery_per_site": [
      2,
      1,
      0,
      0,
      1,
      2,
      2,
      1,
      2,
      1,
      1,
      1,
      0,
      1,
      0,
      2,
      0,
      2,
      0,
      2,
      0,
      2,
      2
    ],
    "dr_per_site": [
      2,
      2,
      2,
      1,
      1,
      1,
      0,
      1,
      1,
      2,
      2,
      1,
      0,
      1,
      2,
      2,
      1,
      2,
      0,
      2,
      2,
      2,
      1
    ],
    "nuclear_per_region": [
      2,
      1,
      0,
      1
    ],
    "hydro_reservoir_per_region": [
      3,
      1,
      3,
      1
    ],
    "hydro_ror_per_zone": [
      1,
      1,
      1,
      1,
      1,
      2,
      1,
      1,
      2,
      0,
      1,
      1,
      1,
      0,
      0,
      1,
      1,
      1,
      1,
      2,
      2,
      2,
      2
    ],
    "hydro_pumped_per_region": [
      0,
      0,
      1,
      2
    ]
  },
  "econ_policy": {
    "co2_price": 139.86264298181675,
    "price_cap": 482.43797726549695,
    "cross_border_policy": "block",
    "import_export_caps_factor": 0.42120887968339826
  },
  "tech": {
    "thermal_marg_cost": 3.662557080270963,
    "thermal_ramp_pct": 0.16819116379593002,
    "battery_roundtrip_eff": 0.8489374421073786,
    "battery_e_to_p_hours": 2.139728560771603,
    "dr_max_shed_share": 0.17873591531533106,
    "dr_duration_hours": 2.650851391528581,
    "hydro_reservoir_head_eff": 0.7597867183525487,
    "battery_initial_soc_fraction": 0.6470201085630432,
    "battery_final_soc_tolerance": 0.17280516328507461,
    "battery_self_discharge_per_hour": 0.006165247508031574,
    "pumped_initial_level_fraction": 0.5881471300279879,
    "pumped_final_level_tolerance": 0.13225751759482027,
    "pumped_self_discharge_per_hour": 0.002105560788841868
  },
  "operation_costs": {
    "thermal_fuel_eur_per_mwh": 62.52741965364798,
    "nuclear_fuel_eur_per_mwh": 10.459631764044659,
    "demand_response_cost_eur_per_mwh": 474.86101618532643,
    "value_of_lost_load_eur_per_mwh": 7726.828490957917,
    "renewable_spill_cost_eur_per_mwh": 1365.6186078346516,
    "hydro_spill_cost_eur_per_mwh": 336.48742820232513,
    "overgen_spill_cost_eur_per_mwh": 3686.6303332228777,
    "battery_cycle_cost_eur_per_mwh": 90.66462499169748,
    "pumped_cycle_cost_eur_per_mwh": 47.728397302234775
  },
  "exogenous": {
    "weather_profile": "overcast_summer",
    "weather_spread_intensity": 1.1032076501763222,
    "demand_profile": "cold_snap",
    "demand_scale_factor": 1.251225729662981,
    "inflow_factor": 1.6136101652827821,
    "zone_profile_variants": {
      "evening_peak": 0.28,
      "double_peak": 0.16,
      "office_peak": 0.2,
      "industrial": 0.14,
      "night_shift": 0.1,
      "residential_morning": 0.12
    },
    "zone_profile_mix_weight": [
      0.4,
      0.8
    ],
    "zone_profile_phase_shift_hours": [
      -2.5,
      2.5
    ],
    "zone_profile_noise_std": [
      0.02,
      0.06
    ],
    "zone_profile_curvature_exp": [
      0.9,
      1.18
    ],
    "region_weather": {
      "R1": {
        "weather_profile": "overcast_summer",
        "weather_spread_intensity": 0.6850034475152496
      },
      "R2": {
        "weather_profile": "overcast_summer",
        "weather_spread_intensity": 1.367543360123013
      },
      "R3": {
        "weather_profile": "mixed",
        "weather_spread_intensity": 0.9360402319096234
      },
      "R4": {
        "weather_profile": "sunny_summer",
        "weather_spread_intensity": 1.4242435611574025
      }
    }
  },
  "mip_gap_target_pct": 1.1600524461316666,
  "estimates": {
    "vars_total": 118560,
    "cons_total": 154128,
    "est_cpu_hours": 2.188970666666667
  },
  "meta": {
    "regions": 4,
    "zones": 23,
    "sites": 23,
    "intertie_density": 0.4617553809658533,
    "neighbor_nations": 1,
    "assets": {
      "thermal": 37,
      "solar": 42,
      "wind": 45,
      "battery": 25,
      "dr": 31,
      "nuclear": 4,
      "hydro_reservoir": 8,
      "hydro_ror": 26,
      "hydro_pumped": 3
    },
    "demand_scale_factor": 1.251225729662981,
    "zone_profile_variants": {
      "evening_peak": 0.28,
      "double_peak": 0.16,
      "office_peak": 0.2,
      "industrial": 0.14,
      "night_shift": 0.1,
      "residential_morning": 0.12
    },
    "zone_profile_mix_weight": [
      0.4,
      0.8
    ],
    "weather_profile": "overcast_summer",
    "cross_border_policy": "block",
    "price_cap": 482.43797726549695,
    "co2_price": 139.86264298181675,
    "import_export_caps_factor": 0.42120887968339826,
    "operation_costs": {
      "thermal_fuel_eur_per_mwh": 62.52741965364798,
      "nuclear_fuel_eur_per_mwh": 10.459631764044659,
      "demand_response_cost_eur_per_mwh": 474.86101618532643,
      "value_of_lost_load_eur_per_mwh": 7726.828490957917,
      "renewable_spill_cost_eur_per_mwh": 1365.6186078346516,
      "hydro_spill_cost_eur_per_mwh": 336.48742820232513,
      "overgen_spill_cost_eur_per_mwh": 3686.6303332228777,
      "battery_cycle_cost_eur_per_mwh": 90.66462499169748,
      "pumped_cycle_cost_eur_per_mwh": 47.728397302234775
    },
    "tech_scalers": {
      "thermal_marg_cost": 3.662557080270963,
      "thermal_ramp_pct": 0.16819116379593002,
      "battery_roundtrip_eff": 0.8489374421073786,
      "battery_e_to_p_hours": 2.139728560771603,
      "dr_max_shed_share": 0.17873591531533106,
      "dr_duration_hours": 2.650851391528581,
      "hydro_reservoir_head_eff": 0.7597867183525487,
      "battery_initial_soc_fraction": 0.6470201085630432,
      "battery_final_soc_tolerance": 0.17280516328507461,
      "battery_self_discharge_per_hour": 0.006165247508031574,
      "pumped_initial_level_fraction": 0.5881471300279879,
      "pumped_final_level_tolerance": 0.13225751759482027,
      "pumped_self_discharge_per_hour": 0.002105560788841868
    }
  },
  "flexibility_metrics": {
    "total_storage_power_mw": 1850.0,
    "total_storage_capacity_mwh": 7474.7,
    "battery_power_mw": 1250.0,
    "battery_capacity_mwh": 2674.7,
    "pumped_power_mw": 600.0,
    "pumped_capacity_mwh": 4800.0,
    "total_dr_capacity_mw": 2571.8,
    "total_ramp_up_mw_per_step": 516.7,
    "total_ramp_down_mw_per_step": 516.7,
    "thermal_flex_ratio": 0.293,
    "dr_duration_hours": 2.65,
    "battery_roundtrip_efficiency": 0.849
  },
  "difficulty_indicators": {
    "vre_penetration_pct": 31.06,
    "net_demand_volatility": 0.224,
    "peak_to_valley_ratio": 2.25,
    "estimated_milp_solve_time_seconds": 7880.3,
    "complexity_score": "hard",
    "n_binary_variables": 3552,
    "n_timesteps": 96,
    "n_zones": 23,
    "weather_profile": "overcast_summer",
    "demand_profile": "cold_snap"
  }
}