{
  "id": "caa09b78-60f2-4c77-a104-ce9870ea6aeb",
  "horizon_hours": 24,
  "dt_minutes": 15,
  "graph": {
    "regions": 3,
    "zones_per_region": [
      3,
      7,
      9
    ],
    "sites_per_zone": [
      2,
      3,
      8,
      4,
      2,
      2,
      4,
      8,
      8,
      2,
      7,
      2,
      3,
      4,
      2,
      5,
      6,
      7,
      5
    ],
    "intertie_density": 0.4370442878791986,
    "neighbor_nations": 1
  },
  "assets": {
    "thermal_per_site": [
      2,
      3,
      2,
      0,
      3,
      2,
      1,
      1,
      0,
      3,
      1,
      3,
      3,
      0,
      0,
      1,
      2,
      1,
      0
    ],
    "solar_per_site": [
      2,
      3,
      2,
      2,
      3,
      3,
      3,
      1,
      3,
      3,
      2,
      1,
      2,
      3,
      3,
      1,
      2,
      1,
      3
    ],
    "wind_per_site": [
      3,
      1,
      3,
      3,
      3,
      2,
      3,
      2,
      1,
      1,
      3,
      3,
      3,
      1,
      2,
      3,
      2,
      2,
      1
    ],
    "battery_per_site": [
      2,
      0,
      0,
      2,
      1,
      1,
      0,
      2,
      1,
      1,
      2,
      1,
      2,
      2,
      2,
      1,
      0,
      2,
      1
    ],
    "dr_per_site": [
      2,
      0,
      2,
      0,
      1,
      2,
      0,
      1,
      2,
      2,
      1,
      1,
      2,
      1,
      1,
      2,
      0,
      1,
      2
    ],
    "nuclear_per_region": [
      2,
      2,
      1
    ],
    "hydro_reservoir_per_region": [
      2,
      3,
      1
    ],
    "hydro_ror_per_zone": [
      0,
      0,
      0,
      2,
      1,
      2,
      0,
      1,
      2,
      1,
      1,
      0,
      1,
      2,
      0,
      1,
      1,
      1,
      1
    ],
    "hydro_pumped_per_region": [
      0,
      0,
      0
    ]
  },
  "econ_policy": {
    "co2_price": 247.49695066754123,
    "price_cap": 413.57640795627333,
    "cross_border_policy": "allow",
    "import_export_caps_factor": 1.3641148451919034
  },
  "tech": {
    "thermal_marg_cost": 10.828863572695642,
    "thermal_ramp_pct": 0.1802733978263245,
    "battery_roundtrip_eff": 0.8383319256425379,
    "battery_e_to_p_hours": 1.1408081168431559,
    "dr_max_shed_share": 0.17898598753096023,
    "dr_duration_hours": 2.901643377640246,
    "hydro_reservoir_head_eff": 0.8608718051019661,
    "battery_initial_soc_fraction": 0.45113647082180913,
    "battery_final_soc_tolerance": 0.14448919941917188,
    "battery_self_discharge_per_hour": 0.0031613009760775037,
    "pumped_initial_level_fraction": 0.5006863575111251,
    "pumped_final_level_tolerance": 0.12277957032027709,
    "pumped_self_discharge_per_hour": 0.0016596104134388695
  },
  "operation_costs": {
    "thermal_fuel_eur_per_mwh": 57.26183825446839,
    "nuclear_fuel_eur_per_mwh": 8.428719339712206,
    "demand_response_cost_eur_per_mwh": 1024.4074398267553,
    "value_of_lost_load_eur_per_mwh": 9454.822107306985,
    "renewable_spill_cost_eur_per_mwh": 1652.6279684502645,
    "hydro_spill_cost_eur_per_mwh": 597.0609941215848,
    "overgen_spill_cost_eur_per_mwh": 4922.27088744199,
    "battery_cycle_cost_eur_per_mwh": 105.56173367238759,
    "pumped_cycle_cost_eur_per_mwh": 64.9452968944331
  },
  "exogenous": {
    "weather_profile": "stormy_winter",
    "weather_spread_intensity": 0.7569450869771458,
    "demand_profile": "wkend_flat",
    "demand_scale_factor": 1.1364800705840068,
    "inflow_factor": 0.44492463943833904,
    "zone_profile_variants": {
      "evening_peak": 0.28,
      "double_peak": 0.16,
      "office_peak": 0.2,
      "industrial": 0.14,
      "night_shift": 0.1,
      "residential_morning": 0.12
    },
    "zone_profile_mix_weight": [
      0.4,
      0.8
    ],
    "zone_profile_phase_shift_hours": [
      -2.5,
      2.5
    ],
    "zone_profile_noise_std": [
      0.02,
      0.06
    ],
    "zone_profile_curvature_exp": [
      0.9,
      1.18
    ],
    "region_weather": {
      "R1": {
        "weather_profile": "calm_winter",
        "weather_spread_intensity": 0.5796841642628583
      },
      "R2": {
        "weather_profile": "stormy_winter",
        "weather_spread_intensity": 1.1518975837387853
      },
      "R3": {
        "weather_profile": "overcast_summer",
        "weather_spread_intensity": 0.5392535129297937
      }
    }
  },
  "mip_gap_target_pct": 0.8488524003668277,
  "estimates": {
    "vars_total": 98304,
    "cons_total": 127795,
    "est_cpu_hours": 1.8275118888888893
  },
  "meta": {
    "regions": 3,
    "zones": 19,
    "sites": 19,
    "intertie_density": 0.4370442878791986,
    "neighbor_nations": 1,
    "assets": {
      "thermal": 28,
      "solar": 43,
      "wind": 42,
      "battery": 23,
      "dr": 23,
      "nuclear": 5,
      "hydro_reservoir": 6,
      "hydro_ror": 17,
      "hydro_pumped": 0
    },
    "demand_scale_factor": 1.1364800705840068,
    "zone_profile_variants": {
      "evening_peak": 0.28,
      "double_peak": 0.16,
      "office_peak": 0.2,
      "industrial": 0.14,
      "night_shift": 0.1,
      "residential_morning": 0.12
    },
    "zone_profile_mix_weight": [
      0.4,
      0.8
    ],
    "weather_profile": "stormy_winter",
    "cross_border_policy": "allow",
    "price_cap": 413.57640795627333,
    "co2_price": 247.49695066754123,
    "import_export_caps_factor": 1.3641148451919034,
    "operation_costs": {
      "thermal_fuel_eur_per_mwh": 57.26183825446839,
      "nuclear_fuel_eur_per_mwh": 8.428719339712206,
      "demand_response_cost_eur_per_mwh": 1024.4074398267553,
      "value_of_lost_load_eur_per_mwh": 9454.822107306985,
      "renewable_spill_cost_eur_per_mwh": 1652.6279684502645,
      "hydro_spill_cost_eur_per_mwh": 597.0609941215848,
      "overgen_spill_cost_eur_per_mwh": 4922.27088744199,
      "battery_cycle_cost_eur_per_mwh": 105.56173367238759,
      "pumped_cycle_cost_eur_per_mwh": 64.9452968944331
    },
    "tech_scalers": {
      "thermal_marg_cost": 10.828863572695642,
      "thermal_ramp_pct": 0.1802733978263245,
      "battery_roundtrip_eff": 0.8383319256425379,
      "battery_e_to_p_hours": 1.1408081168431559,
      "dr_max_shed_share": 0.17898598753096023,
      "dr_duration_hours": 2.901643377640246,
      "hydro_reservoir_head_eff": 0.8608718051019661,
      "battery_initial_soc_fraction": 0.45113647082180913,
      "battery_final_soc_tolerance": 0.14448919941917188,
      "battery_self_discharge_per_hour": 0.0031613009760775037,
      "pumped_initial_level_fraction": 0.5006863575111251,
      "pumped_final_level_tolerance": 0.12277957032027709,
      "pumped_self_discharge_per_hour": 0.0016596104134388695
    }
  },
  "flexibility_metrics": {
    "total_storage_power_mw": 1150.0,
    "total_storage_capacity_mwh": 1311.9,
    "battery_power_mw": 1150.0,
    "battery_capacity_mwh": 1311.9,
    "pumped_power_mw": 0.0,
    "pumped_capacity_mwh": 0.0,
    "total_dr_capacity_mw": 1932.4,
    "total_ramp_up_mw_per_step": 441.1,
    "total_ramp_down_mw_per_step": 441.1,
    "thermal_flex_ratio": 0.23,
    "dr_duration_hours": 2.9,
    "battery_roundtrip_efficiency": 0.838
  },
  "difficulty_indicators": {
    "vre_penetration_pct": 34.87,
    "net_demand_volatility": 0.262,
    "peak_to_valley_ratio": 2.05,
    "estimated_milp_solve_time_seconds": 6579.0,
    "complexity_score": "hard",
    "n_binary_variables": 2688,
    "n_timesteps": 96,
    "n_zones": 19,
    "weather_profile": "stormy_winter",
    "demand_profile": "wkend_flat"
  }
}