{
  "id": "0c67448f-be90-4398-9c5e-f8117192ce90",
  "horizon_hours": 24,
  "dt_minutes": 15,
  "graph": {
    "regions": 4,
    "zones_per_region": [
      5,
      6,
      9,
      6
    ],
    "sites_per_zone": [
      8,
      2,
      7,
      7,
      8,
      4,
      4,
      2,
      8,
      7,
      5,
      5,
      3,
      2,
      8,
      2,
      4,
      4,
      6,
      3,
      8,
      2,
      4,
      4,
      8,
      7
    ],
    "intertie_density": 0.35116479623782826,
    "neighbor_nations": 1
  },
  "assets": {
    "thermal_per_site": [
      2,
      1,
      3,
      3,
      2,
      3,
      3,
      2,
      0,
      3,
      0,
      1,
      0,
      0,
      2,
      3,
      1,
      2,
      2,
      2,
      0,
      2,
      1,
      2,
      0,
      3
    ],
    "solar_per_site": [
      1,
      3,
      2,
      1,
      2,
      1,
      1,
      3,
      3,
      2,
      2,
      1,
      3,
      2,
      2,
      1,
      3,
      2,
      1,
      2,
      1,
      1,
      3,
      2,
      1,
      3
    ],
    "wind_per_site": [
      2,
      3,
      1,
      2,
      1,
      1,
      2,
      1,
      2,
      1,
      3,
      3,
      3,
      3,
      2,
      1,
      2,
      2,
      3,
      1,
      3,
      1,
      1,
      3,
      2,
      1
    ],
    "battery_per_site": [
      0,
      1,
      0,
      2,
      2,
      0,
      2,
      0,
      1,
      0,
      1,
      1,
      0,
      1,
      0,
      1,
      0,
      2,
      0,
      1,
      0,
      1,
      1,
      0,
      0,
      1
    ],
    "dr_per_site": [
      1,
      0,
      1,
      0,
      0,
      1,
      1,
      1,
      2,
      1,
      1,
      0,
      2,
      1,
      0,
      0,
      1,
      1,
      2,
      0,
      2,
      0,
      2,
      1,
      2,
      0
    ],
    "nuclear_per_region": [
      0,
      2,
      1,
      0
    ],
    "hydro_reservoir_per_region": [
      2,
      2,
      0,
      0
    ],
    "hydro_ror_per_zone": [
      2,
      1,
      0,
      1,
      2,
      2,
      0,
      0,
      0,
      1,
      0,
      1,
      0,
      1,
      2,
      2,
      1,
      0,
      1,
      0,
      0,
      2,
      2,
      1,
      2,
      0
    ],
    "hydro_pumped_per_region": [
      0,
      0,
      2,
      1
    ]
  },
  "econ_policy": {
    "co2_price": 188.44660705873235,
    "price_cap": 239.32220370924912,
    "cross_border_policy": "block",
    "import_export_caps_factor": 1.1733602393769154
  },
  "tech": {
    "thermal_marg_cost": 10.638571853437606,
    "thermal_ramp_pct": 0.1529238652769742,
    "battery_roundtrip_eff": 0.9313472142452581,
    "battery_e_to_p_hours": 5.438713860915751,
    "dr_max_shed_share": 0.1797650537124082,
    "dr_duration_hours": 4.998806675040409,
    "hydro_reservoir_head_eff": 0.8557374579083071,
    "battery_initial_soc_fraction": 0.6036849486222876,
    "battery_final_soc_tolerance": 0.12489641554653207,
    "battery_self_discharge_per_hour": 0.005712270283252058,
    "pumped_initial_level_fraction": 0.5144895391204152,
    "pumped_final_level_tolerance": 0.17731027067304023,
    "pumped_self_discharge_per_hour": 0.001000174320335946
  },
  "operation_costs": {
    "thermal_fuel_eur_per_mwh": 84.54463677098099,
    "nuclear_fuel_eur_per_mwh": 9.671511462273365,
    "demand_response_cost_eur_per_mwh": 661.3904287661455,
    "value_of_lost_load_eur_per_mwh": 9505.79490391727,
    "renewable_spill_cost_eur_per_mwh": 1140.9722816547373,
    "hydro_spill_cost_eur_per_mwh": 859.8491636838006,
    "overgen_spill_cost_eur_per_mwh": 2104.8413045049433,
    "battery_cycle_cost_eur_per_mwh": 85.68028783907883,
    "pumped_cycle_cost_eur_per_mwh": 51.205539791308034
  },
  "exogenous": {
    "weather_profile": "overcast_summer",
    "weather_spread_intensity": 0.9436301622649048,
    "demand_profile": "wkday_peak",
    "demand_scale_factor": 0.7952201333919209,
    "inflow_factor": 1.6265660993177375,
    "zone_profile_variants": {
      "evening_peak": 0.28,
      "double_peak": 0.16,
      "office_peak": 0.2,
      "industrial": 0.14,
      "night_shift": 0.1,
      "residential_morning": 0.12
    },
    "zone_profile_mix_weight": [
      0.4,
      0.8
    ],
    "zone_profile_phase_shift_hours": [
      -2.5,
      2.5
    ],
    "zone_profile_noise_std": [
      0.02,
      0.06
    ],
    "zone_profile_curvature_exp": [
      0.9,
      1.18
    ],
    "region_weather": {
      "R1": {
        "weather_profile": "overcast_summer",
        "weather_spread_intensity": 1.2066306776835483
      },
      "R2": {
        "weather_profile": "mixed",
        "weather_spread_intensity": 0.5195881796518177
      },
      "R3": {
        "weather_profile": "overcast_summer",
        "weather_spread_intensity": 1.402185991203478
      },
      "R4": {
        "weather_profile": "stormy_winter",
        "weather_spread_intensity": 0.6461158005207752
      }
    }
  },
  "mip_gap_target_pct": 0.5966037789844857,
  "estimates": {
    "vars_total": 124992,
    "cons_total": 162489,
    "est_cpu_hours": 2.303741
  },
  "meta": {
    "regions": 4,
    "zones": 26,
    "sites": 26,
    "intertie_density": 0.35116479623782826,
    "neighbor_nations": 1,
    "assets": {
      "thermal": 43,
      "solar": 49,
      "wind": 50,
      "battery": 18,
      "dr": 23,
      "nuclear": 3,
      "hydro_reservoir": 4,
      "hydro_ror": 24,
      "hydro_pumped": 3
    },
    "demand_scale_factor": 0.7952201333919209,
    "zone_profile_variants": {
      "evening_peak": 0.28,
      "double_peak": 0.16,
      "office_peak": 0.2,
      "industrial": 0.14,
      "night_shift": 0.1,
      "residential_morning": 0.12
    },
    "zone_profile_mix_weight": [
      0.4,
      0.8
    ],
    "weather_profile": "overcast_summer",
    "cross_border_policy": "block",
    "price_cap": 239.32220370924912,
    "co2_price": 188.44660705873235,
    "import_export_caps_factor": 1.1733602393769154,
    "operation_costs": {
      "thermal_fuel_eur_per_mwh": 84.54463677098099,
      "nuclear_fuel_eur_per_mwh": 9.671511462273365,
      "demand_response_cost_eur_per_mwh": 661.3904287661455,
      "value_of_lost_load_eur_per_mwh": 9505.79490391727,
      "renewable_spill_cost_eur_per_mwh": 1140.9722816547373,
      "hydro_spill_cost_eur_per_mwh": 859.8491636838006,
      "overgen_spill_cost_eur_per_mwh": 2104.8413045049433,
      "battery_cycle_cost_eur_per_mwh": 85.68028783907883,
      "pumped_cycle_cost_eur_per_mwh": 51.205539791308034
    },
    "tech_scalers": {
      "thermal_marg_cost": 10.638571853437606,
      "thermal_ramp_pct": 0.1529238652769742,
      "battery_roundtrip_eff": 0.9313472142452581,
      "battery_e_to_p_hours": 5.438713860915751,
      "dr_max_shed_share": 0.1797650537124082,
      "dr_duration_hours": 4.998806675040409,
      "hydro_reservoir_head_eff": 0.8557374579083071,
      "battery_initial_soc_fraction": 0.6036849486222876,
      "battery_final_soc_tolerance": 0.12489641554653207,
      "battery_self_discharge_per_hour": 0.005712270283252058,
      "pumped_initial_level_fraction": 0.5144895391204152,
      "pumped_final_level_tolerance": 0.17731027067304023,
      "pumped_self_discharge_per_hour": 0.001000174320335946
    }
  },
  "flexibility_metrics": {
    "total_storage_power_mw": 1500.0,
    "total_storage_capacity_mwh": 9694.8,
    "battery_power_mw": 900.0,
    "battery_capacity_mwh": 4894.8,
    "pumped_power_mw": 600.0,
    "pumped_capacity_mwh": 4800.0,
    "total_dr_capacity_mw": 1858.4,
    "total_ramp_up_mw_per_step": 530.7,
    "total_ramp_down_mw_per_step": 530.7,
    "thermal_flex_ratio": 0.211,
    "dr_duration_hours": 5.0,
    "battery_roundtrip_efficiency": 0.931
  },
  "difficulty_indicators": {
    "vre_penetration_pct": 35.33,
    "net_demand_volatility": 0.18,
    "peak_to_valley_ratio": 1.43,
    "estimated_milp_solve_time_seconds": 8293.5,
    "complexity_score": "very_hard",
    "n_binary_variables": 4128,