{
  "n_units": 100,
  "n_periods": 24,
  "p_min": [
    28.276871121357424,
    25.468586856546853,
    32.8596297844579,
    24.574672310804267,
    36.89571113784854,
    22.5755894206234,
    43.91729322647523,
    34.98632711354331,
    23.342267574752743,
    16.753214648795527,
    59.06324559488186,
    18.8543907885963,
    29.103862939344186,
    31.06833702262917,
    20.806408635296002,
    105.50236996031401,
    40.58986677511889,
    28.232588160471494,
    17.742537470364322,
    62.71096385327719,
    27.67868353109863,
    18.908299101944397,
    31.154438255693673,
    21.403109469207134,
    27.148015592240316,
    26.582127721657283,
    106.40303467730848,
    31.211709292279956,
    38.23892810065933,
    20.604370516242106,
    20.324668914195414,
    25.930945755731003,
    30.02107884184698,
    77.22548041685343,
    57.26363219241528,
    58.31886755399984,
    169.2223437992946,
    22.37073231116407,
    137.0993835673607,
    37.12604855136875,
    74.8383437238956,
    24.763262587464318,
    68.69571405713076,
    71.86762154076375,
    40.58413130447048,
    36.72968168036033,
    101.34577862166216,
    30.671334236952944,
    114.79831594130617,
    90.26760004293466,
    49.339425017324594,
    36.651355337083885,
    42.34372975597596,
    84.70700905077446,
    16.851195129842523,
    60.951201018313384,
    112.84457312569536,
    102.69366813139122,
    31.77860152633093,
    48.207321085965155,
    48.979706163739685,
    35.767053308536894,
    47.434672335568976,
    71.51073965479375,
    57.035164272793864,
    42.449848074020004,
    105.11101901019178,
    37.02419717434765,
    18.043009666500282,
    45.996273543600516,
    79.88866244887404,
    93.8813397686287,
    35.361261583877365,
    17.891339428934767,
    118.20942602144831,
    38.98430188392955,
    96.99828102290438,
    31.975063676082783,
    46.57811438718843,
    30.93957121572434,
    32.08245761704913,
    46.804315780920916,
    20.81691922297466,
    61.88686265266883,
    28.06641269731618,
    39.86022425527861,
    108.5012707077646,
    14.721125309940911,
    80.77144269707973,
    78.78363008300825,
    23.85994995954267,
    139.739906940949,
    43.94666097843071,
    34.76226015004744,
    47.79039178364997,
    17.920349587594245,
    31.57755562358229,
    54.033606128216086,
    49.15281001377225,
    47.82829506142679
  ],
  "p_max": [
    107.91900269552517,
    78.31150068048767,
    100.78265602737929,
    76.00393092709685,
    114.23428212025712,
    87.72154318337323,
    141.9247739866674,
    119.84126651116296,
    80.90123246784832,
    52.13793627861012,
    210.64462196472329,
    62.32860646617715,
    107.34585441087961,
    104.42134897313707,
    81.76573411121302,
    351.662811531936,
    106.61919352572205,
    98.7796650445721,
    51.728451880665574,
    199.06121895110826,
    91.171612254736,
    54.336294630905826,
    95.15348535815137,
    62.03075478066613,
    75.79344728032859,
    103.86959157761244,
    295.6853881343661,
    93.30142913272239,
    102.75040664594688,
    78.28023058153639,
    76.44140195510411,
    82.37711904052051,
    105.2609446758102,
    267.8948977358634,
    158.09002508424217,
    162.33836152005108,
    498.0220120053833,
    68.95636326192256,
    348.46365349828096,
    129.26551317607448,
    298.9238204250921,
    72.73197200259918,
    207.12257952299476,
    230.36038729054846,
    143.48193656624588,
    135.71816220672642,
    264.15183428344073,
    110.56445214754147,
    288.1065646272932,
    293.4008629077797,
    133.23635470841828,
    93.9814882184538,
    148.0724957389952,
    326.2037786545786,
    65.78519595794711,
    166.20629085586063,
    374.0484632231198,
    326.1176098516613,
    112.48374684141373,
    131.10239415920773,
    132.22348856981495,
    138.96845293665746,
    122.29322393199308,
    199.6686738798753,
    171.25479548420475,
    121.16662770032687,
    309.2081987262971,
    93.81112854215328,
    68.15303862391643,
    132.90500526903895,
    222.6444639208654,
    277.40527617052345,
    98.2683966489763,
    51.7679322152118,
    383.67979333652363,
    97.48523730640889,
    334.7178326693298,
    121.39290182529598,
    127.6822727236318,
    85.11093329398682,
    114.83541186816184,
    146.07952676654344,
    56.017637068053595,
    227.61428315127745,
    78.47570785829092,
    130.7342780571954,
    272.9196495207544,
    50.27322033521278,
    237.3451984511027,
    299.18654793517425,
    78.26814811599182,
    425.696001008917,
    159.47797262812466,
    129.16618748326204,
    153.34687566211397,
    51.2731049947233,
    84.89611932672366,
    145.20473886876295,
    144.7937822892918,
    166.19966880201258
  ],
  "marginal_cost": [
    73.17881733818213,
    72.80759294934083,
    72.68510267084986,
    72.30342213645156,
    66.96562431686368,
    78.21896791548836,
    69.94405699333223,
    67.88465786148163,
    73.86316030531229,
    79.24317804535157,
    58.31665152764947,
    80.0,
    73.972870771318,
    76.53404160552627,
    74.64162944785798,
    35.84675471609128,
    74.60252928992409,
    69.30612265433925,
    78.40703350128287,
    63.37892644069325,
    78.60506414027262,
    76.60527567648582,
    75.7947193153336,
    76.37999188984597,
    77.60701399680934,
    71.79308859829293,
    48.96383841774346,
    74.85584735756926,
    68.0212583154772,
    74.5899050495586,
    80.0,
    74.87803611127573,
    71.52380525362261,
    54.138195252721765,
    64.37516957158226,
    67.53161556988537,
    20.0,
    72.88470479857091,
    43.68564824090858,
    68.46109174039819,
    51.54739587670905,
    73.32426879006911,
    62.83145528134595,
    53.26351124688499,
    70.66564032465284,
    65.49151155122246,
    51.92475047678904,
    71.17092453405498,
    45.300747818174024,
    46.976998391327285,
    65.92681369171518,
    76.6151852999287,
    69.5407756871206,
    42.008241480752524,
    79.19600499151775,
    60.9154812514811,
    37.83631435010307,
    47.50380411044264,
    69.27114953819924,
    67.84813114318445,
    69.09530375232913,
    66.41394103011575,
    68.20333844598615,
    55.8426875507361,
    63.69735353088749,
    74.82426544214215,
    42.18667081199685,
    73.9638048764546,
    80.0,
    68.04640307288129,
    54.74425627623788,
    44.97149605615825,
    78.08794193922171,
    80.0,
    33.69280990820727,
    74.43797912345606,
    41.464563905509806,
    72.54435058010884,
    70.66239568492477,
    72.31527576663366,
    73.92838386239505,
    70.81474689469871,
    75.17216223580603,
    56.57295690163485,
    72.02253186549987,
    70.76835759946157,
    49.17110473199604,
    78.29742577889269,
    55.675517432663796,
    48.30522084151414,
    78.08856609853115,
    30.75179163276441,
    60.756184412537735,
    65.62116984679204,
    69.12499691931458,
    80.0,
    73.94332582053829,
    65.19815110137483,
    67.53898747320284,
    61.606529014411365
  ],