{
  "n_units": 20,
  "n_periods": 96,
  "p_min": [
    32.18241438112029,
    53.87645843626222,
    56.10380327298228,
    72.0616209659632,
    56.14839133683425,
    133.10749355586483,
    34.09307546243715,
    34.777489575099565,
    32.23654466024328,
    26.904593585872966,
    137.39134558284357,
    23.78074312746177,
    25.53101688496783,
    63.69614884031158,
    45.61762015129046,
    16.218775355878556,
    53.626790137332044,
    38.56332896029208,
    34.38484621912571,
    19.55549196576564
  ],
  "p_max": [
    87.16161920882115,
    152.9084397444069,
    190.97508048115057,
    265.4912553558692,
    217.17027682696744,
    412.23310805300684,
    115.2353338778751,
    97.83790613387157,
    84.7785022845722,
    89.42933047290778,
    469.33248144202673,
    66.7345887006384,
    75.99773503430592,
    207.14994885461516,
    170.43498273839236,
    54.76346761692857,
    139.7494554367658,
    105.67329232855428,
    90.72064198298266,
    63.447832230897376
  ],
  "marginal_cost": [
    76.17298133927228,
    68.83538431153865,
    58.290567238865876,
    51.18368278135258,
    54.09015167248354,
    24.840110268147164,
    74.32973368843238,
    74.9617580353656,
    76.29087847400349,
    72.56186269056333,
    20.0,
    75.40114078899771,
    80.0,
    61.126825431553165,
    58.92308485444237,
    75.82637561318182,
    63.446423466274595,
    68.54847934537473,
    78.41516855459699,
    77.40111631821475
  ],
  "startup_cost": [
    408.37741684182254,
    715.5915804764152,
    193.95920510206759,
    559.2052185750044,
    1145.082947555247,
    1864.6508397025182,
    212.02184155879533,
    392.56317346061957,
    347.2888129707132,
    144.20124397090018,
    1920.083103924629,
    382.70544935022093,
    360.9703319126656,
    271.1876110021477,
    580.0309981079585,
    236.3852994193936,
    396.90405544797034,
    108.03028422853764,
    472.96625579744233,
    284.1599755444693
  ],
  "demand": [
    1078.3629818767386,
    997.32519498277,
    1000.458317372411,
    1113.382238899734,
    915.405931497849,
    935.5020596019469,
    1005.1791554092076,
    959.8706026470935,
    889.4618555542161,
    859.0540113702576,
    902.7689245614437,
    867.9309484922769,
    890.6066026826912,
    889.1597895012901,
    985.8933067462182,
    906.943302111247,
    1000.4822344816764,
    1078.386528540559,
    1048.1127864957296,
    1011.4353943246879,
    1044.226289340545,
    1036.9753053371096,
    1190.1811248884253,
    1174.2296730090352,
    1162.9896671747586,
    1252.7238516229247,
    1211.4260836932554,
    1215.2558768023805,
    1332.5676185871907,
    1314.642695454475,
    1411.4487756641877,
    1235.3804802666739,
    1302.5240386575342,
    1300.4018963781114,
    1224.65051410335,
    1332.0677986005492,
    1331.602356263851,
    1303.4569476677432,
    1333.9670862438609,
    1161.9332735617086,
    1243.991631986288,
    1132.621011928491,
    1182.9152363892065,
    1133.4320105902,
    1046.8475987782817,
    1137.1084341305302,
    1086.4248833458203,
    1032.89009440831,
    1041.730476775545,
    1104.9232990740045,
    989.5940148670026,
    1038.618866054053,
    967.3244569573815,
    1037.8297056971192,
    1084.4525417673328,
    1128.863645968442,
    1087.9246123874009,
    1034.7048626874875,
    1047.299147672643,
    1161.7883066170555,
    1077.266652379759,
    1197.8526860125662,
    1010.1349997152112,
    1167.2618271947329,
    1191.9078486862102,
    1142.0764620812608,
    1208.6135790906774,
    1269.5800187752543,
    1295.178815160556,
    1297.1610611073245,
    1324.2297128701518,
    1365.6511595698344,
    1459.199839638107,
    1533.2397660492882,
    1563.6188816522238,
    1477.1742791103138,
    1588.444770264297,
    1565.6675921999936,
    1569.2627577838211,
    1439.0354719953089,
    1444.6379164146833,
    1420.705292972179,
    1352.828643600762,
    1237.5116990237118,
    1208.7751326368582,
    1148.5482605637435,
    1219.6277195378439,
    1229.7362283077416,
    1138.2485369339588,
    1043.5038302459245,
    1080.528168319408,
    1037.898822186608,
    1117.5221980357107,
    1103.2554891388913,
    1167.5265025933586,
    1131.0526690456002
  ],
  "shutdown_cost": [
    0.0,
    0.0,
    0.0,
    0.0,
    0.0,
    0.0,
    0.0,
    0.0,
    0.0,
    0.0,
    0.0,
    0.0,
    0.0,
    0.0,
    0.0,
    0.0,
    0.0,
    0.0,
    0.0,
    0.0
  ],
  "ramp_up": null,
  "ramp_down": null,
  "min_up_time": null,
  "min_down_time": null,
  "initial_status": [
    0,
    0,
    0,
    0,
    0,
    0,
    0,
    0,
    0,
    0,
    0,
    0,
    0,
    0,
    0,
    0,
    0,
    0,
    0,
    0
  ],
  "initial_power": [
    0.0,
    0.0,
    0.0,
    0.0,
    0.0,
    0.0,
    0.0,
    0.0,
    0.0,
    0.0,
    0.0,
    0.0,
    0.0,
    0.0,
    0.0,
    0.0,
    0.0,
    0.0,
    0.0,
    0.0
  ],
  "seed": 53,
  "scale_name": "N20_T96",
  "instance_id": 1
}