{
  "n_units": 100,
  "n_periods": 96,
  "p_min": [
    103.24580573667157,
    81.11635619362892,
    154.6461658662111,
    50.64086241539371,
    29.504365607677737,
    84.88683242520017,
    111.77997849789494,
    43.06227919308329,
    67.4429259935266,
    38.919345586374675,
    87.62247084972944,
    25.15154954716936,
    94.11273812473975,
    41.56852636761521,
    24.895865212630657,
    20.193191926196555,
    84.63943754359735,
    45.27324828578659,
    52.555293357285635,
    95.17891416415917,
    24.768118000132727,
    92.52777258986747,
    139.38008636449175,
    47.90694131519034,
    117.75312889858232,
    134.87674668095545,
    36.80577264696556,
    20.54745633224415,
    31.06519659230956,
    31.245633095243086,
    26.24781631632649,
    39.170332653757434,
    55.461448270099126,
    52.94828833927372,
    25.495256247295497,
    69.13010234693284,
    49.39571102679865,
    23.28031834565091,
    46.28294247894911,
    39.793885507265585,
    190.5048387002331,
    28.834914930819274,
    48.47566741398552,
    20.258972936846384,
    39.37929860855088,
    47.3925505376469,
    18.741436066266655,
    22.83231417888093,
    41.98749893294482,
    61.152292507188484,
    61.292236724309795,
    17.601173605527254,
    28.74877072816417,
    72.09655079926306,
    36.71686325276477,
    33.67755888333757,
    19.846788882581514,
    20.753348104732346,
    32.179291664804566,
    40.85417724100853,
    36.368192622454984,
    38.17029658620522,
    53.51890868640555,
    87.92166349654701,
    30.531866642422788,
    57.4217033224439,
    26.989139103741785,
    32.395117726436126,
    42.96094598103241,
    44.621060388139654,
    104.22985715633791,
    116.92416504223365,
    21.604474387407556,
    71.99003689913023,
    18.11827645386414,
    24.732613279191728,
    51.30902809923095,
    59.357335800574724,
    53.048825746519555,
    56.53828461956526,
    34.62822345651242,
    58.142304450168666,
    39.88640206867492,
    35.03709840477433,
    14.575672252293588,
    52.44247666862092,
    83.88939813562652,
    18.943711002756874,
    37.98094659732813,
    185.27068519897685,
    20.76651531877217,
    33.76830017086924,
    92.97482387864834,
    32.66261475410923,
    31.166140029695566,
    30.719057281248386,
    17.424891324373874,
    85.34699946545737,
    48.4005728530779,
    50.55465734414599
  ],
  "p_max": [
    270.9935495522841,
    228.73106548396845,
    463.4470746326914,
    193.91841748999272,
    76.50252220949518,
    248.85343430836718,
    297.3896364391384,
    137.14112708519855,
    211.25148257576114,
    116.96242717229092,
    307.79139291492874,
    86.80732999897467,
    264.6013191218164,
    165.277457173313,
    69.32597944365551,
    61.29539252006168,
    318.48016301513087,
    165.3094931387551,
    150.22600041300097,
    249.36840653651456,
    80.94150769824373,
    342.93737780336534,
    414.2823930372352,
    124.78005686592556,
    323.6152402681769,
    412.3947996625359,
    128.63443235656348,
    52.486000860580084,
    107.26600570392728,
    83.91440423661635,
    77.69197708519518,
    143.26725756680872,
    156.6732285718265,
    134.97044358359742,
    75.91235517624423,
    187.2324482408485,
    160.74879696763236,
    71.60945909433684,
    138.93338697884593,
    141.19791127927073,
    481.9004742683327,
    83.4903854670456,
    123.90790706934467,
    72.40831651871332,
    101.19161143890041,
    131.44134964097816,
    74.4267996735125,
    86.31985476161965,
    135.71087486380586,
    206.6715345851367,
    227.39749714118756,
    61.125097444127775,
    85.50527868904109,
    190.145863833473,
    119.5833139867519,
    104.97785324186688,
    60.34905771812707,
    68.10468666253544,
    104.63183163949486,
    158.16363679982257,
    92.96956774885811,
    126.84400356776071,
    202.11263547089743,
    284.1655145477512,
    83.15606774249966,
    147.952198012043,
    76.50387582290836,
    125.26286898597675,
    125.79654347834904,
    136.05669047866564,
    265.02821632039826,
    441.3758539948856,
    80.1664042459554,
    230.9360920651813,
    54.43450010645404,
    75.18852777068072,
    136.65677327955453,
    179.8470675986851,
    144.86661724354164,
    146.5867770377594,
    120.37692330610325,
    149.95985243122536,
    149.01786508038555,
    108.99919994805069,
    57.12745632914722,
    133.01477454137398,
    266.4005161200905,
    74.32196527479847,
    121.34250476308246,
    480.7760949470215,
    76.07918552515798,
    112.65154097378604,
    233.22448482003261,
    92.77654548526874,
    105.02365517103456,
    80.51141994451044,
    64.28021374683603,
    293.25800879113126,
    134.37278306232037,
    160.76936322752957
  ],
  "marginal_cost": [
    48.994734931123425,
    56.00500972111009,
    20.0,
    57.42601265110747,
    77.11286685664783,
    54.42462745741224,
    42.10585166041863,
    64.08822591381258,
    59.90446993223258,
    66.54593257880383,
    44.13773562328957,
    80.0,
    53.83818921534575,
    63.23368635115386,
    80.0,
    80.0,
    38.9991192192639,
    60.8309782800924,
    65.27372217704651,
    49.13551115043768,
    75.05853465855633,
    42.661876192724584,
    27.210503488077986,
    65.14645350979207,
    41.49604423340178,
    32.67681993039332,
    66.03702687154224,
    80.0,
    75.97515392671545,
    73.47935940170832,
    72.89381127619602,
    65.50632785613669,
    67.38813236256561,
    63.59900628082441,
    77.6115650022494,
    60.34151200500949,
    62.108248307388145,
    80.0,
    69.84915335960446,
    71.82089065611021,
    20.0,
    74.0777261475736,
    73.96631634056762,
    79.37255517611175,
    75.13474841392164,
    73.42280630582067,
    72.33503628939707,
    71.4946688420881,
    70.66468404084515,
    53.96160576996877,
    59.59213671400571,
    80.0,
    76.96313927506495,
    62.102562763396215,
    70.45217955248381,
    69.67246164625735,
    79.18816501723497,
    74.91425030036015,
    74.63300126497005,
    65.67559744507443,
    72.24869195156712,
    65.31283773219675,
    60.764209212713425,
    43.3743032746004,
    71.93490136692984,
    66.6560235664314,
    80.0,
    74.58321460024361,
    64.95365896533666,
    64.9638156610899,
    47.17536319850936,
    21.258231820563545,
    80.0,
    57.06494536902032,
    80.0,
    79.93409956479549,
    63.34197948909386,
    64.09966973890262,
    67.32125312154272,
    69.12091094453756,
    73.46336811661986,
    65.63861045780014,
    64.38518465416706,
    67.15572888649663,
    80.0,
    66.38390534483749,
    46.089352521137606,
    74.80284822697226,
    69.40377134175732,
    20.0,
    71.99121779140388,
    67.55430035302818,
    53.18666560496001,
    71.64680034783271,
    68.53046016372053,
    80.0,
    73.82661368492629,
    48.79467955966738,
    69.60909626646662,
    68.76241022971686
  ],